order_id,order_date,customer_id,customer_name,city,category,product,quantity,unit_price,discount_pct,payment_method,order_status,price_imputed,discount_imputed,revenue,counts_as_sale
ORD200463,2025-01-01,C1782,Rohan Singh,Mumbai,Clothing,Denim Jeans,1,1913.73,15.0,UPI,Delivered,False,False,1626.67,True
ORD200160,2025-01-01,C2110,Isha Das,Delhi,Beauty,Face Wash,2,264.89,5.0,UPI,Delivered,False,False,503.29,True
ORD204248,2025-01-01,C1205,Vikram Das,Kolkata,Beauty,Hair Dryer,4,1614.03,0.0,Credit Card,Delivered,False,False,6456.12,True
ORD201943,2025-01-01,C1629,Neha Patel,Bengaluru,Electronics,Smartwatch,2,5930.99,10.0,Credit Card,Delivered,False,False,10675.78,True
ORD203805,2025-01-01,C1454,Sanjay Patel,Bengaluru,Clothing,Cotton T-Shirt,1,632.85,15.0,UPI,Delivered,False,False,537.92,True
ORD203923,2025-01-01,C1630,Meera Mehta,Hyderabad,Electronics,Wireless Earbuds,1,2677.32,0.0,UPI,Delivered,False,False,2677.32,True
ORD204581,2025-01-01,C1687,Manish Kulkarni,Hyderabad,Clothing,Cotton T-Shirt,1,628.92,0.0,UPI,Cancelled,False,False,628.92,False
ORD200799,2025-01-01,C1296,Manish Gupta,Mumbai,Clothing,Denim Jeans,3,1805.36,10.0,Unknown,Delivered,False,False,4874.47,True
ORD203294,2025-01-01,C2005,Pooja Singh,Delhi,Home & Kitchen,Air Fryer,1,5061.45,0.0,UPI,Delivered,False,False,5061.45,True
ORD202028,2025-01-01,C1613,Manish Reddy,Delhi,Electronics,Bluetooth Speaker,2,2007.19,0.0,UPI,Delivered,False,False,4014.38,True
ORD202752,2025-01-01,C2040,Vivaan Gupta,Hyderabad,Clothing,Hoodie,1,1526.505,10.0,Credit Card,Delivered,True,False,1373.85,True
ORD201086,2025-01-01,C1362,Vivaan Nair,Hyderabad,Books,Comics Set,3,815.89,15.0,UPI,Returned,False,False,2080.52,False
ORD202103,2025-01-02,C1089,Manish Das,Delhi,Clothing,Hoodie,1,1531.76,10.0,Credit Card,Delivered,False,False,1378.58,True
ORD203538,2025-01-02,C1212,Isha Mehta,Bengaluru,Books,Exam Guide,1,526.78,0.0,Credit Card,Delivered,False,False,526.78,True
ORD202265,2025-01-02,C1832,Sneha Gupta,Kolkata,Electronics,Wireless Earbuds,3,2578.77,0.0,Net Banking,Cancelled,False,False,7736.31,False
ORD200875,2025-01-02,C1250,Vivaan Das,Mumbai,Home & Kitchen,Water Bottle,1,443.04,5.0,UPI,Delivered,False,False,420.89,True
ORD203867,2025-01-02,C1083,Pooja Singh,Ahmedabad,Electronics,Wireless Earbuds,2,2608.34,15.0,COD,Delivered,False,False,4434.18,True
ORD203287,2025-01-02,C1300,Pooja Nair,Hyderabad,Electronics,Wireless Earbuds,2,2411.98,0.0,Debit Card,Delivered,False,False,4823.96,True
ORD201100,2025-01-03,C1463,Manish Joshi,Hyderabad,Books,Python Handbook,2,680.99,15.0,Net Banking,Delivered,False,False,1157.68,True
ORD203748,2025-01-03,C1950,Neha Kulkarni,Delhi,Electronics,Smartwatch,2,6119.445,0.0,Net Banking,Returned,True,False,12238.89,False
ORD202470,2025-01-03,C2315,Rohan Kulkarni,Bengaluru,Clothing,Cotton T-Shirt,4,608.03,15.0,COD,Delivered,True,False,2067.3,True
ORD200278,2025-01-03,C2183,Manish Nair,Kolkata,Clothing,Running Shoes,2,3074.29,0.0,UPI,Delivered,False,False,6148.58,True
ORD203866,2025-01-03,C1434,Ananya Reddy,Chennai,Electronics,Bluetooth Speaker,1,2074.02,20.0,UPI,Delivered,False,False,1659.22,True
ORD204500,2025-01-03,C1554,Rohan Das,Chennai,Books,Comics Set,2,783.84,5.0,UPI,Cancelled,False,False,1489.3,False
ORD203981,2025-01-03,C1441,Vikram Gupta,Chennai,Beauty,Lipstick,2,428.16,5.0,Debit Card,Returned,False,False,813.5,False
ORD201779,2025-01-03,C1015,Aarav Kulkarni,Hyderabad,Beauty,Lipstick,1,385.62,20.0,Credit Card,Delivered,False,False,308.5,True
ORD204802,2025-01-03,C2127,Vivaan Iyer,Mumbai,Clothing,Running Shoes,1,2938.2,20.0,UPI,Cancelled,False,False,2350.56,False
ORD201124,2025-01-03,C1728,Aarav Mehta,Hyderabad,Home & Kitchen,Bedsheet Set,4,1273.33,10.0,UPI,Returned,False,False,4583.99,False
ORD200067,2025-01-03,C2105,Kavya Das,Ahmedabad,Beauty,Hair Dryer,1,1438.02,0.0,Credit Card,Delivered,False,False,1438.02,True
ORD202985,2025-01-04,C1650,Pooja Singh,Chennai,Beauty,Face Wash,1,256.77,0.0,UPI,Returned,False,False,256.77,False
ORD204096,2025-01-04,C1554,Rohan Das,Chennai,Electronics,Bluetooth Speaker,2,2020.47,20.0,UPI,Cancelled,True,False,3232.75,False
ORD203169,2025-01-04,C2172,Sanjay Gupta,Pune,Electronics,Smartwatch,2,6068.57,0.0,Debit Card,Delivered,False,False,12137.14,True
ORD203070,2025-01-04,C2373,Aditya Reddy,Chennai,Home & Kitchen,Air Fryer,1,5238.64,0.0,Credit Card,Delivered,False,False,5238.64,True
ORD203178,2025-01-04,C2088,Neha Sharma,Mumbai,Clothing,Running Shoes,3,3046.97,0.0,COD,Cancelled,False,False,9140.91,False
ORD201151,2025-01-04,C1698,Sneha Singh,Kolkata,Electronics,Bluetooth Speaker,2,2048.45,20.0,UPI,Returned,False,False,3277.52,False
ORD200683,2025-01-04,C1316,Neha Iyer,Mumbai,Home & Kitchen,Bedsheet Set,2,1341.84,10.0,Net Banking,Delivered,False,False,2415.31,True
ORD201652,2025-01-04,C1332,Aditya Das,Bengaluru,Beauty,Moisturiser,2,451.18,0.0,UPI,Returned,False,False,902.36,False
ORD201683,2025-01-04,C1508,Manish Sharma,Hyderabad,Books,Exam Guide,2,489.92,10.0,Credit Card,Delivered,False,False,881.86,True
ORD203289,2025-01-04,C2336,Aditya Gupta,Chennai,Electronics,Wireless Earbuds,1,2457.72,0.0,UPI,Returned,False,False,2457.72,False
ORD203146,2025-01-04,C2371,Diya Kulkarni,Kolkata,Beauty,Moisturiser,2,481.92,0.0,UPI,Returned,False,False,963.84,False
ORD201929,2025-01-04,C2201,Arjun Iyer,Ahmedabad,Home & Kitchen,Air Fryer,2,4991.37,20.0,Net Banking,Delivered,False,False,7986.19,True
ORD203988,2025-01-04,C2107,Arjun Patel,Mumbai,Clothing,Denim Jeans,2,1939.95,0.0,Credit Card,Cancelled,False,False,3879.9,False
ORD204766,2025-01-05,C1799,Aditya Mehta,Bengaluru,Beauty,Perfume,2,1687.21,0.0,UPI,Delivered,False,False,3374.42,True
ORD204121,2025-01-05,C1747,Priya Reddy,Ahmedabad,Books,Data Science Primer,1,944.25,20.0,Credit Card,Delivered,False,False,755.4,True
ORD203150,2025-01-05,C1951,Neha Gupta,Delhi,Clothing,Cap,1,352.82,0.0,COD,Delivered,False,False,352.82,True
ORD200062,2025-01-05,C1896,Ananya Kulkarni,Pune,Books,Novel,1,374.19,20.0,UPI,Delivered,False,False,299.35,True
ORD202113,2025-01-05,C1254,Aarav Sharma,Chennai,Books,Novel,1,357.78,0.0,UPI,Delivered,False,False,357.78,True
ORD203086,2025-01-05,C1353,Ananya Joshi,Delhi,Clothing,Hoodie,1,1590.1,5.0,Credit Card,Delivered,False,False,1510.59,True
ORD202907,2025-01-05,C2147,Sneha Reddy,Bengaluru,Clothing,Cotton T-Shirt,2,596.21,0.0,Credit Card,Cancelled,False,False,1192.42,False
ORD202297,2025-01-05,C1402,Priya Nair,Kolkata,Clothing,Cap,1,347.28,15.0,UPI,Delivered,False,False,295.19,True
ORD201995,2025-01-05,C1982,Rahul Verma,Delhi,Beauty,Lipstick,1,416.54,5.0,Credit Card,Delivered,False,False,395.71,True
ORD203481,2025-01-05,C2129,Meera Kulkarni,Bengaluru,Electronics,USB-C Cable,2,413.38,20.0,Net Banking,Returned,False,False,661.41,False
ORD204249,2025-01-06,C1045,Rohan Kulkarni,Mumbai,Home & Kitchen,Cookware Set,2,2964.49,0.0,Credit Card,Delivered,False,False,5928.98,True
ORD203952,2025-01-06,C2185,Aditya Mehta,Bengaluru,Home & Kitchen,Bedsheet Set,2,1347.67,0.0,UPI,Delivered,False,False,2695.34,True
ORD200960,2025-01-06,C1607,Manish Gupta,Pune,Home & Kitchen,Air Fryer,4,4837.46,10.0,Debit Card,Returned,False,False,17414.86,False
ORD200140,2025-01-06,C2117,Rahul Iyer,Bengaluru,Clothing,Denim Jeans,2,1929.12,0.0,COD,Returned,False,False,3858.24,False
ORD201918,2025-01-06,C2097,Neha Kulkarni,Kolkata,Beauty,Hair Dryer,1,1520.52,0.0,UPI,Delivered,False,False,1520.52,True
ORD202556,2025-01-06,C2006,Karan Nair,Chennai,Home & Kitchen,Air Fryer,2,5339.65,0.0,Debit Card,Delivered,False,True,10679.3,True
ORD204171,2025-01-06,C1282,Arjun Singh,Bengaluru,Beauty,Lipstick,4,396.88,5.0,Debit Card,Returned,False,False,1508.14,False
ORD203888,2025-01-06,C2085,Vivaan Verma,Chennai,Electronics,USB-C Cable,2,384.75,10.0,UPI,Delivered,False,False,692.55,True
ORD202927,2025-01-06,C1673,Meera Sharma,Delhi,Home & Kitchen,Air Fryer,3,5076.9,0.0,UPI,Delivered,False,False,15230.7,True
ORD203096,2025-01-06,C1152,Meera Patel,Ahmedabad,Home & Kitchen,Cookware Set,2,2666.07,10.0,Debit Card,Delivered,False,False,4798.93,True
ORD202650,2025-01-07,C2012,Arjun Reddy,Ahmedabad,Beauty,Perfume,1,1693.75,10.0,Debit Card,Delivered,False,False,1524.38,True
ORD203471,2025-01-07,C1053,Karan Patel,Chennai,Clothing,Denim Jeans,1,1869.66,15.0,Debit Card,Delivered,False,False,1589.21,True
ORD200953,2025-01-07,C1094,Riya Sharma,Mumbai,Beauty,Moisturiser,2,433.55,0.0,Debit Card,Delivered,False,False,867.1,True
ORD201422,2025-01-07,C1444,Aditya Mehta,Delhi,Electronics,Smartwatch,4,6091.94,20.0,Debit Card,Returned,False,False,19494.21,False
ORD201557,2025-01-07,C1652,Sanjay Joshi,Mumbai,Clothing,Cotton T-Shirt,3,576.98,0.0,UPI,Delivered,False,False,1730.94,True
ORD201080,2025-01-07,C1648,Aditya Verma,Chennai,Clothing,Running Shoes,2,2863.01,20.0,Credit Card,Delivered,False,False,4580.82,True
ORD204668,2025-01-07,C1993,Diya Patel,Delhi,Electronics,Smartwatch,2,6316.41,0.0,UPI,Delivered,False,True,12632.82,True
ORD201519,2025-01-07,C1394,Arjun Sharma,Mumbai,Books,Python Handbook,1,747.21,10.0,UPI,Delivered,False,False,672.49,True
ORD201129,2025-01-08,C1437,Vikram Iyer,Chennai,Clothing,Hoodie,1,1507.26,10.0,Credit Card,Returned,False,False,1356.53,False
ORD200973,2025-01-08,C1009,Aditya Singh,Pune,Clothing,Cotton T-Shirt,1,573.43,0.0,COD,Delivered,False,False,573.43,True
ORD202694,2025-01-08,C1279,Karan Patel,Kolkata,Home & Kitchen,Air Fryer,2,4925.06,10.0,COD,Delivered,False,False,8865.11,True
ORD203646,2025-01-08,C2338,Meera Gupta,Hyderabad,Home & Kitchen,Mixer Grinder,4,3362.875,0.0,Credit Card,Cancelled,True,False,13451.5,False
ORD204510,2025-01-08,C2364,Karan Kulkarni,Hyderabad,Electronics,USB-C Cable,4,426.91,5.0,Credit Card,Delivered,False,False,1622.26,True
ORD200237,2025-01-08,C2018,Aditya Das,Chennai,Clothing,Hoodie,1,1477.29,20.0,UPI,Delivered,False,False,1181.83,True
ORD200502,2025-01-08,C1831,Diya Iyer,Hyderabad,Clothing,Cap,4,372.2,0.0,UPI,Returned,False,False,1488.8,False
ORD203580,2025-01-08,C2002,Diya Nair,Mumbai,Electronics,Wireless Earbuds,3,2597.03,0.0,Net Banking,Delivered,False,False,7791.09,True
ORD202739,2025-01-08,C1935,Vikram Patel,Delhi,Electronics,Bluetooth Speaker,1,2147.17,0.0,Credit Card,Delivered,False,False,2147.17,True
ORD204230,2025-01-09,C1910,Sneha Verma,Mumbai,Electronics,Wireless Earbuds,2,2469.15,0.0,COD,Returned,False,False,4938.3,False
ORD204401,2025-01-09,C1572,Arjun Sharma,Hyderabad,Beauty,Face Wash,3,259.72,5.0,Credit Card,Delivered,False,False,740.2,True
ORD203210,2025-01-09,C1895,Aditya Iyer,Hyderabad,Electronics,Bluetooth Speaker,1,2062.52,5.0,UPI,Delivered,False,False,1959.39,True
ORD202563,2025-01-09,C1120,Rohan Mehta,Bengaluru,Home & Kitchen,Bedsheet Set,1,1241.1,20.0,UPI,Delivered,False,False,992.88,True
ORD202712,2025-01-09,C1816,Pooja Nair,Bengaluru,Home & Kitchen,Water Bottle,3,459.08,15.0,UPI,Delivered,False,False,1170.65,True
ORD203622,2025-01-09,C2066,Vivaan Sharma,Bengaluru,Electronics,Power Bank,2,1285.36,5.0,Net Banking,Returned,False,False,2442.18,False
ORD202447,2025-01-09,C1495,Vikram Patel,Delhi,Electronics,Power Bank,2,1388.09,10.0,COD,Delivered,False,False,2498.56,True
ORD204672,2025-01-09,C1230,Priya Nair,Bengaluru,Clothing,Hoodie,2,1437.34,20.0,UPI,Cancelled,False,False,2299.74,False
ORD200476,2025-01-09,C2141,Rohan Kulkarni,Mumbai,Electronics,Power Bank,1,1260.68,0.0,UPI,Delivered,False,False,1260.68,True
ORD200838,2025-01-10,C1883,Rohan Patel,Mumbai,Electronics,Smartwatch,2,6461.97,5.0,UPI,Delivered,False,False,12277.74,True
ORD201503,2025-01-10,C1641,Sneha Verma,Mumbai,Home & Kitchen,Air Fryer,1,4795.43,0.0,UPI,Delivered,False,False,4795.43,True
ORD203046,2025-01-10,C1433,Neha Nair,Mumbai,Books,Data Science Primer,1,959.46,5.0,UPI,Cancelled,False,False,911.49,False
ORD204742,2025-01-10,C1725,Arjun Iyer,Hyderabad,Clothing,Hoodie,2,1459.23,10.0,Net Banking,Cancelled,False,False,2626.61,False
ORD204622,2025-01-10,C1119,Sneha Mehta,Bengaluru,Clothing,Running Shoes,4,3044.93,0.0,Credit Card,Delivered,False,False,12179.72,True
ORD203910,2025-01-10,C2369,Meera Patel,Chennai,Electronics,Power Bank,1,1315.06,20.0,Debit Card,Cancelled,False,False,1052.05,False
ORD201562,2025-01-10,C1985,Neha Singh,Pune,Clothing,Cotton T-Shirt,1,638.52,15.0,UPI,Delivered,False,False,542.74,True
ORD202924,2025-01-10,C1884,Kavya Kulkarni,Bengaluru,Clothing,Cotton T-Shirt,1,628.08,0.0,Credit Card,Returned,False,False,628.08,False
ORD203601,2025-01-10,C2275,Ananya Patel,Chennai,Electronics,Power Bank,2,1234.45,0.0,UPI,Delivered,False,False,2468.9,True
ORD204214,2025-01-10,C1233,Sanjay Joshi,Delhi,Books,Python Handbook,1,703.55,0.0,Credit Card,Delivered,False,False,703.55,True
ORD201565,2025-01-10,C1296,Manish Gupta,Mumbai,Books,Novel,2,370.27,15.0,Net Banking,Cancelled,False,False,629.46,False
ORD203565,2025-01-11,C1683,Vikram Singh,Bengaluru,Home & Kitchen,Air Fryer,1,5039.44,0.0,Credit Card,Cancelled,False,False,5039.44,False
ORD201577,2025-01-11,C1574,Priya Iyer,Mumbai,Clothing,Running Shoes,4,2957.87,15.0,Net Banking,Cancelled,False,False,10056.76,False
ORD200254,2025-01-11,C1948,Kavya Mehta,Chennai,Home & Kitchen,Water Bottle,1,443.92,15.0,UPI,Delivered,False,False,377.33,True
ORD202625,2025-01-11,C1966,Kavya Singh,Mumbai,Beauty,Moisturiser,3,449.48,0.0,Credit Card,Delivered,False,False,1348.44,True
ORD204484,2025-01-11,C1861,Diya Kulkarni,Chennai,Electronics,Smartwatch,3,6022.47,20.0,Credit Card,Delivered,False,False,14453.93,True
ORD204785,2025-01-11,C1696,Manish Das,Hyderabad,Beauty,Lipstick,4,379.49,0.0,UPI,Returned,False,False,1517.96,False
ORD202211,2025-01-11,C1985,Neha Singh,Pune,Home & Kitchen,Mixer Grinder,4,3532.94,5.0,COD,Cancelled,False,False,13425.17,False
ORD204765,2025-01-11,C1974,Manish Gupta,Chennai,Home & Kitchen,Air Fryer,1,4990.54,0.0,Net Banking,Delivered,False,False,4990.54,True
ORD201283,2025-01-11,C1057,Riya Joshi,Bengaluru,Clothing,Denim Jeans,3,1913.44,20.0,COD,Returned,False,False,4592.26,False
ORD203177,2025-01-11,C2076,Ananya Mehta,Chennai,Books,Novel,1,376.21,15.0,Debit Card,Delivered,False,False,319.78,True
ORD200596,2025-01-11,C1758,Priya Gupta,Delhi,Books,Novel,2,342.09,5.0,UPI,Delivered,False,False,649.97,True
ORD200099,2025-01-11,C1939,Aditya Joshi,Mumbai,Books,Comics Set,1,795.05,5.0,UPI,Delivered,False,False,755.3,True
ORD200001,2025-01-11,C1703,Vikram Das,Mumbai,Clothing,Running Shoes,1,3072.82,0.0,Credit Card,Delivered,False,False,3072.82,True
ORD204790,2025-01-11,C1850,Aarav Das,Chennai,Clothing,Hoodie,2,1457.7,5.0,UPI,Delivered,False,False,2769.63,True
ORD201148,2025-01-11,C2000,Priya Das,Mumbai,Home & Kitchen,Air Fryer,2,4982.2,15.0,COD,Returned,False,False,8469.74,False
ORD201719,2025-01-11,C1982,Rahul Verma,Delhi,Beauty,Face Wash,1,246.52,20.0,UPI,Delivered,False,False,197.22,True
ORD201120,2025-01-12,C2350,Sanjay Kulkarni,Mumbai,Home & Kitchen,Air Fryer,1,4827.22,0.0,Credit Card,Delivered,False,False,4827.22,True
ORD200668,2025-01-12,C2022,Diya Patel,Pune,Clothing,Denim Jeans,2,1809.76,0.0,Net Banking,Delivered,False,False,3619.52,True
ORD203566,2025-01-12,C1030,Sanjay Reddy,Delhi,Electronics,Bluetooth Speaker,1,1946.81,10.0,Credit Card,Delivered,False,False,1752.13,True
ORD204260,2025-01-12,C1420,Rahul Das,Delhi,Beauty,Hair Dryer,4,1558.18,15.0,Debit Card,Delivered,False,False,5297.81,True
ORD200815,2025-01-12,C2094,Karan Kulkarni,Bengaluru,Clothing,Denim Jeans,3,1797.13,15.0,Credit Card,Returned,False,False,4582.68,False
ORD201177,2025-01-12,C1952,Isha Reddy,Chennai,Clothing,Cotton T-Shirt,1,587.02,15.0,UPI,Delivered,False,False,498.97,True
ORD203345,2025-01-12,C2132,Meera Verma,Bengaluru,Clothing,Denim Jeans,1,1827.91,0.0,UPI,Delivered,True,False,1827.91,True
ORD203376,2025-01-12,C1504,Rahul Singh,Mumbai,Clothing,Cap,1,369.36,0.0,UPI,Cancelled,False,False,369.36,False
ORD204038,2025-01-12,C1335,Isha Mehta,Delhi,Home & Kitchen,Mixer Grinder,3,3424.81,15.0,Debit Card,Delivered,False,False,8733.27,True
ORD203019,2025-01-12,C2090,Pooja Gupta,Bengaluru,Clothing,Cotton T-Shirt,1,636.67,0.0,UPI,Delivered,False,False,636.67,True
ORD204533,2025-01-12,C2100,Priya Iyer,Mumbai,Electronics,Power Bank,1,1370.18,0.0,COD,Delivered,False,False,1370.18,True
ORD200172,2025-01-12,C1121,Arjun Patel,Bengaluru,Electronics,Bluetooth Speaker,1,2088.38,5.0,UPI,Delivered,False,False,1983.96,True
ORD200728,2025-01-12,C2397,Rohan Verma,Delhi,Home & Kitchen,Air Fryer,4,5375.2,5.0,UPI,Cancelled,False,False,20425.76,False
ORD203987,2025-01-13,C2009,Aarav Mehta,Mumbai,Clothing,Cap,3,363.55,0.0,UPI,Delivered,False,False,1090.65,True
ORD203112,2025-01-13,C2254,Pooja Nair,Mumbai,Home & Kitchen,Water Bottle,3,453.17,10.0,Credit Card,Delivered,False,False,1223.56,True
ORD201162,2025-01-13,C1192,Vikram Singh,Pune,Home & Kitchen,Mixer Grinder,4,3329.95,20.0,Debit Card,Returned,False,False,10655.84,False
ORD202008,2025-01-13,C1529,Ananya Verma,Hyderabad,Books,Comics Set,4,818.3,0.0,UPI,Cancelled,False,False,3273.2,False
ORD201374,2025-01-13,C1745,Ananya Nair,Pune,Beauty,Perfume,2,1613.33,5.0,UPI,Delivered,False,False,3065.33,True
ORD202366,2025-01-13,C1296,Manish Gupta,Mumbai,Clothing,Cap,1,349.5,20.0,Credit Card,Delivered,False,False,279.6,True
ORD200650,2025-01-13,C1109,Diya Nair,Hyderabad,Electronics,Wireless Earbuds,2,2534.29,10.0,Credit Card,Delivered,False,False,4561.72,True
ORD202792,2025-01-13,C1441,Vikram Gupta,Chennai,Clothing,Cotton T-Shirt,1,604.16,20.0,Credit Card,Delivered,False,False,483.33,True
ORD204687,2025-01-13,C1944,Karan Iyer,Delhi,Home & Kitchen,Air Fryer,1,5047.59,0.0,UPI,Delivered,False,False,5047.59,True
ORD203934,2025-01-13,C1047,Rohan Das,Bengaluru,Home & Kitchen,Cookware Set,4,2703.92,20.0,Credit Card,Cancelled,False,False,8652.54,False
ORD200787,2025-01-13,C1667,Neha Reddy,Chennai,Electronics,USB-C Cable,2,409.06,20.0,UPI,Delivered,False,False,654.5,True
ORD201612,2025-01-13,C1512,Ananya Joshi,Pune,Home & Kitchen,Mixer Grinder,2,3267.95,0.0,COD,Delivered,False,False,6535.9,True
ORD201716,2025-01-13,C1539,Manish Mehta,Ahmedabad,Electronics,USB-C Cable,3,429.64,0.0,Debit Card,Returned,False,False,1288.92,False
ORD200806,2025-01-13,C1513,Vikram Gupta,Ahmedabad,Books,Exam Guide,1,503.8,20.0,Credit Card,Returned,False,False,403.04,False
ORD202436,2025-01-13,C2116,Neha Patel,Delhi,Beauty,Lipstick,4,429.18,0.0,UPI,Cancelled,False,False,1716.72,False
ORD202960,2025-01-13,C1601,Rahul Das,Mumbai,Electronics,USB-C Cable,1,418.48,0.0,Credit Card,Delivered,False,False,418.48,True
ORD202004,2025-01-14,C1972,Vikram Patel,Mumbai,Electronics,Power Bank,2,1275.36,10.0,Credit Card,Returned,False,False,2295.65,False
ORD202770,2025-01-14,C2168,Arjun Joshi,Ahmedabad,Books,Novel,2,336.09,0.0,Unknown,Delivered,False,False,672.18,True
ORD201620,2025-01-14,C2343,Sneha Gupta,Kolkata,Electronics,Power Bank,4,1268.81,0.0,Net Banking,Delivered,False,False,5075.24,True
ORD201076,2025-01-14,C2277,Diya Sharma,Mumbai,Electronics,Smartwatch,4,6127.91,0.0,COD,Delivered,False,False,24511.64,True
ORD200162,2025-01-14,C2098,Vikram Patel,Hyderabad,Books,Comics Set,1,806.98,0.0,Credit Card,Cancelled,False,False,806.98,False
ORD201913,2025-01-14,C1814,Rahul Mehta,Chennai,Clothing,Cap,2,339.72,5.0,Unknown,Delivered,False,False,645.47,True
ORD202013,2025-01-14,C1648,Aditya Verma,Chennai,Clothing,Cotton T-Shirt,1,628.25,10.0,UPI,Returned,False,False,565.43,False
ORD203255,2025-01-15,C1516,Kavya Singh,Kolkata,Clothing,Hoodie,1,1425.72,10.0,UPI,Delivered,False,False,1283.15,True
ORD201863,2025-01-15,C1301,Vikram Verma,Bengaluru,Electronics,Wireless Earbuds,1,2426.26,10.0,UPI,Delivered,False,False,2183.63,True
ORD203021,2025-01-15,C1009,Aditya Singh,Pune,Electronics,USB-C Cable,2,396.77,0.0,UPI,Delivered,False,False,793.54,True
ORD201690,2025-01-15,C1298,Ananya Gupta,Kolkata,Electronics,Smartwatch,1,5828.12,10.0,Net Banking,Returned,False,False,5245.31,False
ORD203780,2025-01-15,C2103,Kavya Singh,Delhi,Books,Comics Set,1,846.99,5.0,Debit Card,Delivered,False,False,804.64,True
ORD202518,2025-01-15,C1503,Vivaan Kulkarni,Ahmedabad,Beauty,Lipstick,4,411.32,0.0,Credit Card,Delivered,False,False,1645.28,True
ORD201618,2025-01-15,C1478,Rahul Das,Delhi,Beauty,Perfume,1,1558.56,5.0,COD,Delivered,False,False,1480.63,True
ORD201877,2025-01-15,C1337,Sanjay Patel,Pune,Electronics,Power Bank,2,1401.18,0.0,UPI,Delivered,False,False,2802.36,True
ORD204376,2025-01-15,C1430,Aarav Gupta,Chennai,Books,Novel,2,353.43,15.0,UPI,Cancelled,False,False,600.83,False
ORD201058,2025-01-15,C1557,Vikram Kulkarni,Bengaluru,Home & Kitchen,Bedsheet Set,1,1269.56,10.0,UPI,Cancelled,False,False,1142.6,False
ORD203085,2025-01-16,C1438,Rahul Nair,Mumbai,Clothing,Cotton T-Shirt,2,636.05,10.0,COD,Cancelled,False,False,1144.89,False
ORD201734,2025-01-16,C2285,Neha Sharma,Mumbai,Electronics,Wireless Earbuds,4,2526.99,15.0,Debit Card,Delivered,False,False,8591.77,True
ORD204232,2025-01-16,C1355,Sanjay Reddy,Pune,Home & Kitchen,Water Bottle,1,465.65,0.0,Credit Card,Delivered,False,False,465.65,True
ORD200716,2025-01-16,C1130,Neha Nair,Pune,Electronics,USB-C Cable,3,415.75,0.0,COD,Delivered,False,False,1247.25,True
ORD201686,2025-01-16,C1511,Rohan Kulkarni,Kolkata,Books,Novel,1,352.38,0.0,Debit Card,Delivered,False,False,352.38,True
ORD200942,2025-01-16,C1901,Rahul Nair,Delhi,Beauty,Lipstick,2,397.77,15.0,UPI,Delivered,False,False,676.21,True
ORD203731,2025-01-16,C1837,Kavya Singh,Hyderabad,Home & Kitchen,Water Bottle,1,457.84,15.0,Net Banking,Delivered,False,False,389.16,True
ORD202433,2025-01-16,C1700,Priya Das,Kolkata,Clothing,Denim Jeans,4,1815.89,0.0,Credit Card,Cancelled,False,False,7263.56,False
ORD202228,2025-01-16,C2367,Pooja Gupta,Ahmedabad,Clothing,Hoodie,4,1532.9,15.0,UPI,Delivered,False,False,5211.86,True
ORD201175,2025-01-16,C2062,Rohan Sharma,Hyderabad,Beauty,Perfume,1,1595.61,0.0,COD,Returned,False,False,1595.61,False
ORD204902,2025-01-16,C1228,Aditya Joshi,Delhi,Books,Novel,2,339.36,0.0,Credit Card,Cancelled,False,False,678.72,False
ORD202361,2025-01-16,C1333,Ananya Verma,Pune,Home & Kitchen,Water Bottle,3,452.65,10.0,Debit Card,Delivered,False,False,1222.16,True
ORD204287,2025-01-16,C1744,Isha Iyer,Pune,Home & Kitchen,Cookware Set,1,2902.28,20.0,UPI,Delivered,False,False,2321.82,True
ORD203209,2025-01-17,C1363,Priya Mehta,Delhi,Home & Kitchen,Cookware Set,4,2723.75,20.0,UPI,Delivered,False,False,8716.0,True
ORD203919,2025-01-17,C1791,Diya Reddy,Pune,Home & Kitchen,Bedsheet Set,1,1318.29,0.0,Credit Card,Delivered,False,False,1318.29,True
ORD201009,2025-01-17,C1827,Ananya Patel,Ahmedabad,Books,Comics Set,1,789.1,20.0,Credit Card,Returned,False,False,631.28,False
ORD202931,2025-01-17,C1927,Manish Singh,Mumbai,Beauty,Hair Dryer,1,1540.63,5.0,Debit Card,Cancelled,False,False,1463.6,False
ORD200215,2025-01-17,C2393,Vivaan Joshi,Pune,Electronics,Bluetooth Speaker,3,1975.08,15.0,UPI,Cancelled,False,False,5036.45,False
ORD203089,2025-01-17,C1709,Neha Gupta,Hyderabad,Books,Data Science Primer,1,933.8,10.0,UPI,Delivered,False,False,840.42,True
ORD204222,2025-01-17,C1530,Isha Mehta,Delhi,Clothing,Hoodie,1,1474.09,0.0,Credit Card,Delivered,False,False,1474.09,True
ORD200630,2025-01-17,C1618,Aarav Joshi,Delhi,Electronics,Smartwatch,1,6341.09,5.0,UPI,Delivered,False,False,6024.04,True
ORD202738,2025-01-17,C2012,Arjun Reddy,Ahmedabad,Books,Python Handbook,2,719.66,0.0,Credit Card,Returned,False,False,1439.32,False
ORD204314,2025-01-17,C2030,Meera Mehta,Chennai,Electronics,USB-C Cable,1,411.29,0.0,UPI,Delivered,False,False,411.29,True
ORD202342,2025-01-17,C2090,Pooja Gupta,Bengaluru,Beauty,Lipstick,2,417.85,10.0,UPI,Returned,False,False,752.13,False
ORD200803,2025-01-17,C1833,Meera Patel,Kolkata,Home & Kitchen,Cookware Set,2,2695.22,0.0,UPI,Delivered,False,False,5390.44,True
ORD203591,2025-01-17,C1299,Rahul Patel,Delhi,Clothing,Denim Jeans,3,1822.6,10.0,Debit Card,Delivered,False,False,4921.02,True
ORD200516,2025-01-17,C1844,Arjun Kulkarni,Chennai,Books,Exam Guide,1,511.47,0.0,UPI,Delivered,False,False,511.47,True
ORD204272,2025-01-17,C1746,Isha Iyer,Delhi,Electronics,Smartwatch,2,6119.445,0.0,UPI,Delivered,True,False,12238.89,True
ORD201171,2025-01-18,C1993,Diya Patel,Delhi,Electronics,Power Bank,1,1266.15,10.0,Net Banking,Delivered,False,False,1139.54,True
ORD203620,2025-01-18,C1373,Arjun Reddy,Delhi,Electronics,USB-C Cable,2,395.86,0.0,COD,Cancelled,False,False,791.72,False
ORD204859,2025-01-18,C1594,Ananya Patel,Bengaluru,Electronics,Wireless Earbuds,3,2415.89,0.0,UPI,Delivered,False,False,7247.67,True
ORD200330,2025-01-18,C2319,Karan Patel,Pune,Clothing,Cotton T-Shirt,4,599.08,0.0,UPI,Delivered,False,False,2396.32,True
ORD203031,2025-01-18,C1338,Rahul Mehta,Chennai,Clothing,Cotton T-Shirt,4,591.27,5.0,UPI,Delivered,False,False,2246.83,True
ORD203265,2025-01-18,C1497,Manish Gupta,Bengaluru,Clothing,Hoodie,2,1426.22,0.0,COD,Returned,False,False,2852.44,False
ORD201669,2025-01-18,C1339,Priya Sharma,Chennai,Books,Comics Set,2,784.25,10.0,Unknown,Delivered,False,False,1411.65,True
ORD200585,2025-01-18,C1711,Karan Nair,Delhi,Beauty,Perfume,1,1703.94,0.0,UPI,Delivered,False,False,1703.94,True
ORD203523,2025-01-18,C2076,Ananya Mehta,Chennai,Beauty,Lipstick,1,423.62,0.0,COD,Delivered,False,False,423.62,True
ORD200201,2025-01-18,C2270,Vivaan Verma,Chennai,Clothing,Hoodie,3,1425.32,15.0,Credit Card,Delivered,False,False,3634.57,True
ORD202213,2025-01-18,C1212,Isha Mehta,Bengaluru,Home & Kitchen,Mixer Grinder,4,3404.76,0.0,UPI,Returned,False,False,13619.04,False
ORD204250,2025-01-19,C2270,Vivaan Verma,Chennai,Books,Data Science Primer,1,947.51,20.0,Debit Card,Delivered,False,False,758.01,True
ORD203416,2025-01-19,C1314,Priya Das,Delhi,Clothing,Denim Jeans,1,1839.11,0.0,Credit Card,Cancelled,False,False,1839.11,False
ORD202294,2025-01-19,C1267,Diya Verma,Ahmedabad,Books,Comics Set,2,805.97,15.0,Debit Card,Delivered,False,False,1370.15,True
ORD203448,2025-01-19,C1514,Sneha Mehta,Ahmedabad,Electronics,Wireless Earbuds,3,2496.45,15.0,UPI,Returned,False,False,6365.95,False
ORD202441,2025-01-19,C1593,Karan Iyer,Ahmedabad,Books,Comics Set,4,800.32,10.0,Debit Card,Cancelled,False,False,2881.15,False
ORD202510,2025-01-19,C1062,Aarav Das,Bengaluru,Home & Kitchen,Mixer Grinder,3,3264.26,0.0,UPI,Returned,False,False,9792.78,False
ORD202550,2025-01-19,C1635,Diya Gupta,Kolkata,Books,Data Science Primer,1,954.38,20.0,UPI,Delivered,False,False,763.5,True
ORD200191,2025-01-19,C1826,Priya Das,Mumbai,Beauty,Moisturiser,1,436.67,0.0,UPI,Delivered,False,False,436.67,True
ORD203074,2025-01-19,C1623,Neha Gupta,Delhi,Clothing,Running Shoes,2,3050.7349999999997,10.0,Credit Card,Delivered,True,False,5491.32,True
ORD200772,2025-01-19,C1947,Riya Patel,Kolkata,Clothing,Running Shoes,1,3045.38,0.0,UPI,Returned,False,False,3045.38,False
ORD202526,2025-01-19,C1403,Meera Singh,Delhi,Electronics,Power Bank,3,1311.3,10.0,COD,Delivered,True,False,3540.51,True
ORD200085,2025-01-19,C1628,Vikram Reddy,Hyderabad,Electronics,Wireless Earbuds,2,2634.17,10.0,Debit Card,Delivered,False,False,4741.51,True
ORD204280,2025-01-19,C1506,Ananya Mehta,Bengaluru,Books,Exam Guide,1,478.74,15.0,Credit Card,Returned,False,False,406.93,False
ORD200868,2025-01-19,C2292,Diya Nair,Ahmedabad,Electronics,Smartwatch,1,5968.5,5.0,Net Banking,Returned,False,False,5670.08,False
ORD200829,2025-01-19,C1236,Riya Kulkarni,Delhi,Clothing,Running Shoes,4,3163.68,20.0,UPI,Delivered,False,False,10123.78,True
ORD203397,2025-01-19,C2235,Neha Nair,Bengaluru,Clothing,Cap,2,334.73,0.0,UPI,Delivered,False,True,669.46,True
ORD203537,2025-01-20,C1709,Neha Gupta,Hyderabad,Electronics,USB-C Cable,1,411.98,15.0,UPI,Delivered,False,False,350.18,True
ORD203115,2025-01-20,C2364,Karan Kulkarni,Hyderabad,Home & Kitchen,Cookware Set,4,2763.82,0.0,COD,Delivered,False,False,11055.28,True
ORD200065,2025-01-20,C2382,Rohan Verma,Delhi,Books,Comics Set,2,855.79,10.0,UPI,Delivered,False,False,1540.42,True
ORD201311,2025-01-20,C1962,Vivaan Nair,Pune,Beauty,Face Wash,1,251.04,0.0,UPI,Delivered,False,False,251.04,True
ORD202808,2025-01-20,C1108,Arjun Iyer,Chennai,Clothing,Cap,4,345.02,20.0,Net Banking,Delivered,False,False,1104.06,True
ORD201927,2025-01-20,C1784,Kavya Sharma,Mumbai,Beauty,Moisturiser,1,443.62,10.0,UPI,Delivered,False,False,399.26,True
ORD204399,2025-01-20,C1917,Neha Kulkarni,Kolkata,Clothing,Denim Jeans,1,1802.95,0.0,Debit Card,Delivered,False,False,1802.95,True
ORD202032,2025-01-21,C1821,Sneha Reddy,Chennai,Home & Kitchen,Water Bottle,1,443.48,0.0,COD,Delivered,False,False,443.48,True
ORD204882,2025-01-21,C2152,Ananya Patel,Bengaluru,Electronics,Smartwatch,1,6044.9,0.0,Debit Card,Delivered,False,False,6044.9,True
ORD200547,2025-01-21,C1690,Kavya Singh,Delhi,Electronics,Wireless Earbuds,1,2631.04,20.0,Debit Card,Delivered,False,False,2104.83,True
ORD202862,2025-01-21,C1942,Pooja Iyer,Delhi,Home & Kitchen,Air Fryer,2,5161.03,15.0,UPI,Returned,False,False,8773.75,False
ORD202918,2025-01-22,C1112,Kavya Gupta,Ahmedabad,Books,Novel,1,340.99,0.0,UPI,Delivered,False,False,340.99,True
ORD201300,2025-01-22,C1222,Aarav Mehta,Kolkata,Electronics,USB-C Cable,1,381.14,5.0,UPI,Delivered,False,False,362.08,True
ORD202290,2025-01-22,C1178,Sneha Reddy,Mumbai,Electronics,Bluetooth Speaker,4,1985.03,15.0,COD,Delivered,False,False,6749.1,True
ORD202254,2025-01-22,C1512,Ananya Joshi,Pune,Electronics,Bluetooth Speaker,3,2151.57,0.0,Net Banking,Cancelled,False,False,6454.71,False
ORD200220,2025-01-22,C2215,Riya Singh,Kolkata,Clothing,Hoodie,4,1495.37,0.0,Credit Card,Returned,False,False,5981.48,False
ORD202999,2025-01-22,C2173,Riya Mehta,Delhi,Clothing,Running Shoes,1,2960.23,10.0,UPI,Delivered,False,False,2664.21,True
ORD203906,2025-01-22,C1940,Manish Patel,Delhi,Clothing,Denim Jeans,2,1930.64,15.0,Debit Card,Delivered,False,False,3282.09,True
ORD202199,2025-01-22,C1471,Ananya Gupta,Hyderabad,Clothing,Running Shoes,3,3029.36,0.0,UPI,Returned,False,False,9088.08,False
ORD200607,2025-01-22,C1343,Neha Sharma,Mumbai,Electronics,Smartwatch,3,5730.52,0.0,UPI,Returned,False,False,17191.56,False
ORD200368,2025-01-22,C1722,Manish Mehta,Pune,Electronics,USB-C Cable,2,400.98,5.0,UPI,Delivered,False,False,761.86,True
ORD201239,2025-01-22,C1818,Pooja Mehta,Kolkata,Electronics,Wireless Earbuds,4,2485.52,5.0,Unknown,Delivered,False,False,9444.98,True
ORD201342,2025-01-22,C1768,Manish Kulkarni,Mumbai,Electronics,USB-C Cable,3,386.81,15.0,Debit Card,Delivered,False,False,986.37,True
ORD202232,2025-01-22,C1544,Neha Verma,Pune,Clothing,Cap,1,375.47,0.0,Net Banking,Delivered,False,False,375.47,True
ORD200528,2025-01-23,C1778,Karan Kulkarni,Mumbai,Books,Exam Guide,2,509.01,15.0,UPI,Returned,True,False,865.32,False
ORD204042,2025-01-23,C1241,Rahul Sharma,Mumbai,Home & Kitchen,Air Fryer,1,4762.27,0.0,Credit Card,Delivered,False,False,4762.27,True
ORD200879,2025-01-23,C1579,Kavya Patel,Bengaluru,Clothing,Denim Jeans,3,1831.33,0.0,UPI,Delivered,False,False,5493.99,True
ORD204647,2025-01-23,C1517,Meera Mehta,Pune,Electronics,Smartwatch,1,6285.76,10.0,UPI,Cancelled,False,False,5657.18,False
ORD204690,2025-01-23,C2150,Arjun Mehta,Pune,Electronics,Power Bank,2,1301.47,0.0,UPI,Delivered,False,False,2602.94,True
ORD203786,2025-01-23,C1903,Diya Kulkarni,Kolkata,Home & Kitchen,Mixer Grinder,2,3357.21,0.0,Net Banking,Returned,False,True,6714.42,False
ORD203300,2025-01-23,C1713,Rahul Nair,Mumbai,Clothing,Hoodie,1,1477.04,0.0,UPI,Cancelled,False,True,1477.04,False
ORD202654,2025-01-23,C1063,Priya Reddy,Delhi,Electronics,Smartwatch,1,5913.29,20.0,UPI,Delivered,False,False,4730.63,True
ORD202435,2025-01-23,C1479,Isha Mehta,Mumbai,Books,Comics Set,2,792.96,0.0,UPI,Delivered,False,False,1585.92,True
ORD200352,2025-01-23,C1930,Vivaan Gupta,Mumbai,Clothing,Cap,3,351.19,5.0,COD,Delivered,False,False,1000.89,True
ORD200109,2025-01-23,C1009,Aditya Singh,Pune,Home & Kitchen,Air Fryer,2,4906.59,0.0,Credit Card,Delivered,False,False,9813.18,True
ORD203127,2025-01-23,C1772,Vivaan Kulkarni,Kolkata,Clothing,Cap,1,373.8,20.0,Debit Card,Cancelled,False,False,299.04,False
ORD200426,2025-01-23,C1876,Rahul Nair,Mumbai,Home & Kitchen,Air Fryer,1,5274.7,10.0,Credit Card,Delivered,False,False,4747.23,True
ORD200557,2025-01-24,C2300,Neha Singh,Mumbai,Electronics,Wireless Earbuds,3,2667.58,20.0,Credit Card,Delivered,False,False,6402.19,True
ORD203282,2025-01-24,C1156,Ananya Mehta,Bengaluru,Books,Comics Set,4,828.74,0.0,Credit Card,Delivered,False,False,3314.96,True
ORD204798,2025-01-24,C1548,Arjun Kulkarni,Ahmedabad,Clothing,Cotton T-Shirt,4,574.83,10.0,UPI,Delivered,False,False,2069.39,True
ORD204835,2025-01-24,C1471,Ananya Gupta,Hyderabad,Books,Data Science Primer,2,963.21,0.0,UPI,Delivered,False,False,1926.42,True
ORD201412,2025-01-24,C1544,Neha Verma,Pune,Electronics,Power Bank,1,1370.81,15.0,Credit Card,Delivered,False,False,1165.19,True
ORD202956,2025-01-24,C2088,Neha Sharma,Mumbai,Clothing,Cotton T-Shirt,2,596.58,0.0,Credit Card,Cancelled,False,True,1193.16,False
ORD204711,2025-01-24,C1821,Sneha Reddy,Chennai,Clothing,Running Shoes,1,2938.52,0.0,COD,Delivered,False,False,2938.52,True
ORD203395,2025-01-24,C1315,Priya Mehta,Chennai,Books,Novel,1,332.33,0.0,Debit Card,Delivered,False,False,332.33,True
ORD204012,2025-01-24,C2047,Neha Gupta,Kolkata,Beauty,Moisturiser,1,449.27,5.0,UPI,Delivered,False,False,426.81,True
ORD201745,2025-01-24,C1864,Vivaan Das,Kolkata,Electronics,USB-C Cable,2,381.53,15.0,Debit Card,Delivered,False,False,648.6,True
ORD200397,2025-01-24,C1208,Riya Iyer,Pune,Clothing,Denim Jeans,2,1809.59,5.0,UPI,Delivered,False,False,3438.22,True
ORD204637,2025-01-24,C1152,Meera Patel,Ahmedabad,Beauty,Perfume,2,1646.58,0.0,Net Banking,Delivered,False,False,3293.16,True
ORD202865,2025-01-24,C1069,Meera Das,Mumbai,Clothing,Denim Jeans,1,1919.05,0.0,Credit Card,Delivered,False,False,1919.05,True
ORD203221,2025-01-24,C2265,Vikram Reddy,Mumbai,Clothing,Cap,2,331.88,20.0,Credit Card,Cancelled,False,False,531.01,False
ORD201761,2025-01-24,C1125,Riya Sharma,Mumbai,Home & Kitchen,Bedsheet Set,4,1247.46,20.0,Net Banking,Delivered,False,False,3991.87,True
ORD200977,2025-01-25,C2024,Diya Patel,Kolkata,Electronics,Smartwatch,1,6104.39,0.0,COD,Returned,False,False,6104.39,False
ORD204646,2025-01-25,C1458,Vikram Nair,Pune,Home & Kitchen,Mixer Grinder,1,3430.17,15.0,UPI,Delivered,False,False,2915.64,True
ORD201021,2025-01-25,C2070,Ananya Patel,Hyderabad,Electronics,Power Bank,1,1337.72,0.0,UPI,Delivered,False,False,1337.72,True
ORD202866,2025-01-25,C1190,Vikram Iyer,Bengaluru,Electronics,Bluetooth Speaker,1,2020.47,5.0,UPI,Delivered,False,False,1919.45,True
ORD200627,2025-01-25,C1484,Neha Reddy,Hyderabad,Clothing,Cotton T-Shirt,1,611.55,20.0,UPI,Delivered,False,False,489.24,True
ORD204246,2025-01-25,C1436,Vikram Patel,Ahmedabad,Beauty,Hair Dryer,2,1596.77,5.0,UPI,Cancelled,False,False,3033.86,False
ORD202367,2025-01-25,C2091,Meera Mehta,Bengaluru,Clothing,Cap,1,358.19,5.0,UPI,Delivered,False,False,340.28,True
ORD204044,2025-01-25,C1668,Aditya Das,Delhi,Electronics,Wireless Earbuds,1,2512.43,0.0,UPI,Delivered,False,False,2512.43,True
ORD200753,2025-01-25,C1959,Pooja Kulkarni,Delhi,Clothing,Cotton T-Shirt,2,580.61,0.0,UPI,Cancelled,False,False,1161.22,False
ORD203811,2025-01-25,C2021,Pooja Gupta,Ahmedabad,Electronics,Wireless Earbuds,1,2623.02,0.0,COD,Cancelled,False,False,2623.02,False
ORD203048,2025-01-25,C1199,Kavya Joshi,Ahmedabad,Clothing,Running Shoes,3,2860.98,5.0,Net Banking,Delivered,False,False,8153.79,True
ORD204518,2025-01-25,C1295,Rohan Mehta,Kolkata,Beauty,Hair Dryer,4,1563.66,20.0,Net Banking,Returned,False,False,5003.71,False
ORD201054,2025-01-26,C1511,Rohan Kulkarni,Kolkata,Electronics,USB-C Cable,3,420.36,0.0,UPI,Returned,False,False,1261.08,False
ORD204629,2025-01-26,C1199,Kavya Joshi,Ahmedabad,Clothing,Cap,4,342.82,10.0,Credit Card,Cancelled,False,False,1234.15,False
ORD201876,2025-01-26,C2047,Neha Gupta,Kolkata,Clothing,Cotton T-Shirt,3,580.35,5.0,UPI,Delivered,False,False,1654.0,True
ORD203162,2025-01-26,C1329,Sneha Das,Pune,Electronics,Bluetooth Speaker,2,1984.33,0.0,Debit Card,Delivered,False,False,3968.66,True
ORD201495,2025-01-26,C1246,Vivaan Nair,Bengaluru,Home & Kitchen,Water Bottle,1,440.73,0.0,UPI,Cancelled,False,False,440.73,False
ORD201380,2025-01-26,C2244,Karan Gupta,Ahmedabad,Books,Novel,2,358.07,10.0,UPI,Returned,False,False,644.53,False
ORD203366,2025-01-26,C2350,Sanjay Kulkarni,Mumbai,Electronics,Bluetooth Speaker,1,2105.23,10.0,Net Banking,Cancelled,False,False,1894.71,False
ORD203966,2025-01-26,C2039,Rohan Nair,Chennai,Electronics,USB-C Cable,2,408.1,20.0,UPI,Delivered,False,False,652.96,True
ORD202243,2025-01-26,C2101,Diya Gupta,Pune,Electronics,Wireless Earbuds,1,2553.74,0.0,UPI,Delivered,False,False,2553.74,True
ORD200527,2025-01-26,C2057,Karan Joshi,Hyderabad,Beauty,Lipstick,3,402.98,5.0,Credit Card,Delivered,False,False,1148.49,True
ORD202552,2025-01-26,C1256,Riya Nair,Hyderabad,Books,Novel,2,335.26,0.0,UPI,Delivered,False,False,670.52,True
ORD202369,2025-01-26,C1722,Manish Mehta,Pune,Electronics,Smartwatch,1,6278.66,20.0,Debit Card,Delivered,False,False,5022.93,True
ORD204731,2025-01-26,C2147,Sneha Reddy,Bengaluru,Books,Novel,1,369.1,5.0,Credit Card,Delivered,False,False,350.64,True
ORD202130,2025-01-26,C1641,Sneha Verma,Mumbai,Beauty,Moisturiser,2,427.58,0.0,UPI,Cancelled,False,False,855.16,False
ORD203829,2025-01-27,C2241,Meera Kulkarni,Mumbai,Home & Kitchen,Cookware Set,2,2848.9,0.0,Credit Card,Cancelled,False,True,5697.8,False
ORD204925,2025-01-27,C2041,Sneha Joshi,Mumbai,Clothing,Running Shoes,4,2965.29,0.0,Debit Card,Delivered,False,False,11861.16,True
ORD203596,2025-01-27,C1196,Isha Patel,Delhi,Home & Kitchen,Cookware Set,2,2807.77,0.0,UPI,Delivered,False,False,5615.54,True
ORD201173,2025-01-27,C1691,Aarav Mehta,Kolkata,Books,Exam Guide,2,520.65,10.0,Debit Card,Cancelled,False,False,937.17,False
ORD200597,2025-01-27,C1143,Diya Gupta,Hyderabad,Clothing,Hoodie,1,1530.61,15.0,UPI,Delivered,False,False,1301.02,True
ORD200606,2025-01-27,C2278,Riya Mehta,Bengaluru,Clothing,Cap,1,355.57,0.0,UPI,Delivered,False,False,355.57,True
ORD202675,2025-01-27,C1633,Ananya Kulkarni,Chennai,Electronics,Wireless Earbuds,1,2616.69,0.0,Credit Card,Delivered,False,False,2616.69,True
ORD201006,2025-01-27,C2209,Arjun Verma,Bengaluru,Clothing,Running Shoes,4,3050.7349999999997,5.0,Debit Card,Returned,True,False,11592.79,False
ORD200984,2025-01-27,C2276,Meera Reddy,Bengaluru,Electronics,Power Bank,1,1327.35,0.0,UPI,Delivered,False,False,1327.35,True
ORD202854,2025-01-27,C1831,Diya Iyer,Hyderabad,Clothing,Running Shoes,1,2890.28,5.0,Net Banking,Delivered,False,False,2745.77,True
ORD201788,2025-01-27,C2251,Neha Iyer,Delhi,Electronics,Smartwatch,2,5743.86,20.0,COD,Returned,False,False,9190.18,False
ORD203131,2025-01-27,C2331,Priya Singh,Mumbai,Home & Kitchen,Mixer Grinder,1,3227.75,0.0,Credit Card,Delivered,False,False,3227.75,True
ORD204113,2025-01-27,C1797,Manish Gupta,Mumbai,Electronics,USB-C Cable,3,389.21,0.0,Net Banking,Returned,False,False,1167.63,False
ORD204544,2025-01-28,C1359,Karan Kulkarni,Bengaluru,Home & Kitchen,Mixer Grinder,1,3174.21,15.0,Debit Card,Cancelled,False,False,2698.08,False
ORD204084,2025-01-28,C2319,Karan Patel,Pune,Books,Exam Guide,2,512.52,15.0,Debit Card,Delivered,False,False,871.28,True
ORD204850,2025-01-28,C1988,Karan Das,Bengaluru,Electronics,Power Bank,1,1281.4,10.0,UPI,Delivered,False,False,1153.26,True
ORD200852,2025-01-28,C1965,Karan Nair,Mumbai,Electronics,Smartwatch,4,6401.96,15.0,UPI,Cancelled,False,False,21766.66,False
ORD203993,2025-01-28,C1180,Ananya Gupta,Mumbai,Clothing,Running Shoes,2,2992.73,20.0,UPI,Delivered,False,False,4788.37,True
ORD202886,2025-01-28,C1448,Sneha Mehta,Hyderabad,Electronics,USB-C Cable,1,395.38,0.0,UPI,Returned,False,False,395.38,False
ORD200505,2025-01-28,C1767,Isha Das,Delhi,Beauty,Perfume,1,1691.08,0.0,Credit Card,Cancelled,False,False,1691.08,False
ORD202029,2025-01-28,C1966,Kavya Singh,Mumbai,Home & Kitchen,Mixer Grinder,2,3421.15,5.0,COD,Delivered,False,False,6500.18,True
ORD203267,2025-01-28,C1690,Kavya Singh,Delhi,Electronics,Smartwatch,2,5854.79,0.0,UPI,Cancelled,False,False,11709.58,False
ORD204950,2025-01-28,C2288,Rohan Singh,Bengaluru,Clothing,Denim Jeans,1,1877.98,10.0,UPI,Delivered,False,False,1690.18,True
ORD202354,2025-01-28,C1571,Ananya Singh,Mumbai,Clothing,Running Shoes,2,3081.52,10.0,Debit Card,Delivered,False,False,5546.74,True
ORD202162,2025-01-28,C1836,Kavya Joshi,Delhi,Electronics,Wireless Earbuds,2,2628.74,0.0,UPI,Delivered,False,False,5257.48,True
ORD201413,2025-01-28,C2351,Meera Das,Delhi,Beauty,Perfume,2,1528.15,0.0,COD,Cancelled,False,False,3056.3,False
ORD200842,2025-01-28,C1217,Rohan Mehta,Mumbai,Clothing,Cap,2,331.88,0.0,COD,Delivered,False,False,663.76,True
ORD201812,2025-01-28,C1237,Riya Iyer,Kolkata,Electronics,USB-C Cable,1,384.69,10.0,UPI,Delivered,False,False,346.22,True
ORD202528,2025-01-28,C1662,Rohan Nair,Mumbai,Home & Kitchen,Air Fryer,2,5214.56,5.0,Debit Card,Returned,False,False,9907.66,False
ORD201134,2025-01-29,C2345,Vivaan Iyer,Ahmedabad,Electronics,Bluetooth Speaker,1,1997.92,0.0,Debit Card,Cancelled,False,False,1997.92,False
ORD203861,2025-01-29,C1823,Isha Iyer,Kolkata,Books,Exam Guide,1,502.57,5.0,Credit Card,Delivered,False,False,477.44,True
ORD201326,2025-01-29,C1143,Diya Gupta,Hyderabad,Home & Kitchen,Mixer Grinder,2,3362.875,10.0,UPI,Delivered,True,False,6053.18,True
ORD203315,2025-01-29,C1316,Neha Iyer,Mumbai,Clothing,Hoodie,1,1487.56,5.0,COD,Delivered,False,False,1413.18,True
ORD200963,2025-01-29,C1476,Riya Singh,Ahmedabad,Electronics,USB-C Cable,4,399.97,0.0,Credit Card,Delivered,False,False,1599.88,True
ORD203231,2025-01-29,C1137,Aditya Gupta,Bengaluru,Beauty,Perfume,1,1623.11,0.0,UPI,Delivered,False,False,1623.11,True
ORD200494,2025-01-29,C1118,Pooja Gupta,Chennai,Electronics,USB-C Cable,1,391.01,15.0,Unknown,Delivered,False,False,332.36,True
ORD201144,2025-01-29,C1616,Pooja Verma,Delhi,Beauty,Lipstick,1,399.71,5.0,Credit Card,Returned,False,False,379.72,False
ORD200774,2025-01-29,C1903,Diya Kulkarni,Kolkata,Clothing,Running Shoes,1,2957.78,20.0,Net Banking,Delivered,False,False,2366.22,True
ORD201560,2025-01-29,C2274,Vivaan Gupta,Delhi,Beauty,Face Wash,2,264.51,0.0,Debit Card,Returned,False,False,529.02,False
ORD200497,2025-01-29,C1256,Riya Nair,Hyderabad,Beauty,Perfume,1,1635.75,0.0,Debit Card,Cancelled,False,False,1635.75,False
ORD201056,2025-01-30,C2087,Sanjay Joshi,Pune,Home & Kitchen,Air Fryer,3,5211.45,0.0,Credit Card,Returned,False,False,15634.35,False
ORD202205,2025-01-30,C1041,Meera Reddy,Delhi,Electronics,Smartwatch,1,6290.45,10.0,UPI,Cancelled,False,False,5661.4,False
ORD202267,2025-01-30,C1565,Isha Nair,Bengaluru,Clothing,Cotton T-Shirt,3,628.82,20.0,Net Banking,Delivered,False,False,1509.17,True
ORD204871,2025-01-30,C1492,Riya Sharma,Delhi,Beauty,Moisturiser,2,435.1,20.0,Credit Card,Delivered,False,False,696.16,True
ORD203284,2025-01-30,C1627,Manish Joshi,Hyderabad,Clothing,Denim Jeans,1,1753.36,0.0,Net Banking,Cancelled,False,False,1753.36,False
ORD200715,2025-01-31,C2074,Vikram Mehta,Bengaluru,Clothing,Cotton T-Shirt,2,618.84,5.0,Credit Card,Delivered,False,False,1175.8,True
ORD204112,2025-01-31,C1773,Vivaan Nair,Mumbai,Electronics,Bluetooth Speaker,1,2069.01,20.0,Net Banking,Returned,False,False,1655.21,False
ORD202095,2025-01-31,C2214,Sanjay Kulkarni,Bengaluru,Clothing,Denim Jeans,1,1921.64,0.0,Credit Card,Delivered,False,False,1921.64,True
ORD201069,2025-01-31,C1379,Sanjay Joshi,Chennai,Beauty,Lipstick,2,399.29,15.0,COD,Cancelled,False,False,678.79,False
ORD203136,2025-01-31,C2235,Neha Nair,Bengaluru,Home & Kitchen,Air Fryer,3,5121.65,0.0,Credit Card,Cancelled,False,False,15364.95,False
ORD203983,2025-01-31,C1048,Sanjay Patel,Delhi,Electronics,Wireless Earbuds,2,2632.49,5.0,Debit Card,Cancelled,False,False,5001.73,False
ORD201535,2025-01-31,C1528,Priya Gupta,Ahmedabad,Books,Data Science Primer,1,909.97,15.0,UPI,Delivered,False,False,773.47,True
ORD204170,2025-01-31,C1206,Rahul Patel,Delhi,Clothing,Denim Jeans,1,1811.51,20.0,UPI,Delivered,False,False,1449.21,True
ORD202721,2025-01-31,C2331,Priya Singh,Mumbai,Beauty,Moisturiser,4,467.24,0.0,UPI,Delivered,False,False,1868.96,True
ORD203664,2025-01-31,C1506,Ananya Mehta,Bengaluru,Beauty,Perfume,3,1521.34,0.0,Credit Card,Delivered,False,False,4564.02,True
ORD200690,2025-01-31,C1265,Isha Das,Bengaluru,Home & Kitchen,Mixer Grinder,4,3159.84,15.0,Credit Card,Delivered,False,False,10743.46,True
ORD200020,2025-02-01,C2020,Karan Gupta,Delhi,Beauty,Perfume,3,1574.92,15.0,COD,Cancelled,False,False,4016.05,False
ORD202452,2025-02-01,C2106,Ananya Sharma,Bengaluru,Electronics,Power Bank,3,1328.49,15.0,Debit Card,Delivered,False,False,3387.65,True
ORD202775,2025-02-01,C2210,Aditya Joshi,Hyderabad,Beauty,Lipstick,3,404.03,10.0,Debit Card,Cancelled,True,False,1090.88,False
ORD202359,2025-02-01,C1000,Rahul Kulkarni,Kolkata,Clothing,Cap,2,357.67,0.0,UPI,Delivered,False,False,715.34,True
ORD202296,2025-02-01,C1946,Rahul Das,Hyderabad,Beauty,Moisturiser,1,469.8,0.0,UPI,Delivered,False,False,469.8,True
ORD200310,2025-02-01,C2019,Rahul Joshi,Mumbai,Clothing,Running Shoes,2,2876.77,15.0,UPI,Delivered,False,False,4890.51,True
ORD203325,2025-02-01,C1484,Neha Reddy,Hyderabad,Electronics,Power Bank,1,1247.17,5.0,Debit Card,Delivered,False,False,1184.81,True
ORD204482,2025-02-01,C1096,Isha Iyer,Mumbai,Electronics,USB-C Cable,1,424.69,0.0,UPI,Delivered,False,False,424.69,True
ORD201039,2025-02-01,C1426,Sanjay Verma,Delhi,Electronics,Bluetooth Speaker,2,1939.82,0.0,UPI,Delivered,False,True,3879.64,True
ORD201275,2025-02-02,C1184,Aarav Mehta,Kolkata,Home & Kitchen,Water Bottle,1,464.1,0.0,Credit Card,Cancelled,False,False,464.1,False
ORD202549,2025-02-02,C1846,Pooja Reddy,Mumbai,Beauty,Perfume,1,1719.15,0.0,Credit Card,Cancelled,False,False,1719.15,False
ORD202011,2025-02-02,C1554,Rohan Das,Chennai,Clothing,Cap,2,368.87,15.0,UPI,Returned,False,False,627.08,False
ORD201432,2025-02-02,C2045,Meera Kulkarni,Mumbai,Electronics,Bluetooth Speaker,1,1989.26,15.0,UPI,Cancelled,False,False,1690.87,False
ORD204146,2025-02-02,C2063,Sneha Reddy,Chennai,Electronics,Power Bank,1,1397.8,0.0,Debit Card,Delivered,False,False,1397.8,True
ORD201441,2025-02-02,C2037,Kavya Mehta,Pune,Beauty,Lipstick,4,409.05,0.0,UPI,Delivered,False,False,1636.2,True
ORD201968,2025-02-02,C1967,Aditya Iyer,Chennai,Electronics,Power Bank,2,1379.96,10.0,Credit Card,Returned,False,False,2483.93,False
ORD202384,2025-02-02,C1844,Arjun Kulkarni,Chennai,Home & Kitchen,Air Fryer,1,5365.74,10.0,UPI,Delivered,False,False,4829.17,True
ORD200339,2025-02-02,C1927,Manish Singh,Mumbai,Beauty,Perfume,1,1594.05,20.0,UPI,Delivered,False,False,1275.24,True
ORD204049,2025-02-02,C1572,Arjun Sharma,Hyderabad,Clothing,Denim Jeans,3,1825.3,20.0,UPI,Cancelled,False,False,4380.72,False
ORD200440,2025-02-02,C1576,Karan Mehta,Chennai,Books,Comics Set,1,830.37,5.0,COD,Cancelled,False,False,788.85,False
ORD200886,2025-02-02,C1762,Rohan Joshi,Mumbai,Books,Comics Set,4,819.14,10.0,UPI,Returned,False,False,2948.9,False
ORD204714,2025-02-02,C1756,Manish Kulkarni,Mumbai,Electronics,Bluetooth Speaker,4,2045.74,15.0,Debit Card,Delivered,False,False,6955.52,True
ORD204151,2025-02-02,C1510,Sanjay Patel,Ahmedabad,Beauty,Hair Dryer,4,1501.24,0.0,COD,Delivered,False,False,6004.96,True
ORD200193,2025-02-02,C1849,Diya Patel,Delhi,Home & Kitchen,Air Fryer,3,5349.15,0.0,UPI,Delivered,False,False,16047.45,True
ORD200645,2025-02-02,C1303,Manish Iyer,Delhi,Beauty,Face Wash,1,247.88,0.0,UPI,Returned,False,False,247.88,False
ORD203053,2025-02-02,C2060,Arjun Singh,Bengaluru,Home & Kitchen,Cookware Set,3,2862.21,15.0,UPI,Cancelled,False,False,7298.64,False
ORD201276,2025-02-02,C2077,Meera Das,Bengaluru,Books,Data Science Primer,2,869.63,20.0,UPI,Delivered,False,False,1391.41,True
ORD202996,2025-02-03,C1223,Meera Gupta,Mumbai,Electronics,Wireless Earbuds,1,2450.48,10.0,UPI,Delivered,False,False,2205.43,True
ORD204851,2025-02-03,C2019,Rahul Joshi,Mumbai,Beauty,Face Wash,1,247.39,0.0,Credit Card,Delivered,False,False,247.39,True
ORD202093,2025-02-03,C1794,Meera Kulkarni,Kolkata,Clothing,Cap,4,350.43,5.0,Credit Card,Delivered,False,False,1331.63,True
ORD202314,2025-02-03,C1986,Meera Verma,Delhi,Electronics,Power Bank,1,1358.82,5.0,Credit Card,Delivered,False,False,1290.88,True
ORD202382,2025-02-03,C1736,Arjun Das,Delhi,Beauty,Perfume,3,1552.82,10.0,UPI,Cancelled,False,False,4192.61,False
ORD201331,2025-02-03,C1378,Pooja Das,Kolkata,Home & Kitchen,Water Bottle,2,429.49,5.0,UPI,Returned,False,False,816.03,False
ORD200735,2025-02-03,C1203,Kavya Das,Kolkata,Books,Exam Guide,1,494.3,15.0,Debit Card,Delivered,False,False,420.16,True
ORD203306,2025-02-03,C2372,Manish Reddy,Kolkata,Clothing,Cotton T-Shirt,1,576.6,20.0,COD,Delivered,False,False,461.28,True
ORD200063,2025-02-03,C1274,Manish Kulkarni,Hyderabad,Clothing,Hoodie,1,1490.72,15.0,Debit Card,Delivered,False,False,1267.11,True
ORD200225,2025-02-03,C1567,Sneha Sharma,Pune,Electronics,Bluetooth Speaker,3,1964.02,5.0,UPI,Delivered,False,False,5597.46,True
ORD201676,2025-02-03,C1306,Karan Sharma,Delhi,Clothing,Cap,1,333.22,0.0,UPI,Cancelled,False,False,333.22,False
ORD204566,2025-02-03,C1254,Aarav Sharma,Chennai,Beauty,Hair Dryer,4,1460.31,5.0,UPI,Returned,False,False,5549.18,False
ORD201821,2025-02-04,C1239,Riya Patel,Mumbai,Clothing,Denim Jeans,1,1925.45,10.0,Credit Card,Delivered,False,False,1732.9,True
ORD200288,2025-02-04,C1113,Arjun Kulkarni,Ahmedabad,Books,Exam Guide,3,475.9,0.0,Debit Card,Returned,False,False,1427.7,False
ORD203453,2025-02-04,C1573,Kavya Patel,Delhi,Beauty,Moisturiser,1,484.38,0.0,UPI,Delivered,False,False,484.38,True
ORD203587,2025-02-04,C1508,Manish Sharma,Hyderabad,Electronics,Bluetooth Speaker,4,2115.53,0.0,COD,Cancelled,False,False,8462.12,False
ORD202554,2025-02-04,C1037,Riya Reddy,Ahmedabad,Books,Comics Set,2,830.42,15.0,UPI,Delivered,False,False,1411.71,True
ORD203186,2025-02-04,C2229,Riya Iyer,Bengaluru,Home & Kitchen,Bedsheet Set,2,1318.52,15.0,COD,Delivered,False,False,2241.48,True
ORD203339,2025-02-04,C1362,Vivaan Nair,Hyderabad,Clothing,Running Shoes,2,3081.38,10.0,Credit Card,Delivered,False,False,5546.48,True
ORD203849,2025-02-04,C1830,Meera Verma,Kolkata,Beauty,Perfume,4,1674.2,10.0,Net Banking,Returned,False,False,6027.12,False
ORD200941,2025-02-04,C2279,Aarav Das,Delhi,Home & Kitchen,Mixer Grinder,2,3460.9,20.0,Debit Card,Delivered,False,False,5537.44,True
ORD203798,2025-02-04,C2250,Karan Patel,Bengaluru,Home & Kitchen,Cookware Set,2,2978.76,15.0,COD,Delivered,False,False,5063.89,True
ORD202949,2025-02-04,C2028,Ananya Singh,Bengaluru,Electronics,Smartwatch,1,5985.95,0.0,Credit Card,Delivered,False,False,5985.95,True
ORD202797,2025-02-05,C1156,Ananya Mehta,Mumbai,Beauty,Face Wash,1,253.76,0.0,UPI,Delivered,True,False,253.76,True
ORD203789,2025-02-05,C1870,Isha Das,Mumbai,Electronics,Bluetooth Speaker,4,2016.94,10.0,Net Banking,Returned,False,False,7260.98,False
ORD200455,2025-02-05,C1357,Neha Verma,Hyderabad,Clothing,Cap,3,348.98,0.0,Debit Card,Delivered,False,False,1046.94,True
ORD204219,2025-02-05,C1025,Priya Singh,Hyderabad,Clothing,Cotton T-Shirt,2,581.08,20.0,Debit Card,Delivered,False,False,929.73,True
ORD202442,2025-02-05,C2131,Neha Singh,Bengaluru,Home & Kitchen,Water Bottle,4,476.84,0.0,Net Banking,Delivered,False,False,1907.36,True
ORD202899,2025-02-05,C1776,Arjun Reddy,Kolkata,Electronics,Bluetooth Speaker,1,1900.44,15.0,Debit Card,Delivered,False,False,1615.37,True
ORD201942,2025-02-05,C1500,Neha Nair,Bengaluru,Clothing,Running Shoes,1,3013.18,0.0,UPI,Delivered,False,False,3013.18,True
ORD200755,2025-02-05,C2071,Neha Kulkarni,Mumbai,Clothing,Running Shoes,2,2907.54,0.0,Debit Card,Delivered,False,False,5815.08,True
ORD203722,2025-02-05,C2303,Manish Singh,Ahmedabad,Beauty,Lipstick,4,406.85,10.0,Debit Card,Delivered,False,False,1464.66,True
ORD200860,2025-02-05,C1441,Vikram Gupta,Chennai,Beauty,Moisturiser,1,478.78,15.0,Credit Card,Delivered,False,False,406.96,True
ORD201867,2025-02-06,C1098,Aditya Sharma,Mumbai,Home & Kitchen,Bedsheet Set,1,1261.23,0.0,UPI,Delivered,False,False,1261.23,True
ORD203590,2025-02-06,C1412,Vikram Iyer,Chennai,Beauty,Lipstick,4,405.28,5.0,COD,Delivered,False,False,1540.06,True
ORD202181,2025-02-06,C1658,Priya Joshi,Pune,Home & Kitchen,Mixer Grinder,2,3470.85,0.0,Credit Card,Returned,False,False,6941.7,False
ORD204947,2025-02-06,C2331,Priya Singh,Mumbai,Electronics,Power Bank,1,1285.97,0.0,COD,Cancelled,False,True,1285.97,False
ORD203118,2025-02-06,C1289,Vikram Singh,Mumbai,Electronics,Wireless Earbuds,3,2507.57,10.0,UPI,Returned,False,False,6770.44,False
ORD204268,2025-02-06,C1908,Kavya Joshi,Chennai,Books,Novel,1,367.69,15.0,UPI,Delivered,False,False,312.54,True
ORD200587,2025-02-06,C1955,Rahul Mehta,Delhi,Electronics,Smartwatch,3,5895.57,5.0,Credit Card,Delivered,False,False,16802.37,True
ORD201165,2025-02-06,C1865,Rohan Sharma,Mumbai,Clothing,Cotton T-Shirt,1,593.76,10.0,UPI,Delivered,False,False,534.38,True
ORD204147,2025-02-06,C1060,Manish Nair,Mumbai,Clothing,Denim Jeans,1,1875.62,15.0,Credit Card,Delivered,False,False,1594.28,True
ORD204043,2025-02-06,C1267,Diya Verma,Ahmedabad,Beauty,Moisturiser,1,440.15,20.0,Debit Card,Returned,False,False,352.12,False
ORD202655,2025-02-06,C1191,Rohan Das,Bengaluru,Books,Python Handbook,2,718.0,0.0,UPI,Delivered,False,False,1436.0,True
ORD200178,2025-02-06,C1667,Neha Reddy,Chennai,Electronics,Smartwatch,3,5791.26,0.0,COD,Delivered,False,False,17373.78,True
ORD203939,2025-02-06,C1800,Kavya Iyer,Mumbai,Books,Python Handbook,1,734.25,15.0,UPI,Returned,False,False,624.11,False
ORD203756,2025-02-06,C1006,Priya Nair,Delhi,Books,Data Science Primer,2,855.89,0.0,Net Banking,Returned,False,False,1711.78,False
ORD203408,2025-02-07,C1272,Aditya Das,Delhi,Beauty,Perfume,1,1700.96,0.0,Credit Card,Delivered,False,False,1700.96,True
ORD204315,2025-02-07,C1521,Manish Kulkarni,Bengaluru,Electronics,USB-C Cable,2,426.6,10.0,UPI,Delivered,False,False,767.88,True
ORD203698,2025-02-07,C2399,Arjun Sharma,Hyderabad,Electronics,Smartwatch,1,5994.95,15.0,UPI,Delivered,False,False,5095.71,True
ORD201193,2025-02-07,C1456,Priya Mehta,Chennai,Clothing,Running Shoes,3,2892.2,15.0,Credit Card,Cancelled,False,False,7375.11,False
ORD203656,2025-02-07,C1017,Manish Sharma,Delhi,Clothing,Cotton T-Shirt,1,596.25,10.0,UPI,Returned,False,False,536.62,False
ORD202125,2025-02-07,C1478,Rahul Das,Delhi,Clothing,Denim Jeans,1,1747.89,15.0,Debit Card,Delivered,False,False,1485.71,True
ORD202901,2025-02-07,C2290,Isha Reddy,Mumbai,Clothing,Denim Jeans,2,1842.61,0.0,UPI,Returned,False,True,3685.22,False
ORD200598,2025-02-07,C1164,Vivaan Mehta,Bengaluru,Books,Exam Guide,1,487.47,0.0,Net Banking,Delivered,False,False,487.47,True
ORD204507,2025-02-07,C1970,Diya Verma,Mumbai,Beauty,Face Wash,4,243.47,5.0,Debit Card,Delivered,False,False,925.19,True
ORD204253,2025-02-07,C1795,Riya Iyer,Delhi,Clothing,Denim Jeans,1,1902.14,5.0,UPI,Cancelled,False,False,1807.03,False
ORD204239,2025-02-07,C2007,Karan Das,Chennai,Beauty,Moisturiser,1,470.69,0.0,Net Banking,Delivered,False,False,470.69,True
ORD203974,2025-02-07,C1317,Kavya Mehta,Mumbai,Home & Kitchen,Water Bottle,2,426.95,0.0,UPI,Delivered,False,False,853.9,True
ORD200098,2025-02-07,C2015,Karan Sharma,Ahmedabad,Books,Python Handbook,2,746.34,15.0,UPI,Returned,False,False,1268.78,False
ORD203660,2025-02-08,C1369,Riya Gupta,Mumbai,Books,Data Science Primer,2,949.19,20.0,Credit Card,Returned,False,False,1518.7,False
ORD202237,2025-02-08,C1857,Sneha Joshi,Chennai,Home & Kitchen,Cookware Set,2,3005.75,15.0,Debit Card,Returned,False,False,5109.77,False
ORD203341,2025-02-08,C1369,Riya Gupta,Mumbai,Beauty,Hair Dryer,1,1484.39,0.0,UPI,Delivered,False,False,1484.39,True
ORD200222,2025-02-08,C1620,Sanjay Patel,Bengaluru,Electronics,Smartwatch,1,6119.445,0.0,Net Banking,Delivered,True,True,6119.44,True
ORD203304,2025-02-08,C2043,Diya Mehta,Bengaluru,Electronics,Smartwatch,3,6264.72,15.0,UPI,Delivered,False,False,15975.04,True
ORD202141,2025-02-08,C1444,Aditya Mehta,Delhi,Books,Python Handbook,2,687.55,10.0,Credit Card,Delivered,False,False,1237.59,True
ORD202391,2025-02-08,C2105,Kavya Das,Ahmedabad,Home & Kitchen,Water Bottle,3,453.45,0.0,Debit Card,Delivered,False,False,1360.35,True
ORD203746,2025-02-08,C1225,Sanjay Verma,Delhi,Home & Kitchen,Cookware Set,1,2803.92,20.0,Debit Card,Delivered,False,False,2243.14,True
ORD204898,2025-02-08,C2069,Pooja Singh,Delhi,Beauty,Moisturiser,3,448.68,15.0,Net Banking,Delivered,False,False,1144.13,True
ORD201702,2025-02-08,C1533,Diya Singh,Mumbai,Electronics,USB-C Cable,1,385.21,20.0,UPI,Delivered,False,False,308.17,True
ORD203627,2025-02-09,C2326,Diya Das,Bengaluru,Electronics,Wireless Earbuds,1,2389.89,0.0,COD,Delivered,False,False,2389.89,True
ORD202898,2025-02-09,C2063,Sneha Reddy,Chennai,Clothing,Denim Jeans,1,1750.12,0.0,UPI,Delivered,False,False,1750.12,True
ORD200687,2025-02-09,C1769,Kavya Gupta,Bengaluru,Clothing,Denim Jeans,1,1894.45,20.0,Credit Card,Returned,False,False,1515.56,False
ORD203007,2025-02-09,C1359,Karan Kulkarni,Bengaluru,Electronics,Smartwatch,2,6469.06,0.0,UPI,Returned,False,False,12938.12,False
ORD204688,2025-02-09,C1942,Pooja Iyer,Delhi,Beauty,Face Wash,1,243.28,0.0,UPI,Cancelled,False,False,243.28,False
ORD203215,2025-02-09,C2262,Ananya Nair,Pune,Electronics,USB-C Cable,2,408.15,5.0,UPI,Delivered,False,False,775.48,True
ORD201279,2025-02-09,C1119,Sneha Mehta,Bengaluru,Electronics,Smartwatch,1,6276.53,5.0,UPI,Cancelled,False,False,5962.7,False
ORD203018,2025-02-09,C1201,Meera Verma,Mumbai,Beauty,Perfume,1,1641.18,0.0,Credit Card,Delivered,False,False,1641.18,True
ORD200283,2025-02-09,C1055,Neha Gupta,Delhi,Clothing,Cap,1,340.76,15.0,UPI,Delivered,False,False,289.65,True
ORD202718,2025-02-09,C1879,Karan Verma,Kolkata,Clothing,Hoodie,1,1578.27,15.0,UPI,Cancelled,False,False,1341.53,False
ORD203201,2025-02-09,C1444,Aditya Mehta,Delhi,Home & Kitchen,Water Bottle,1,484.77,0.0,UPI,Delivered,False,False,484.77,True
ORD201688,2025-02-09,C1798,Karan Patel,Delhi,Beauty,Hair Dryer,3,1519.7,5.0,UPI,Delivered,False,False,4331.15,True
ORD200413,2025-02-10,C1750,Riya Sharma,Ahmedabad,Books,Python Handbook,1,664.09,20.0,Credit Card,Delivered,False,False,531.27,True
ORD201127,2025-02-10,C2078,Rahul Joshi,Pune,Electronics,USB-C Cable,2,414.0,0.0,UPI,Delivered,False,False,828.0,True
ORD203166,2025-02-10,C2175,Ananya Sharma,Delhi,Clothing,Hoodie,2,1596.8,15.0,UPI,Delivered,False,False,2714.56,True
ORD202998,2025-02-10,C2354,Diya Gupta,Mumbai,Clothing,Cotton T-Shirt,2,635.96,0.0,UPI,Returned,False,False,1271.92,False
ORD202149,2025-02-10,C1037,Riya Reddy,Ahmedabad,Home & Kitchen,Water Bottle,2,464.35,0.0,UPI,Returned,False,False,928.7,False
ORD204225,2025-02-10,C1873,Rahul Sharma,Chennai,Home & Kitchen,Mixer Grinder,3,3557.16,5.0,Net Banking,Delivered,False,False,10137.91,True
ORD202910,2025-02-10,C2060,Arjun Singh,Bengaluru,Electronics,Smartwatch,1,6140.47,10.0,UPI,Delivered,False,False,5526.42,True
ORD204046,2025-02-10,C1778,Karan Kulkarni,Mumbai,Books,Novel,3,353.56,5.0,Debit Card,Cancelled,False,False,1007.65,False
ORD201832,2025-02-10,C2279,Aarav Das,Delhi,Home & Kitchen,Mixer Grinder,4,3211.62,0.0,UPI,Returned,False,False,12846.48,False
ORD200771,2025-02-10,C1228,Aditya Joshi,Delhi,Beauty,Perfume,2,1681.35,15.0,Debit Card,Cancelled,False,False,2858.29,False
ORD203464,2025-02-10,C1712,Neha Patel,Pune,Electronics,Smartwatch,2,5801.02,10.0,COD,Delivered,False,False,10441.84,True
ORD202652,2025-02-10,C2265,Vikram Reddy,Mumbai,Clothing,Cap,1,355.28999999999996,20.0,Debit Card,Delivered,True,False,284.23,True
ORD202426,2025-02-11,C1105,Priya Reddy,Mumbai,Clothing,Cotton T-Shirt,1,641.16,0.0,COD,Delivered,False,False,641.16,True
ORD200929,2025-02-11,C1030,Sanjay Reddy,Delhi,Clothing,Running Shoes,3,3038.67,20.0,Debit Card,Cancelled,False,False,7292.81,False
ORD200424,2025-02-11,C1771,Sanjay Sharma,Hyderabad,Beauty,Face Wash,2,253.76,5.0,UPI,Delivered,True,False,482.14,True
ORD202820,2025-02-11,C1898,Aditya Gupta,Bengaluru,Books,Python Handbook,4,729.44,0.0,Debit Card,Delivered,False,True,2917.76,True
ORD204640,2025-02-11,C1465,Pooja Gupta,Chennai,Electronics,Power Bank,3,1315.23,0.0,Credit Card,Returned,False,False,3945.69,False
ORD201166,2025-02-11,C1954,Riya Patel,Kolkata,Beauty,Face Wash,1,264.91,10.0,UPI,Delivered,False,False,238.42,True
ORD203029,2025-02-11,C2147,Sneha Reddy,Bengaluru,Electronics,Smartwatch,1,6235.51,0.0,Net Banking,Delivered,False,False,6235.51,True
ORD204491,2025-02-11,C1706,Sanjay Sharma,Delhi,Home & Kitchen,Cookware Set,2,2817.0299999999997,20.0,Debit Card,Delivered,True,False,4507.25,True
ORD201933,2025-02-11,C1073,Meera Patel,Pune,Clothing,Running Shoes,1,3209.55,15.0,Debit Card,Delivered,False,False,2728.12,True
ORD201191,2025-02-11,C1473,Meera Patel,Pune,Electronics,Wireless Earbuds,2,2618.08,0.0,UPI,Delivered,False,False,5236.16,True
ORD203413,2025-02-12,C2156,Rohan Das,Chennai,Electronics,Smartwatch,2,6439.4,10.0,COD,Delivered,False,False,11590.92,True
ORD204350,2025-02-12,C1973,Aarav Das,Kolkata,Clothing,Cotton T-Shirt,1,570.91,0.0,Credit Card,Cancelled,False,False,570.91,False
ORD204308,2025-02-12,C1385,Priya Reddy,Delhi,Beauty,Hair Dryer,3,1453.81,20.0,UPI,Delivered,False,False,3489.14,True
ORD201227,2025-02-12,C1655,Manish Nair,Delhi,Clothing,Cotton T-Shirt,2,609.39,0.0,Net Banking,Delivered,False,False,1218.78,True
ORD200810,2025-02-12,C1789,Aarav Patel,Bengaluru,Beauty,Hair Dryer,4,1481.53,0.0,UPI,Cancelled,False,False,5926.12,False
ORD200264,2025-02-12,C2149,Neha Das,Mumbai,Beauty,Face Wash,2,244.28,5.0,COD,Delivered,False,False,464.13,True
ORD203459,2025-02-12,C1206,Rahul Patel,Delhi,Electronics,Smartwatch,4,6259.16,10.0,UPI,Delivered,False,False,22532.98,True
ORD202362,2025-02-12,C1995,Neha Iyer,Kolkata,Electronics,Bluetooth Speaker,1,1949.42,15.0,Credit Card,Delivered,False,False,1657.01,True
ORD203883,2025-02-12,C1051,Priya Sharma,Delhi,Clothing,Running Shoes,2,3142.84,5.0,COD,Delivered,False,False,5971.4,True
ORD201753,2025-02-12,C1852,Meera Sharma,Bengaluru,Clothing,Cap,2,370.44,20.0,Credit Card,Delivered,False,False,592.7,True
ORD204974,2025-02-12,C1938,Manish Iyer,Kolkata,Electronics,Bluetooth Speaker,1,2049.84,10.0,Debit Card,Delivered,False,False,1844.86,True
ORD200947,2025-02-12,C1089,Manish Das,Delhi,Clothing,Denim Jeans,1,1746.54,0.0,Debit Card,Delivered,False,False,1746.54,True
ORD202459,2025-02-13,C1047,Rohan Das,Bengaluru,Electronics,Power Bank,1,1291.06,0.0,Credit Card,Delivered,False,False,1291.06,True
ORD202188,2025-02-13,C1970,Diya Verma,Mumbai,Clothing,Cap,4,365.01,0.0,UPI,Returned,False,False,1460.04,False
ORD200701,2025-02-13,C1963,Vivaan Nair,Kolkata,Home & Kitchen,Bedsheet Set,4,1275.57,20.0,UPI,Delivered,False,False,4081.82,True
ORD203299,2025-02-13,C1361,Kavya Patel,Delhi,Clothing,Running Shoes,2,3238.57,0.0,UPI,Delivered,False,False,6477.14,True
ORD200937,2025-02-13,C1888,Aditya Gupta,Mumbai,Books,Data Science Primer,4,928.97,10.0,UPI,Delivered,False,False,3344.29,True
ORD200060,2025-02-13,C2353,Sanjay Iyer,Kolkata,Electronics,Bluetooth Speaker,3,1953.23,0.0,Net Banking,Delivered,False,False,5859.69,True
ORD200294,2025-02-13,C2131,Neha Singh,Bengaluru,Electronics,USB-C Cable,1,406.37,15.0,UPI,Cancelled,False,False,345.41,False
ORD203326,2025-02-13,C2326,Diya Das,Bengaluru,Clothing,Cotton T-Shirt,2,624.95,0.0,Credit Card,Delivered,False,False,1249.9,True
ORD203895,2025-02-13,C1429,Sneha Sharma,Chennai,Books,Data Science Primer,1,928.19,0.0,UPI,Delivered,False,True,928.19,True
ORD200182,2025-02-13,C1513,Vikram Gupta,Ahmedabad,Electronics,Smartwatch,1,6158.7,5.0,UPI,Delivered,False,False,5850.76,True
ORD202942,2025-02-14,C1593,Karan Iyer,Bengaluru,Clothing,Cap,2,366.42,0.0,UPI,Delivered,False,False,732.84,True
ORD200686,2025-02-14,C1022,Priya Patel,Mumbai,Clothing,Running Shoes,3,3208.16,0.0,UPI,Delivered,False,False,9624.48,True
ORD203261,2025-02-14,C1727,Aarav Gupta,Mumbai,Clothing,Running Shoes,2,2868.35,0.0,Debit Card,Delivered,False,False,5736.7,True
ORD204403,2025-02-14,C1195,Kavya Verma,Mumbai,Electronics,Bluetooth Speaker,1,2138.36,0.0,Debit Card,Delivered,False,False,2138.36,True
ORD204813,2025-02-14,C1796,Arjun Das,Bengaluru,Beauty,Lipstick,4,392.34,10.0,UPI,Delivered,False,False,1412.42,True
ORD203886,2025-02-14,C1618,Aarav Joshi,Delhi,Books,Comics Set,3,805.07,10.0,Debit Card,Delivered,False,False,2173.69,True
ORD201859,2025-02-14,C2341,Riya Patel,Pune,Clothing,Cap,3,354.98,0.0,UPI,Delivered,False,False,1064.94,True
ORD204384,2025-02-14,C1421,Pooja Nair,Mumbai,Books,Comics Set,4,848.02,15.0,UPI,Returned,False,False,2883.27,False
ORD202145,2025-02-14,C2169,Aditya Verma,Delhi,Clothing,Running Shoes,1,3206.97,0.0,UPI,Delivered,False,False,3206.97,True
ORD200949,2025-02-14,C2381,Rohan Reddy,Chennai,Home & Kitchen,Water Bottle,4,426.64,0.0,UPI,Cancelled,False,False,1706.56,False
ORD200327,2025-02-14,C1760,Diya Sharma,Chennai,Clothing,Denim Jeans,2,1736.11,0.0,COD,Delivered,False,False,3472.22,True
ORD203003,2025-02-14,C1620,Sanjay Patel,Bengaluru,Home & Kitchen,Air Fryer,2,5058.53,0.0,Credit Card,Delivered,False,False,10117.06,True
ORD204612,2025-02-15,C1778,Karan Kulkarni,Mumbai,Clothing,Cap,2,367.72,5.0,Credit Card,Delivered,False,False,698.67,True
ORD202586,2025-02-15,C1553,Sanjay Nair,Ahmedabad,Clothing,Running Shoes,2,3211.7,0.0,UPI,Cancelled,False,True,6423.4,False
ORD202686,2025-02-15,C1428,Arjun Patel,Mumbai,Beauty,Hair Dryer,2,1485.8,0.0,Credit Card,Cancelled,False,False,2971.6,False
ORD200087,2025-02-15,C1941,Manish Gupta,Mumbai,Electronics,Power Bank,1,1299.33,0.0,Debit Card,Cancelled,False,False,1299.33,False
ORD201026,2025-02-15,C1277,Rahul Singh,Delhi,Clothing,Cap,2,348.18,0.0,UPI,Delivered,False,False,696.36,True
ORD201064,2025-02-15,C1908,Kavya Joshi,Chennai,Home & Kitchen,Air Fryer,1,4765.93,20.0,UPI,Delivered,False,False,3812.74,True
ORD204723,2025-02-15,C1188,Manish Nair,Ahmedabad,Books,Comics Set,1,790.45,5.0,Credit Card,Delivered,False,False,750.93,True
ORD203060,2025-02-16,C1550,Kavya Sharma,Mumbai,Electronics,Power Bank,2,1302.27,0.0,Debit Card,Delivered,False,True,2604.54,True
ORD203667,2025-02-16,C1433,Neha Nair,Mumbai,Books,Novel,3,365.26,20.0,COD,Cancelled,False,False,876.62,False
ORD200841,2025-02-16,C1519,Pooja Verma,Chennai,Electronics,USB-C Cable,1,429.53,20.0,UPI,Cancelled,False,False,343.62,False
ORD202811,2025-02-16,C2361,Vivaan Singh,Chennai,Home & Kitchen,Water Bottle,1,433.75,15.0,UPI,Delivered,False,False,368.69,True
ORD202458,2025-02-16,C1429,Sneha Sharma,Chennai,Electronics,USB-C Cable,1,426.76,0.0,Net Banking,Delivered,False,False,426.76,True
ORD200161,2025-02-16,C1252,Arjun Sharma,Kolkata,Clothing,Cap,1,376.66,20.0,Credit Card,Returned,False,False,301.33,False
ORD203140,2025-02-16,C2107,Arjun Patel,Mumbai,Clothing,Running Shoes,1,2893.34,5.0,COD,Delivered,False,False,2748.67,True
ORD203485,2025-02-16,C2123,Pooja Singh,Hyderabad,Clothing,Cotton T-Shirt,2,627.14,0.0,UPI,Delivered,False,False,1254.28,True
ORD201984,2025-02-16,C2219,Manish Iyer,Hyderabad,Electronics,Smartwatch,4,6359.82,5.0,COD,Delivered,False,False,24167.32,True
ORD200281,2025-02-17,C1688,Diya Iyer,Delhi,Clothing,Denim Jeans,4,1825.07,10.0,UPI,Returned,False,False,6570.25,False
ORD203229,2025-02-17,C1459,Riya Patel,Mumbai,Beauty,Moisturiser,2,438.22,0.0,Net Banking,Delivered,False,False,876.44,True
ORD204412,2025-02-17,C1020,Sneha Mehta,Delhi,Beauty,Perfume,4,1569.63,15.0,UPI,Cancelled,False,False,5336.74,False
ORD201749,2025-02-17,C1825,Manish Joshi,Bengaluru,Electronics,USB-C Cable,4,397.44,20.0,UPI,Cancelled,False,False,1271.81,False
ORD200403,2025-02-17,C1605,Priya Joshi,Delhi,Home & Kitchen,Air Fryer,4,4967.54,5.0,Credit Card,Delivered,False,False,18876.65,True
ORD202200,2025-02-17,C1099,Diya Reddy,Bengaluru,Clothing,Running Shoes,1,2907.16,20.0,UPI,Delivered,False,False,2325.73,True
ORD203349,2025-02-17,C1372,Sanjay Nair,Mumbai,Clothing,Cotton T-Shirt,4,585.94,20.0,Debit Card,Delivered,False,False,1875.01,True
ORD200223,2025-02-17,C1356,Vikram Iyer,Mumbai,Electronics,Bluetooth Speaker,2,1919.38,0.0,Credit Card,Returned,False,False,3838.76,False
ORD202451,2025-02-17,C2302,Neha Kulkarni,Chennai,Beauty,Perfume,1,1522.71,0.0,Debit Card,Delivered,False,False,1522.71,True
ORD200341,2025-02-17,C1003,Ananya Gupta,Delhi,Beauty,Lipstick,3,392.56,0.0,Net Banking,Delivered,False,False,1177.68,True
ORD202514,2025-02-17,C2384,Aditya Nair,Bengaluru,Clothing,Cap,2,356.77,20.0,Credit Card,Delivered,False,False,570.83,True
ORD200118,2025-02-17,C1042,Rohan Kulkarni,Bengaluru,Electronics,Power Bank,4,1254.18,0.0,UPI,Delivered,False,False,5016.72,True
ORD201694,2025-02-17,C1907,Riya Das,Pune,Electronics,USB-C Cable,1,408.99,20.0,COD,Delivered,False,False,327.19,True
ORD202091,2025-02-18,C2160,Riya Gupta,Bengaluru,Clothing,Running Shoes,1,3039.34,0.0,UPI,Delivered,False,False,3039.34,True
ORD203931,2025-02-18,C1281,Rohan Nair,Ahmedabad,Beauty,Moisturiser,4,431.15,5.0,COD,Delivered,False,False,1638.37,True
ORD203311,2025-02-18,C1352,Pooja Verma,Hyderabad,Clothing,Cotton T-Shirt,2,612.85,15.0,Credit Card,Delivered,False,False,1041.84,True
ORD200359,2025-02-18,C1474,Manish Sharma,Pune,Home & Kitchen,Water Bottle,1,440.94,20.0,Credit Card,Cancelled,False,False,352.75,False
ORD204896,2025-02-18,C1418,Manish Gupta,Bengaluru,Home & Kitchen,Mixer Grinder,1,3362.875,15.0,UPI,Returned,True,False,2858.44,False
ORD201915,2025-02-18,C2162,Vivaan Kulkarni,Kolkata,Clothing,Denim Jeans,1,1915.59,10.0,Unknown,Delivered,False,False,1724.03,True
ORD202300,2025-02-18,C1967,Aditya Iyer,Chennai,Clothing,Hoodie,2,1566.17,10.0,Net Banking,Delivered,False,False,2819.11,True
ORD202206,2025-02-18,C1297,Neha Verma,Delhi,Beauty,Moisturiser,2,459.74,15.0,UPI,Delivered,False,False,781.56,True
ORD204125,2025-02-18,C2253,Isha Das,Delhi,Clothing,Cap,1,346.0,20.0,UPI,Delivered,False,False,276.8,True
ORD204551,2025-02-18,C1524,Meera Patel,Pune,Electronics,Bluetooth Speaker,1,2069.41,20.0,UPI,Delivered,False,False,1655.53,True
ORD204972,2025-02-19,C1749,Aditya Verma,Pune,Clothing,Cap,3,364.33,0.0,Credit Card,Returned,False,False,1092.99,False
ORD201583,2025-02-19,C1921,Isha Mehta,Hyderabad,Clothing,Cotton T-Shirt,1,637.42,0.0,UPI,Delivered,False,False,637.42,True
ORD204920,2025-02-19,C1985,Neha Singh,Pune,Clothing,Running Shoes,1,3080.65,0.0,Credit Card,Delivered,False,False,3080.65,True
ORD201948,2025-02-19,C1569,Sneha Sharma,Bengaluru,Electronics,Bluetooth Speaker,3,2020.47,5.0,UPI,Delivered,True,False,5758.34,True
ORD203020,2025-02-19,C1354,Kavya Reddy,Mumbai,Electronics,USB-C Cable,1,426.87,0.0,Credit Card,Delivered,False,False,426.87,True
ORD201897,2025-02-19,C2152,Ananya Patel,Bengaluru,Home & Kitchen,Water Bottle,3,483.15,5.0,UPI,Delivered,False,False,1376.98,True
ORD202879,2025-02-19,C1482,Vikram Mehta,Chennai,Home & Kitchen,Air Fryer,2,4759.7,0.0,UPI,Cancelled,False,False,9519.4,False
ORD200081,2025-02-19,C2247,Meera Verma,Chennai,Electronics,Smartwatch,1,5796.29,10.0,Net Banking,Cancelled,False,False,5216.66,False
ORD202339,2025-02-19,C1072,Ananya Sharma,Bengaluru,Electronics,USB-C Cable,2,421.16,15.0,Debit Card,Cancelled,False,False,715.97,False
ORD200708,2025-02-19,C2051,Aarav Nair,Pune,Home & Kitchen,Bedsheet Set,2,1374.57,10.0,Credit Card,Delivered,False,False,2474.23,True
ORD202598,2025-02-19,C2022,Diya Patel,Pune,Home & Kitchen,Cookware Set,2,2758.79,20.0,UPI,Delivered,False,False,4414.06,True
ORD200560,2025-02-19,C2150,Arjun Mehta,Pune,Home & Kitchen,Cookware Set,2,2903.46,0.0,Credit Card,Delivered,False,False,5806.92,True
ORD203235,2025-02-19,C2243,Sneha Reddy,Hyderabad,Home & Kitchen,Mixer Grinder,2,3326.33,0.0,Debit Card,Delivered,False,False,6652.66,True
ORD200531,2025-02-20,C1737,Priya Patel,Delhi,Books,Novel,1,337.12,0.0,Credit Card,Delivered,False,False,337.12,True
ORD200229,2025-02-20,C1960,Sneha Verma,Chennai,Clothing,Cotton T-Shirt,3,618.7,5.0,COD,Delivered,False,False,1763.3,True
ORD202326,2025-02-20,C1468,Aarav Kulkarni,Mumbai,Beauty,Moisturiser,2,456.15,15.0,COD,Delivered,False,False,775.46,True
ORD200456,2025-02-20,C2347,Aarav Kulkarni,Delhi,Electronics,Smartwatch,4,6464.13,0.0,Debit Card,Delivered,False,False,25856.52,True
ORD203014,2025-02-20,C2314,Sanjay Das,Hyderabad,Clothing,Denim Jeans,1,1827.61,0.0,COD,Delivered,False,False,1827.61,True
ORD202809,2025-02-20,C1577,Karan Verma,Chennai,Clothing,Hoodie,3,1487.84,0.0,UPI,Cancelled,False,False,4463.52,False
ORD203057,2025-02-20,C1601,Rahul Das,Mumbai,Beauty,Face Wash,2,247.95,0.0,UPI,Delivered,False,False,495.9,True
ORD200221,2025-02-20,C1208,Riya Iyer,Pune,Beauty,Moisturiser,3,477.67,15.0,Debit Card,Returned,False,False,1218.06,False
ORD201516,2025-02-20,C1835,Kavya Singh,Delhi,Clothing,Cotton T-Shirt,2,600.93,0.0,Credit Card,Returned,False,False,1201.86,False
ORD200546,2025-02-20,C1261,Aditya Nair,Mumbai,Beauty,Face Wash,1,259.49,10.0,Credit Card,Delivered,False,False,233.54,True
ORD200974,2025-02-20,C1010,Karan Reddy,Chennai,Electronics,Wireless Earbuds,1,2437.83,0.0,UPI,Delivered,False,False,2437.83,True
ORD202109,2025-02-20,C2046,Manish Verma,Kolkata,Electronics,Smartwatch,4,6065.67,20.0,Debit Card,Delivered,False,False,19410.14,True
ORD200897,2025-02-20,C1150,Arjun Joshi,Delhi,Clothing,Cotton T-Shirt,2,597.41,0.0,Unknown,Delivered,False,False,1194.82,True
ORD200377,2025-02-21,C1613,Manish Reddy,Delhi,Electronics,Smartwatch,4,6119.445,0.0,COD,Cancelled,True,False,24477.78,False
ORD201208,2025-02-21,C1510,Sanjay Patel,Ahmedabad,Clothing,Cap,2,368.7,0.0,UPI,Cancelled,False,False,737.4,False
ORD204032,2025-02-21,C1659,Manish Patel,Chennai,Electronics,Bluetooth Speaker,2,1931.68,15.0,Credit Card,Returned,False,False,3283.86,False
ORD203322,2025-02-21,C2202,Kavya Mehta,Delhi,Home & Kitchen,Bedsheet Set,1,1296.04,10.0,Credit Card,Returned,False,False,1166.44,False
ORD203631,2025-02-21,C1437,Vikram Iyer,Chennai,Clothing,Running Shoes,1,3148.01,0.0,UPI,Returned,False,False,3148.01,False
ORD203281,2025-02-21,C1723,Neha Iyer,Delhi,Home & Kitchen,Mixer Grinder,4,3305.56,5.0,Net Banking,Delivered,False,False,12561.13,True
ORD202079,2025-02-21,C1299,Rahul Patel,Delhi,Clothing,Cap,3,346.51,15.0,Net Banking,Delivered,False,False,883.6,True
ORD203892,2025-02-21,C2378,Vivaan Singh,Ahmedabad,Home & Kitchen,Cookware Set,1,2797.17,0.0,COD,Delivered,False,False,2797.17,True
ORD204015,2025-02-21,C1101,Meera Verma,Ahmedabad,Home & Kitchen,Mixer Grinder,3,3362.875,15.0,UPI,Delivered,True,False,8575.33,True
ORD200372,2025-02-21,C1511,Rohan Kulkarni,Kolkata,Clothing,Denim Jeans,3,1798.51,0.0,UPI,Delivered,False,False,5395.53,True
ORD203932,2025-02-22,C1568,Rahul Iyer,Ahmedabad,Electronics,USB-C Cable,1,427.86,0.0,UPI,Delivered,False,False,427.86,True
ORD204883,2025-02-22,C1836,Kavya Joshi,Delhi,Electronics,Bluetooth Speaker,1,2023.58,0.0,Credit Card,Delivered,False,False,2023.58,True
ORD200542,2025-02-22,C1760,Diya Sharma,Chennai,Clothing,Denim Jeans,1,1935.1,5.0,UPI,Delivered,False,False,1838.34,True
ORD204863,2025-02-22,C1558,Rahul Kulkarni,Kolkata,Electronics,Wireless Earbuds,2,2491.67,5.0,Net Banking,Delivered,False,False,4734.17,True
ORD202063,2025-02-22,C1797,Manish Gupta,Mumbai,Books,Novel,1,371.68,10.0,Credit Card,Delivered,False,False,334.51,True
ORD202804,2025-02-22,C1075,Rohan Patel,Hyderabad,Home & Kitchen,Air Fryer,1,5196.63,0.0,Debit Card,Delivered,False,False,5196.63,True
ORD200290,2025-02-22,C1528,Priya Gupta,Ahmedabad,Electronics,Wireless Earbuds,3,2511.04,15.0,COD,Returned,False,False,6403.15,False
ORD200759,2025-02-22,C1420,Rahul Das,Delhi,Beauty,Hair Dryer,4,1499.22,0.0,UPI,Delivered,False,False,5996.88,True
ORD203246,2025-02-22,C1294,Aarav Nair,Bengaluru,Electronics,Bluetooth Speaker,4,1932.84,20.0,Debit Card,Delivered,False,False,6185.09,True
ORD203858,2025-02-22,C1613,Manish Reddy,Delhi,Books,Exam Guide,4,497.37,0.0,COD,Delivered,False,False,1989.48,True
ORD204158,2025-02-23,C1004,Vivaan Mehta,Mumbai,Home & Kitchen,Air Fryer,1,5367.03,0.0,UPI,Delivered,False,False,5367.03,True
ORD201585,2025-02-23,C1070,Pooja Das,Hyderabad,Electronics,Power Bank,1,1273.37,0.0,UPI,Delivered,False,True,1273.37,True
ORD201176,2025-02-23,C1556,Aditya Sharma,Mumbai,Beauty,Hair Dryer,1,1608.38,15.0,UPI,Cancelled,False,False,1367.12,False
ORD200173,2025-02-23,C2041,Sneha Joshi,Mumbai,Clothing,Hoodie,2,1512.62,0.0,UPI,Delivered,False,False,3025.24,True
ORD204129,2025-02-23,C1555,Sneha Kulkarni,Mumbai,Clothing,Cotton T-Shirt,2,594.65,0.0,Credit Card,Delivered,False,False,1189.3,True
ORD203012,2025-02-23,C2119,Aarav Mehta,Mumbai,Electronics,Smartwatch,4,6381.52,5.0,Debit Card,Delivered,False,False,24249.78,True
ORD203777,2025-02-23,C1259,Arjun Patel,Pune,Electronics,Smartwatch,1,5856.52,20.0,Credit Card,Delivered,False,False,4685.22,True
ORD200763,2025-02-23,C1687,Manish Kulkarni,Hyderabad,Clothing,Cap,2,339.27,0.0,COD,Delivered,False,False,678.54,True
ORD202443,2025-02-23,C2059,Sneha Kulkarni,Mumbai,Beauty,Hair Dryer,1,1520.97,20.0,Net Banking,Delivered,False,False,1216.78,True
ORD201576,2025-02-23,C1169,Aditya Sharma,Hyderabad,Clothing,Cotton T-Shirt,1,620.61,15.0,Net Banking,Returned,False,False,527.52,False
ORD204861,2025-02-23,C2350,Sanjay Kulkarni,Mumbai,Electronics,USB-C Cable,1,430.67,5.0,Debit Card,Delivered,False,False,409.14,True
ORD204656,2025-02-23,C2189,Rahul Nair,Bengaluru,Electronics,Bluetooth Speaker,1,2020.47,5.0,UPI,Cancelled,True,False,1919.45,False
ORD200786,2025-02-23,C2108,Priya Joshi,Mumbai,Clothing,Running Shoes,2,3025.37,20.0,UPI,Delivered,False,False,4840.59,True
ORD204704,2025-02-23,C1103,Kavya Singh,Mumbai,Clothing,Cotton T-Shirt,1,572.22,0.0,Credit Card,Delivered,False,False,572.22,True
ORD202026,2025-02-23,C2086,Rahul Nair,Mumbai,Beauty,Lipstick,1,408.94,20.0,Credit Card,Delivered,False,False,327.15,True
ORD204516,2025-02-24,C1406,Kavya Mehta,Mumbai,Clothing,Denim Jeans,2,1817.53,20.0,COD,Cancelled,False,False,2908.05,False
ORD202072,2025-02-24,C1943,Priya Verma,Mumbai,Beauty,Lipstick,1,387.97,20.0,Debit Card,Returned,False,False,310.38,False
ORD200658,2025-02-24,C1904,Meera Iyer,Chennai,Electronics,Bluetooth Speaker,4,1997.4,10.0,Net Banking,Delivered,False,False,7190.64,True
ORD200515,2025-02-24,C1221,Isha Das,Pune,Clothing,Cotton T-Shirt,2,595.05,20.0,UPI,Returned,False,False,952.08,False
ORD202950,2025-02-24,C2259,Diya Iyer,Chennai,Clothing,Cap,1,358.6,0.0,UPI,Delivered,False,False,358.6,True
ORD203702,2025-02-24,C1570,Kavya Gupta,Kolkata,Electronics,Smartwatch,3,5931.71,0.0,UPI,Returned,False,False,17795.13,False
ORD204211,2025-02-24,C1823,Isha Iyer,Kolkata,Electronics,USB-C Cable,4,412.02,5.0,Credit Card,Delivered,False,False,1565.68,True
ORD204988,2025-02-24,C1646,Aditya Gupta,Ahmedabad,Beauty,Perfume,3,1649.0,15.0,UPI,Cancelled,False,False,4204.95,False
ORD200833,2025-02-24,C1557,Vikram Kulkarni,Bengaluru,Clothing,Hoodie,1,1436.71,20.0,UPI,Cancelled,False,False,1149.37,False
ORD201333,2025-02-25,C1543,Neha Reddy,Kolkata,Beauty,Lipstick,1,423.12,0.0,COD,Cancelled,False,False,423.12,False
ORD200185,2025-02-25,C1711,Karan Nair,Delhi,Electronics,Smartwatch,2,5703.32,0.0,UPI,Delivered,False,False,11406.64,True
ORD202086,2025-02-25,C1313,Pooja Sharma,Hyderabad,Beauty,Face Wash,1,243.78,20.0,Net Banking,Delivered,False,False,195.02,True
ORD203068,2025-02-25,C2326,Diya Das,Bengaluru,Books,Novel,3,347.59,5.0,UPI,Delivered,False,False,990.63,True
ORD201986,2025-02-25,C2035,Sanjay Nair,Mumbai,Electronics,Bluetooth Speaker,3,2042.61,0.0,Debit Card,Delivered,False,False,6127.83,True
ORD203959,2025-02-25,C2195,Aarav Nair,Hyderabad,Books,Comics Set,2,852.56,0.0,Credit Card,Delivered,False,False,1705.12,True
ORD203030,2025-02-25,C1239,Riya Patel,Mumbai,Clothing,Hoodie,4,1462.71,15.0,Debit Card,Delivered,False,False,4973.21,True
ORD203227,2025-02-25,C1865,Rohan Sharma,Mumbai,Clothing,Denim Jeans,4,1913.02,5.0,UPI,Delivered,False,False,7269.48,True
ORD203778,2025-02-25,C2277,Diya Sharma,Mumbai,Home & Kitchen,Mixer Grinder,1,3558.28,10.0,Net Banking,Delivered,False,False,3202.45,True
ORD201062,2025-02-25,C2085,Vivaan Verma,Chennai,Electronics,Bluetooth Speaker,1,1935.33,15.0,UPI,Returned,False,False,1645.03,False
ORD200521,2025-02-26,C1097,Isha Joshi,Chennai,Clothing,Cotton T-Shirt,2,607.25,0.0,Net Banking,Delivered,False,False,1214.5,True
ORD201274,2025-02-26,C2098,Vikram Patel,Hyderabad,Beauty,Face Wash,1,242.88,0.0,UPI,Delivered,False,False,242.88,True
ORD202193,2025-02-26,C1764,Kavya Kulkarni,Delhi,Electronics,Smartwatch,1,6388.85,0.0,UPI,Delivered,False,False,6388.85,True
ORD201522,2025-02-26,C1937,Manish Mehta,Hyderabad,Beauty,Lipstick,4,380.86,15.0,Credit Card,Delivered,False,False,1294.92,True
ORD204975,2025-02-26,C1752,Isha Reddy,Chennai,Home & Kitchen,Bedsheet Set,1,1272.4,0.0,Credit Card,Delivered,False,False,1272.4,True
ORD200491,2025-02-26,C1206,Rahul Patel,Delhi,Electronics,Power Bank,2,1304.95,10.0,UPI,Returned,False,False,2348.91,False
ORD202543,2025-02-26,C1660,Vivaan Mehta,Delhi,Clothing,Denim Jeans,3,1827.66,20.0,Debit Card,Delivered,False,False,4386.38,True
ORD204877,2025-02-26,C1953,Neha Singh,Ahmedabad,Electronics,Smartwatch,1,5915.69,10.0,UPI,Delivered,False,False,5324.12,True
ORD202116,2025-02-26,C1949,Arjun Verma,Pune,Beauty,Hair Dryer,1,1454.73,0.0,COD,Cancelled,False,False,1454.73,False
ORD202622,2025-02-26,C1055,Neha Gupta,Delhi,Home & Kitchen,Bedsheet Set,2,1253.0,20.0,UPI,Returned,False,False,2004.8,False
ORD201288,2025-02-26,C1586,Kavya Nair,Chennai,Home & Kitchen,Water Bottle,1,456.7,0.0,COD,Delivered,False,False,456.7,True
ORD200839,2025-02-26,C1940,Manish Patel,Delhi,Beauty,Perfume,1,1626.26,15.0,UPI,Delivered,True,False,1382.32,True
ORD200304,2025-02-26,C1352,Pooja Verma,Hyderabad,Electronics,Power Bank,2,1246.26,0.0,Credit Card,Delivered,False,False,2492.52,True
ORD203832,2025-02-26,C1673,Meera Sharma,Delhi,Home & Kitchen,Air Fryer,2,5141.0,15.0,COD,Delivered,False,False,8739.7,True
ORD204719,2025-02-27,C2303,Manish Singh,Ahmedabad,Electronics,Bluetooth Speaker,2,1924.92,15.0,Debit Card,Cancelled,False,False,3272.36,False
ORD201839,2025-02-27,C1970,Diya Verma,Mumbai,Electronics,Smartwatch,1,5870.83,20.0,Credit Card,Returned,False,False,4696.66,False
ORD202437,2025-02-27,C1451,Ananya Reddy,Mumbai,Books,Novel,2,372.3,0.0,Debit Card,Delivered,False,False,744.6,True
ORD202038,2025-02-27,C1217,Rohan Mehta,Mumbai,Electronics,Power Bank,1,1363.39,0.0,COD,Returned,False,False,1363.39,False
ORD200402,2025-02-27,C2067,Rohan Reddy,Delhi,Electronics,Smartwatch,1,5959.34,0.0,COD,Delivered,False,False,5959.34,True
ORD202123,2025-02-27,C1689,Riya Mehta,Kolkata,Beauty,Hair Dryer,1,1425.5,10.0,UPI,Returned,False,False,1282.95,False
ORD202830,2025-02-27,C1210,Vivaan Reddy,Hyderabad,Home & Kitchen,Air Fryer,1,5218.01,0.0,UPI,Delivered,False,True,5218.01,True
ORD201780,2025-02-27,C1167,Pooja Singh,Delhi,Clothing,Denim Jeans,2,1770.47,0.0,UPI,Returned,False,False,3540.94,False
ORD203776,2025-02-27,C1326,Karan Patel,Bengaluru,Clothing,Denim Jeans,1,1901.99,15.0,UPI,Delivered,False,False,1616.69,True
ORD200363,2025-02-27,C1775,Vikram Das,Kolkata,Books,Comics Set,1,819.15,0.0,Debit Card,Returned,False,False,819.15,False
ORD201202,2025-02-27,C1370,Isha Gupta,Mumbai,Beauty,Hair Dryer,1,1576.86,0.0,Debit Card,Delivered,False,False,1576.86,True
ORD204361,2025-02-28,C1432,Karan Singh,Mumbai,Clothing,Denim Jeans,1,1921.63,10.0,COD,Returned,False,False,1729.47,False
ORD201935,2025-02-28,C1484,Neha Reddy,Hyderabad,Electronics,Bluetooth Speaker,1,2044.31,5.0,UPI,Delivered,False,False,1942.09,True
ORD200751,2025-02-28,C1663,Arjun Reddy,Mumbai,Clothing,Cotton T-Shirt,2,643.71,10.0,Credit Card,Delivered,False,False,1158.68,True
ORD202799,2025-02-28,C2075,Sanjay Sharma,Ahmedabad,Home & Kitchen,Mixer Grinder,1,3391.68,0.0,COD,Cancelled,False,False,3391.68,False
ORD202246,2025-02-28,C1749,Aditya Verma,Pune,Electronics,Smartwatch,1,6308.33,10.0,UPI,Cancelled,False,False,5677.5,False
ORD203450,2025-02-28,C1381,Ananya Sharma,Delhi,Clothing,Denim Jeans,2,1826.62,0.0,COD,Delivered,False,False,3653.24,True
ORD200106,2025-02-28,C1350,Kavya Verma,Ahmedabad,Electronics,Power Bank,2,1300.69,20.0,Debit Card,Delivered,False,False,2081.1,True
ORD201750,2025-02-28,C1318,Manish Patel,Ahmedabad,Books,Novel,1,346.93,0.0,Net Banking,Delivered,False,False,346.93,True
ORD202833,2025-02-28,C1194,Meera Verma,Delhi,Clothing,Running Shoes,4,3055.72,0.0,Credit Card,Returned,False,False,12222.88,False
ORD204829,2025-02-28,C2236,Pooja Iyer,Mumbai,Home & Kitchen,Air Fryer,4,5117.46,0.0,Debit Card,Delivered,False,False,20469.84,True
ORD200940,2025-03-01,C1858,Vikram Nair,Mumbai,Beauty,Lipstick,1,414.01,20.0,Credit Card,Returned,False,False,331.21,False
ORD201051,2025-03-01,C1101,Meera Verma,Ahmedabad,Clothing,Denim Jeans,2,1755.09,10.0,UPI,Delivered,False,False,3159.16,True
ORD201203,2025-03-01,C1842,Neha Reddy,Delhi,Electronics,Bluetooth Speaker,1,1951.5,15.0,UPI,Cancelled,False,False,1658.78,False
ORD204545,2025-03-01,C2054,Karan Sharma,Mumbai,Electronics,USB-C Cable,3,405.64,15.0,Credit Card,Delivered,True,False,1034.38,True
ORD201443,2025-03-01,C1267,Diya Verma,Ahmedabad,Books,Python Handbook,4,719.8,0.0,Credit Card,Cancelled,False,False,2879.2,False
ORD204806,2025-03-01,C1957,Pooja Gupta,Bengaluru,Clothing,Cap,3,347.04,15.0,Credit Card,Delivered,False,False,884.95,True
ORD203348,2025-03-01,C2333,Manish Verma,Bengaluru,Clothing,Hoodie,1,1449.33,20.0,UPI,Delivered,False,False,1159.46,True
ORD200775,2025-03-01,C1840,Manish Sharma,Chennai,Clothing,Denim Jeans,1,1826.42,10.0,Debit Card,Delivered,False,False,1643.78,True
ORD200467,2025-03-01,C2020,Karan Gupta,Delhi,Electronics,Smartwatch,1,6473.3,0.0,Credit Card,Cancelled,False,False,6473.3,False
ORD200427,2025-03-01,C2384,Aditya Nair,Bengaluru,Clothing,Cap,1,355.28999999999996,0.0,UPI,Returned,True,False,355.29,False
ORD202356,2025-03-01,C1821,Sneha Reddy,Chennai,Books,Data Science Primer,1,879.36,0.0,COD,Delivered,False,True,879.36,True
ORD200461,2025-03-01,C2252,Pooja Singh,Pune,Clothing,Denim Jeans,1,1778.48,0.0,UPI,Returned,False,False,1778.48,False
ORD200666,2025-03-02,C2087,Sanjay Joshi,Pune,Clothing,Hoodie,1,1484.16,0.0,Credit Card,Delivered,False,False,1484.16,True
ORD200205,2025-03-02,C1748,Diya Verma,Hyderabad,Beauty,Lipstick,4,415.82,0.0,Credit Card,Delivered,False,False,1663.28,True
ORD202216,2025-03-02,C1955,Rahul Mehta,Delhi,Clothing,Running Shoes,1,2964.13,10.0,Debit Card,Delivered,False,False,2667.72,True
ORD202687,2025-03-02,C1578,Kavya Mehta,Hyderabad,Books,Python Handbook,4,728.15,0.0,UPI,Delivered,False,False,2912.6,True
ORD202263,2025-03-02,C2125,Ananya Joshi,Bengaluru,Electronics,USB-C Cable,3,422.72,0.0,UPI,Cancelled,False,False,1268.16,False
ORD203393,2025-03-02,C1727,Aarav Gupta,Mumbai,Electronics,Wireless Earbuds,4,2425.15,15.0,Credit Card,Delivered,False,False,8245.51,True
ORD201672,2025-03-02,C2067,Rohan Reddy,Delhi,Beauty,Face Wash,4,264.23,10.0,UPI,Cancelled,False,False,951.23,False
ORD200355,2025-03-02,C2370,Sneha Nair,Ahmedabad,Books,Exam Guide,2,538.91,15.0,UPI,Delivered,False,False,916.15,True
ORD201869,2025-03-02,C1614,Neha Gupta,Ahmedabad,Clothing,Running Shoes,4,3047.77,15.0,UPI,Cancelled,False,False,10362.42,False
ORD202952,2025-03-02,C1893,Manish Iyer,Ahmedabad,Home & Kitchen,Water Bottle,1,432.33,0.0,Credit Card,Delivered,False,False,432.33,True
ORD204341,2025-03-02,C1342,Vikram Verma,Bengaluru,Electronics,Wireless Earbuds,4,2454.62,10.0,Debit Card,Delivered,False,False,8836.63,True
ORD203494,2025-03-02,C1762,Rohan Joshi,Mumbai,Beauty,Moisturiser,1,445.1,0.0,Debit Card,Delivered,False,False,445.1,True
ORD204000,2025-03-02,C1404,Ananya Das,Delhi,Beauty,Moisturiser,1,465.69,0.0,Credit Card,Returned,False,False,465.69,False
ORD200964,2025-03-03,C2109,Rohan Sharma,Mumbai,Electronics,USB-C Cable,1,422.45,20.0,UPI,Delivered,False,False,337.96,True
ORD202428,2025-03-03,C1308,Karan Nair,Chennai,Beauty,Moisturiser,3,450.65,15.0,COD,Delivered,False,False,1149.16,True
ORD203233,2025-03-03,C1697,Manish Gupta,Chennai,Clothing,Running Shoes,3,2933.48,0.0,COD,Delivered,False,True,8800.44,True
ORD201584,2025-03-03,C1898,Aditya Gupta,Bengaluru,Electronics,Wireless Earbuds,1,2674.16,0.0,UPI,Delivered,False,False,2674.16,True
ORD202506,2025-03-03,C1811,Ananya Sharma,Delhi,Beauty,Perfume,4,1609.14,0.0,COD,Returned,False,False,6436.56,False
ORD204609,2025-03-03,C1551,Vikram Reddy,Bengaluru,Electronics,Bluetooth Speaker,1,2009.08,0.0,Net Banking,Returned,False,False,2009.08,False
ORD202840,2025-03-03,C1840,Manish Sharma,Chennai,Home & Kitchen,Mixer Grinder,3,3370.92,10.0,UPI,Delivered,False,False,9101.48,True
ORD204009,2025-03-03,C1064,Rahul Nair,Bengaluru,Home & Kitchen,Air Fryer,1,5209.3,0.0,UPI,Delivered,False,False,5209.3,True
ORD202748,2025-03-03,C1467,Priya Patel,Bengaluru,Home & Kitchen,Bedsheet Set,2,1343.01,20.0,Credit Card,Delivered,False,False,2148.82,True
ORD201357,2025-03-03,C1547,Isha Joshi,Mumbai,Books,Data Science Primer,4,909.37,0.0,Debit Card,Delivered,False,False,3637.48,True
ORD204066,2025-03-03,C1738,Ananya Kulkarni,Bengaluru,Electronics,Bluetooth Speaker,1,2054.29,15.0,Debit Card,Delivered,False,False,1746.15,True
ORD203655,2025-03-03,C1446,Manish Gupta,Kolkata,Clothing,Running Shoes,4,2866.98,0.0,UPI,Delivered,False,False,11467.92,True
ORD202974,2025-03-03,C1077,Vivaan Reddy,Chennai,Books,Comics Set,1,767.97,5.0,UPI,Delivered,False,False,729.57,True
ORD204429,2025-03-03,C1019,Diya Das,Kolkata,Books,Novel,2,338.57,5.0,UPI,Returned,False,False,643.28,False
ORD204448,2025-03-04,C2041,Sneha Joshi,Mumbai,Home & Kitchen,Mixer Grinder,1,3469.42,0.0,UPI,Cancelled,False,False,3469.42,False
ORD202640,2025-03-04,C1781,Diya Sharma,Delhi,Books,Data Science Primer,4,878.29,0.0,Credit Card,Delivered,False,False,3513.16,True
ORD204165,2025-03-04,C1815,Vivaan Singh,Hyderabad,Clothing,Hoodie,3,1506.53,0.0,UPI,Delivered,False,False,4519.59,True
ORD201400,2025-03-04,C1946,Rahul Das,Hyderabad,Beauty,Face Wash,1,256.44,20.0,UPI,Delivered,False,False,205.15,True
ORD203598,2025-03-04,C1221,Isha Das,Pune,Home & Kitchen,Air Fryer,1,4904.81,10.0,UPI,Delivered,False,False,4414.33,True
ORD202791,2025-03-04,C1571,Ananya Singh,Mumbai,Electronics,Wireless Earbuds,1,2472.72,0.0,UPI,Delivered,False,False,2472.72,True
ORD200130,2025-03-04,C1455,Vikram Gupta,Bengaluru,Electronics,Wireless Earbuds,3,2581.74,0.0,UPI,Returned,False,False,7745.22,False
ORD200662,2025-03-04,C1519,Pooja Verma,Chennai,Electronics,Power Bank,1,1348.8,10.0,Debit Card,Delivered,False,False,1213.92,True
ORD203080,2025-03-04,C1456,Priya Mehta,Chennai,Books,Exam Guide,2,508.67,5.0,UPI,Delivered,False,False,966.47,True
ORD203422,2025-03-05,C2262,Ananya Nair,Pune,Electronics,Bluetooth Speaker,2,2150.81,0.0,UPI,Delivered,False,False,4301.62,True
ORD202052,2025-03-05,C1647,Rohan Patel,Ahmedabad,Electronics,Bluetooth Speaker,4,1979.28,15.0,COD,Delivered,False,False,6729.55,True
ORD200070,2025-03-05,C1404,Ananya Das,Delhi,Beauty,Moisturiser,4,482.87,15.0,Debit Card,Returned,False,False,1641.76,False
ORD201911,2025-03-05,C1286,Pooja Reddy,Bengaluru,Beauty,Lipstick,1,391.93,5.0,Credit Card,Delivered,False,False,372.33,True
ORD200153,2025-03-05,C2348,Rohan Kulkarni,Hyderabad,Home & Kitchen,Bedsheet Set,1,1318.125,10.0,UPI,Cancelled,True,False,1186.31,False
ORD203295,2025-03-05,C2240,Aditya Joshi,Bengaluru,Electronics,Wireless Earbuds,3,2631.49,5.0,Debit Card,Returned,False,False,7499.75,False
ORD200305,2025-03-05,C1471,Ananya Gupta,Hyderabad,Electronics,USB-C Cable,4,379.54,10.0,UPI,Delivered,False,False,1366.34,True
ORD201973,2025-03-05,C2392,Aditya Mehta,Bengaluru,Beauty,Hair Dryer,1,1524.99,20.0,Credit Card,Returned,False,False,1219.99,False
ORD202760,2025-03-06,C2111,Manish Singh,Chennai,Clothing,Cap,3,334.57,0.0,Credit Card,Delivered,False,False,1003.71,True
ORD202270,2025-03-06,C1668,Aditya Das,Delhi,Clothing,Cap,2,353.09,10.0,UPI,Cancelled,False,False,635.56,False
ORD204070,2025-03-06,C2084,Riya Singh,Pune,Clothing,Cotton T-Shirt,1,631.44,0.0,UPI,Delivered,False,False,631.44,True
ORD200202,2025-03-06,C2349,Aarav Verma,Pune,Electronics,Power Bank,4,1257.14,0.0,UPI,Delivered,False,False,5028.56,True
ORD200851,2025-03-06,C1104,Isha Mehta,Mumbai,Books,Python Handbook,3,750.14,5.0,UPI,Delivered,False,False,2137.9,True
ORD203672,2025-03-06,C2286,Riya Nair,Mumbai,Clothing,Hoodie,1,1505.46,15.0,Credit Card,Returned,False,False,1279.64,False
ORD203825,2025-03-06,C1387,Neha Singh,Bengaluru,Electronics,Power Bank,3,1339.82,15.0,UPI,Returned,False,False,3416.54,False
ORD200090,2025-03-06,C1972,Vikram Patel,Bengaluru,Clothing,Hoodie,1,1608.59,10.0,Credit Card,Delivered,False,False,1447.73,True
ORD200858,2025-03-06,C1176,Vikram Verma,Bengaluru,Electronics,Bluetooth Speaker,2,1913.41,20.0,Net Banking,Delivered,False,False,3061.46,True
ORD202316,2025-03-07,C2098,Vikram Patel,Hyderabad,Electronics,USB-C Cable,2,383.29,0.0,UPI,Delivered,False,False,766.58,True
ORD201831,2025-03-07,C1537,Sneha Patel,Ahmedabad,Electronics,USB-C Cable,1,415.3,5.0,Credit Card,Returned,False,False,394.54,False
ORD203237,2025-03-07,C2341,Riya Patel,Pune,Beauty,Moisturiser,2,468.13,10.0,UPI,Delivered,False,False,842.63,True
ORD200899,2025-03-07,C1785,Neha Reddy,Bengaluru,Electronics,Wireless Earbuds,1,2658.56,5.0,UPI,Delivered,False,False,2525.63,True
ORD200454,2025-03-07,C1421,Pooja Nair,Mumbai,Clothing,Cotton T-Shirt,1,633.94,0.0,Debit Card,Delivered,False,True,633.94,True
ORD201842,2025-03-07,C1760,Diya Sharma,Chennai,Beauty,Perfume,1,1550.89,0.0,Net Banking,Returned,False,False,1550.89,False
ORD203218,2025-03-07,C1230,Priya Nair,Bengaluru,Clothing,Hoodie,1,1520.21,5.0,Debit Card,Delivered,False,False,1444.2,True
ORD201756,2025-03-07,C1493,Sanjay Gupta,Kolkata,Electronics,Power Bank,2,1243.86,5.0,UPI,Delivered,False,False,2363.33,True
ORD201975,2025-03-07,C1241,Rahul Sharma,Mumbai,Beauty,Perfume,2,1534.55,0.0,UPI,Cancelled,False,False,3069.1,False
ORD203914,2025-03-07,C1585,Rahul Iyer,Bengaluru,Books,Novel,3,334.5,0.0,COD,Delivered,False,False,1003.5,True
ORD201917,2025-03-07,C1402,Priya Nair,Kolkata,Books,Exam Guide,1,509.01,0.0,Net Banking,Cancelled,True,False,509.01,False
ORD202348,2025-03-07,C1323,Manish Gupta,Mumbai,Beauty,Lipstick,2,427.07,0.0,Debit Card,Cancelled,False,False,854.14,False
ORD204987,2025-03-07,C1834,Pooja Iyer,Delhi,Clothing,Denim Jeans,1,1900.71,0.0,Debit Card,Delivered,False,False,1900.71,True
ORD201572,2025-03-07,C1314,Priya Das,Delhi,Books,Comics Set,1,805.97,15.0,UPI,Delivered,True,False,685.07,True
ORD203641,2025-03-07,C2217,Priya Joshi,Kolkata,Clothing,Running Shoes,2,3036.29,20.0,Debit Card,Cancelled,False,False,4858.06,False
ORD204157,2025-03-07,C1557,Vikram Kulkarni,Bengaluru,Books,Comics Set,1,816.78,10.0,Net Banking,Delivered,False,False,735.1,True
ORD203323,2025-03-07,C2178,Isha Mehta,Delhi,Home & Kitchen,Bedsheet Set,2,1241.4,5.0,Credit Card,Delivered,False,False,2358.66,True
ORD204427,2025-03-07,C2212,Karan Mehta,Ahmedabad,Home & Kitchen,Mixer Grinder,4,3194.63,0.0,COD,Cancelled,False,False,12778.52,False
ORD204514,2025-03-07,C2182,Riya Kulkarni,Delhi,Electronics,Bluetooth Speaker,1,2020.47,0.0,COD,Delivered,True,False,2020.47,True
ORD202827,2025-03-08,C1950,Neha Kulkarni,Delhi,Beauty,Lipstick,1,420.92,0.0,Net Banking,Delivered,False,False,420.92,True
ORD202794,2025-03-08,C1973,Aarav Das,Kolkata,Books,Python Handbook,1,723.93,5.0,Net Banking,Delivered,False,False,687.73,True
ORD202657,2025-03-08,C2023,Ananya Verma,Pune,Home & Kitchen,Air Fryer,1,5359.21,0.0,UPI,Delivered,False,False,5359.21,True
ORD201668,2025-03-08,C1932,Diya Nair,Mumbai,Clothing,Cap,1,366.47,0.0,Credit Card,Cancelled,False,False,366.47,False
ORD204879,2025-03-08,C1878,Isha Reddy,Chennai,Electronics,Bluetooth Speaker,4,2029.12,15.0,Credit Card,Delivered,False,False,6899.01,True
ORD201545,2025-03-08,C1553,Sanjay Nair,Ahmedabad,Clothing,Denim Jeans,4,1873.59,5.0,UPI,Delivered,False,False,7119.64,True
ORD201680,2025-03-08,C2038,Rahul Mehta,Unknown,Clothing,Running Shoes,2,3228.32,5.0,Debit Card,Delivered,False,False,6133.81,True
ORD203907,2025-03-08,C2359,Riya Mehta,Chennai,Home & Kitchen,Bedsheet Set,2,1337.74,0.0,Net Banking,Returned,False,False,2675.48,False
ORD204953,2025-03-08,C1822,Diya Sharma,Pune,Home & Kitchen,Bedsheet Set,1,1384.39,20.0,Net Banking,Delivered,False,False,1107.51,True
ORD202119,2025-03-08,C1567,Sneha Sharma,Pune,Books,Comics Set,1,761.82,0.0,Credit Card,Cancelled,False,False,761.82,False
ORD202766,2025-03-08,C1095,Vikram Joshi,Chennai,Electronics,USB-C Cable,4,395.81,0.0,UPI,Delivered,False,False,1583.24,True
ORD200398,2025-03-08,C1746,Isha Iyer,Delhi,Home & Kitchen,Air Fryer,1,5153.82,0.0,UPI,Delivered,False,False,5153.82,True
ORD203821,2025-03-08,C1095,Vikram Joshi,Chennai,Electronics,Bluetooth Speaker,1,2056.59,15.0,Debit Card,Returned,False,False,1748.1,False
ORD203941,2025-03-08,C1514,Sneha Mehta,Ahmedabad,Clothing,Denim Jeans,1,1901.89,0.0,UPI,Delivered,False,False,1901.89,True
ORD204476,2025-03-08,C1381,Ananya Sharma,Delhi,Clothing,Cotton T-Shirt,1,573.16,0.0,Debit Card,Delivered,False,False,573.16,True
ORD201078,2025-03-08,C1540,Rohan Mehta,Ahmedabad,Electronics,Bluetooth Speaker,1,1912.15,0.0,UPI,Delivered,False,False,1912.15,True
ORD201063,2025-03-08,C1539,Manish Mehta,Ahmedabad,Electronics,Power Bank,2,1306.38,0.0,Net Banking,Delivered,False,False,2612.76,True
ORD201553,2025-03-08,C1519,Pooja Verma,Chennai,Electronics,Bluetooth Speaker,2,1950.7,5.0,Net Banking,Delivered,False,False,3706.33,True
ORD204072,2025-03-08,C2244,Karan Gupta,Ahmedabad,Electronics,Power Bank,1,1279.56,20.0,UPI,Delivered,False,False,1023.65,True
ORD200429,2025-03-08,C1191,Rohan Das,Bengaluru,Clothing,Running Shoes,3,3100.17,5.0,Credit Card,Delivered,False,False,8835.48,True
ORD200712,2025-03-08,C1704,Sanjay Joshi,Hyderabad,Books,Novel,2,344.46,15.0,COD,Delivered,False,False,585.58,True
ORD202795,2025-03-09,C1267,Diya Verma,Ahmedabad,Electronics,Bluetooth Speaker,2,1940.89,0.0,Credit Card,Delivered,False,False,3881.78,True
ORD202335,2025-03-09,C1871,Meera Sharma,Mumbai,Electronics,Wireless Earbuds,2,2440.89,0.0,Credit Card,Delivered,False,False,4881.78,True
ORD201965,2025-03-09,C1680,Rahul Reddy,Mumbai,Beauty,Face Wash,1,248.4,0.0,Credit Card,Delivered,False,False,248.4,True
ORD204136,2025-03-09,C1351,Ananya Gupta,Hyderabad,Home & Kitchen,Bedsheet Set,1,1308.92,0.0,UPI,Delivered,False,False,1308.92,True
ORD204553,2025-03-09,C1358,Riya Reddy,Delhi,Electronics,Power Bank,1,1372.15,0.0,Unknown,Delivered,False,False,1372.15,True
ORD204558,2025-03-09,C2062,Rohan Sharma,Hyderabad,Beauty,Lipstick,2,392.01,5.0,UPI,Returned,False,False,744.82,False
ORD201093,2025-03-09,C1784,Kavya Sharma,Mumbai,Clothing,Denim Jeans,1,1826.18,0.0,UPI,Cancelled,False,False,1826.18,False
ORD202268,2025-03-09,C1080,Isha Sharma,Bengaluru,Electronics,Wireless Earbuds,1,2684.36,5.0,Credit Card,Cancelled,False,False,2550.14,False
ORD203856,2025-03-10,C1958,Meera Das,Bengaluru,Home & Kitchen,Mixer Grinder,3,3397.12,20.0,COD,Returned,False,False,8153.09,False
ORD203489,2025-03-10,C2078,Rahul Joshi,Pune,Clothing,Cap,2,352.55,0.0,Debit Card,Delivered,False,False,705.1,True
ORD203307,2025-03-10,C1536,Isha Kulkarni,Hyderabad,Home & Kitchen,Cookware Set,2,2881.9,5.0,Debit Card,Returned,False,False,5475.61,False
ORD201729,2025-03-10,C1700,Priya Das,Kolkata,Clothing,Cotton T-Shirt,1,600.36,10.0,UPI,Delivered,False,False,540.32,True
ORD203301,2025-03-10,C1746,Isha Iyer,Delhi,Electronics,Power Bank,1,1312.59,5.0,UPI,Returned,False,False,1246.96,False
ORD201807,2025-03-10,C2210,Aditya Joshi,Hyderabad,Home & Kitchen,Bedsheet Set,2,1364.59,10.0,UPI,Delivered,False,False,2456.26,True
ORD201450,2025-03-10,C2041,Sneha Joshi,Mumbai,Books,Comics Set,4,839.39,0.0,Credit Card,Returned,False,False,3357.56,False
ORD204269,2025-03-10,C2101,Diya Gupta,Pune,Beauty,Perfume,1,1640.34,20.0,Net Banking,Delivered,False,False,1312.27,True
ORD202074,2025-03-10,C2238,Ananya Mehta,Mumbai,Beauty,Moisturiser,1,439.64,20.0,UPI,Delivered,False,False,351.71,True
ORD204737,2025-03-10,C1956,Rahul Reddy,Ahmedabad,Beauty,Moisturiser,1,430.58,10.0,Credit Card,Delivered,False,False,387.52,True
ORD202264,2025-03-11,C1882,Riya Das,Delhi,Beauty,Face Wash,2,267.75,20.0,Credit Card,Delivered,False,False,428.4,True
ORD202835,2025-03-11,C2322,Aditya Nair,Bengaluru,Electronics,USB-C Cable,4,393.06,10.0,Debit Card,Returned,False,False,1415.02,False
ORD200501,2025-03-11,C2214,Sanjay Kulkarni,Bengaluru,Clothing,Cap,1,355.84,10.0,UPI,Delivered,False,False,320.26,True
ORD204117,2025-03-11,C1068,Neha Joshi,Ahmedabad,Home & Kitchen,Mixer Grinder,3,3211.13,15.0,UPI,Delivered,False,False,8188.38,True
ORD200391,2025-03-11,C1364,Diya Gupta,Mumbai,Clothing,Cap,1,365.76,5.0,UPI,Delivered,False,False,347.47,True
ORD204286,2025-03-11,C1176,Vikram Verma,Bengaluru,Home & Kitchen,Mixer Grinder,3,3513.36,0.0,UPI,Delivered,False,False,10540.08,True
ORD201505,2025-03-11,C1633,Ananya Kulkarni,Chennai,Electronics,Bluetooth Speaker,1,2146.85,10.0,Net Banking,Returned,False,False,1932.16,False
ORD202068,2025-03-11,C2337,Manish Sharma,Pune,Home & Kitchen,Bedsheet Set,2,1268.01,0.0,UPI,Delivered,False,False,2536.02,True
ORD202780,2025-03-11,C1228,Aditya Joshi,Delhi,Books,Data Science Primer,3,870.11,0.0,Debit Card,Delivered,False,False,2610.33,True
ORD203950,2025-03-11,C2253,Isha Das,Delhi,Home & Kitchen,Water Bottle,3,484.84,0.0,UPI,Delivered,False,True,1454.52,True
ORD201844,2025-03-11,C1052,Kavya Das,Pune,Beauty,Face Wash,2,255.18,15.0,Debit Card,Delivered,False,False,433.81,True
ORD201381,2025-03-11,C1162,Riya Verma,Delhi,Electronics,Bluetooth Speaker,1,2126.07,10.0,UPI,Delivered,False,False,1913.46,True
ORD202142,2025-03-11,C2300,Neha Singh,Mumbai,Electronics,Smartwatch,2,6396.92,20.0,Net Banking,Delivered,False,False,10235.07,True
ORD203890,2025-03-12,C1320,Ananya Nair,Bengaluru,Electronics,Bluetooth Speaker,1,2097.26,5.0,UPI,Delivered,False,False,1992.4,True
ORD203396,2025-03-12,C1572,Arjun Sharma,Hyderabad,Electronics,Power Bank,2,1268.76,0.0,Credit Card,Delivered,False,False,2537.52,True
ORD201660,2025-03-12,C1652,Sanjay Joshi,Mumbai,Clothing,Cotton T-Shirt,2,644.97,5.0,Net Banking,Delivered,False,False,1225.44,True
ORD202132,2025-03-12,C1551,Vikram Reddy,Bengaluru,Electronics,Wireless Earbuds,2,2685.68,0.0,Net Banking,Returned,False,False,5371.36,False
ORD203686,2025-03-12,C1500,Neha Nair,Bengaluru,Electronics,USB-C Cable,2,428.98,5.0,Credit Card,Delivered,False,False,815.06,True
ORD203105,2025-03-12,C2208,Sanjay Patel,Mumbai,Home & Kitchen,Bedsheet Set,2,1369.49,0.0,Credit Card,Delivered,False,False,2738.98,True
ORD202590,2025-03-12,C1094,Riya Sharma,Mumbai,Beauty,Moisturiser,2,443.57,20.0,Debit Card,Returned,False,False,709.71,False
ORD200136,2025-03-12,C2323,Riya Reddy,Kolkata,Clothing,Cotton T-Shirt,2,598.6,15.0,UPI,Cancelled,False,False,1017.62,False
ORD203056,2025-03-13,C1112,Kavya Gupta,Ahmedabad,Home & Kitchen,Air Fryer,1,5042.62,10.0,UPI,Delivered,False,False,4538.36,True
ORD201530,2025-03-13,C1163,Sneha Singh,Hyderabad,Home & Kitchen,Bedsheet Set,2,1384.93,0.0,UPI,Returned,False,False,2769.86,False
ORD203740,2025-03-13,C2064,Priya Joshi,Pune,Books,Comics Set,3,857.25,15.0,UPI,Delivered,False,False,2185.99,True
ORD204359,2025-03-13,C1133,Rohan Kulkarni,Delhi,Home & Kitchen,Water Bottle,2,441.89,0.0,COD,Delivered,False,False,883.78,True
ORD204610,2025-03-13,C2090,Pooja Gupta,Bengaluru,Clothing,Running Shoes,4,3221.52,10.0,Credit Card,Delivered,False,False,11597.47,True
ORD202920,2025-03-13,C1231,Sanjay Iyer,Mumbai,Books,Exam Guide,1,512.87,15.0,Credit Card,Delivered,False,False,435.94,True
ORD204775,2025-03-13,C1007,Riya Kulkarni,Kolkata,Books,Novel,2,352.21,15.0,COD,Delivered,False,False,598.76,True
ORD204497,2025-03-13,C1537,Sneha Patel,Ahmedabad,Electronics,Power Bank,2,1346.55,20.0,Net Banking,Delivered,False,False,2154.48,True
ORD201544,2025-03-13,C1616,Pooja Verma,Delhi,Clothing,Cap,1,367.99,5.0,Credit Card,Cancelled,False,False,349.59,False
ORD204789,2025-03-13,C1305,Priya Mehta,Bengaluru,Books,Python Handbook,3,678.37,0.0,Credit Card,Delivered,False,False,2035.11,True
ORD201568,2025-03-13,C1441,Vikram Gupta,Chennai,Clothing,Running Shoes,1,2995.9,5.0,Net Banking,Returned,False,False,2846.1,False
ORD204220,2025-03-13,C1121,Arjun Patel,Bengaluru,Electronics,USB-C Cable,2,424.23,5.0,COD,Delivered,False,False,806.04,True
ORD203880,2025-03-13,C1528,Priya Gupta,Ahmedabad,Home & Kitchen,Air Fryer,2,5379.37,10.0,UPI,Delivered,False,False,9682.87,True
ORD203763,2025-03-13,C1765,Neha Joshi,Hyderabad,Electronics,Wireless Earbuds,1,2508.72,5.0,Net Banking,Returned,False,False,2383.28,False
ORD202050,2025-03-13,C1974,Manish Gupta,Chennai,Electronics,Smartwatch,4,6330.93,15.0,UPI,Cancelled,False,False,21525.16,False
ORD201464,2025-03-14,C1316,Neha Iyer,Mumbai,Home & Kitchen,Cookware Set,4,2962.6,0.0,UPI,Delivered,False,False,11850.4,True
ORD200615,2025-03-14,C2308,Diya Patel,Chennai,Home & Kitchen,Air Fryer,1,5047.07,0.0,COD,Returned,False,False,5047.07,False
ORD204550,2025-03-14,C1169,Aditya Sharma,Hyderabad,Books,Comics Set,1,856.52,5.0,UPI,Cancelled,False,False,813.69,False
ORD202438,2025-03-14,C1250,Vivaan Das,Mumbai,Electronics,Power Bank,1,1389.61,20.0,COD,Delivered,False,False,1111.69,True
ORD202021,2025-03-14,C1912,Priya Gupta,Bengaluru,Electronics,Bluetooth Speaker,2,2026.85,20.0,UPI,Delivered,False,False,3242.96,True
ORD200495,2025-03-14,C1311,Meera Reddy,Kolkata,Books,Python Handbook,2,688.21,5.0,UPI,Delivered,False,False,1307.6,True
ORD201526,2025-03-14,C2224,Pooja Iyer,Ahmedabad,Electronics,Power Bank,4,1311.3,15.0,UPI,Returned,True,False,4458.42,False
ORD201626,2025-03-14,C1297,Neha Verma,Delhi,Books,Novel,4,361.69,0.0,UPI,Delivered,False,False,1446.76,True
ORD204217,2025-03-14,C1738,Ananya Kulkarni,Mumbai,Books,Comics Set,1,791.69,0.0,Debit Card,Returned,False,False,791.69,False
ORD200045,2025-03-14,C1690,Kavya Singh,Delhi,Clothing,Running Shoes,2,3137.82,20.0,Net Banking,Returned,False,False,5020.51,False
ORD203181,2025-03-14,C1722,Manish Mehta,Pune,Home & Kitchen,Cookware Set,2,2723.55,15.0,COD,Delivered,False,False,4630.04,True
ORD201671,2025-03-14,C2027,Meera Gupta,Hyderabad,Electronics,USB-C Cable,2,394.96,0.0,UPI,Cancelled,False,True,789.92,False
ORD204300,2025-03-14,C1834,Pooja Iyer,Delhi,Electronics,Wireless Earbuds,1,2639.86,0.0,UPI,Cancelled,False,False,2639.86,False
ORD204787,2025-03-14,C1049,Arjun Gupta,Chennai,Electronics,USB-C Cable,1,420.47,0.0,UPI,Delivered,False,False,420.47,True
ORD203319,2025-03-14,C1824,Manish Mehta,Delhi,Home & Kitchen,Air Fryer,1,5049.77,15.0,COD,Delivered,False,False,4292.3,True
ORD201813,2025-03-14,C1948,Kavya Mehta,Chennai,Clothing,Hoodie,1,1593.97,15.0,Debit Card,Cancelled,False,False,1354.87,False
ORD201805,2025-03-14,C1621,Diya Verma,Bengaluru,Clothing,Cap,4,357.55,15.0,Debit Card,Returned,False,False,1215.67,False
ORD200816,2025-03-14,C1490,Karan Nair,Mumbai,Home & Kitchen,Mixer Grinder,2,3141.58,0.0,UPI,Delivered,False,True,6283.16,True
ORD200998,2025-03-14,C1340,Diya Verma,Ahmedabad,Electronics,Power Bank,3,1272.7,0.0,Net Banking,Returned,False,False,3818.1,False
ORD203243,2025-03-14,C1253,Aditya Verma,Delhi,Electronics,Bluetooth Speaker,3,2015.55,0.0,Credit Card,Delivered,False,False,6046.65,True
ORD203066,2025-03-15,C1577,Karan Verma,Chennai,Electronics,USB-C Cable,2,407.65,10.0,Net Banking,Delivered,False,False,733.77,True
ORD203570,2025-03-15,C1120,Rohan Mehta,Bengaluru,Beauty,Face Wash,1,246.68,10.0,UPI,Delivered,False,False,222.01,True
ORD204407,2025-03-15,C2110,Isha Das,Delhi,Clothing,Hoodie,1,1586.48,10.0,COD,Delivered,False,False,1427.83,True
ORD203176,2025-03-15,C1466,Sneha Reddy,Bengaluru,Beauty,Moisturiser,3,449.81,0.0,Credit Card,Cancelled,False,False,1349.43,False
ORD202214,2025-03-15,C1363,Priya Mehta,Delhi,Clothing,Hoodie,1,1617.32,15.0,Credit Card,Delivered,False,False,1374.72,True
ORD201192,2025-03-15,C2052,Neha Sharma,Ahmedabad,Books,Comics Set,3,821.17,5.0,Debit Card,Returned,False,False,2340.33,False
ORD200450,2025-03-15,C1454,Sanjay Patel,Bengaluru,Electronics,USB-C Cable,3,391.85,0.0,Debit Card,Delivered,False,False,1175.55,True
ORD202229,2025-03-15,C1412,Vikram Iyer,Chennai,Beauty,Lipstick,4,389.83,0.0,UPI,Delivered,False,False,1559.32,True
ORD201468,2025-03-15,C1234,Sneha Gupta,Kolkata,Electronics,Power Bank,2,1288.15,10.0,Debit Card,Delivered,False,False,2318.67,True
ORD200677,2025-03-15,C1563,Neha Gupta,Ahmedabad,Clothing,Hoodie,2,1527.77,20.0,Debit Card,Delivered,False,False,2444.43,True
ORD204880,2025-03-15,C1311,Meera Reddy,Kolkata,Electronics,Smartwatch,1,6322.3,5.0,UPI,Delivered,False,False,6006.18,True
ORD202595,2025-03-15,C2100,Priya Iyer,Mumbai,Clothing,Denim Jeans,2,1851.27,0.0,Credit Card,Cancelled,False,False,3702.54,False
ORD200277,2025-03-15,C1680,Rahul Reddy,Mumbai,Clothing,Running Shoes,2,3148.79,20.0,Unknown,Returned,False,False,5038.06,False
ORD200346,2025-03-16,C1608,Rohan Singh,Mumbai,Electronics,Power Bank,3,1305.28,15.0,Credit Card,Delivered,False,False,3328.46,True
ORD202734,2025-03-16,C2232,Vikram Nair,Mumbai,Home & Kitchen,Mixer Grinder,1,3496.35,5.0,Net Banking,Cancelled,False,False,3321.53,False
ORD202220,2025-03-16,C1668,Aditya Das,Delhi,Clothing,Denim Jeans,2,1874.65,20.0,Credit Card,Delivered,False,False,2999.44,True
ORD200101,2025-03-16,C1695,Aarav Gupta,Chennai,Electronics,Power Bank,1,1344.1,0.0,Net Banking,Delivered,False,False,1344.1,True
ORD201907,2025-03-16,C1987,Sneha Mehta,Delhi,Electronics,Power Bank,2,1243.8,0.0,Net Banking,Delivered,False,False,2487.6,True
ORD204191,2025-03-16,C1289,Vikram Singh,Mumbai,Electronics,Smartwatch,1,5811.12,5.0,UPI,Cancelled,False,False,5520.56,False
ORD203868,2025-03-16,C1681,Rohan Sharma,Chennai,Clothing,Denim Jeans,2,1780.62,20.0,UPI,Cancelled,False,False,2848.99,False
ORD201856,2025-03-16,C2111,Manish Singh,Chennai,Beauty,Moisturiser,1,467.62,0.0,UPI,Delivered,False,False,467.62,True
ORD200524,2025-03-16,C1337,Sanjay Patel,Pune,Home & Kitchen,Cookware Set,3,2842.41,0.0,Credit Card,Delivered,False,False,8527.23,True
ORD203901,2025-03-16,C1640,Karan Sharma,Hyderabad,Clothing,Running Shoes,2,3203.22,15.0,Credit Card,Delivered,False,False,5445.47,True
ORD200500,2025-03-17,C2250,Karan Patel,Bengaluru,Home & Kitchen,Mixer Grinder,1,3427.94,20.0,UPI,Delivered,False,False,2742.35,True
ORD203556,2025-03-17,C1163,Sneha Singh,Hyderabad,Electronics,USB-C Cable,1,387.77,5.0,Debit Card,Delivered,False,False,368.38,True
ORD201549,2025-03-17,C1678,Vikram Patel,Mumbai,Electronics,USB-C Cable,2,405.64,0.0,UPI,Delivered,True,False,811.28,True
ORD202689,2025-03-17,C2323,Riya Reddy,Bengaluru,Beauty,Perfume,2,1657.2,0.0,UPI,Delivered,False,False,3314.4,True
ORD203375,2025-03-17,C1103,Kavya Singh,Mumbai,Electronics,Wireless Earbuds,4,2573.26,0.0,Debit Card,Delivered,False,False,10293.04,True
ORD201452,2025-03-17,C2111,Manish Singh,Chennai,Beauty,Lipstick,1,389.81,0.0,Debit Card,Delivered,False,False,389.81,True
ORD201323,2025-03-17,C2083,Isha Joshi,Chennai,Home & Kitchen,Mixer Grinder,1,3136.46,10.0,UPI,Returned,False,False,2822.81,False
ORD203593,2025-03-17,C1589,Manish Kulkarni,Hyderabad,Books,Novel,2,336.16,0.0,UPI,Delivered,False,False,672.32,True
ORD202070,2025-03-17,C2384,Aditya Nair,Bengaluru,Clothing,Hoodie,2,1475.97,0.0,COD,Delivered,False,False,2951.94,True
ORD201697,2025-03-17,C1783,Diya Sharma,Bengaluru,Beauty,Hair Dryer,4,1445.24,10.0,Net Banking,Cancelled,False,False,5202.86,False
ORD201827,2025-03-17,C2065,Arjun Kulkarni,Hyderabad,Clothing,Hoodie,3,1609.38,0.0,Debit Card,Delivered,False,False,4828.14,True
ORD201857,2025-03-17,C1803,Arjun Reddy,Delhi,Beauty,Face Wash,1,256.56,10.0,Net Banking,Delivered,False,False,230.9,True
ORD202117,2025-03-18,C1137,Aditya Gupta,Bengaluru,Beauty,Moisturiser,2,429.56,5.0,UPI,Cancelled,False,False,816.16,False
ORD204229,2025-03-18,C1818,Pooja Mehta,Kolkata,Books,Novel,3,373.17,0.0,Net Banking,Delivered,False,False,1119.51,True
ORD202398,2025-03-18,C1524,Meera Patel,Pune,Clothing,Hoodie,1,1616.31,0.0,Credit Card,Delivered,False,False,1616.31,True
ORD201210,2025-03-18,C1949,Arjun Verma,Pune,Beauty,Moisturiser,1,457.95,10.0,COD,Delivered,False,False,412.16,True
ORD201492,2025-03-18,C1065,Pooja Gupta,Pune,Books,Data Science Primer,4,905.68,10.0,UPI,Delivered,True,False,3260.45,True
ORD203290,2025-03-18,C2388,Neha Singh,Ahmedabad,Clothing,Denim Jeans,4,1860.0,0.0,Debit Card,Delivered,False,False,7440.0,True
ORD203428,2025-03-18,C1678,Vikram Patel,Mumbai,Home & Kitchen,Mixer Grinder,1,3259.81,10.0,Credit Card,Delivered,False,False,2933.83,True
ORD204370,2025-03-18,C2273,Vivaan Patel,Hyderabad,Clothing,Running Shoes,2,2983.51,0.0,Debit Card,Delivered,False,True,5967.02,True
ORD204827,2025-03-18,C1051,Priya Sharma,Delhi,Electronics,USB-C Cable,2,408.18,15.0,Credit Card,Delivered,False,False,693.91,True
ORD200682,2025-03-18,C1858,Vikram Nair,Mumbai,Books,Python Handbook,2,728.77,0.0,Debit Card,Cancelled,False,False,1457.54,False
ORD201906,2025-03-18,C1032,Meera Verma,Hyderabad,Home & Kitchen,Water Bottle,2,462.06,0.0,Debit Card,Delivered,False,True,924.12,True
ORD200545,2025-03-18,C1695,Aarav Gupta,Chennai,Home & Kitchen,Water Bottle,3,482.76,0.0,Net Banking,Delivered,False,False,1448.28,True
ORD201705,2025-03-18,C1000,Rahul Kulkarni,Kolkata,Electronics,Smartwatch,3,6200.37,0.0,Credit Card,Delivered,False,False,18601.11,True
ORD202715,2025-03-19,C1368,Priya Das,Ahmedabad,Electronics,Wireless Earbuds,2,2521.59,5.0,UPI,Delivered,False,False,4791.02,True
ORD204097,2025-03-19,C1995,Neha Iyer,Kolkata,Home & Kitchen,Cookware Set,1,2983.65,0.0,UPI,Delivered,False,False,2983.65,True
ORD204764,2025-03-19,C1218,Meera Patel,Bengaluru,Clothing,Running Shoes,3,2987.87,0.0,Unknown,Delivered,False,False,8963.61,True
ORD203909,2025-03-19,C1978,Kavya Verma,Bengaluru,Beauty,Face Wash,3,261.9,15.0,UPI,Returned,False,False,667.84,False
ORD200166,2025-03-19,C1573,Kavya Patel,Delhi,Clothing,Cotton T-Shirt,3,619.56,5.0,UPI,Delivered,False,False,1765.75,True
ORD202967,2025-03-19,C2248,Isha Mehta,Mumbai,Beauty,Hair Dryer,2,1450.06,5.0,Debit Card,Cancelled,False,False,2755.11,False
ORD202222,2025-03-19,C1185,Isha Nair,Delhi,Electronics,Wireless Earbuds,2,2506.92,0.0,UPI,Returned,False,False,5013.84,False
ORD204189,2025-03-19,C1404,Ananya Das,Delhi,Beauty,Face Wash,4,261.28,15.0,UPI,Delivered,False,False,888.35,True
ORD201537,2025-03-19,C1952,Isha Reddy,Chennai,Home & Kitchen,Air Fryer,1,4929.36,20.0,COD,Delivered,False,False,3943.49,True
ORD201679,2025-03-20,C1946,Rahul Das,Hyderabad,Beauty,Moisturiser,4,447.92,5.0,Debit Card,Delivered,False,False,1702.1,True
ORD204683,2025-03-20,C1780,Aarav Sharma,Ahmedabad,Electronics,Power Bank,1,1269.91,20.0,UPI,Delivered,False,False,1015.93,True
ORD203542,2025-03-20,C1084,Vikram Das,Kolkata,Books,Python Handbook,1,735.0,0.0,UPI,Delivered,False,False,735.0,True
ORD200123,2025-03-20,C1484,Neha Reddy,Hyderabad,Beauty,Lipstick,2,405.25,10.0,UPI,Delivered,False,False,729.45,True
ORD203374,2025-03-20,C1458,Vikram Nair,Pune,Clothing,Hoodie,4,1427.13,0.0,Net Banking,Cancelled,False,True,5708.52,False
ORD201439,2025-03-20,C2161,Neha Kulkarni,Delhi,Books,Python Handbook,2,738.86,15.0,UPI,Returned,False,False,1256.06,False
ORD202841,2025-03-20,C1182,Rahul Singh,Mumbai,Clothing,Denim Jeans,2,1796.61,5.0,Debit Card,Cancelled,False,False,3413.56,False
ORD202560,2025-03-20,C2000,Priya Das,Mumbai,Home & Kitchen,Bedsheet Set,1,1325.94,0.0,Credit Card,Delivered,False,False,1325.94,True
ORD200400,2025-03-20,C1508,Manish Sharma,Hyderabad,Clothing,Cotton T-Shirt,1,590.19,0.0,UPI,Cancelled,False,False,590.19,False
ORD203697,2025-03-20,C1116,Neha Kulkarni,Chennai,Clothing,Cotton T-Shirt,1,629.57,20.0,Credit Card,Returned,False,False,503.66,False
ORD201490,2025-03-20,C2014,Vikram Nair,Ahmedabad,Electronics,Wireless Earbuds,2,2491.49,0.0,Net Banking,Returned,False,False,4982.98,False
ORD202580,2025-03-20,C1987,Sneha Mehta,Delhi,Clothing,Running Shoes,2,3005.51,15.0,UPI,Delivered,False,False,5109.37,True
ORD200419,2025-03-20,C2232,Vikram Nair,Mumbai,Home & Kitchen,Cookware Set,1,2893.74,0.0,COD,Delivered,False,False,2893.74,True
ORD204954,2025-03-20,C1523,Manish Patel,Chennai,Beauty,Lipstick,1,402.22,0.0,UPI,Delivered,False,False,402.22,True
ORD204020,2025-03-21,C2218,Pooja Patel,Hyderabad,Electronics,Wireless Earbuds,2,2386.57,0.0,UPI,Delivered,False,False,4773.14,True
ORD201167,2025-03-21,C1905,Pooja Joshi,Pune,Books,Python Handbook,1,731.69,0.0,Net Banking,Delivered,False,False,731.69,True
ORD202343,2025-03-21,C1319,Kavya Kulkarni,Delhi,Beauty,Face Wash,1,244.66,0.0,COD,Cancelled,False,True,244.66,False
ORD202894,2025-03-21,C1729,Sanjay Patel,Mumbai,Home & Kitchen,Water Bottle,3,439.72,15.0,UPI,Returned,False,False,1121.29,False
ORD204995,2025-03-21,C2167,Isha Singh,Mumbai,Clothing,Cotton T-Shirt,2,625.08,0.0,UPI,Delivered,False,False,1250.16,True
ORD200978,2025-03-21,C1709,Neha Gupta,Hyderabad,Electronics,USB-C Cable,3,404.26,5.0,Credit Card,Delivered,False,False,1152.14,True
ORD202005,2025-03-21,C2233,Riya Verma,Hyderabad,Books,Exam Guide,4,523.9,20.0,UPI,Delivered,False,False,1676.48,True
ORD203518,2025-03-22,C2184,Meera Joshi,Chennai,Clothing,Cap,1,350.93,0.0,UPI,Delivered,False,False,350.93,True
ORD204917,2025-03-22,C1617,Aarav Verma,Delhi,Books,Comics Set,3,840.22,0.0,UPI,Cancelled,False,False,2520.66,False
ORD200165,2025-03-22,C1190,Vikram Iyer,Ahmedabad,Clothing,Running Shoes,2,2966.76,10.0,UPI,Delivered,False,False,5340.17,True
ORD202568,2025-03-22,C1058,Riya Sharma,Delhi,Electronics,USB-C Cable,3,405.64,0.0,Debit Card,Delivered,True,False,1216.92,True
ORD200526,2025-03-22,C1760,Diya Sharma,Chennai,Clothing,Hoodie,2,1609.65,15.0,UPI,Delivered,False,False,2736.4,True
ORD202606,2025-03-23,C2037,Kavya Mehta,Pune,Clothing,Cotton T-Shirt,1,569.37,10.0,COD,Delivered,False,False,512.43,True
ORD200328,2025-03-23,C1719,Diya Gupta,Ahmedabad,Electronics,Wireless Earbuds,4,2654.29,0.0,UPI,Delivered,False,False,10617.16,True
ORD204398,2025-03-23,C1546,Pooja Verma,Hyderabad,Clothing,Cap,1,334.89,20.0,UPI,Returned,False,False,267.91,False
ORD204793,2025-03-23,C1186,Vikram Joshi,Mumbai,Clothing,Running Shoes,4,3043.58,10.0,Credit Card,Cancelled,False,False,10956.89,False
ORD204175,2025-03-23,C1657,Rohan Singh,Kolkata,Clothing,Hoodie,1,1517.06,10.0,UPI,Cancelled,False,False,1365.35,False
ORD203800,2025-03-23,C1815,Vivaan Singh,Hyderabad,Clothing,Running Shoes,1,3073.02,5.0,UPI,Delivered,False,False,2919.37,True
ORD202544,2025-03-23,C2236,Pooja Iyer,Mumbai,Electronics,Wireless Earbuds,4,2595.92,20.0,COD,Cancelled,False,False,8306.94,False
ORD201940,2025-03-23,C1996,Priya Sharma,Hyderabad,Electronics,Power Bank,2,1260.16,10.0,UPI,Delivered,False,False,2268.29,True
ORD201145,2025-03-23,C1802,Rahul Gupta,Chennai,Electronics,Smartwatch,1,5795.39,0.0,UPI,Cancelled,False,False,5795.39,False
ORD200667,2025-03-23,C1624,Arjun Sharma,Ahmedabad,Clothing,Hoodie,1,1585.26,0.0,COD,Delivered,False,False,1585.26,True
ORD204470,2025-03-23,C1641,Sneha Verma,Mumbai,Clothing,Cap,4,340.58,0.0,COD,Delivered,False,False,1362.32,True
ORD200864,2025-03-23,C1522,Aarav Kulkarni,Bengaluru,Electronics,Wireless Earbuds,2,2616.39,10.0,UPI,Delivered,False,False,4709.5,True
ORD202923,2025-03-23,C1258,Sneha Singh,Unknown,Beauty,Face Wash,4,265.16,15.0,Net Banking,Cancelled,False,False,901.54,False
ORD202676,2025-03-24,C1193,Vikram Singh,Ahmedabad,Home & Kitchen,Mixer Grinder,2,3267.3,0.0,UPI,Delivered,False,False,6534.6,True
ORD204458,2025-03-24,C1299,Rahul Patel,Delhi,Electronics,Bluetooth Speaker,1,2097.33,5.0,Debit Card,Cancelled,False,False,1992.46,False
ORD204857,2025-03-24,C1394,Arjun Sharma,Mumbai,Clothing,Cotton T-Shirt,4,588.27,20.0,UPI,Returned,False,False,1882.46,False
ORD201760,2025-03-24,C2194,Isha Iyer,Delhi,Electronics,Smartwatch,2,6344.01,0.0,Debit Card,Delivered,False,False,12688.02,True
ORD202249,2025-03-24,C1659,Manish Patel,Chennai,Books,Novel,4,367.63,5.0,Debit Card,Delivered,False,False,1396.99,True
ORD200930,2025-03-24,C1081,Riya Verma,Mumbai,Beauty,Moisturiser,3,441.3,0.0,Credit Card,Cancelled,False,False,1323.9,False
ORD202975,2025-03-24,C1631,Riya Gupta,Kolkata,Electronics,USB-C Cable,1,427.51,15.0,COD,Delivered,False,False,363.38,True
ORD201280,2025-03-24,C1989,Priya Das,Mumbai,Beauty,Moisturiser,1,463.19,0.0,Credit Card,Delivered,False,False,463.19,True
ORD203230,2025-03-24,C2256,Pooja Iyer,Chennai,Electronics,Wireless Earbuds,3,2409.02,15.0,Debit Card,Delivered,False,False,6143.0,True
ORD204927,2025-03-25,C1188,Manish Nair,Ahmedabad,Clothing,Cotton T-Shirt,4,589.16,0.0,Credit Card,Delivered,False,False,2356.64,True
ORD200809,2025-03-25,C2088,Neha Sharma,Mumbai,Electronics,Wireless Earbuds,1,2524.97,0.0,Credit Card,Delivered,False,False,2524.97,True
ORD204904,2025-03-25,C1759,Vivaan Verma,Bengaluru,Clothing,Cap,4,334.02,5.0,Credit Card,Delivered,False,False,1269.28,True
ORD204910,2025-03-25,C1875,Diya Verma,Delhi,Beauty,Lipstick,1,417.7,0.0,UPI,Delivered,False,False,417.7,True
ORD204760,2025-03-25,C2001,Arjun Joshi,Chennai,Beauty,Face Wash,3,267.22,5.0,UPI,Delivered,False,False,761.58,True
ORD201924,2025-03-25,C1167,Pooja Singh,Delhi,Books,Exam Guide,2,480.82,10.0,UPI,Cancelled,False,False,865.48,False
ORD201635,2025-03-25,C1674,Ananya Gupta,Delhi,Home & Kitchen,Cookware Set,1,2843.43,0.0,UPI,Delivered,False,False,2843.43,True
ORD202411,2025-03-25,C1715,Manish Gupta,Mumbai,Beauty,Perfume,1,1706.12,0.0,COD,Cancelled,False,False,1706.12,False
ORD202291,2025-03-25,C1715,Manish Gupta,Mumbai,Home & Kitchen,Cookware Set,1,2787.58,15.0,UPI,Returned,False,False,2369.44,False
ORD202880,2025-03-25,C2354,Diya Gupta,Mumbai,Home & Kitchen,Air Fryer,4,5323.11,0.0,Credit Card,Delivered,False,False,21292.44,True
ORD202031,2025-03-25,C2361,Vivaan Singh,Chennai,Clothing,Hoodie,1,1430.2,0.0,UPI,Delivered,False,False,1430.2,True
ORD200855,2025-03-25,C1475,Riya Joshi,Bengaluru,Books,Python Handbook,2,684.2,0.0,COD,Delivered,False,False,1368.4,True
ORD203505,2025-03-25,C1768,Manish Kulkarni,Mumbai,Electronics,USB-C Cable,3,401.11,10.0,Credit Card,Delivered,False,False,1083.0,True
ORD203889,2025-03-25,C2106,Ananya Sharma,Bengaluru,Electronics,Wireless Earbuds,2,2568.16,5.0,COD,Delivered,False,False,4879.5,True
ORD202709,2025-03-25,C1120,Rohan Mehta,Bengaluru,Electronics,USB-C Cable,1,405.85,0.0,COD,Cancelled,False,False,405.85,False
ORD203320,2025-03-25,C1880,Arjun Das,Delhi,Home & Kitchen,Mixer Grinder,1,3376.03,5.0,Credit Card,Delivered,False,False,3207.23,True
ORD200115,2025-03-26,C1530,Isha Mehta,Delhi,Clothing,Cap,2,352.66,5.0,Unknown,Delivered,False,False,670.05,True
ORD200591,2025-03-26,C1882,Riya Das,Delhi,Electronics,Power Bank,1,1311.3,0.0,Debit Card,Cancelled,True,False,1311.3,False
ORD203723,2025-03-26,C1601,Rahul Das,Mumbai,Beauty,Hair Dryer,3,1590.1,0.0,Credit Card,Cancelled,False,False,4770.3,False
ORD204614,2025-03-26,C2318,Riya Singh,Mumbai,Home & Kitchen,Bedsheet Set,2,1255.55,5.0,UPI,Delivered,False,False,2385.54,True
ORD204024,2025-03-26,C1251,Isha Gupta,Delhi,Electronics,Power Bank,1,1325.42,0.0,UPI,Delivered,False,False,1325.42,True
ORD203515,2025-03-26,C2109,Rohan Sharma,Mumbai,Clothing,Cotton T-Shirt,1,594.06,5.0,Credit Card,Delivered,False,False,564.36,True
ORD201107,2025-03-26,C1873,Rahul Sharma,Chennai,Books,Exam Guide,1,487.68,5.0,UPI,Delivered,False,False,463.3,True
ORD201663,2025-03-26,C1612,Neha Verma,Ahmedabad,Beauty,Hair Dryer,3,1431.34,0.0,Debit Card,Delivered,False,False,4294.02,True
ORD204738,2025-03-26,C2041,Sneha Joshi,Mumbai,Home & Kitchen,Air Fryer,1,5294.74,20.0,Debit Card,Cancelled,False,False,4235.79,False
ORD200180,2025-03-26,C1366,Arjun Sharma,Kolkata,Clothing,Running Shoes,3,3184.93,5.0,Credit Card,Delivered,False,False,9077.05,True
ORD200756,2025-03-26,C1840,Manish Sharma,Chennai,Electronics,Bluetooth Speaker,3,1922.09,0.0,UPI,Delivered,False,False,5766.27,True
ORD200722,2025-03-26,C2353,Sanjay Iyer,Kolkata,Beauty,Lipstick,1,428.82,10.0,UPI,Cancelled,False,False,385.94,False
ORD203055,2025-03-26,C2393,Vivaan Joshi,Pune,Books,Comics Set,2,768.14,5.0,UPI,Cancelled,False,False,1459.47,False
ORD200672,2025-03-26,C1675,Priya Singh,Mumbai,Electronics,Bluetooth Speaker,4,1916.31,0.0,UPI,Cancelled,False,False,7665.24,False
ORD201470,2025-03-27,C1900,Arjun Sharma,Hyderabad,Clothing,Cap,3,374.88,0.0,Credit Card,Returned,False,False,1124.64,False
ORD201404,2025-03-27,C1136,Karan Mehta,Mumbai,Home & Kitchen,Mixer Grinder,2,3362.78,0.0,UPI,Delivered,False,False,6725.56,True
ORD204852,2025-03-27,C1354,Kavya Reddy,Mumbai,Electronics,Bluetooth Speaker,2,1913.56,0.0,Debit Card,Delivered,False,False,3827.12,True
ORD200125,2025-03-27,C1786,Karan Sharma,Chennai,Electronics,Wireless Earbuds,2,2564.91,0.0,Debit Card,Delivered,False,False,5129.82,True
ORD203972,2025-03-27,C2294,Aditya Verma,Hyderabad,Beauty,Moisturiser,2,433.13,20.0,COD,Delivered,False,False,693.01,True
ORD200163,2025-03-27,C1841,Pooja Iyer,Bengaluru,Electronics,Smartwatch,2,6031.65,5.0,Unknown,Delivered,False,False,11460.13,True
ORD201411,2025-03-27,C1077,Vivaan Reddy,Chennai,Beauty,Moisturiser,1,470.12,0.0,Net Banking,Delivered,False,False,470.12,True
ORD203881,2025-03-27,C1572,Arjun Sharma,Hyderabad,Beauty,Lipstick,2,393.02,10.0,UPI,Delivered,False,False,707.44,True
ORD202723,2025-03-27,C1598,Priya Reddy,Kolkata,Beauty,Lipstick,4,393.63,15.0,COD,Delivered,False,False,1338.34,True
ORD201405,2025-03-27,C2167,Isha Singh,Mumbai,Home & Kitchen,Cookware Set,2,2972.56,10.0,Credit Card,Delivered,False,False,5350.61,True
ORD203214,2025-03-27,C1307,Arjun Mehta,Bengaluru,Electronics,Smartwatch,3,6260.17,20.0,UPI,Cancelled,False,False,15024.41,False
ORD200358,2025-03-27,C1393,Ananya Verma,Mumbai,Clothing,Running Shoes,1,2906.03,10.0,UPI,Delivered,False,False,2615.43,True
ORD204291,2025-03-28,C1278,Vikram Nair,Pune,Clothing,Hoodie,1,1502.54,20.0,UPI,Delivered,False,False,1202.03,True
ORD201979,2025-03-28,C2318,Riya Singh,Mumbai,Electronics,Smartwatch,2,5979.26,15.0,UPI,Cancelled,False,False,10164.74,False
ORD201922,2025-03-28,C2120,Aditya Verma,Kolkata,Beauty,Lipstick,1,430.78,15.0,UPI,Cancelled,False,False,366.16,False
ORD202466,2025-03-28,C2120,Aditya Verma,Kolkata,Home & Kitchen,Mixer Grinder,1,3450.8,15.0,Credit Card,Cancelled,False,False,2933.18,False
ORD202730,2025-03-28,C2229,Riya Iyer,Bengaluru,Beauty,Moisturiser,3,462.86,0.0,Net Banking,Cancelled,False,False,1388.58,False
ORD204060,2025-03-28,C2231,Riya Mehta,Ahmedabad,Electronics,Smartwatch,1,6215.54,0.0,Debit Card,Returned,False,False,6215.54,False
ORD201035,2025-03-28,C1405,Kavya Sharma,Bengaluru,Electronics,Wireless Earbuds,1,2599.74,0.0,Credit Card,Delivered,False,False,2599.74,True
ORD201389,2025-03-28,C1015,Aarav Kulkarni,Hyderabad,Electronics,Bluetooth Speaker,1,1981.23,10.0,Credit Card,Delivered,False,False,1783.11,True
ORD204659,2025-03-28,C1494,Ananya Kulkarni,Mumbai,Books,Data Science Primer,1,874.77,10.0,Net Banking,Cancelled,False,False,787.29,False
ORD203208,2025-03-28,C1621,Diya Verma,Bengaluru,Clothing,Denim Jeans,2,1717.16,0.0,Debit Card,Returned,False,False,3434.32,False
ORD203764,2025-03-28,C1886,Vivaan Patel,Bengaluru,Home & Kitchen,Cookware Set,3,2683.12,20.0,Debit Card,Delivered,False,False,6439.49,True
ORD201798,2025-03-28,C1174,Pooja Joshi,Mumbai,Clothing,Running Shoes,1,3090.93,10.0,Debit Card,Delivered,False,False,2781.84,True
ORD204438,2025-03-28,C1439,Diya Nair,Bengaluru,Clothing,Running Shoes,2,3236.66,0.0,UPI,Delivered,False,False,6473.32,True
ORD201415,2025-03-28,C1039,Priya Nair,Delhi,Clothing,Hoodie,2,1585.5,0.0,UPI,Delivered,False,False,3171.0,True
ORD201457,2025-03-28,C1466,Sneha Reddy,Bengaluru,Electronics,Power Bank,3,1279.15,15.0,Credit Card,Delivered,False,False,3261.83,True
ORD204846,2025-03-29,C2300,Neha Singh,Mumbai,Electronics,Wireless Earbuds,1,2464.29,0.0,COD,Returned,False,False,2464.29,False
ORD203645,2025-03-29,C2399,Arjun Sharma,Hyderabad,Home & Kitchen,Air Fryer,1,5055.7,15.0,Net Banking,Delivered,False,False,4297.34,True
ORD204406,2025-03-29,C1395,Pooja Patel,Pune,Beauty,Moisturiser,1,428.73,15.0,Credit Card,Delivered,False,False,364.42,True
ORD202870,2025-03-29,C1481,Sneha Kulkarni,Pune,Electronics,USB-C Cable,4,425.95,15.0,UPI,Delivered,False,False,1448.23,True
ORD202921,2025-03-29,C1377,Kavya Das,Mumbai,Electronics,Bluetooth Speaker,4,2133.82,0.0,UPI,Delivered,False,False,8535.28,True
ORD204860,2025-03-29,C1176,Vikram Verma,Bengaluru,Home & Kitchen,Mixer Grinder,1,3159.35,5.0,UPI,Returned,False,False,3001.38,False
ORD200689,2025-03-29,C2003,Riya Mehta,Hyderabad,Beauty,Face Wash,2,240.43,20.0,UPI,Delivered,False,False,384.69,True
ORD204876,2025-03-29,C1785,Neha Reddy,Bengaluru,Home & Kitchen,Cookware Set,3,2817.0299999999997,0.0,Credit Card,Delivered,True,False,8451.09,True
ORD201060,2025-03-29,C2141,Rohan Kulkarni,Mumbai,Electronics,Smartwatch,1,5731.24,0.0,COD,Cancelled,False,False,5731.24,False
ORD201217,2025-03-29,C1192,Vikram Singh,Pune,Electronics,Bluetooth Speaker,1,1981.29,5.0,Net Banking,Delivered,False,False,1882.23,True
ORD201579,2025-03-29,C1553,Sanjay Nair,Ahmedabad,Electronics,Power Bank,2,1397.82,0.0,UPI,Delivered,False,False,2795.64,True
ORD201848,2025-03-29,C2240,Aditya Joshi,Bengaluru,Books,Comics Set,1,780.88,0.0,COD,Returned,False,False,780.88,False
ORD202591,2025-03-30,C1659,Manish Patel,Chennai,Beauty,Perfume,4,1719.44,5.0,Debit Card,Delivered,False,False,6533.87,True
ORD200350,2025-03-30,C2109,Rohan Sharma,Mumbai,Beauty,Face Wash,3,264.12,15.0,UPI,Delivered,False,False,673.51,True
ORD200471,2025-03-30,C1269,Priya Sharma,Bengaluru,Home & Kitchen,Air Fryer,2,5234.26,0.0,UPI,Delivered,False,False,10468.52,True
ORD200749,2025-03-30,C2355,Ananya Verma,Pune,Books,Data Science Primer,4,869.82,0.0,UPI,Returned,False,False,3479.28,False
ORD203937,2025-03-30,C1975,Pooja Iyer,Delhi,Home & Kitchen,Cookware Set,1,3018.29,20.0,Net Banking,Returned,False,False,2414.63,False
ORD200121,2025-03-30,C1179,Sanjay Singh,Kolkata,Books,Novel,3,347.47,10.0,Credit Card,Delivered,False,False,938.17,True
ORD200481,2025-03-30,C1812,Pooja Das,Delhi,Home & Kitchen,Water Bottle,2,457.62,0.0,Unknown,Delivered,False,False,915.24,True
ORD203827,2025-03-30,C2161,Neha Kulkarni,Delhi,Home & Kitchen,Water Bottle,3,466.07,15.0,Debit Card,Delivered,False,False,1188.48,True
ORD201513,2025-03-30,C1848,Meera Iyer,Bengaluru,Home & Kitchen,Bedsheet Set,4,1333.89,20.0,UPI,Delivered,False,False,4268.45,True
ORD201306,2025-03-30,C2026,Manish Nair,Hyderabad,Home & Kitchen,Cookware Set,2,2765.46,0.0,UPI,Delivered,False,False,5530.92,True
ORD204160,2025-03-30,C1544,Neha Verma,Pune,Clothing,Running Shoes,3,3116.77,5.0,UPI,Cancelled,False,False,8882.79,False
ORD200681,2025-03-30,C2315,Rohan Kulkarni,Bengaluru,Home & Kitchen,Cookware Set,2,2790.13,20.0,Debit Card,Delivered,False,False,4464.21,True
ORD203844,2025-03-30,C1671,Diya Patel,Ahmedabad,Beauty,Moisturiser,2,453.22,0.0,COD,Returned,False,False,906.44,False
ORD202688,2025-03-31,C2250,Karan Patel,Bengaluru,Electronics,Bluetooth Speaker,2,1914.47,0.0,UPI,Returned,False,False,3828.94,False
ORD202260,2025-03-31,C1147,Vikram Reddy,Chennai,Clothing,Cap,1,363.85,5.0,UPI,Delivered,False,False,345.66,True
ORD200211,2025-03-31,C1652,Sanjay Joshi,Mumbai,Beauty,Lipstick,1,404.03,5.0,UPI,Delivered,True,False,383.83,True
ORD200082,2025-03-31,C2379,Ananya Verma,Bengaluru,Clothing,Denim Jeans,3,1758.16,0.0,Credit Card,Returned,False,False,5274.48,False
ORD201639,2025-03-31,C1360,Priya Sharma,Bengaluru,Electronics,USB-C Cable,1,381.31,0.0,Debit Card,Delivered,False,False,381.31,True
ORD202578,2025-03-31,C1418,Manish Gupta,Bengaluru,Beauty,Perfume,3,1599.32,5.0,UPI,Delivered,False,False,4558.06,True
ORD203793,2025-03-31,C1222,Aarav Mehta,Kolkata,Clothing,Denim Jeans,1,1798.97,15.0,Debit Card,Delivered,False,False,1529.12,True
ORD203683,2025-03-31,C2124,Aditya Joshi,Delhi,Electronics,Smartwatch,1,5928.61,0.0,UPI,Delivered,False,False,5928.61,True
ORD204819,2025-04-01,C1080,Isha Sharma,Bengaluru,Clothing,Cotton T-Shirt,2,596.01,5.0,Debit Card,Delivered,False,False,1132.42,True
ORD204906,2025-04-01,C1513,Vikram Gupta,Ahmedabad,Books,Data Science Primer,1,933.46,0.0,Debit Card,Delivered,False,True,933.46,True
ORD200536,2025-04-01,C1925,Aarav Nair,Delhi,Electronics,USB-C Cable,1,422.9,0.0,Debit Card,Delivered,False,False,422.9,True
ORD200027,2025-04-01,C1960,Sneha Verma,Chennai,Beauty,Lipstick,1,408.43,0.0,Credit Card,Cancelled,False,False,408.43,False
ORD201710,2025-04-01,C1372,Sanjay Nair,Mumbai,Electronics,Bluetooth Speaker,3,1973.94,0.0,COD,Delivered,False,False,5921.82,True
ORD204109,2025-04-01,C1700,Priya Das,Kolkata,Books,Novel,2,352.49,20.0,UPI,Returned,False,False,563.98,False
ORD203817,2025-04-01,C2196,Vivaan Joshi,Pune,Electronics,USB-C Cable,2,399.42,5.0,Debit Card,Returned,False,False,758.9,False
ORD204432,2025-04-01,C1750,Riya Sharma,Ahmedabad,Electronics,Wireless Earbuds,2,2473.05,10.0,Credit Card,Delivered,False,False,4451.49,True
ORD202385,2025-04-01,C2116,Neha Patel,Delhi,Clothing,Cotton T-Shirt,1,642.72,0.0,UPI,Delivered,False,False,642.72,True
ORD201454,2025-04-01,C1675,Priya Singh,Mumbai,Clothing,Hoodie,2,1502.77,15.0,UPI,Returned,False,False,2554.71,False
ORD202702,2025-04-02,C1304,Aditya Reddy,Pune,Beauty,Moisturiser,1,462.61,0.0,UPI,Delivered,False,False,462.61,True
ORD200983,2025-04-02,C1616,Pooja Verma,Delhi,Beauty,Moisturiser,3,439.65,15.0,UPI,Cancelled,False,False,1121.11,False
ORD202445,2025-04-02,C1393,Ananya Verma,Mumbai,Clothing,Hoodie,1,1436.71,5.0,Credit Card,Returned,False,False,1364.87,False
ORD203510,2025-04-02,C2049,Diya Verma,Bengaluru,Home & Kitchen,Water Bottle,1,450.43,0.0,UPI,Returned,False,False,450.43,False
ORD200267,2025-04-02,C1422,Sneha Verma,Chennai,Home & Kitchen,Mixer Grinder,4,3330.05,0.0,Credit Card,Delivered,False,False,13320.2,True
ORD200410,2025-04-02,C1039,Priya Nair,Delhi,Beauty,Hair Dryer,1,1571.29,20.0,Credit Card,Cancelled,False,False,1257.03,False
ORD203743,2025-04-02,C2268,Kavya Joshi,Delhi,Clothing,Cap,2,360.63,5.0,UPI,Delivered,False,False,685.2,True
ORD203613,2025-04-02,C2110,Isha Das,Delhi,Electronics,Bluetooth Speaker,3,2119.49,15.0,Credit Card,Cancelled,False,False,5404.7,False
ORD204744,2025-04-02,C1610,Rohan Das,Mumbai,Clothing,Cap,3,350.78,0.0,Debit Card,Returned,False,False,1052.34,False
ORD200262,2025-04-02,C2152,Ananya Patel,Bengaluru,Books,Python Handbook,4,686.44,0.0,Credit Card,Delivered,False,False,2745.76,True
ORD201266,2025-04-02,C1668,Aditya Das,Delhi,Home & Kitchen,Bedsheet Set,4,1329.48,20.0,UPI,Delivered,False,False,4254.34,True
ORD203953,2025-04-02,C1809,Priya Kulkarni,Mumbai,Electronics,Wireless Earbuds,1,2554.3,0.0,UPI,Returned,False,False,2554.3,False
ORD203173,2025-04-02,C1502,Priya Singh,Delhi,Clothing,Hoodie,1,1565.64,20.0,COD,Delivered,False,False,1252.51,True
ORD202497,2025-04-03,C1044,Vivaan Kulkarni,Bengaluru,Beauty,Moisturiser,2,476.49,0.0,UPI,Delivered,False,False,952.98,True
ORD203812,2025-04-03,C2285,Neha Sharma,Mumbai,Electronics,USB-C Cable,1,423.9,0.0,COD,Cancelled,False,False,423.9,False
ORD200920,2025-04-03,C1020,Sneha Mehta,Delhi,Home & Kitchen,Mixer Grinder,4,3515.88,15.0,Debit Card,Delivered,False,False,11953.99,True
ORD202242,2025-04-03,C2162,Vivaan Kulkarni,Kolkata,Electronics,Wireless Earbuds,1,2443.33,5.0,COD,Delivered,False,False,2321.16,True
ORD201698,2025-04-03,C1188,Manish Nair,Ahmedabad,Home & Kitchen,Air Fryer,1,5026.55,15.0,COD,Returned,False,False,4272.57,False
ORD203653,2025-04-03,C2164,Neha Nair,Bengaluru,Beauty,Perfume,4,1726.82,20.0,UPI,Delivered,False,False,5525.82,True
ORD204385,2025-04-03,C1334,Pooja Iyer,Hyderabad,Clothing,Hoodie,4,1467.8,20.0,Net Banking,Returned,False,False,4696.96,False
ORD200562,2025-04-03,C1201,Meera Verma,Mumbai,Electronics,USB-C Cable,2,386.16,20.0,Debit Card,Delivered,False,False,617.86,True
ORD204770,2025-04-03,C2223,Ananya Das,Delhi,Beauty,Lipstick,2,400.96,20.0,UPI,Delivered,False,False,641.54,True
ORD204940,2025-04-03,C2046,Manish Verma,Kolkata,Beauty,Face Wash,1,266.88,20.0,UPI,Delivered,False,False,213.5,True
ORD203480,2025-04-03,C2144,Diya Nair,Kolkata,Electronics,USB-C Cable,2,409.89,15.0,UPI,Delivered,False,False,696.81,True
ORD203354,2025-04-03,C2175,Ananya Sharma,Delhi,Home & Kitchen,Water Bottle,1,440.7,15.0,UPI,Delivered,False,False,374.6,True
ORD201692,2025-04-03,C1847,Aarav Reddy,Delhi,Clothing,Hoodie,1,1488.41,0.0,COD,Delivered,False,False,1488.41,True
ORD204190,2025-04-03,C1877,Isha Joshi,Kolkata,Home & Kitchen,Air Fryer,4,5109.83,0.0,UPI,Delivered,False,False,20439.32,True
ORD204374,2025-04-03,C2093,Diya Reddy,Mumbai,Electronics,Bluetooth Speaker,3,1993.2,0.0,COD,Delivered,False,False,5979.6,True
ORD202168,2025-04-03,C1894,Sneha Mehta,Delhi,Books,Novel,3,365.65,10.0,UPI,Cancelled,False,False,987.25,False
ORD203365,2025-04-04,C1260,Vivaan Nair,Chennai,Books,Data Science Primer,3,964.68,20.0,Credit Card,Delivered,False,False,2315.23,True
ORD201142,2025-04-04,C1349,Priya Nair,Bengaluru,Books,Data Science Primer,2,886.19,0.0,UPI,Delivered,False,False,1772.38,True
ORD204776,2025-04-04,C1632,Aditya Nair,Pune,Home & Kitchen,Cookware Set,3,2659.24,0.0,UPI,Returned,False,False,7977.72,False
ORD202295,2025-04-04,C2005,Pooja Singh,Delhi,Beauty,Moisturiser,4,461.31,15.0,UPI,Delivered,False,False,1568.45,True
ORD204867,2025-04-04,C1918,Ananya Verma,Kolkata,Home & Kitchen,Mixer Grinder,4,3321.48,0.0,Credit Card,Returned,False,False,13285.92,False
ORD202847,2025-04-04,C2221,Pooja Mehta,Pune,Clothing,Cotton T-Shirt,2,636.81,15.0,UPI,Delivered,False,False,1082.58,True
ORD204665,2025-04-04,C1999,Manish Kulkarni,Delhi,Home & Kitchen,Air Fryer,4,4763.19,20.0,UPI,Delivered,False,False,15242.21,True
ORD204597,2025-04-04,C1538,Neha Singh,Unknown,Beauty,Face Wash,2,266.97,0.0,Credit Card,Returned,False,False,533.94,False
ORD200800,2025-04-05,C1899,Priya Gupta,Pune,Books,Data Science Primer,2,905.68,0.0,Net Banking,Delivered,False,False,1811.36,True
ORD203700,2025-04-05,C1175,Aditya Nair,Kolkata,Electronics,Smartwatch,1,5842.56,10.0,COD,Delivered,False,False,5258.3,True
ORD202530,2025-04-05,C1065,Pooja Gupta,Pune,Clothing,Cap,1,350.6,0.0,UPI,Returned,False,False,350.6,False
ORD202872,2025-04-05,C1324,Aditya Mehta,Bengaluru,Electronics,Bluetooth Speaker,1,2031.19,0.0,UPI,Delivered,False,False,2031.19,True
ORD203768,2025-04-05,C2327,Karan Gupta,Delhi,Clothing,Denim Jeans,2,1848.59,0.0,COD,Cancelled,False,False,3697.18,False
ORD202788,2025-04-05,C2203,Vivaan Verma,Kolkata,Beauty,Perfume,4,1708.83,0.0,UPI,Returned,False,False,6835.32,False
ORD203347,2025-04-05,C2251,Neha Iyer,Delhi,Books,Novel,1,365.04,5.0,UPI,Returned,False,False,346.79,False
ORD202851,2025-04-05,C1289,Vikram Singh,Mumbai,Beauty,Perfume,1,1640.96,0.0,COD,Delivered,False,False,1640.96,True
ORD201892,2025-04-05,C2323,Riya Reddy,Kolkata,Books,Comics Set,1,844.39,0.0,Net Banking,Returned,False,False,844.39,False
ORD200503,2025-04-05,C1445,Sneha Iyer,Mumbai,Beauty,Perfume,1,1594.23,0.0,UPI,Delivered,False,False,1594.23,True
ORD201472,2025-04-05,C1237,Riya Iyer,Kolkata,Electronics,Power Bank,4,1271.48,5.0,Net Banking,Delivered,False,False,4831.62,True
ORD204605,2025-04-05,C2151,Isha Das,Mumbai,Home & Kitchen,Air Fryer,4,5132.27,10.0,UPI,Delivered,False,False,18476.17,True
ORD202204,2025-04-05,C1255,Aarav Joshi,Mumbai,Home & Kitchen,Cookware Set,2,2999.55,10.0,COD,Delivered,False,False,5399.19,True
ORD202935,2025-04-05,C1594,Ananya Patel,Bengaluru,Clothing,Running Shoes,1,2857.26,0.0,Debit Card,Delivered,False,False,2857.26,True
ORD200553,2025-04-05,C2037,Kavya Mehta,Pune,Beauty,Face Wash,1,240.66,5.0,Credit Card,Cancelled,False,False,228.63,False
ORD203770,2025-04-06,C2234,Kavya Verma,Bengaluru,Clothing,Running Shoes,2,2937.27,20.0,Net Banking,Cancelled,False,False,4699.63,False
ORD204339,2025-04-06,C2112,Isha Das,Delhi,Electronics,USB-C Cable,2,388.0,0.0,UPI,Delivered,False,False,776.0,True
ORD203943,2025-04-06,C1580,Arjun Singh,Bengaluru,Electronics,Wireless Earbuds,2,2650.92,0.0,Debit Card,Returned,False,False,5301.84,False
ORD203107,2025-04-06,C2160,Riya Gupta,Bengaluru,Books,Comics Set,2,765.4,0.0,Debit Card,Returned,False,False,1530.8,False
ORD201368,2025-04-06,C1430,Aarav Gupta,Chennai,Home & Kitchen,Cookware Set,1,2714.28,10.0,UPI,Delivered,False,False,2442.85,True
ORD203624,2025-04-06,C2336,Aditya Gupta,Chennai,Clothing,Running Shoes,1,3097.31,20.0,Credit Card,Delivered,False,False,2477.85,True
ORD203072,2025-04-06,C2209,Arjun Verma,Bengaluru,Books,Data Science Primer,2,862.55,5.0,COD,Delivered,False,False,1638.84,True
ORD204413,2025-04-06,C1101,Meera Verma,Ahmedabad,Clothing,Cotton T-Shirt,3,618.6,0.0,Credit Card,Returned,False,False,1855.8,False
ORD203121,2025-04-06,C2001,Arjun Joshi,Chennai,Beauty,Moisturiser,4,438.24,0.0,UPI,Delivered,False,False,1752.96,True
ORD200196,2025-04-06,C1162,Riya Verma,Delhi,Clothing,Cotton T-Shirt,2,606.3,10.0,COD,Delivered,False,False,1091.34,True
ORD203361,2025-04-06,C1278,Vikram Nair,Pune,Clothing,Denim Jeans,1,1938.81,0.0,UPI,Delivered,False,False,1938.81,True
ORD201238,2025-04-07,C1111,Vivaan Iyer,Mumbai,Home & Kitchen,Mixer Grinder,4,3404.48,0.0,UPI,Delivered,False,False,13617.92,True
ORD202202,2025-04-07,C1401,Priya Kulkarni,Kolkata,Electronics,Smartwatch,1,6289.81,20.0,Debit Card,Delivered,False,False,5031.85,True
ORD200904,2025-04-07,C1096,Isha Iyer,Mumbai,Home & Kitchen,Cookware Set,4,2739.06,5.0,Credit Card,Delivered,False,False,10408.43,True
ORD202767,2025-04-07,C2322,Aditya Nair,Bengaluru,Clothing,Cap,2,358.21,5.0,Debit Card,Delivered,False,False,680.6,True
ORD204560,2025-04-07,C1461,Kavya Patel,Delhi,Home & Kitchen,Mixer Grinder,1,3360.95,15.0,Credit Card,Cancelled,False,False,2856.81,False
ORD200821,2025-04-07,C2212,Karan Mehta,Ahmedabad,Beauty,Face Wash,1,263.84,0.0,COD,Cancelled,False,False,263.84,False
ORD204380,2025-04-07,C1724,Manish Singh,Chennai,Electronics,Wireless Earbuds,1,2529.36,0.0,UPI,Delivered,False,False,2529.36,True
ORD204778,2025-04-07,C1820,Manish Patel,Chennai,Electronics,Smartwatch,4,6454.44,0.0,UPI,Delivered,False,False,25817.76,True
ORD204584,2025-04-07,C1412,Vikram Iyer,Chennai,Beauty,Hair Dryer,3,1475.53,20.0,COD,Delivered,False,False,3541.27,True
ORD204086,2025-04-07,C1681,Rohan Sharma,Chennai,Beauty,Perfume,1,1638.48,20.0,UPI,Delivered,False,False,1310.78,True
ORD203668,2025-04-07,C1238,Ananya Sharma,Pune,Beauty,Hair Dryer,2,1457.52,0.0,UPI,Delivered,False,False,2915.04,True
ORD202396,2025-04-07,C1859,Pooja Das,Chennai,Home & Kitchen,Water Bottle,1,456.7,5.0,UPI,Delivered,True,False,433.86,True
ORD200040,2025-04-07,C1335,Isha Mehta,Delhi,Books,Data Science Primer,3,905.68,0.0,Debit Card,Delivered,True,False,2717.04,True
ORD201810,2025-04-07,C1656,Rahul Singh,Chennai,Electronics,Smartwatch,3,6310.27,0.0,Debit Card,Delivered,False,False,18930.81,True
ORD204832,2025-04-08,C1479,Isha Mehta,Mumbai,Beauty,Face Wash,2,253.78,0.0,UPI,Delivered,False,False,507.56,True
ORD200777,2025-04-08,C2223,Ananya Das,Bengaluru,Electronics,Wireless Earbuds,2,2454.94,5.0,Debit Card,Delivered,False,False,4664.39,True
ORD200869,2025-04-08,C1202,Arjun Kulkarni,Ahmedabad,Clothing,Cap,2,360.46,20.0,Debit Card,Delivered,False,False,576.74,True
ORD201868,2025-04-08,C1759,Vivaan Verma,Bengaluru,Clothing,Denim Jeans,3,1773.95,0.0,UPI,Delivered,False,False,5321.85,True
ORD202465,2025-04-08,C1515,Rahul Verma,Delhi,Electronics,Bluetooth Speaker,3,1973.24,0.0,COD,Returned,False,False,5919.72,False
ORD202310,2025-04-08,C2028,Ananya Singh,Bengaluru,Beauty,Face Wash,2,244.71,0.0,Net Banking,Delivered,False,False,489.42,True
ORD204338,2025-04-08,C1248,Aarav Gupta,Pune,Electronics,USB-C Cable,2,416.04,0.0,Net Banking,Returned,False,False,832.08,False
ORD202717,2025-04-08,C1727,Aarav Gupta,Mumbai,Books,Comics Set,1,794.0,15.0,UPI,Returned,False,False,674.9,False
ORD201819,2025-04-08,C2225,Kavya Verma,Bengaluru,Electronics,Smartwatch,2,6279.8,20.0,COD,Delivered,False,False,10047.68,True
ORD200442,2025-04-08,C2299,Vikram Verma,Pune,Electronics,Power Bank,1,1368.38,0.0,UPI,Returned,False,False,1368.38,False
ORD204141,2025-04-08,C1649,Riya Kulkarni,Bengaluru,Electronics,Bluetooth Speaker,4,2020.47,5.0,UPI,Delivered,True,False,7677.79,True
ORD202575,2025-04-08,C1993,Diya Patel,Delhi,Electronics,Wireless Earbuds,4,2685.75,0.0,COD,Delivered,False,False,10743.0,True
ORD203554,2025-04-08,C1510,Sanjay Patel,Ahmedabad,Beauty,Hair Dryer,3,1467.51,0.0,Credit Card,Delivered,False,False,4402.53,True
ORD201186,2025-04-08,C1594,Ananya Patel,Bengaluru,Books,Data Science Primer,1,880.4,15.0,Debit Card,Delivered,False,False,748.34,True
ORD201365,2025-04-09,C1861,Diya Kulkarni,Chennai,Beauty,Moisturiser,1,480.02,15.0,Debit Card,Delivered,False,False,408.02,True
ORD203033,2025-04-09,C2195,Aarav Nair,Hyderabad,Books,Comics Set,2,802.83,15.0,Net Banking,Delivered,False,False,1364.81,True
ORD202106,2025-04-09,C2109,Rohan Sharma,Mumbai,Books,Data Science Primer,1,891.83,5.0,UPI,Delivered,False,False,847.24,True
ORD202755,2025-04-09,C1479,Isha Mehta,Mumbai,Home & Kitchen,Water Bottle,1,457.35,15.0,UPI,Returned,False,False,388.75,False
ORD202600,2025-04-09,C1244,Rahul Verma,Delhi,Clothing,Cap,3,349.48,10.0,COD,Delivered,False,False,943.6,True
ORD203116,2025-04-09,C1112,Kavya Gupta,Ahmedabad,Books,Exam Guide,3,496.58,0.0,COD,Delivered,False,False,1489.74,True
ORD203846,2025-04-09,C2073,Meera Gupta,Bengaluru,Clothing,Cotton T-Shirt,1,626.12,0.0,Debit Card,Delivered,False,False,626.12,True
ORD203701,2025-04-09,C1836,Kavya Joshi,Delhi,Clothing,Running Shoes,4,2985.14,20.0,UPI,Delivered,False,False,9552.45,True
ORD202048,2025-04-09,C1210,Vivaan Reddy,Hyderabad,Home & Kitchen,Water Bottle,1,451.23,0.0,UPI,Delivered,False,False,451.23,True
ORD202653,2025-04-09,C1389,Isha Iyer,Delhi,Home & Kitchen,Air Fryer,4,5236.12,0.0,UPI,Delivered,False,False,20944.48,True
ORD204926,2025-04-09,C1886,Vivaan Patel,Kolkata,Electronics,Power Bank,2,1344.96,5.0,Credit Card,Delivered,False,False,2555.42,True
ORD202434,2025-04-10,C1124,Arjun Sharma,Pune,Electronics,Wireless Earbuds,1,2418.12,15.0,Debit Card,Delivered,False,False,2055.4,True
ORD204041,2025-04-10,C2222,Vivaan Das,Chennai,Beauty,Hair Dryer,1,1595.73,0.0,Debit Card,Delivered,False,False,1595.73,True
ORD204865,2025-04-10,C2155,Neha Joshi,Chennai,Home & Kitchen,Water Bottle,1,476.76,20.0,Debit Card,Delivered,False,False,381.41,True
ORD202255,2025-04-10,C1441,Vikram Gupta,Chennai,Home & Kitchen,Mixer Grinder,1,3301.06,0.0,UPI,Delivered,False,False,3301.06,True
ORD201458,2025-04-10,C1054,Rahul Verma,Kolkata,Electronics,USB-C Cable,1,381.23,0.0,UPI,Delivered,False,False,381.23,True
ORD200881,2025-04-10,C1787,Rohan Joshi,Bengaluru,Books,Novel,1,345.86,15.0,UPI,Returned,False,False,293.98,False
ORD204559,2025-04-10,C1505,Kavya Verma,Hyderabad,Clothing,Running Shoes,1,3203.74,0.0,UPI,Delivered,False,False,3203.74,True
ORD204052,2025-04-10,C1889,Meera Iyer,Bengaluru,Books,Data Science Primer,1,943.04,10.0,Credit Card,Returned,False,False,848.74,False
ORD202624,2025-04-11,C1735,Isha Gupta,Mumbai,Beauty,Hair Dryer,3,1474.96,5.0,UPI,Delivered,False,False,4203.64,True
ORD204623,2025-04-11,C1330,Diya Kulkarni,Delhi,Clothing,Denim Jeans,4,1744.7,20.0,UPI,Delivered,False,False,5583.04,True
ORD201793,2025-04-11,C2356,Ananya Das,Ahmedabad,Home & Kitchen,Cookware Set,1,2673.03,15.0,UPI,Delivered,False,False,2272.08,True
ORD204519,2025-04-11,C2226,Aditya Reddy,Hyderabad,Home & Kitchen,Cookware Set,1,3010.49,0.0,COD,Delivered,False,False,3010.49,True
ORD201539,2025-04-11,C1947,Riya Patel,Kolkata,Clothing,Denim Jeans,1,1861.05,0.0,UPI,Delivered,False,True,1861.05,True
ORD204207,2025-04-11,C1126,Karan Iyer,Delhi,Clothing,Denim Jeans,1,1758.55,10.0,Unknown,Delivered,False,False,1582.7,True
ORD204914,2025-04-11,C2031,Arjun Das,Pune,Electronics,Power Bank,1,1366.21,20.0,UPI,Delivered,False,False,1092.97,True
ORD204283,2025-04-11,C1645,Rohan Gupta,Delhi,Beauty,Perfume,1,1685.03,5.0,Debit Card,Cancelled,False,False,1600.78,False
ORD204520,2025-04-11,C2015,Karan Sharma,Ahmedabad,Beauty,Perfume,1,1594.11,0.0,Debit Card,Delivered,False,False,1594.11,True
ORD200485,2025-04-11,C2357,Priya Mehta,Ahmedabad,Home & Kitchen,Water Bottle,4,483.97,5.0,UPI,Delivered,False,False,1839.09,True
ORD203198,2025-04-11,C1854,Vivaan Nair,Chennai,Electronics,USB-C Cable,1,421.83,0.0,Debit Card,Delivered,False,False,421.83,True
ORD201249,2025-04-11,C1317,Kavya Mehta,Mumbai,Clothing,Running Shoes,1,3050.7349999999997,15.0,UPI,Returned,True,False,2593.12,False
ORD203496,2025-04-11,C1468,Aarav Kulkarni,Mumbai,Home & Kitchen,Cookware Set,1,2668.11,0.0,Net Banking,Returned,False,False,2668.11,False
ORD200014,2025-04-11,C1747,Priya Reddy,Ahmedabad,Beauty,Moisturiser,1,464.48,5.0,UPI,Cancelled,False,False,441.26,False
ORD200110,2025-04-11,C2382,Rohan Verma,Delhi,Electronics,USB-C Cable,2,398.71,15.0,Net Banking,Returned,False,False,677.81,False
ORD200015,2025-04-12,C1479,Isha Mehta,Mumbai,Beauty,Moisturiser,2,455.52,10.0,Credit Card,Cancelled,False,False,819.94,False
ORD200124,2025-04-12,C2334,Riya Singh,Kolkata,Home & Kitchen,Air Fryer,1,5328.66,0.0,Debit Card,Delivered,False,False,5328.66,True
ORD201996,2025-04-12,C1689,Riya Mehta,Kolkata,Beauty,Hair Dryer,3,1437.59,0.0,Debit Card,Delivered,False,False,4312.77,True
ORD200432,2025-04-12,C2187,Karan Reddy,Mumbai,Clothing,Hoodie,1,1458.56,0.0,Credit Card,Returned,False,False,1458.56,False
ORD203878,2025-04-12,C1085,Pooja Singh,Mumbai,Books,Python Handbook,1,711.88,0.0,UPI,Delivered,False,False,711.88,True
ORD200487,2025-04-12,C1709,Neha Gupta,Hyderabad,Books,Exam Guide,1,527.19,15.0,Credit Card,Cancelled,False,False,448.11,False
ORD203709,2025-04-12,C1069,Meera Das,Mumbai,Clothing,Denim Jeans,3,1882.51,20.0,Credit Card,Delivered,False,False,4518.02,True
ORD201531,2025-04-12,C1122,Riya Reddy,Ahmedabad,Electronics,Power Bank,1,1344.66,0.0,UPI,Delivered,False,False,1344.66,True
ORD200872,2025-04-12,C1352,Pooja Verma,Hyderabad,Clothing,Cap,2,376.31,5.0,UPI,Delivered,False,False,714.99,True
ORD200950,2025-04-12,C2050,Kavya Joshi,Pune,Books,Data Science Primer,1,970.72,0.0,Debit Card,Delivered,False,False,970.72,True
ORD202025,2025-04-12,C1783,Diya Sharma,Bengaluru,Clothing,Denim Jeans,2,1784.93,0.0,UPI,Delivered,False,False,3569.86,True
ORD200549,2025-04-13,C1078,Arjun Joshi,Mumbai,Beauty,Lipstick,1,396.87,15.0,COD,Delivered,False,False,337.34,True
ORD200037,2025-04-13,C2345,Vivaan Iyer,Ahmedabad,Books,Exam Guide,1,499.38,0.0,Credit Card,Cancelled,False,False,499.38,False
ORD204224,2025-04-13,C1463,Manish Joshi,Hyderabad,Electronics,Power Bank,3,1238.38,10.0,UPI,Delivered,False,False,3343.63,True
ORD200371,2025-04-13,C1280,Priya Joshi,Chennai,Home & Kitchen,Cookware Set,3,2943.19,5.0,Credit Card,Cancelled,False,False,8388.09,False
ORD201390,2025-04-13,C1080,Isha Sharma,Bengaluru,Books,Python Handbook,2,699.78,10.0,Debit Card,Delivered,False,False,1259.6,True
ORD204179,2025-04-13,C2272,Isha Nair,Bengaluru,Beauty,Lipstick,1,389.09,15.0,COD,Delivered,False,False,330.73,True
ORD200197,2025-04-13,C1856,Diya Kulkarni,Delhi,Electronics,Power Bank,4,1333.03,0.0,UPI,Delivered,False,False,5332.12,True
ORD200003,2025-04-13,C1974,Manish Gupta,Chennai,Electronics,Wireless Earbuds,3,2581.87,10.0,Debit Card,Delivered,False,False,6971.05,True
ORD202112,2025-04-13,C1084,Vikram Das,Kolkata,Clothing,Running Shoes,1,3195.47,15.0,Debit Card,Returned,False,False,2716.15,False
ORD202857,2025-04-13,C1565,Isha Nair,Bengaluru,Electronics,USB-C Cable,1,400.12,5.0,Unknown,Delivered,False,False,380.11,True
ORD203114,2025-04-13,C2146,Pooja Das,Pune,Electronics,Wireless Earbuds,4,2459.34,0.0,UPI,Delivered,False,False,9837.36,True
ORD203912,2025-04-14,C1177,Pooja Reddy,Mumbai,Beauty,Hair Dryer,2,1444.12,0.0,COD,Delivered,False,False,2888.24,True
ORD204554,2025-04-14,C1238,Ananya Sharma,Pune,Clothing,Cotton T-Shirt,3,607.36,15.0,UPI,Delivered,False,False,1548.77,True
ORD201777,2025-04-14,C2191,Rahul Sharma,Hyderabad,Electronics,Bluetooth Speaker,2,2047.64,0.0,UPI,Delivered,False,False,4095.28,True
ORD202684,2025-04-14,C2043,Diya Mehta,Bengaluru,Beauty,Hair Dryer,4,1478.85,15.0,UPI,Delivered,False,False,5028.09,True
ORD203707,2025-04-14,C2351,Meera Das,Delhi,Home & Kitchen,Water Bottle,1,464.51,0.0,Credit Card,Delivered,False,False,464.51,True
ORD200783,2025-04-14,C1391,Karan Gupta,Mumbai,Beauty,Lipstick,1,401.98,0.0,UPI,Delivered,False,False,401.98,True
ORD203010,2025-04-14,C2261,Rohan Patel,Mumbai,Books,Comics Set,4,800.59,15.0,Net Banking,Returned,False,False,2722.01,False
ORD204420,2025-04-14,C1984,Ananya Iyer,Kolkata,Beauty,Hair Dryer,1,1441.26,15.0,Credit Card,Delivered,False,False,1225.07,True
ORD204037,2025-04-14,C2172,Sanjay Gupta,Pune,Electronics,USB-C Cable,2,423.93,5.0,Debit Card,Delivered,False,False,805.47,True
ORD201219,2025-04-14,C1824,Manish Mehta,Delhi,Electronics,Wireless Earbuds,1,2640.74,0.0,Credit Card,Delivered,False,False,2640.74,True
ORD200273,2025-04-15,C1292,Riya Verma,Bengaluru,Clothing,Hoodie,1,1577.65,5.0,UPI,Delivered,False,False,1498.77,True
ORD202098,2025-04-15,C2240,Aditya Joshi,Bengaluru,Electronics,Power Bank,2,1283.76,15.0,Debit Card,Delivered,False,False,2182.39,True
ORD204055,2025-04-15,C2104,Meera Gupta,Bengaluru,Electronics,Smartwatch,2,6164.96,15.0,UPI,Cancelled,False,False,10480.43,False
ORD200573,2025-04-15,C1872,Vikram Verma,Mumbai,Books,Comics Set,1,833.71,5.0,UPI,Delivered,False,False,792.02,True
ORD204301,2025-04-15,C1502,Priya Singh,Delhi,Electronics,Power Bank,2,1268.46,5.0,UPI,Delivered,False,False,2410.07,True
ORD202751,2025-04-15,C1257,Vivaan Singh,Mumbai,Home & Kitchen,Air Fryer,1,4948.78,0.0,Debit Card,Delivered,False,False,4948.78,True
ORD200207,2025-04-15,C1359,Karan Kulkarni,Bengaluru,Clothing,Hoodie,2,1503.52,15.0,UPI,Delivered,False,False,2555.98,True
ORD203727,2025-04-15,C2145,Rahul Reddy,Mumbai,Beauty,Lipstick,2,385.22,0.0,UPI,Cancelled,False,False,770.44,False
ORD200943,2025-04-15,C1520,Manish Gupta,Chennai,Electronics,Smartwatch,3,6196.98,20.0,Debit Card,Delivered,False,False,14872.75,True
ORD203069,2025-04-15,C1413,Sneha Joshi,Chennai,Home & Kitchen,Mixer Grinder,3,3356.51,0.0,Debit Card,Delivered,False,False,10069.53,True
ORD200915,2025-04-16,C1560,Meera Patel,Ahmedabad,Beauty,Perfume,2,1597.34,0.0,UPI,Delivered,False,False,3194.68,True
ORD204410,2025-04-16,C1943,Priya Verma,Mumbai,Books,Novel,1,363.36,0.0,UPI,Delivered,False,True,363.36,True
ORD204795,2025-04-16,C1129,Kavya Singh,Delhi,Beauty,Moisturiser,3,478.63,0.0,Net Banking,Cancelled,False,False,1435.89,False
ORD200131,2025-04-16,C1260,Vivaan Nair,Chennai,Electronics,Smartwatch,1,5912.0,10.0,COD,Cancelled,False,False,5320.8,False
ORD201271,2025-04-16,C2248,Isha Mehta,Mumbai,Home & Kitchen,Mixer Grinder,1,3388.59,0.0,COD,Returned,False,False,3388.59,False
ORD202669,2025-04-16,C1314,Priya Das,Delhi,Beauty,Perfume,2,1547.78,0.0,Debit Card,Returned,False,False,3095.56,False
ORD200910,2025-04-16,C1674,Ananya Gupta,Delhi,Electronics,Power Bank,2,1331.44,0.0,Credit Card,Delivered,False,False,2662.88,True
ORD201981,2025-04-16,C2193,Arjun Joshi,Ahmedabad,Beauty,Lipstick,1,421.73,5.0,UPI,Delivered,False,False,400.64,True
ORD202042,2025-04-16,C1825,Manish Joshi,Bengaluru,Clothing,Cotton T-Shirt,2,579.87,0.0,UPI,Delivered,False,False,1159.74,True
ORD204993,2025-04-16,C2018,Aditya Das,Chennai,Beauty,Moisturiser,1,457.89,0.0,COD,Returned,False,False,457.89,False
ORD203738,2025-04-16,C1240,Priya Patel,Pune,Books,Novel,2,349.73,0.0,COD,Delivered,False,False,699.46,True
ORD203147,2025-04-16,C1599,Sneha Gupta,Ahmedabad,Clothing,Running Shoes,2,2973.87,15.0,Debit Card,Delivered,False,False,5055.58,True
ORD203618,2025-04-16,C1492,Riya Sharma,Delhi,Beauty,Perfume,3,1593.16,20.0,Credit Card,Cancelled,False,False,3823.58,False
ORD201591,2025-04-16,C1343,Neha Sharma,Mumbai,Clothing,Running Shoes,2,2853.0,0.0,Credit Card,Delivered,False,False,5706.0,True
ORD204192,2025-04-16,C1134,Diya Sharma,Mumbai,Electronics,USB-C Cable,2,380.32,10.0,Credit Card,Delivered,False,False,684.58,True
ORD200732,2025-04-16,C2229,Riya Iyer,Bengaluru,Clothing,Hoodie,1,1448.26,10.0,Debit Card,Delivered,False,False,1303.43,True
ORD202661,2025-04-17,C1417,Arjun Das,Bengaluru,Clothing,Denim Jeans,1,1728.9,0.0,Credit Card,Delivered,False,False,1728.9,True
ORD203796,2025-04-17,C1715,Manish Gupta,Mumbai,Beauty,Perfume,3,1716.63,15.0,Net Banking,Delivered,False,False,4377.41,True
ORD204377,2025-04-17,C1036,Diya Patel,Delhi,Books,Data Science Primer,1,892.06,0.0,Credit Card,Delivered,False,False,892.06,True
ORD200912,2025-04-17,C2372,Manish Reddy,Kolkata,Clothing,Hoodie,4,1548.24,15.0,COD,Delivered,False,False,5264.02,True
ORD200652,2025-04-17,C1157,Sneha Das,Mumbai,Home & Kitchen,Cookware Set,1,2676.84,15.0,Credit Card,Delivered,False,False,2275.31,True
ORD200470,2025-04-17,C2190,Rahul Singh,Chennai,Electronics,Power Bank,2,1246.63,0.0,UPI,Delivered,False,False,2493.26,True
ORD203356,2025-04-17,C1739,Sanjay Verma,Bengaluru,Electronics,USB-C Cable,2,397.61,20.0,Credit Card,Delivered,False,False,636.18,True
ORD200056,2025-04-17,C1824,Manish Mehta,Delhi,Clothing,Cap,2,368.17,0.0,COD,Returned,False,False,736.34,False
ORD202225,2025-04-18,C1032,Meera Verma,Hyderabad,Clothing,Cap,1,347.17,20.0,UPI,Delivered,False,False,277.74,True
ORD202360,2025-04-18,C1587,Aarav Mehta,Bengaluru,Clothing,Cap,4,372.09,20.0,UPI,Delivered,False,False,1190.69,True
ORD204318,2025-04-18,C2253,Isha Das,Delhi,Home & Kitchen,Mixer Grinder,4,3257.24,20.0,Debit Card,Cancelled,False,False,10423.17,False
ORD202448,2025-04-18,C1688,Diya Iyer,Delhi,Clothing,Cotton T-Shirt,1,599.9,5.0,Net Banking,Cancelled,False,False,569.9,False
ORD203755,2025-04-18,C1870,Isha Das,Mumbai,Books,Exam Guide,2,481.14,15.0,Credit Card,Cancelled,False,False,817.94,False
ORD204251,2025-04-18,C1891,Vivaan Singh,Ahmedabad,Beauty,Moisturiser,4,476.35,20.0,Credit Card,Delivered,False,False,1524.32,True
ORD202463,2025-04-18,C2019,Rahul Joshi,Mumbai,Home & Kitchen,Mixer Grinder,3,3257.28,0.0,Credit Card,Delivered,False,False,9771.84,True
ORD200539,2025-04-18,C1325,Riya Nair,Bengaluru,Home & Kitchen,Mixer Grinder,1,3285.44,0.0,Credit Card,Delivered,False,False,3285.44,True
ORD204905,2025-04-18,C1877,Isha Joshi,Kolkata,Electronics,USB-C Cable,2,380.19,15.0,UPI,Delivered,False,False,646.32,True
ORD204047,2025-04-18,C1216,Aarav Reddy,Mumbai,Clothing,Cotton T-Shirt,2,630.15,5.0,Net Banking,Cancelled,False,False,1197.28,False
ORD201797,2025-04-18,C2388,Neha Singh,Ahmedabad,Clothing,Cap,2,349.55,0.0,UPI,Cancelled,False,True,699.1,False
ORD202390,2025-04-18,C1106,Rohan Iyer,Chennai,Electronics,Bluetooth Speaker,2,1971.37,15.0,Debit Card,Returned,False,False,3351.33,False
ORD201796,2025-04-19,C1373,Arjun Reddy,Delhi,Home & Kitchen,Water Bottle,3,456.03,0.0,UPI,Returned,False,False,1368.09,False
ORD202822,2025-04-19,C1508,Manish Sharma,Hyderabad,Clothing,Cap,2,346.16,0.0,UPI,Cancelled,False,False,692.32,False
ORD203083,2025-04-19,C2160,Riya Gupta,Bengaluru,Beauty,Face Wash,3,249.53,0.0,UPI,Delivered,False,False,748.59,True
ORD204966,2025-04-19,C1930,Vivaan Gupta,Mumbai,Electronics,USB-C Cable,2,430.9,0.0,Credit Card,Delivered,False,False,861.8,True
ORD200415,2025-04-19,C1758,Priya Gupta,Delhi,Electronics,Smartwatch,2,5751.59,5.0,Debit Card,Delivered,False,False,10928.02,True
ORD200092,2025-04-19,C1530,Isha Mehta,Delhi,Books,Novel,2,347.26,0.0,COD,Delivered,False,False,694.52,True
ORD204130,2025-04-19,C1903,Diya Kulkarni,Kolkata,Beauty,Face Wash,2,248.27,5.0,Debit Card,Delivered,False,False,471.71,True
ORD202233,2025-04-19,C1178,Sneha Reddy,Mumbai,Home & Kitchen,Water Bottle,1,446.76,0.0,COD,Cancelled,False,False,446.76,False
ORD200720,2025-04-19,C1561,Priya Nair,Mumbai,Beauty,Lipstick,3,383.04,0.0,UPI,Cancelled,False,False,1149.12,False
ORD204120,2025-04-19,C1589,Manish Kulkarni,Hyderabad,Electronics,USB-C Cable,2,383.8,15.0,Credit Card,Delivered,False,False,652.46,True
ORD202089,2025-04-19,C1008,Neha Kulkarni,Pune,Books,Novel,1,333.35,20.0,Credit Card,Cancelled,False,False,266.68,False
ORD201580,2025-04-19,C1838,Priya Singh,Hyderabad,Home & Kitchen,Bedsheet Set,1,1328.63,15.0,Credit Card,Delivered,False,False,1129.34,True
ORD201359,2025-04-19,C2336,Aditya Gupta,Chennai,Clothing,Running Shoes,3,3118.19,5.0,Credit Card,Cancelled,False,False,8886.84,False
ORD201976,2025-04-20,C1654,Manish Verma,Chennai,Clothing,Cap,1,347.55,0.0,UPI,Delivered,False,False,347.55,True
ORD203822,2025-04-20,C1110,Vivaan Das,Chennai,Electronics,Smartwatch,4,5919.27,0.0,UPI,Delivered,False,False,23677.08,True
ORD203735,2025-04-20,C1098,Aditya Sharma,Mumbai,Home & Kitchen,Mixer Grinder,2,3544.59,15.0,Credit Card,Delivered,False,False,6025.8,True
ORD202813,2025-04-20,C1187,Kavya Nair,Mumbai,Books,Python Handbook,1,720.77,15.0,Credit Card,Delivered,False,False,612.65,True
ORD203684,2025-04-20,C2011,Aditya Joshi,Delhi,Clothing,Running Shoes,1,2979.33,0.0,Credit Card,Delivered,False,False,2979.33,True
ORD202679,2025-04-20,C1691,Aarav Mehta,Kolkata,Home & Kitchen,Cookware Set,1,2839.13,0.0,Debit Card,Delivered,False,False,2839.13,True
ORD204593,2025-04-20,C2034,Karan Kulkarni,Ahmedabad,Home & Kitchen,Bedsheet Set,2,1314.97,5.0,UPI,Delivered,False,False,2498.44,True
ORD204485,2025-04-20,C1894,Sneha Mehta,Delhi,Electronics,Power Bank,1,1378.71,10.0,COD,Delivered,False,False,1240.84,True
ORD200390,2025-04-20,C2271,Rohan Nair,Mumbai,Clothing,Denim Jeans,3,1891.4,0.0,UPI,Delivered,False,False,5674.2,True
ORD202558,2025-04-20,C2174,Riya Joshi,Ahmedabad,Home & Kitchen,Water Bottle,1,465.15,0.0,UPI,Cancelled,False,False,465.15,False
ORD202700,2025-04-20,C1412,Vikram Iyer,Chennai,Books,Data Science Primer,2,906.41,5.0,UPI,Delivered,False,False,1722.18,True
ORD203976,2025-04-20,C1303,Manish Iyer,Delhi,Clothing,Denim Jeans,3,1914.45,0.0,Net Banking,Delivered,False,False,5743.35,True
ORD202943,2025-04-21,C2168,Arjun Joshi,Ahmedabad,Beauty,Perfume,3,1707.48,20.0,COD,Delivered,False,False,4097.95,True
ORD200625,2025-04-21,C2061,Kavya Reddy,Bengaluru,Clothing,Running Shoes,1,3049.7,0.0,UPI,Delivered,False,False,3049.7,True
ORD203809,2025-04-21,C1396,Neha Joshi,Bengaluru,Clothing,Cap,2,368.08,0.0,COD,Delivered,False,True,736.16,True
ORD203526,2025-04-21,C2228,Ananya Iyer,Mumbai,Clothing,Cap,1,370.69,0.0,Net Banking,Delivered,False,False,370.69,True
ORD204573,2025-04-21,C1580,Arjun Singh,Bengaluru,Electronics,Power Bank,1,1311.3,0.0,UPI,Delivered,True,False,1311.3,True
ORD200177,2025-04-21,C2092,Sanjay Nair,Pune,Beauty,Hair Dryer,1,1540.64,15.0,Net Banking,Delivered,False,False,1309.54,True
ORD204337,2025-04-21,C2009,Aarav Mehta,Mumbai,Electronics,Wireless Earbuds,1,2692.86,0.0,UPI,Delivered,False,True,2692.86,True
ORD200054,2025-04-21,C1115,Meera Reddy,Delhi,Beauty,Perfume,4,1608.13,20.0,COD,Delivered,False,False,5146.02,True
ORD204095,2025-04-21,C1686,Isha Patel,Delhi,Clothing,Cotton T-Shirt,4,636.37,20.0,UPI,Delivered,False,False,2036.38,True
ORD204901,2025-04-21,C2125,Ananya Joshi,Bengaluru,Electronics,Bluetooth Speaker,1,1931.17,0.0,UPI,Delivered,False,False,1931.17,True
ORD203417,2025-04-21,C1333,Ananya Verma,Pune,Electronics,Wireless Earbuds,3,2599.65,15.0,UPI,Returned,False,False,6629.11,False
ORD200274,2025-04-21,C1575,Pooja Gupta,Chennai,Electronics,Smartwatch,1,5722.89,10.0,Net Banking,Cancelled,False,False,5150.6,False
ORD200671,2025-04-22,C1212,Isha Mehta,Bengaluru,Beauty,Hair Dryer,4,1486.53,0.0,Debit Card,Delivered,False,False,5946.12,True
ORD200017,2025-04-22,C2257,Kavya Sharma,Delhi,Beauty,Face Wash,1,239.42,20.0,Credit Card,Cancelled,False,False,191.54,False
ORD204713,2025-04-22,C1187,Kavya Nair,Mumbai,Clothing,Cap,3,373.13,0.0,UPI,Delivered,False,False,1119.39,True
ORD201237,2025-04-22,C1416,Rahul Mehta,Mumbai,Electronics,Smartwatch,4,6462.12,10.0,COD,Delivered,False,False,23263.63,True
ORD203212,2025-04-22,C1615,Karan Reddy,Kolkata,Clothing,Cap,1,350.65,0.0,Unknown,Returned,False,False,350.65,False
ORD204193,2025-04-22,C1441,Vikram Gupta,Chennai,Beauty,Moisturiser,2,483.69,20.0,Net Banking,Delivered,False,False,773.9,True
ORD200847,2025-04-22,C1433,Neha Nair,Mumbai,Home & Kitchen,Air Fryer,4,4848.47,10.0,Debit Card,Delivered,False,False,17454.49,True
ORD200104,2025-04-22,C2105,Kavya Das,Ahmedabad,Electronics,Smartwatch,2,6331.65,15.0,UPI,Delivered,False,False,10763.8,True
ORD204101,2025-04-23,C1282,Arjun Singh,Bengaluru,Electronics,Smartwatch,1,6470.95,0.0,UPI,Delivered,False,False,6470.95,True
ORD202477,2025-04-23,C2236,Pooja Iyer,Mumbai,Clothing,Running Shoes,2,3127.78,20.0,UPI,Cancelled,False,False,5004.45,False
ORD200195,2025-04-23,C1284,Sanjay Mehta,Ahmedabad,Books,Data Science Primer,1,881.98,15.0,Debit Card,Delivered,False,False,749.68,True
ORD202786,2025-04-23,C1425,Pooja Gupta,Chennai,Home & Kitchen,Air Fryer,1,5285.08,10.0,UPI,Delivered,False,False,4756.57,True
ORD201407,2025-04-23,C2363,Rohan Gupta,Kolkata,Electronics,Smartwatch,2,6119.445,10.0,Debit Card,Cancelled,True,False,11015.0,False
ORD200077,2025-04-23,C1428,Arjun Patel,Mumbai,Electronics,Wireless Earbuds,3,2598.12,15.0,Credit Card,Returned,False,False,6625.21,False
ORD203431,2025-04-23,C2031,Arjun Das,Pune,Clothing,Running Shoes,1,3169.81,5.0,UPI,Delivered,False,False,3011.32,True
ORD200845,2025-04-23,C2133,Kavya Gupta,Delhi,Books,Data Science Primer,2,861.55,0.0,Credit Card,Delivered,False,False,1723.1,True
ORD201725,2025-04-23,C2288,Rohan Singh,Bengaluru,Beauty,Hair Dryer,1,1531.23,15.0,Credit Card,Delivered,False,False,1301.55,True
ORD201786,2025-04-23,C2219,Manish Iyer,Hyderabad,Home & Kitchen,Bedsheet Set,2,1292.44,5.0,Debit Card,Delivered,False,False,2455.64,True
ORD204489,2025-04-23,C2130,Manish Verma,Delhi,Books,Novel,1,369.79,0.0,UPI,Delivered,False,False,369.79,True
ORD200987,2025-04-23,C2141,Rohan Kulkarni,Mumbai,Clothing,Cotton T-Shirt,2,604.48,20.0,UPI,Delivered,False,False,967.17,True
ORD201887,2025-04-23,C1161,Karan Singh,Bengaluru,Beauty,Hair Dryer,4,1504.76,0.0,Credit Card,Delivered,False,True,6019.04,True
ORD203551,2025-04-23,C1988,Karan Das,Bengaluru,Beauty,Face Wash,3,257.04,20.0,Credit Card,Delivered,False,False,616.9,True
ORD203475,2025-04-23,C1019,Diya Das,Kolkata,Electronics,USB-C Cable,2,415.02,0.0,Credit Card,Delivered,False,False,830.04,True
ORD202646,2025-04-23,C1175,Aditya Nair,Kolkata,Electronics,USB-C Cable,2,380.43,10.0,Debit Card,Returned,False,False,684.77,False
ORD200031,2025-04-24,C1540,Rohan Mehta,Ahmedabad,Clothing,Running Shoes,4,2870.35,0.0,UPI,Returned,False,False,11481.4,False
ORD203517,2025-04-24,C1177,Pooja Reddy,Mumbai,Books,Exam Guide,4,509.19,5.0,UPI,Cancelled,False,False,1934.92,False
ORD200050,2025-04-24,C1897,Priya Das,Kolkata,Books,Comics Set,1,821.64,0.0,UPI,Delivered,False,True,821.64,True
ORD203006,2025-04-24,C1615,Karan Reddy,Kolkata,Clothing,Cap,4,357.43,0.0,UPI,Delivered,False,False,1429.72,True
ORD203298,2025-04-24,C2055,Rahul Kulkarni,Mumbai,Electronics,Bluetooth Speaker,2,1929.01,0.0,COD,Delivered,False,False,3858.02,True
ORD203548,2025-04-24,C1722,Manish Mehta,Pune,Home & Kitchen,Water Bottle,1,452.95,0.0,UPI,Delivered,False,False,452.95,True
ORD202970,2025-04-24,C1817,Priya Patel,Chennai,Books,Python Handbook,1,686.7,0.0,UPI,Delivered,False,False,686.7,True
ORD200395,2025-04-24,C2294,Aditya Verma,Hyderabad,Clothing,Denim Jeans,3,1902.44,0.0,UPI,Delivered,False,False,5707.32,True
ORD200685,2025-04-25,C1684,Sneha Singh,Mumbai,Electronics,USB-C Cable,2,422.51,20.0,Net Banking,Delivered,False,False,676.02,True
ORD200933,2025-04-25,C2135,Riya Iyer,Ahmedabad,Clothing,Running Shoes,1,3026.17,0.0,UPI,Cancelled,False,False,3026.17,False
ORD202227,2025-04-25,C1381,Ananya Sharma,Delhi,Books,Exam Guide,1,503.38,0.0,Net Banking,Delivered,False,False,503.38,True
ORD204446,2025-04-25,C1316,Neha Iyer,Mumbai,Electronics,Wireless Earbuds,3,2528.86,0.0,Credit Card,Delivered,True,False,7586.58,True
ORD200416,2025-04-25,C1420,Rahul Das,Delhi,Home & Kitchen,Mixer Grinder,3,3328.82,10.0,UPI,Cancelled,False,False,8987.81,False
ORD200688,2025-04-25,C2341,Riya Patel,Pune,Home & Kitchen,Water Bottle,2,432.81,0.0,UPI,Delivered,False,False,865.62,True
ORD202571,2025-04-25,C2214,Sanjay Kulkarni,Bengaluru,Electronics,USB-C Cable,1,395.95,15.0,Credit Card,Delivered,False,False,336.56,True
ORD201430,2025-04-25,C1166,Riya Nair,Pune,Books,Data Science Primer,2,964.55,0.0,UPI,Delivered,False,False,1929.1,True
ORD204213,2025-04-25,C2190,Rahul Singh,Chennai,Electronics,Power Bank,2,1352.47,0.0,COD,Cancelled,False,False,2704.94,False
ORD203042,2025-04-26,C2305,Diya Iyer,Mumbai,Beauty,Moisturiser,2,461.45,10.0,COD,Delivered,False,False,830.61,True
ORD204959,2025-04-26,C2008,Priya Gupta,Kolkata,Home & Kitchen,Water Bottle,1,452.39,0.0,UPI,Returned,False,False,452.39,False
ORD201414,2025-04-26,C1084,Vikram Das,Kolkata,Clothing,Cap,4,336.05,0.0,UPI,Delivered,False,False,1344.2,True
ORD201741,2025-04-26,C1604,Ananya Kulkarni,Mumbai,Clothing,Denim Jeans,1,1730.26,0.0,Credit Card,Delivered,False,False,1730.26,True
ORD203195,2025-04-26,C1732,Pooja Mehta,Pune,Home & Kitchen,Bedsheet Set,1,1254.23,10.0,UPI,Returned,False,False,1128.81,False
ORD202003,2025-04-26,C1847,Aarav Reddy,Delhi,Home & Kitchen,Bedsheet Set,3,1272.36,5.0,UPI,Returned,False,False,3626.23,False
ORD203557,2025-04-26,C2220,Arjun Singh,Delhi,Books,Python Handbook,2,714.61,0.0,UPI,Cancelled,True,False,1429.22,False
ORD202152,2025-04-26,C1511,Rohan Kulkarni,Kolkata,Home & Kitchen,Mixer Grinder,2,3552.9,20.0,UPI,Returned,False,False,5684.64,False
ORD202288,2025-04-26,C1173,Sanjay Patel,Hyderabad,Electronics,Power Bank,4,1287.97,5.0,Net Banking,Delivered,False,False,4894.29,True
ORD202917,2025-04-26,C2284,Kavya Joshi,Delhi,Home & Kitchen,Air Fryer,1,5281.8,0.0,Net Banking,Delivered,False,False,5281.8,True
ORD201180,2025-04-26,C1099,Diya Reddy,Bengaluru,Electronics,USB-C Cable,1,429.73,20.0,UPI,Delivered,False,False,343.78,True
ORD204735,2025-04-26,C1160,Vivaan Sharma,Pune,Electronics,Smartwatch,4,5993.53,0.0,Credit Card,Delivered,False,False,23974.12,True
ORD200313,2025-04-26,C1238,Ananya Sharma,Pune,Clothing,Cap,1,366.51,10.0,UPI,Delivered,False,False,329.86,True
ORD200776,2025-04-26,C1539,Manish Mehta,Ahmedabad,Clothing,Denim Jeans,4,1735.92,15.0,UPI,Delivered,False,False,5902.13,True
ORD202058,2025-04-27,C1555,Sneha Kulkarni,Mumbai,Home & Kitchen,Air Fryer,2,4800.84,5.0,Net Banking,Delivered,False,False,9121.6,True
ORD200818,2025-04-27,C1911,Isha Patel,Mumbai,Beauty,Lipstick,3,419.0,10.0,UPI,Delivered,False,False,1131.3,True
ORD201624,2025-04-27,C1978,Kavya Verma,Kolkata,Electronics,Smartwatch,1,6422.75,0.0,Debit Card,Delivered,False,False,6422.75,True
ORD204998,2025-04-27,C1346,Sanjay Patel,Mumbai,Clothing,Cap,1,373.19,5.0,UPI,Delivered,False,False,354.53,True
ORD201201,2025-04-27,C2116,Neha Patel,Delhi,Electronics,Smartwatch,1,5778.33,0.0,COD,Delivered,False,False,5778.33,True
ORD203876,2025-04-27,C1373,Arjun Reddy,Delhi,Beauty,Hair Dryer,1,1506.2350000000001,0.0,UPI,Returned,True,False,1506.24,False
ORD200820,2025-04-27,C1712,Neha Patel,Pune,Books,Data Science Primer,1,877.2,15.0,Credit Card,Delivered,False,False,745.62,True
ORD201723,2025-04-27,C1665,Aditya Gupta,Kolkata,Electronics,USB-C Cable,1,379.62,0.0,Credit Card,Delivered,False,False,379.62,True
ORD200164,2025-04-27,C2055,Rahul Kulkarni,Mumbai,Beauty,Moisturiser,1,473.83,10.0,COD,Delivered,False,False,426.45,True
ORD202636,2025-04-27,C2020,Karan Gupta,Delhi,Home & Kitchen,Cookware Set,1,2686.48,20.0,Debit Card,Delivered,False,False,2149.18,True
ORD201590,2025-04-27,C1007,Riya Kulkarni,Kolkata,Electronics,Bluetooth Speaker,4,2065.65,5.0,Net Banking,Delivered,False,False,7849.47,True
ORD204662,2025-04-27,C1020,Sneha Mehta,Delhi,Beauty,Perfume,3,1636.59,15.0,Debit Card,Delivered,False,False,4173.3,True
ORD203552,2025-04-27,C2153,Vikram Das,Mumbai,Home & Kitchen,Air Fryer,1,5341.73,15.0,UPI,Delivered,False,False,4540.47,True
ORD202176,2025-04-27,C1243,Diya Singh,Pune,Clothing,Hoodie,2,1472.28,0.0,Net Banking,Returned,False,False,2944.56,False
ORD203847,2025-04-27,C1575,Pooja Gupta,Chennai,Electronics,Wireless Earbuds,4,2452.11,0.0,UPI,Returned,False,False,9808.44,False
ORD200143,2025-04-27,C2087,Sanjay Joshi,Pune,Books,Data Science Primer,1,914.97,20.0,UPI,Returned,False,False,731.98,False
ORD204903,2025-04-27,C2012,Arjun Reddy,Ahmedabad,Electronics,USB-C Cable,1,380.23,20.0,UPI,Delivered,False,False,304.18,True
ORD202347,2025-04-27,C2147,Sneha Reddy,Bengaluru,Home & Kitchen,Water Bottle,3,465.94,0.0,UPI,Returned,False,False,1397.82,False
ORD200848,2025-04-28,C1704,Sanjay Joshi,Hyderabad,Clothing,Cap,2,358.42,0.0,UPI,Delivered,False,False,716.84,True
ORD202735,2025-04-28,C1038,Meera Joshi,Ahmedabad,Books,Python Handbook,2,748.12,20.0,Net Banking,Delivered,False,False,1196.99,True
ORD204138,2025-04-28,C1939,Aditya Joshi,Mumbai,Clothing,Cap,2,372.86,10.0,Net Banking,Delivered,False,False,671.15,True
ORD200613,2025-04-28,C1760,Diya Sharma,Chennai,Electronics,Smartwatch,1,6069.58,0.0,UPI,Delivered,False,False,6069.58,True
ORD204893,2025-04-28,C1083,Pooja Singh,Ahmedabad,Home & Kitchen,Water Bottle,1,478.8,10.0,Debit Card,Cancelled,False,False,430.92,False
ORD204488,2025-04-28,C2091,Meera Mehta,Bengaluru,Beauty,Face Wash,1,239.94,20.0,Debit Card,Delivered,False,False,191.95,True
ORD202412,2025-04-28,C1454,Sanjay Patel,Bengaluru,Books,Comics Set,3,819.33,0.0,Credit Card,Delivered,False,False,2457.99,True
ORD202358,2025-04-28,C1555,Sneha Kulkarni,Mumbai,Electronics,Smartwatch,1,5865.42,10.0,UPI,Delivered,False,False,5278.88,True
ORD203368,2025-04-29,C1407,Karan Kulkarni,Delhi,Electronics,Smartwatch,2,6374.09,10.0,Credit Card,Delivered,False,False,11473.36,True
ORD204364,2025-04-29,C1872,Vikram Verma,Mumbai,Books,Comics Set,4,759.17,0.0,Debit Card,Delivered,False,False,3036.68,True
ORD201087,2025-04-29,C1953,Neha Singh,Bengaluru,Electronics,Bluetooth Speaker,3,2104.02,0.0,Net Banking,Delivered,False,False,6312.06,True
ORD203236,2025-04-29,C1338,Rahul Mehta,Chennai,Home & Kitchen,Cookware Set,3,2788.44,5.0,UPI,Cancelled,False,False,7947.05,False
ORD201481,2025-04-29,C1548,Arjun Kulkarni,Ahmedabad,Beauty,Lipstick,1,405.64,0.0,UPI,Delivered,False,False,405.64,True
ORD203327,2025-04-29,C2313,Neha Singh,Chennai,Clothing,Cotton T-Shirt,4,637.3,15.0,Debit Card,Returned,False,False,2166.82,False
ORD202201,2025-04-29,C1530,Isha Mehta,Delhi,Home & Kitchen,Air Fryer,1,4754.88,10.0,UPI,Delivered,False,False,4279.39,True
ORD201015,2025-04-29,C1906,Riya Nair,Chennai,Clothing,Cap,1,364.72,10.0,Credit Card,Delivered,False,False,328.25,True
ORD204825,2025-04-29,C2273,Vivaan Patel,Hyderabad,Home & Kitchen,Water Bottle,1,460.91,5.0,Debit Card,Delivered,False,False,437.86,True
ORD200309,2025-04-29,C1644,Priya Sharma,Delhi,Clothing,Denim Jeans,2,1897.24,15.0,Credit Card,Delivered,False,False,3225.31,True
ORD204831,2025-04-30,C1577,Karan Verma,Chennai,Electronics,USB-C Cable,1,417.28,0.0,COD,Returned,False,False,417.28,False
ORD202503,2025-04-30,C1775,Vikram Das,Kolkata,Electronics,Smartwatch,2,5920.49,0.0,UPI,Delivered,False,False,11840.98,True
ORD201678,2025-04-30,C1897,Priya Das,Kolkata,Clothing,Running Shoes,1,3221.3,0.0,Credit Card,Cancelled,False,False,3221.3,False
ORD203344,2025-04-30,C1438,Rahul Nair,Mumbai,Electronics,USB-C Cable,1,405.81,0.0,Debit Card,Returned,False,False,405.81,False
ORD201854,2025-04-30,C1397,Sneha Iyer,Delhi,Home & Kitchen,Air Fryer,1,4826.25,0.0,Credit Card,Cancelled,False,False,4826.25,False
ORD200892,2025-04-30,C1640,Karan Sharma,Hyderabad,Electronics,Wireless Earbuds,1,2445.9,0.0,UPI,Returned,False,True,2445.9,False
ORD204862,2025-04-30,C1438,Rahul Nair,Mumbai,Electronics,Power Bank,3,1286.14,10.0,COD,Delivered,False,False,3472.58,True
ORD202432,2025-04-30,C2325,Riya Joshi,Delhi,Electronics,Power Bank,2,1338.61,0.0,COD,Cancelled,False,False,2677.22,False
ORD201604,2025-05-01,C2127,Vivaan Iyer,Bengaluru,Clothing,Cotton T-Shirt,2,594.65,0.0,UPI,Delivered,False,False,1189.3,True
ORD201348,2025-05-01,C1080,Isha Sharma,Bengaluru,Clothing,Running Shoes,4,3205.68,0.0,UPI,Delivered,False,False,12822.72,True
ORD204405,2025-05-01,C1721,Vikram Gupta,Bengaluru,Beauty,Lipstick,2,428.33,15.0,Credit Card,Delivered,False,False,728.16,True
ORD202902,2025-05-01,C1623,Neha Gupta,Delhi,Beauty,Face Wash,4,240.13,20.0,Credit Card,Returned,False,False,768.42,False
ORD203635,2025-05-01,C2024,Diya Patel,Kolkata,Home & Kitchen,Air Fryer,1,5055.7,15.0,COD,Returned,True,False,4297.34,False
ORD202363,2025-05-01,C1981,Isha Mehta,Delhi,Home & Kitchen,Air Fryer,2,4842.35,0.0,UPI,Delivered,False,False,9684.7,True
ORD204548,2025-05-01,C1049,Arjun Gupta,Chennai,Clothing,Cotton T-Shirt,2,615.93,20.0,Credit Card,Delivered,False,False,985.49,True
ORD204669,2025-05-01,C1733,Pooja Singh,Hyderabad,Clothing,Denim Jeans,4,1937.17,20.0,COD,Delivered,False,False,6198.94,True
ORD204631,2025-05-01,C1838,Priya Singh,Hyderabad,Home & Kitchen,Mixer Grinder,2,3362.875,10.0,Debit Card,Delivered,True,False,6053.18,True
ORD201256,2025-05-01,C1618,Aarav Joshi,Delhi,Clothing,Cap,2,374.55,5.0,Debit Card,Cancelled,False,False,711.64,False
ORD204360,2025-05-01,C1511,Rohan Kulkarni,Kolkata,Clothing,Denim Jeans,2,1748.83,5.0,Credit Card,Returned,False,False,3322.78,False
ORD200286,2025-05-01,C2321,Rohan Mehta,Delhi,Clothing,Denim Jeans,2,1901.92,15.0,COD,Delivered,False,False,3233.26,True
ORD204115,2025-05-01,C2170,Sneha Gupta,Hyderabad,Clothing,Denim Jeans,4,1939.12,10.0,Net Banking,Delivered,False,False,6980.83,True
ORD202508,2025-05-01,C1809,Priya Kulkarni,Mumbai,Electronics,Wireless Earbuds,2,2594.89,0.0,UPI,Returned,False,False,5189.78,False
ORD204425,2025-05-01,C1482,Vikram Mehta,Chennai,Home & Kitchen,Bedsheet Set,3,1309.38,0.0,Debit Card,Delivered,False,False,3928.14,True
ORD200743,2025-05-02,C2295,Priya Patel,Mumbai,Beauty,Hair Dryer,2,1462.12,15.0,Net Banking,Cancelled,False,False,2485.6,False
ORD204596,2025-05-02,C1891,Vivaan Singh,Ahmedabad,Beauty,Hair Dryer,3,1492.84,0.0,Net Banking,Delivered,False,False,4478.52,True
ORD202129,2025-05-02,C2073,Meera Gupta,Bengaluru,Home & Kitchen,Cookware Set,3,2924.47,15.0,UPI,Delivered,False,False,7457.4,True
ORD202677,2025-05-02,C1123,Vivaan Sharma,Pune,Beauty,Lipstick,2,405.96,0.0,UPI,Cancelled,False,False,811.92,False
ORD203869,2025-05-02,C1279,Karan Patel,Kolkata,Clothing,Hoodie,3,1604.2,0.0,Debit Card,Delivered,False,False,4812.6,True
ORD203470,2025-05-02,C2271,Rohan Nair,Mumbai,Home & Kitchen,Mixer Grinder,1,3466.3,10.0,UPI,Delivered,False,False,3119.67,True
ORD202210,2025-05-02,C2356,Ananya Das,Ahmedabad,Clothing,Denim Jeans,1,1923.22,20.0,UPI,Delivered,False,False,1538.58,True
ORD201353,2025-05-02,C2011,Aditya Joshi,Delhi,Home & Kitchen,Air Fryer,4,4953.49,20.0,COD,Returned,False,False,15851.17,False
ORD200538,2025-05-03,C2239,Ananya Reddy,Bengaluru,Home & Kitchen,Air Fryer,1,5112.33,0.0,UPI,Delivered,False,False,5112.33,True
ORD200611,2025-05-03,C2279,Aarav Das,Delhi,Clothing,Hoodie,2,1520.72,0.0,UPI,Delivered,False,False,3041.44,True
ORD204952,2025-05-03,C2254,Pooja Nair,Mumbai,Electronics,Smartwatch,3,6445.86,20.0,UPI,Delivered,False,False,15470.06,True
ORD200034,2025-05-03,C1475,Riya Joshi,Bengaluru,Home & Kitchen,Mixer Grinder,2,3520.63,15.0,UPI,Cancelled,False,False,5985.07,False
ORD204235,2025-05-03,C1252,Arjun Sharma,Kolkata,Clothing,Running Shoes,1,3223.02,15.0,Credit Card,Delivered,False,False,2739.57,True
ORD200302,2025-05-03,C1287,Manish Patel,Mumbai,Electronics,USB-C Cable,1,421.51,20.0,Credit Card,Delivered,False,False,337.21,True
ORD201483,2025-05-03,C1162,Riya Verma,Delhi,Home & Kitchen,Mixer Grinder,3,3427.04,15.0,UPI,Cancelled,False,False,8738.95,False
ORD204483,2025-05-03,C2250,Karan Patel,Bengaluru,Clothing,Running Shoes,1,2890.45,0.0,Credit Card,Delivered,False,False,2890.45,True
ORD203333,2025-05-03,C1654,Manish Verma,Chennai,Home & Kitchen,Cookware Set,2,2981.41,0.0,UPI,Cancelled,False,False,5962.82,False
ORD202673,2025-05-03,C1730,Arjun Kulkarni,Bengaluru,Home & Kitchen,Mixer Grinder,2,3378.45,5.0,UPI,Delivered,False,False,6419.05,True
ORD203087,2025-05-03,C1446,Manish Gupta,Kolkata,Electronics,Smartwatch,2,6109.95,0.0,UPI,Delivered,False,False,12219.9,True
ORD201486,2025-05-03,C1714,Diya Kulkarni,Hyderabad,Books,Novel,1,350.45,0.0,UPI,Cancelled,False,False,350.45,False
ORD203098,2025-05-03,C1784,Kavya Sharma,Mumbai,Home & Kitchen,Bedsheet Set,2,1272.51,10.0,Credit Card,Delivered,False,False,2290.52,True
ORD201533,2025-05-04,C1703,Vikram Das,Mumbai,Beauty,Lipstick,2,403.08,15.0,UPI,Cancelled,False,False,685.24,False
ORD202630,2025-05-04,C2367,Pooja Gupta,Ahmedabad,Electronics,USB-C Cable,2,387.01,20.0,UPI,Delivered,False,False,619.22,True
ORD204064,2025-05-04,C1734,Rohan Iyer,Hyderabad,Home & Kitchen,Bedsheet Set,1,1255.5,5.0,COD,Returned,False,False,1192.72,False
ORD202134,2025-05-04,C1644,Priya Sharma,Delhi,Beauty,Moisturiser,1,438.89,5.0,Credit Card,Cancelled,False,False,416.95,False
ORD200317,2025-05-04,C1904,Meera Iyer,Chennai,Clothing,Hoodie,2,1609.85,0.0,UPI,Delivered,False,False,3219.7,True
ORD204509,2025-05-04,C1883,Rohan Patel,Mumbai,Electronics,Smartwatch,4,5709.32,10.0,UPI,Returned,False,False,20553.55,False
ORD202351,2025-05-04,C2285,Neha Sharma,Mumbai,Beauty,Hair Dryer,1,1600.3,20.0,Debit Card,Delivered,False,False,1280.24,True
ORD201330,2025-05-04,C1443,Pooja Reddy,Pune,Electronics,Power Bank,1,1267.73,0.0,UPI,Returned,False,False,1267.73,False
ORD202613,2025-05-04,C1995,Neha Iyer,Kolkata,Beauty,Face Wash,2,262.29,20.0,UPI,Delivered,False,False,419.66,True
ORD200634,2025-05-04,C1067,Karan Nair,Bengaluru,Beauty,Face Wash,1,260.22,0.0,Debit Card,Delivered,False,False,260.22,True
ORD200612,2025-05-04,C2196,Vivaan Joshi,Pune,Books,Exam Guide,1,516.51,0.0,UPI,Cancelled,False,False,516.51,False
ORD201487,2025-05-04,C2383,Aditya Joshi,Delhi,Books,Novel,2,359.12,0.0,UPI,Delivered,False,False,718.24,True
ORD202017,2025-05-04,C1976,Riya Singh,Bengaluru,Electronics,Smartwatch,2,5811.21,0.0,Net Banking,Delivered,False,False,11622.42,True
ORD202883,2025-05-04,C1948,Kavya Mehta,Chennai,Electronics,Power Bank,1,1379.49,15.0,UPI,Delivered,False,False,1172.57,True
ORD200189,2025-05-04,C2265,Vikram Reddy,Mumbai,Electronics,Wireless Earbuds,3,2670.8,20.0,Debit Card,Delivered,False,False,6409.92,True
ORD203681,2025-05-04,C1607,Manish Gupta,Pune,Books,Python Handbook,2,681.34,0.0,Net Banking,Returned,False,True,1362.68,False
ORD200074,2025-05-04,C1586,Kavya Nair,Chennai,Beauty,Moisturiser,1,438.45,0.0,Credit Card,Returned,False,False,438.45,False
ORD200307,2025-05-04,C2006,Karan Nair,Chennai,Clothing,Denim Jeans,2,1801.78,10.0,UPI,Delivered,False,False,3243.2,True
ORD201408,2025-05-04,C1163,Sneha Singh,Hyderabad,Beauty,Moisturiser,2,439.59,5.0,COD,Delivered,False,False,835.22,True
ORD201642,2025-05-04,C1684,Sneha Singh,Mumbai,Clothing,Hoodie,2,1616.68,20.0,UPI,Delivered,False,False,2586.69,True
ORD200924,2025-05-05,C1731,Sneha Joshi,Delhi,Home & Kitchen,Bedsheet Set,2,1354.59,5.0,UPI,Delivered,False,False,2573.72,True
ORD203196,2025-05-05,C1779,Isha Gupta,Bengaluru,Electronics,Bluetooth Speaker,1,2092.94,20.0,COD,Delivered,False,False,1674.35,True
ORD202165,2025-05-05,C2036,Meera Reddy,Chennai,Clothing,Cotton T-Shirt,2,629.11,10.0,Credit Card,Delivered,False,False,1132.4,True
ORD202285,2025-05-05,C1242,Rohan Patel,Mumbai,Clothing,Hoodie,1,1604.5,15.0,Credit Card,Cancelled,False,False,1363.82,False
ORD202951,2025-05-05,C2340,Sneha Gupta,Mumbai,Beauty,Lipstick,4,418.99,10.0,Debit Card,Cancelled,False,False,1508.36,False
ORD200387,2025-05-05,C2083,Isha Joshi,Chennai,Home & Kitchen,Water Bottle,4,455.96,5.0,UPI,Returned,False,False,1732.65,False
ORD201638,2025-05-05,C1771,Sanjay Sharma,Hyderabad,Home & Kitchen,Bedsheet Set,3,1342.2,15.0,Credit Card,Delivered,False,False,3422.61,True
ORD201700,2025-05-05,C1975,Pooja Iyer,Delhi,Electronics,Smartwatch,1,5974.45,0.0,Credit Card,Delivered,False,False,5974.45,True
ORD204228,2025-05-05,C1646,Aditya Gupta,Ahmedabad,Home & Kitchen,Air Fryer,2,5225.25,10.0,Net Banking,Delivered,False,False,9405.45,True
ORD200421,2025-05-05,C2075,Sanjay Sharma,Ahmedabad,Clothing,Running Shoes,4,3034.9,0.0,COD,Delivered,False,False,12139.6,True
ORD202783,2025-05-05,C1839,Diya Nair,Bengaluru,Beauty,Moisturiser,1,432.79,0.0,Credit Card,Cancelled,False,False,432.79,False
ORD203842,2025-05-05,C2026,Manish Nair,Hyderabad,Home & Kitchen,Water Bottle,1,441.25,0.0,UPI,Delivered,False,False,441.25,True
ORD202041,2025-05-06,C1369,Riya Gupta,Mumbai,Home & Kitchen,Cookware Set,1,2883.34,0.0,COD,Returned,False,False,2883.34,False
ORD202539,2025-05-06,C2073,Meera Gupta,Bengaluru,Home & Kitchen,Mixer Grinder,1,3240.71,15.0,Net Banking,Delivered,False,False,2754.6,True
ORD201631,2025-05-06,C2125,Ananya Joshi,Bengaluru,Clothing,Denim Jeans,3,1795.57,0.0,Net Banking,Returned,False,False,5386.71,False
ORD202540,2025-05-06,C1051,Priya Sharma,Delhi,Electronics,Smartwatch,3,6051.96,15.0,UPI,Delivered,False,False,15432.5,True
ORD200518,2025-05-06,C1141,Sneha Joshi,Mumbai,Home & Kitchen,Cookware Set,3,2718.72,0.0,Net Banking,Delivered,False,False,8156.16,True
ORD201988,2025-05-06,C2067,Rohan Reddy,Delhi,Beauty,Hair Dryer,1,1449.72,15.0,UPI,Cancelled,False,False,1232.26,False
ORD200830,2025-05-06,C2104,Meera Gupta,Bengaluru,Home & Kitchen,Bedsheet Set,3,1318.58,10.0,Debit Card,Returned,False,False,3560.17,False
ORD202714,2025-05-06,C2069,Pooja Singh,Delhi,Electronics,Smartwatch,2,6119.445,0.0,UPI,Cancelled,True,False,12238.89,False
ORD204909,2025-05-07,C1495,Vikram Patel,Delhi,Clothing,Denim Jeans,2,1760.0,0.0,COD,Delivered,False,False,3520.0,True
ORD200850,2025-05-07,C2360,Neha Das,Bengaluru,Home & Kitchen,Bedsheet Set,1,1268.4,0.0,UPI,Cancelled,False,False,1268.4,False
ORD203826,2025-05-07,C1719,Diya Gupta,Ahmedabad,Books,Novel,1,356.85,5.0,UPI,Delivered,False,False,339.01,True
ORD204132,2025-05-07,C1852,Meera Sharma,Delhi,Home & Kitchen,Water Bottle,1,474.54,5.0,Net Banking,Delivered,False,False,450.81,True
ORD204843,2025-05-07,C2335,Isha Singh,Hyderabad,Electronics,Smartwatch,3,6373.52,15.0,UPI,Delivered,False,False,16252.48,True
ORD200504,2025-05-07,C1100,Rahul Singh,Bengaluru,Electronics,Bluetooth Speaker,1,2006.01,0.0,Credit Card,Delivered,False,False,2006.01,True
ORD201007,2025-05-07,C1019,Diya Das,Kolkata,Home & Kitchen,Cookware Set,4,2921.25,20.0,COD,Delivered,False,False,9348.0,True
ORD202572,2025-05-07,C2241,Meera Kulkarni,Mumbai,Electronics,Bluetooth Speaker,2,2098.92,15.0,UPI,Delivered,False,False,3568.16,True
ORD202138,2025-05-07,C1304,Aditya Reddy,Pune,Electronics,USB-C Cable,1,383.84,10.0,UPI,Cancelled,False,False,345.46,False
ORD203380,2025-05-07,C1162,Riya Verma,Delhi,Electronics,USB-C Cable,3,380.61,20.0,Credit Card,Delivered,False,False,913.46,True
ORD202594,2025-05-07,C1972,Vikram Patel,Mumbai,Clothing,Cap,2,372.49,0.0,UPI,Delivered,False,False,744.98,True
ORD204534,2025-05-07,C2069,Pooja Singh,Delhi,Books,Novel,2,374.29,5.0,UPI,Cancelled,False,False,711.15,False
ORD201934,2025-05-08,C2266,Aarav Patel,Ahmedabad,Electronics,Power Bank,3,1380.32,15.0,Credit Card,Cancelled,False,False,3519.82,False
ORD200006,2025-05-08,C1882,Riya Das,Delhi,Books,Comics Set,1,816.67,15.0,COD,Cancelled,False,False,694.17,False
ORD204487,2025-05-08,C1366,Arjun Sharma,Kolkata,Books,Python Handbook,4,671.85,0.0,UPI,Delivered,False,True,2687.4,True
ORD204517,2025-05-08,C2090,Pooja Gupta,Bengaluru,Books,Comics Set,1,841.47,0.0,COD,Cancelled,False,False,841.47,False
ORD201241,2025-05-08,C1105,Priya Reddy,Mumbai,Books,Novel,1,334.59,10.0,Net Banking,Cancelled,False,False,301.13,False
ORD203094,2025-05-08,C1348,Diya Nair,Delhi,Books,Python Handbook,1,699.38,0.0,UPI,Cancelled,False,False,699.38,False
ORD201648,2025-05-08,C1945,Vikram Singh,Unknown,Clothing,Cap,1,333.39,15.0,Credit Card,Returned,False,False,283.38,False
ORD201397,2025-05-08,C2160,Riya Gupta,Bengaluru,Electronics,Wireless Earbuds,1,2528.86,0.0,Credit Card,Cancelled,True,False,2528.86,False
ORD203996,2025-05-08,C2393,Vivaan Joshi,Pune,Beauty,Perfume,2,1552.74,0.0,Credit Card,Delivered,False,False,3105.48,True
ORD204689,2025-05-08,C1306,Karan Sharma,Delhi,Home & Kitchen,Mixer Grinder,4,3135.84,0.0,UPI,Delivered,False,False,12543.36,True
ORD203577,2025-05-08,C1919,Arjun Kulkarni,Delhi,Home & Kitchen,Water Bottle,2,471.72,10.0,UPI,Cancelled,False,False,849.1,False
ORD201616,2025-05-08,C1038,Meera Joshi,Ahmedabad,Books,Exam Guide,2,486.56,0.0,Debit Card,Delivered,False,False,973.12,True
ORD200727,2025-05-08,C1225,Sanjay Verma,Delhi,Beauty,Lipstick,2,386.47,0.0,UPI,Delivered,False,False,772.94,True
ORD201751,2025-05-08,C1640,Karan Sharma,Hyderabad,Clothing,Cotton T-Shirt,2,597.22,20.0,UPI,Delivered,False,False,955.55,True
ORD203516,2025-05-08,C1358,Riya Reddy,Delhi,Electronics,USB-C Cable,2,411.99,0.0,UPI,Delivered,False,False,823.98,True
ORD203897,2025-05-08,C2255,Sneha Kulkarni,Chennai,Books,Novel,2,349.86,0.0,Debit Card,Delivered,False,False,699.72,True
ORD200796,2025-05-09,C2208,Sanjay Patel,Mumbai,Books,Python Handbook,1,714.61,20.0,UPI,Delivered,True,False,571.69,True
ORD202120,2025-05-09,C1627,Manish Joshi,Hyderabad,Clothing,Cap,2,338.18,20.0,UPI,Delivered,False,False,541.09,True
ORD204833,2025-05-09,C1078,Arjun Joshi,Mumbai,Electronics,USB-C Cable,1,409.66,5.0,Credit Card,Delivered,False,False,389.18,True
ORD200448,2025-05-09,C2079,Isha Kulkarni,Mumbai,Beauty,Perfume,1,1695.89,0.0,Credit Card,Delivered,False,False,1695.89,True
ORD202001,2025-05-09,C2354,Diya Gupta,Mumbai,Home & Kitchen,Air Fryer,1,5055.7,0.0,Credit Card,Returned,True,True,5055.7,False
ORD200506,2025-05-09,C2239,Ananya Reddy,Bengaluru,Electronics,USB-C Cable,1,410.15,0.0,Credit Card,Delivered,False,False,410.15,True
ORD201158,2025-05-09,C1357,Neha Verma,Hyderabad,Beauty,Perfume,2,1620.19,0.0,COD,Delivered,False,False,3240.38,True
ORD202663,2025-05-09,C1067,Karan Nair,Bengaluru,Clothing,Running Shoes,1,3202.59,0.0,UPI,Cancelled,False,False,3202.59,False
ORD200139,2025-05-09,C1116,Neha Kulkarni,Chennai,Beauty,Hair Dryer,1,1579.42,10.0,Debit Card,Delivered,False,False,1421.48,True
ORD202928,2025-05-09,C1031,Ananya Singh,Ahmedabad,Electronics,Wireless Earbuds,1,2407.39,0.0,Debit Card,Delivered,False,False,2407.39,True
ORD200039,2025-05-09,C1448,Sneha Mehta,Hyderabad,Clothing,Cotton T-Shirt,1,596.33,0.0,UPI,Returned,False,False,596.33,False
ORD200979,2025-05-10,C1317,Kavya Mehta,Mumbai,Electronics,Bluetooth Speaker,1,1928.55,0.0,UPI,Cancelled,False,False,1928.55,False
ORD204949,2025-05-10,C2228,Ananya Iyer,Mumbai,Electronics,Bluetooth Speaker,3,1964.78,10.0,Credit Card,Delivered,False,False,5304.91,True
ORD200117,2025-05-10,C2093,Diya Reddy,Mumbai,Electronics,Wireless Earbuds,4,2417.29,0.0,Credit Card,Delivered,False,False,9669.16,True
ORD201818,2025-05-10,C1757,Diya Das,Bengaluru,Electronics,Bluetooth Speaker,3,2150.68,5.0,COD,Delivered,False,False,6129.44,True
ORD202874,2025-05-10,C1399,Meera Kulkarni,Chennai,Clothing,Cotton T-Shirt,2,588.64,0.0,Net Banking,Returned,False,False,1177.28,False
ORD204182,2025-05-10,C2128,Priya Verma,Mumbai,Home & Kitchen,Water Bottle,4,445.47,0.0,UPI,Cancelled,False,False,1781.88,False
ORD203132,2025-05-10,C2340,Sneha Gupta,Mumbai,Clothing,Running Shoes,1,2883.08,15.0,Credit Card,Delivered,False,False,2450.62,True
ORD201329,2025-05-10,C1781,Diya Sharma,Delhi,Clothing,Hoodie,1,1521.97,0.0,COD,Returned,False,False,1521.97,False
ORD201467,2025-05-10,C2299,Vikram Verma,Bengaluru,Home & Kitchen,Water Bottle,4,460.41,0.0,COD,Delivered,False,False,1841.64,True
ORD204970,2025-05-10,C1810,Kavya Nair,Hyderabad,Clothing,Cap,3,337.32,0.0,COD,Delivered,False,False,1011.96,True
ORD204576,2025-05-10,C1874,Arjun Gupta,Chennai,Beauty,Hair Dryer,1,1582.39,10.0,Credit Card,Delivered,False,False,1424.15,True
ORD204913,2025-05-11,C1665,Aditya Gupta,Kolkata,Clothing,Cap,4,342.7,20.0,UPI,Delivered,False,False,1096.64,True
ORD203389,2025-05-11,C1085,Pooja Singh,Mumbai,Home & Kitchen,Air Fryer,2,4776.48,0.0,Debit Card,Cancelled,False,False,9552.96,False
ORD204382,2025-05-11,C1441,Vikram Gupta,Chennai,Home & Kitchen,Cookware Set,1,2963.2,10.0,Credit Card,Cancelled,False,False,2666.88,False
ORD204178,2025-05-11,C2289,Meera Mehta,Chennai,Home & Kitchen,Water Bottle,1,428.23,0.0,COD,Delivered,False,False,428.23,True
ORD204753,2025-05-11,C2013,Vikram Sharma,Mumbai,Beauty,Perfume,2,1522.88,5.0,Credit Card,Cancelled,False,False,2893.47,False
ORD201493,2025-05-11,C1984,Ananya Iyer,Kolkata,Clothing,Denim Jeans,1,1826.44,0.0,COD,Delivered,False,False,1826.44,True
ORD202638,2025-05-11,C1810,Kavya Nair,Hyderabad,Clothing,Running Shoes,1,2875.88,20.0,Net Banking,Delivered,False,False,2300.7,True
ORD200703,2025-05-11,C1914,Sanjay Das,Mumbai,Home & Kitchen,Mixer Grinder,1,3226.69,20.0,Debit Card,Delivered,False,False,2581.35,True
ORD202066,2025-05-11,C1342,Vikram Verma,Bengaluru,Clothing,Running Shoes,2,2971.52,0.0,UPI,Delivered,False,False,5943.04,True
ORD203223,2025-05-11,C2158,Sneha Gupta,Bengaluru,Clothing,Running Shoes,2,2990.3,5.0,COD,Delivered,False,False,5681.57,True
ORD200523,2025-05-11,C1068,Neha Joshi,Ahmedabad,Electronics,Smartwatch,1,6119.445,0.0,Credit Card,Delivered,True,False,6119.44,True
ORD203225,2025-05-11,C1714,Diya Kulkarni,Hyderabad,Clothing,Denim Jeans,2,1883.46,10.0,UPI,Returned,False,False,3390.23,False
ORD202623,2025-05-11,C1840,Manish Sharma,Chennai,Electronics,Wireless Earbuds,1,2528.86,0.0,COD,Delivered,True,False,2528.86,True
ORD201206,2025-05-12,C2277,Diya Sharma,Mumbai,Electronics,USB-C Cable,2,391.52,0.0,UPI,Delivered,False,False,783.04,True
ORD202462,2025-05-12,C2131,Neha Singh,Bengaluru,Home & Kitchen,Water Bottle,1,434.41,0.0,Net Banking,Cancelled,False,False,434.41,False
ORD203637,2025-05-12,C2369,Meera Patel,Chennai,Electronics,Wireless Earbuds,1,2665.02,0.0,UPI,Delivered,False,False,2665.02,True
ORD202305,2025-05-12,C1724,Manish Singh,Chennai,Home & Kitchen,Air Fryer,1,4971.91,0.0,UPI,Cancelled,False,True,4971.91,False
ORD201623,2025-05-12,C2369,Meera Patel,Chennai,Books,Python Handbook,2,752.7,5.0,UPI,Cancelled,False,False,1430.13,False
ORD203633,2025-05-12,C1380,Rohan Mehta,Bengaluru,Electronics,USB-C Cable,3,405.64,20.0,Debit Card,Cancelled,True,False,973.54,False
ORD201088,2025-05-12,C1608,Rohan Singh,Mumbai,Beauty,Perfume,1,1579.72,10.0,COD,Returned,False,False,1421.75,False
ORD200814,2025-05-12,C1794,Meera Kulkarni,Kolkata,Clothing,Running Shoes,4,3074.39,15.0,Net Banking,Delivered,False,False,10452.93,True
ORD200604,2025-05-12,C2157,Riya Gupta,Delhi,Electronics,USB-C Cable,2,427.08,15.0,Net Banking,Delivered,False,False,726.04,True
ORD200699,2025-05-12,C2396,Meera Gupta,Bengaluru,Electronics,Smartwatch,1,6436.56,0.0,Credit Card,Delivered,False,True,6436.56,True
ORD200508,2025-05-12,C2307,Ananya Nair,Mumbai,Books,Exam Guide,1,518.6,0.0,Debit Card,Cancelled,False,False,518.6,False
ORD202704,2025-05-12,C2193,Arjun Joshi,Ahmedabad,Books,Python Handbook,1,682.12,20.0,UPI,Delivered,False,False,545.7,True
ORD201081,2025-05-13,C1143,Diya Gupta,Hyderabad,Clothing,Running Shoes,3,2987.92,15.0,Net Banking,Delivered,False,False,7619.2,True
ORD201228,2025-05-13,C1848,Meera Iyer,Bengaluru,Books,Exam Guide,1,500.39,15.0,Debit Card,Delivered,False,False,425.33,True
ORD201971,2025-05-13,C1039,Priya Nair,Delhi,Clothing,Cotton T-Shirt,1,619.15,15.0,UPI,Returned,False,False,526.28,False
ORD200711,2025-05-13,C1921,Isha Mehta,Hyderabad,Clothing,Hoodie,3,1511.1,0.0,Credit Card,Returned,False,False,4533.3,False
ORD200357,2025-05-13,C1565,Isha Nair,Bengaluru,Beauty,Face Wash,1,257.32,0.0,UPI,Returned,False,True,257.32,False
ORD204419,2025-05-13,C1294,Aarav Nair,Kolkata,Beauty,Lipstick,1,426.29,15.0,UPI,Returned,False,False,362.35,False
ORD204578,2025-05-13,C1489,Sanjay Sharma,Hyderabad,Home & Kitchen,Cookware Set,2,2747.56,10.0,Credit Card,Cancelled,False,False,4945.61,False
ORD204543,2025-05-13,C2354,Diya Gupta,Mumbai,Electronics,Wireless Earbuds,1,2528.86,5.0,UPI,Delivered,True,False,2402.42,True
ORD200319,2025-05-13,C1987,Sneha Mehta,Delhi,Books,Comics Set,4,827.56,10.0,Net Banking,Returned,False,False,2979.22,False
ORD202801,2025-05-13,C2355,Ananya Verma,Pune,Beauty,Hair Dryer,2,1447.99,0.0,Debit Card,Delivered,False,False,2895.98,True
ORD200621,2025-05-13,C1356,Vikram Iyer,Mumbai,Home & Kitchen,Water Bottle,1,462.47,5.0,Credit Card,Delivered,False,False,439.35,True
ORD201002,2025-05-13,C1808,Pooja Gupta,Bengaluru,Books,Data Science Primer,1,909.62,10.0,Net Banking,Delivered,False,False,818.66,True
ORD204627,2025-05-13,C1618,Aarav Joshi,Delhi,Beauty,Hair Dryer,3,1544.01,0.0,Net Banking,Delivered,False,False,4632.03,True
ORD203675,2025-05-13,C2003,Riya Mehta,Hyderabad,Beauty,Moisturiser,1,461.3,15.0,COD,Delivered,False,False,392.1,True
ORD201071,2025-05-14,C2135,Riya Iyer,Ahmedabad,Beauty,Perfume,1,1653.36,10.0,UPI,Returned,False,False,1488.02,False
ORD200939,2025-05-14,C1195,Kavya Verma,Mumbai,Electronics,Smartwatch,2,6119.445,10.0,Credit Card,Returned,True,False,11015.0,False
ORD200275,2025-05-14,C1736,Arjun Das,Delhi,Electronics,Wireless Earbuds,3,2532.4,10.0,UPI,Delivered,False,False,6837.48,True
ORD201421,2025-05-14,C1427,Pooja Verma,Pune,Home & Kitchen,Air Fryer,2,4780.67,0.0,UPI,Delivered,False,False,9561.34,True
ORD200378,2025-05-14,C2351,Meera Das,Delhi,Electronics,USB-C Cable,4,416.41,20.0,UPI,Returned,False,False,1332.51,False
ORD203928,2025-05-14,C1764,Kavya Kulkarni,Delhi,Home & Kitchen,Mixer Grinder,1,3508.2,20.0,UPI,Delivered,False,False,2806.56,True
ORD201904,2025-05-14,C1803,Arjun Reddy,Delhi,Electronics,Smartwatch,3,5927.05,20.0,UPI,Cancelled,False,False,14224.92,False
ORD203682,2025-05-14,C1578,Kavya Mehta,Hyderabad,Beauty,Hair Dryer,1,1544.29,0.0,COD,Cancelled,False,False,1544.29,False
ORD201538,2025-05-14,C1769,Kavya Gupta,Bengaluru,Beauty,Face Wash,4,255.98,15.0,COD,Delivered,False,False,870.33,True
ORD204068,2025-05-14,C1362,Vivaan Nair,Hyderabad,Home & Kitchen,Cookware Set,1,2814.88,5.0,Unknown,Delivered,False,False,2674.14,True
ORD203715,2025-05-14,C2022,Diya Patel,Pune,Beauty,Moisturiser,2,428.34,0.0,COD,Delivered,False,False,856.68,True
ORD201718,2025-05-14,C1626,Rahul Mehta,Delhi,Home & Kitchen,Air Fryer,1,5334.46,15.0,UPI,Delivered,False,False,4534.29,True
ORD203371,2025-05-15,C1375,Manish Nair,Mumbai,Beauty,Face Wash,1,247.01,20.0,UPI,Cancelled,False,False,197.61,False
ORD201866,2025-05-15,C2355,Ananya Verma,Pune,Clothing,Hoodie,1,1594.15,15.0,Debit Card,Delivered,False,False,1355.03,True
ORD202365,2025-05-15,C1378,Pooja Das,Kolkata,Clothing,Cotton T-Shirt,3,614.45,5.0,UPI,Delivered,False,False,1751.18,True
ORD203400,2025-05-15,C1303,Manish Iyer,Delhi,Beauty,Moisturiser,3,465.43,5.0,UPI,Cancelled,False,False,1326.48,False
ORD203002,2025-05-15,C1782,Rohan Singh,Mumbai,Clothing,Denim Jeans,4,1870.91,0.0,Credit Card,Returned,False,False,7483.64,False
ORD202947,2025-05-15,C1316,Neha Iyer,Mumbai,Clothing,Running Shoes,4,2994.95,0.0,COD,Delivered,False,False,11979.8,True
ORD203975,2025-05-15,C1268,Vikram Mehta,Hyderabad,Clothing,Denim Jeans,1,1814.42,15.0,UPI,Delivered,False,False,1542.26,True
ORD204267,2025-05-15,C1956,Rahul Reddy,Ahmedabad,Books,Novel,1,374.74,15.0,Credit Card,Delivered,False,False,318.53,True
ORD201636,2025-05-15,C1851,Kavya Das,Hyderabad,Electronics,Bluetooth Speaker,2,1903.35,10.0,UPI,Returned,False,False,3426.03,False
ORD204899,2025-05-15,C1311,Meera Reddy,Kolkata,Home & Kitchen,Mixer Grinder,2,3516.23,0.0,UPI,Delivered,False,False,7032.46,True
ORD203679,2025-05-15,C1295,Rohan Mehta,Kolkata,Beauty,Perfume,4,1711.24,15.0,COD,Delivered,False,False,5818.22,True
ORD203008,2025-05-15,C2011,Aditya Joshi,Delhi,Beauty,Face Wash,1,243.67,15.0,Credit Card,Delivered,False,False,207.12,True
ORD200496,2025-05-15,C1010,Karan Reddy,Chennai,Clothing,Cotton T-Shirt,2,644.78,15.0,Debit Card,Delivered,False,False,1096.13,True
ORD204977,2025-05-16,C1223,Meera Gupta,Mumbai,Home & Kitchen,Water Bottle,1,434.63,0.0,UPI,Delivered,False,False,434.63,True
ORD200279,2025-05-16,C2266,Aarav Patel,Ahmedabad,Beauty,Lipstick,2,407.31,15.0,UPI,Delivered,False,False,692.43,True
ORD202332,2025-05-16,C1466,Sneha Reddy,Bengaluru,Home & Kitchen,Mixer Grinder,1,3558.31,0.0,Debit Card,Delivered,False,False,3558.31,True
ORD204748,2025-05-16,C2064,Priya Joshi,Pune,Electronics,Smartwatch,1,5974.67,5.0,Credit Card,Delivered,False,False,5675.94,True
ORD200184,2025-05-16,C1099,Diya Reddy,Bengaluru,Electronics,USB-C Cable,2,393.28,0.0,UPI,Cancelled,False,False,786.56,False
ORD202418,2025-05-16,C1391,Karan Gupta,Mumbai,Electronics,Smartwatch,1,6271.05,0.0,UPI,Returned,False,False,6271.05,False
ORD200980,2025-05-16,C2050,Kavya Joshi,Pune,Home & Kitchen,Water Bottle,1,474.46,0.0,UPI,Delivered,False,False,474.46,True
ORD200200,2025-05-16,C2122,Aarav Das,Ahmedabad,Home & Kitchen,Cookware Set,1,2926.46,20.0,Credit Card,Cancelled,False,False,2341.17,False
ORD201451,2025-05-16,C2190,Rahul Singh,Chennai,Clothing,Cotton T-Shirt,1,577.27,15.0,Credit Card,Returned,False,False,490.68,False
ORD203383,2025-05-16,C1741,Rohan Joshi,Delhi,Clothing,Cotton T-Shirt,4,622.49,15.0,Credit Card,Delivered,False,False,2116.47,True
ORD200635,2025-05-16,C1682,Riya Sharma,Bengaluru,Electronics,USB-C Cable,1,396.58,5.0,UPI,Delivered,False,False,376.75,True
ORD203836,2025-05-16,C2334,Riya Singh,Kolkata,Clothing,Hoodie,3,1526.31,15.0,COD,Cancelled,False,False,3892.09,False
ORD200736,2025-05-16,C1026,Vikram Singh,Mumbai,Beauty,Moisturiser,1,430.96,0.0,Credit Card,Delivered,False,False,430.96,True
ORD204591,2025-05-16,C1932,Diya Nair,Mumbai,Beauty,Face Wash,1,257.57,10.0,UPI,Returned,False,False,231.81,False
ORD202889,2025-05-17,C2147,Sneha Reddy,Bengaluru,Electronics,Power Bank,4,1236.28,0.0,Credit Card,Delivered,False,False,4945.12,True
ORD203369,2025-05-17,C1832,Sneha Gupta,Kolkata,Clothing,Running Shoes,2,3210.58,0.0,Credit Card,Delivered,False,False,6421.16,True
ORD203913,2025-05-17,C1966,Kavya Singh,Mumbai,Books,Data Science Primer,3,861.28,0.0,Credit Card,Delivered,False,False,2583.84,True
ORD200298,2025-05-17,C1969,Rahul Joshi,Chennai,Electronics,USB-C Cable,1,401.8,5.0,Debit Card,Returned,False,False,381.71,False
ORD202749,2025-05-17,C2268,Kavya Joshi,Delhi,Clothing,Cotton T-Shirt,1,594.16,0.0,UPI,Delivered,False,False,594.16,True
ORD203903,2025-05-17,C2029,Ananya Joshi,Mumbai,Books,Novel,2,365.32,0.0,UPI,Delivered,False,False,730.64,True
ORD202478,2025-05-17,C1860,Neha Gupta,Chennai,Beauty,Moisturiser,2,431.32,15.0,COD,Delivered,False,False,733.24,True
ORD204471,2025-05-17,C1061,Rohan Joshi,Chennai,Clothing,Running Shoes,4,3045.3,15.0,Credit Card,Delivered,False,False,10354.02,True
ORD200483,2025-05-17,C2354,Diya Gupta,Mumbai,Beauty,Perfume,3,1559.71,0.0,UPI,Returned,False,False,4679.13,False
ORD201875,2025-05-18,C2373,Aditya Reddy,Chennai,Electronics,Bluetooth Speaker,2,1952.93,0.0,Net Banking,Delivered,False,False,3905.86,True
ORD201463,2025-05-18,C2281,Kavya Iyer,Mumbai,Electronics,USB-C Cable,1,385.94,15.0,Debit Card,Delivered,False,False,328.05,True
ORD200379,2025-05-18,C1814,Rahul Mehta,Chennai,Clothing,Cotton T-Shirt,1,580.94,15.0,Net Banking,Returned,False,False,493.8,False
ORD202724,2025-05-18,C2102,Sneha Mehta,Chennai,Clothing,Denim Jeans,3,1930.25,0.0,COD,Delivered,False,False,5790.75,True
ORD204176,2025-05-18,C1383,Rahul Nair,Delhi,Beauty,Face Wash,4,254.11,0.0,COD,Delivered,False,False,1016.44,True
ORD203059,2025-05-18,C1447,Sanjay Kulkarni,Mumbai,Electronics,Bluetooth Speaker,1,1990.13,15.0,Credit Card,Delivered,False,False,1691.61,True
ORD204769,2025-05-18,C1236,Riya Kulkarni,Delhi,Electronics,USB-C Cable,4,380.18,0.0,UPI,Delivered,False,False,1520.72,True
ORD201382,2025-05-18,C2348,Rohan Kulkarni,Hyderabad,Beauty,Face Wash,2,236.77,5.0,Net Banking,Cancelled,False,False,449.86,False
ORD200468,2025-05-18,C2299,Vikram Verma,Pune,Home & Kitchen,Water Bottle,2,442.21,10.0,Net Banking,Returned,False,False,795.98,False
ORD200647,2025-05-18,C1764,Kavya Kulkarni,Delhi,Electronics,Bluetooth Speaker,2,2022.04,5.0,COD,Delivered,False,False,3841.88,True
ORD204546,2025-05-19,C2289,Meera Mehta,Chennai,Books,Exam Guide,1,530.06,0.0,UPI,Delivered,False,False,530.06,True
ORD202643,2025-05-19,C1349,Priya Nair,Bengaluru,Electronics,Smartwatch,3,5967.23,0.0,Debit Card,Delivered,False,False,17901.69,True
ORD204951,2025-05-19,C1601,Rahul Das,Mumbai,Electronics,Bluetooth Speaker,3,2033.21,0.0,Debit Card,Delivered,False,False,6099.63,True
ORD202133,2025-05-19,C1937,Manish Mehta,Hyderabad,Electronics,Power Bank,1,1275.39,5.0,UPI,Delivered,False,False,1211.62,True
ORD203058,2025-05-19,C1950,Neha Kulkarni,Delhi,Home & Kitchen,Air Fryer,1,4925.9,5.0,UPI,Delivered,False,False,4679.6,True
ORD201588,2025-05-19,C1138,Meera Nair,Chennai,Books,Comics Set,1,823.16,0.0,UPI,Delivered,False,False,823.16,True
ORD201523,2025-05-19,C1816,Pooja Nair,Bengaluru,Beauty,Hair Dryer,3,1544.13,15.0,Debit Card,Delivered,False,False,3937.53,True
ORD200132,2025-05-19,C2310,Vivaan Iyer,Delhi,Clothing,Denim Jeans,1,1908.0,0.0,UPI,Delivered,False,False,1908.0,True
ORD203241,2025-05-19,C2203,Vivaan Verma,Kolkata,Clothing,Denim Jeans,1,1849.2,5.0,Credit Card,Cancelled,False,False,1756.74,False
ORD203398,2025-05-19,C1163,Sneha Singh,Hyderabad,Electronics,Wireless Earbuds,2,2692.72,15.0,COD,Cancelled,False,False,4577.62,False
ORD204821,2025-05-20,C1044,Vivaan Kulkarni,Bengaluru,Electronics,Bluetooth Speaker,4,2053.23,15.0,Debit Card,Delivered,False,False,6980.98,True
ORD204244,2025-05-20,C2044,Meera Nair,Chennai,Electronics,Power Bank,1,1366.85,0.0,Debit Card,Cancelled,False,False,1366.85,False
ORD203258,2025-05-20,C2026,Manish Nair,Hyderabad,Clothing,Cotton T-Shirt,2,597.06,0.0,Credit Card,Delivered,False,False,1194.12,True
ORD204149,2025-05-20,C2152,Ananya Patel,Bengaluru,Beauty,Perfume,1,1569.5,20.0,Debit Card,Delivered,False,False,1255.6,True
ORD204973,2025-05-20,C1037,Riya Reddy,Ahmedabad,Clothing,Cap,1,364.28,10.0,UPI,Delivered,False,False,327.85,True
ORD201131,2025-05-20,C1031,Ananya Singh,Ahmedabad,Beauty,Moisturiser,4,472.53,0.0,Net Banking,Returned,False,False,1890.12,False
ORD204277,2025-05-20,C2334,Riya Singh,Kolkata,Electronics,Smartwatch,3,5731.29,0.0,UPI,Delivered,False,False,17193.87,True
ORD200540,2025-05-20,C2025,Priya Nair,Bengaluru,Books,Python Handbook,2,733.9,0.0,UPI,Delivered,False,False,1467.8,True
ORD203426,2025-05-20,C1211,Ananya Kulkarni,Bengaluru,Electronics,Smartwatch,4,5856.23,5.0,Credit Card,Cancelled,False,False,22253.67,False
ORD202468,2025-05-20,C1568,Rahul Iyer,Ahmedabad,Electronics,Smartwatch,4,6443.48,15.0,UPI,Delivered,False,False,21907.83,True
ORD203465,2025-05-20,C2034,Karan Kulkarni,Ahmedabad,Beauty,Lipstick,2,388.36,5.0,UPI,Cancelled,False,False,737.88,False
ORD202615,2025-05-20,C1154,Diya Joshi,Hyderabad,Clothing,Cotton T-Shirt,2,596.8,0.0,UPI,Delivered,False,False,1193.6,True
ORD200137,2025-05-20,C1868,Rahul Mehta,Pune,Books,Python Handbook,4,686.32,20.0,COD,Returned,False,False,2196.22,False
ORD202136,2025-05-20,C1368,Priya Das,Ahmedabad,Books,Comics Set,1,837.11,20.0,UPI,Cancelled,False,False,669.69,False
ORD204772,2025-05-20,C1794,Meera Kulkarni,Kolkata,Clothing,Cotton T-Shirt,2,574.83,15.0,Debit Card,Returned,False,False,977.21,False
ORD204304,2025-05-21,C2370,Sneha Nair,Ahmedabad,Clothing,Cotton T-Shirt,1,571.57,0.0,UPI,Delivered,False,False,571.57,True
ORD203242,2025-05-21,C2096,Rahul Das,Mumbai,Electronics,Wireless Earbuds,4,2385.6,5.0,Net Banking,Delivered,False,False,9065.28,True
ORD202818,2025-05-21,C1452,Rohan Sharma,Mumbai,Books,Python Handbook,1,732.79,20.0,Debit Card,Returned,False,False,586.23,False
ORD203097,2025-05-21,C1961,Priya Gupta,Chennai,Beauty,Lipstick,2,381.91,5.0,UPI,Cancelled,False,False,725.63,False
ORD202198,2025-05-21,C1070,Pooja Das,Hyderabad,Electronics,Power Bank,3,1335.41,0.0,Net Banking,Delivered,False,False,4006.23,True
ORD202736,2025-05-21,C2226,Aditya Reddy,Hyderabad,Beauty,Hair Dryer,1,1610.33,10.0,UPI,Returned,False,False,1449.3,False
ORD201765,2025-05-21,C2368,Neha Kulkarni,Mumbai,Electronics,Power Bank,1,1260.05,20.0,UPI,Delivered,False,False,1008.04,True
ORD203161,2025-05-21,C2066,Vivaan Sharma,Bengaluru,Home & Kitchen,Bedsheet Set,2,1296.08,0.0,Credit Card,Delivered,False,False,2592.16,True
ORD202404,2025-05-22,C2329,Karan Mehta,Chennai,Electronics,Smartwatch,1,5971.29,5.0,Unknown,Delivered,False,False,5672.73,True
ORD204252,2025-05-22,C1781,Diya Sharma,Delhi,Electronics,Smartwatch,2,6452.5,10.0,UPI,Cancelled,False,False,11614.5,False
ORD204663,2025-05-22,C1946,Rahul Das,Hyderabad,Beauty,Lipstick,2,411.71,0.0,Net Banking,Cancelled,False,False,823.42,False
ORD201072,2025-05-22,C2026,Manish Nair,Hyderabad,Electronics,Bluetooth Speaker,1,2126.09,0.0,COD,Delivered,False,False,2126.09,True
ORD204957,2025-05-23,C1871,Meera Sharma,Mumbai,Clothing,Cotton T-Shirt,4,640.54,15.0,Credit Card,Cancelled,False,False,2177.84,False
ORD200636,2025-05-23,C1033,Meera Joshi,Mumbai,Books,Comics Set,2,810.81,10.0,UPI,Delivered,False,False,1459.46,True
ORD204611,2025-05-23,C1529,Ananya Verma,Hyderabad,Books,Novel,2,332.83,0.0,Net Banking,Delivered,False,False,665.66,True
ORD203753,2025-05-23,C1990,Kavya Reddy,Delhi,Beauty,Moisturiser,1,455.95,0.0,UPI,Delivered,True,False,455.95,True
ORD204006,2025-05-23,C1944,Karan Iyer,Delhi,Clothing,Hoodie,3,1556.0,20.0,UPI,Delivered,False,False,3734.4,True
ORD204664,2025-05-23,C1769,Kavya Gupta,Bengaluru,Electronics,Bluetooth Speaker,4,2138.56,10.0,UPI,Delivered,False,False,7698.82,True
ORD203437,2025-05-23,C1343,Neha Sharma,Mumbai,Clothing,Hoodie,4,1540.5,20.0,Credit Card,Cancelled,False,False,4929.6,False
ORD203636,2025-05-23,C1939,Aditya Joshi,Mumbai,Clothing,Cotton T-Shirt,3,642.77,0.0,COD,Delivered,False,False,1928.31,True
ORD201033,2025-05-23,C1066,Aarav Kulkarni,Delhi,Electronics,Bluetooth Speaker,1,2009.91,5.0,Debit Card,Returned,False,False,1909.41,False
ORD201757,2025-05-24,C1416,Rahul Mehta,Mumbai,Clothing,Cotton T-Shirt,2,592.88,5.0,UPI,Delivered,False,False,1126.47,True
ORD200724,2025-05-24,C2055,Rahul Kulkarni,Mumbai,Home & Kitchen,Air Fryer,2,5075.3,20.0,UPI,Cancelled,False,False,8120.48,False
ORD203954,2025-05-24,C2039,Rohan Nair,Chennai,Home & Kitchen,Cookware Set,2,3004.68,0.0,Credit Card,Delivered,False,False,6009.36,True
ORD200726,2025-05-24,C1530,Isha Mehta,Delhi,Clothing,Cotton T-Shirt,3,583.59,20.0,Credit Card,Delivered,False,False,1400.62,True
ORD204077,2025-05-24,C2043,Diya Mehta,Bengaluru,Electronics,USB-C Cable,2,380.17,10.0,UPI,Returned,False,False,684.31,False
ORD203949,2025-05-24,C1135,Karan Reddy,Kolkata,Home & Kitchen,Water Bottle,1,442.84,0.0,COD,Delivered,False,False,442.84,True
ORD204928,2025-05-25,C1230,Priya Nair,Bengaluru,Clothing,Hoodie,3,1573.33,15.0,COD,Cancelled,False,False,4011.99,False
ORD201982,2025-05-25,C1791,Diya Reddy,Pune,Electronics,Bluetooth Speaker,2,1933.48,0.0,Debit Card,Delivered,False,False,3866.96,True
ORD201083,2025-05-25,C1261,Aditya Nair,Mumbai,Home & Kitchen,Mixer Grinder,4,3137.35,0.0,UPI,Cancelled,False,False,12549.4,False
ORD201989,2025-05-25,C2234,Kavya Verma,Bengaluru,Beauty,Hair Dryer,2,1555.72,0.0,UPI,Delivered,False,False,3111.44,True
ORD204615,2025-05-25,C1288,Rahul Iyer,Kolkata,Electronics,Wireless Earbuds,3,2561.85,15.0,Net Banking,Cancelled,False,False,6532.72,False
ORD200181,2025-05-25,C1190,Vikram Iyer,Ahmedabad,Clothing,Hoodie,1,1571.51,20.0,UPI,Cancelled,False,False,1257.21,False
ORD201956,2025-05-25,C2017,Vikram Iyer,Delhi,Beauty,Perfume,2,1590.37,10.0,Credit Card,Delivered,False,False,2862.67,True
ORD200605,2025-05-25,C2386,Sneha Singh,Hyderabad,Beauty,Hair Dryer,2,1481.53,10.0,UPI,Delivered,False,False,2666.75,True
ORD202772,2025-05-25,C1507,Isha Joshi,Bengaluru,Home & Kitchen,Cookware Set,2,2823.74,5.0,Credit Card,Cancelled,False,False,5365.11,False
ORD200257,2025-05-25,C1774,Karan Verma,Bengaluru,Home & Kitchen,Mixer Grinder,1,3441.47,0.0,Debit Card,Returned,False,False,3441.47,False
ORD203896,2025-05-25,C1820,Manish Patel,Chennai,Electronics,USB-C Cable,1,412.78,15.0,UPI,Returned,False,False,350.86,False
ORD203050,2025-05-25,C1102,Karan Kulkarni,Mumbai,Clothing,Cap,2,357.77,0.0,Net Banking,Delivered,False,False,715.54,True
ORD201096,2025-05-25,C1267,Diya Verma,Ahmedabad,Beauty,Perfume,1,1684.84,0.0,Credit Card,Delivered,False,False,1684.84,True
ORD202557,2025-05-25,C2227,Diya Singh,Hyderabad,Home & Kitchen,Air Fryer,1,5084.12,20.0,Debit Card,Delivered,False,False,4067.3,True
ORD200268,2025-05-25,C1044,Vivaan Kulkarni,Bengaluru,Electronics,Smartwatch,2,6086.85,10.0,Credit Card,Cancelled,False,False,10956.33,False
ORD202060,2025-05-25,C1516,Kavya Singh,Kolkata,Beauty,Hair Dryer,2,1504.58,0.0,UPI,Cancelled,False,False,3009.16,False
ORD204131,2025-05-25,C2068,Karan Iyer,Hyderabad,Beauty,Face Wash,2,244.35,0.0,Credit Card,Delivered,False,False,488.7,True
ORD203935,2025-05-25,C1682,Riya Sharma,Bengaluru,Home & Kitchen,Cookware Set,2,2799.88,0.0,Debit Card,Delivered,False,False,5599.76,True
ORD203977,2025-05-26,C1957,Pooja Gupta,Bengaluru,Books,Novel,3,347.92,0.0,Debit Card,Delivered,False,False,1043.76,True
ORD202422,2025-05-26,C1516,Kavya Singh,Kolkata,Electronics,USB-C Cable,4,393.83,20.0,Debit Card,Delivered,False,False,1260.26,True
ORD201089,2025-05-26,C1976,Riya Singh,Bengaluru,Electronics,Power Bank,1,1293.06,15.0,Credit Card,Delivered,False,False,1099.1,True
ORD200729,2025-05-26,C1154,Diya Joshi,Hyderabad,Electronics,Power Bank,1,1306.74,0.0,Net Banking,Delivered,False,False,1306.74,True
ORD201338,2025-05-26,C2194,Isha Iyer,Delhi,Beauty,Face Wash,2,255.16,20.0,Credit Card,Delivered,False,False,408.26,True
ORD203724,2025-05-26,C1614,Neha Gupta,Ahmedabad,Beauty,Hair Dryer,1,1436.41,15.0,UPI,Delivered,False,False,1220.95,True
ORD201122,2025-05-26,C1703,Vikram Das,Mumbai,Electronics,Bluetooth Speaker,1,2020.61,20.0,COD,Delivered,False,False,1616.49,True
ORD200430,2025-05-26,C2249,Aditya Singh,Mumbai,Books,Data Science Primer,1,875.31,0.0,UPI,Delivered,False,False,875.31,True
ORD200745,2025-05-26,C2004,Vivaan Iyer,Delhi,Home & Kitchen,Air Fryer,1,4920.96,20.0,Credit Card,Returned,False,False,3936.77,False
ORD204106,2025-05-26,C1398,Kavya Kulkarni,Chennai,Electronics,Wireless Earbuds,2,2612.28,0.0,UPI,Returned,False,False,5224.56,False
ORD204421,2025-05-26,C1259,Arjun Patel,Pune,Clothing,Denim Jeans,4,1762.31,10.0,Debit Card,Cancelled,False,False,6344.32,False
ORD203662,2025-05-26,C2061,Kavya Reddy,Bengaluru,Clothing,Running Shoes,3,3228.6,15.0,Debit Card,Delivered,False,False,8232.93,True
ORD203837,2025-05-26,C1358,Riya Reddy,Delhi,Clothing,Cap,2,339.01,10.0,UPI,Delivered,False,False,610.22,True
ORD204654,2025-05-26,C2246,Karan Mehta,Bengaluru,Home & Kitchen,Mixer Grinder,3,3395.07,0.0,Debit Card,Delivered,False,False,10185.21,True
ORD203572,2025-05-26,C1197,Riya Kulkarni,Chennai,Books,Novel,2,353.93,0.0,UPI,Cancelled,False,False,707.86,False
ORD204236,2025-05-27,C1372,Sanjay Nair,Mumbai,Clothing,Cap,1,353.98,20.0,Credit Card,Delivered,False,False,283.18,True
ORD201263,2025-05-27,C1082,Neha Patel,Mumbai,Books,Exam Guide,1,519.89,15.0,UPI,Delivered,False,False,441.91,True
ORD200641,2025-05-27,C2365,Manish Verma,Chennai,Electronics,Wireless Earbuds,2,2588.2,0.0,Credit Card,Delivered,False,False,5176.4,True
ORD203203,2025-05-27,C2223,Ananya Das,Delhi,Books,Python Handbook,3,707.74,0.0,UPI,Delivered,False,False,2123.22,True
ORD204756,2025-05-27,C1124,Arjun Sharma,Pune,Clothing,Cap,4,375.83,20.0,UPI,Delivered,False,False,1202.66,True
ORD202012,2025-05-27,C1907,Riya Das,Pune,Clothing,Cap,1,363.18,20.0,Debit Card,Delivered,False,False,290.54,True
ORD201358,2025-05-27,C2310,Vivaan Iyer,Delhi,Home & Kitchen,Mixer Grinder,4,3560.43,15.0,Debit Card,Cancelled,False,False,12105.46,False
ORD202812,2025-05-27,C1014,Aditya Das,Chennai,Beauty,Moisturiser,2,455.95,0.0,COD,Delivered,True,False,911.9,True
ORD200579,2025-05-27,C1388,Manish Das,Delhi,Clothing,Cap,1,343.39,0.0,Net Banking,Cancelled,False,False,343.39,False
ORD202726,2025-05-27,C2387,Karan Verma,Bengaluru,Clothing,Running Shoes,3,3109.95,10.0,UPI,Delivered,False,False,8396.86,True
ORD203067,2025-05-27,C1178,Sneha Reddy,Mumbai,Electronics,Power Bank,3,1317.82,10.0,Net Banking,Cancelled,False,False,3558.11,False
ORD203541,2025-05-27,C1665,Aditya Gupta,Kolkata,Beauty,Moisturiser,1,462.12,20.0,Debit Card,Cancelled,False,False,369.7,False
ORD203765,2025-05-27,C1908,Kavya Joshi,Chennai,Electronics,USB-C Cable,2,392.78,0.0,COD,Delivered,False,False,785.56,True
ORD201185,2025-05-28,C2023,Ananya Verma,Pune,Electronics,USB-C Cable,2,388.46,0.0,UPI,Delivered,False,False,776.92,True
ORD201622,2025-05-28,C2170,Sneha Gupta,Hyderabad,Home & Kitchen,Air Fryer,4,5365.65,10.0,Debit Card,Delivered,False,False,19316.34,True
ORD202581,2025-05-28,C1050,Rahul Patel,Mumbai,Electronics,Wireless Earbuds,4,2672.27,20.0,COD,Delivered,False,False,8551.26,True
ORD200761,2025-05-28,C1395,Pooja Patel,Pune,Electronics,Bluetooth Speaker,1,2133.11,10.0,UPI,Cancelled,False,False,1919.8,False
ORD201140,2025-05-28,C1088,Arjun Patel,Mumbai,Home & Kitchen,Mixer Grinder,3,3560.2,15.0,UPI,Delivered,False,False,9078.51,True
ORD200382,2025-05-28,C1055,Neha Gupta,Delhi,Clothing,Cap,2,372.61,20.0,UPI,Delivered,False,False,596.18,True
ORD204256,2025-05-28,C1138,Meera Nair,Chennai,Electronics,Power Bank,2,1241.98,0.0,Debit Card,Delivered,False,False,2483.96,True
ORD203529,2025-05-28,C2366,Aarav Iyer,Ahmedabad,Electronics,Bluetooth Speaker,1,1986.31,0.0,Net Banking,Delivered,False,False,1986.31,True
ORD202208,2025-05-28,C1582,Neha Das,Hyderabad,Clothing,Running Shoes,4,2860.97,20.0,COD,Delivered,False,False,9155.1,True
ORD201102,2025-05-28,C1369,Riya Gupta,Mumbai,Clothing,Hoodie,4,1567.93,10.0,Debit Card,Cancelled,False,False,5644.55,False
ORD203487,2025-05-28,C1049,Arjun Gupta,Chennai,Home & Kitchen,Mixer Grinder,3,3523.25,0.0,Debit Card,Delivered,False,False,10569.75,True
ORD203710,2025-05-28,C2157,Riya Gupta,Delhi,Beauty,Hair Dryer,1,1481.65,20.0,UPI,Delivered,False,False,1185.32,True
ORD204185,2025-05-28,C2348,Rohan Kulkarni,Hyderabad,Beauty,Lipstick,1,393.54,20.0,UPI,Delivered,False,False,314.83,True
ORD203164,2025-05-28,C1643,Vivaan Mehta,Mumbai,Home & Kitchen,Water Bottle,1,444.01,0.0,Net Banking,Cancelled,False,False,444.01,False
ORD204460,2025-05-28,C1343,Neha Sharma,Mumbai,Books,Data Science Primer,3,911.29,5.0,COD,Delivered,False,False,2597.18,True
ORD203674,2025-05-29,C1283,Vivaan Verma,Chennai,Electronics,USB-C Cable,1,420.36,20.0,Debit Card,Delivered,False,False,336.29,True
ORD202519,2025-05-29,C1212,Isha Mehta,Bengaluru,Beauty,Hair Dryer,1,1606.04,15.0,UPI,Delivered,False,False,1365.13,True
ORD202610,2025-05-29,C1300,Pooja Nair,Hyderabad,Beauty,Hair Dryer,2,1535.29,0.0,UPI,Delivered,False,False,3070.58,True
ORD203948,2025-05-29,C1466,Sneha Reddy,Bengaluru,Clothing,Running Shoes,2,3110.47,15.0,UPI,Delivered,False,False,5287.8,True
ORD203973,2025-05-29,C2202,Kavya Mehta,Delhi,Home & Kitchen,Water Bottle,1,458.47,0.0,UPI,Cancelled,False,False,458.47,False
ORD200565,2025-05-29,C2152,Ananya Patel,Bengaluru,Home & Kitchen,Water Bottle,3,444.39,0.0,Credit Card,Cancelled,False,True,1333.17,False
ORD203760,2025-05-29,C2208,Sanjay Patel,Mumbai,Home & Kitchen,Cookware Set,1,2993.1,0.0,COD,Cancelled,False,True,2993.1,False
ORD204426,2025-05-29,C2322,Aditya Nair,Bengaluru,Home & Kitchen,Air Fryer,4,4894.48,0.0,Debit Card,Delivered,False,False,19577.92,True
ORD202083,2025-05-29,C1408,Riya Singh,Bengaluru,Books,Comics Set,2,807.63,0.0,UPI,Delivered,False,False,1615.26,True
ORD201332,2025-05-30,C2015,Karan Sharma,Ahmedabad,Beauty,Face Wash,1,245.24,0.0,Net Banking,Delivered,False,False,245.24,True
ORD200404,2025-05-30,C1305,Priya Mehta,Bengaluru,Electronics,Smartwatch,3,6347.89,10.0,Debit Card,Delivered,False,False,17139.3,True
ORD201375,2025-05-30,C1612,Neha Verma,Ahmedabad,Books,Data Science Primer,1,886.79,0.0,COD,Returned,False,False,886.79,False
ORD204478,2025-05-30,C2248,Isha Mehta,Mumbai,Electronics,Smartwatch,1,5739.05,10.0,Net Banking,Returned,False,False,5165.15,False
ORD202670,2025-05-30,C2281,Kavya Iyer,Mumbai,Electronics,Bluetooth Speaker,1,2002.93,10.0,COD,Cancelled,False,False,1802.64,False
ORD203216,2025-05-30,C1873,Rahul Sharma,Chennai,Clothing,Running Shoes,3,3056.66,0.0,Credit Card,Delivered,False,False,9169.98,True
ORD204643,2025-05-30,C2272,Isha Nair,Kolkata,Beauty,Hair Dryer,4,1526.97,20.0,UPI,Cancelled,False,False,4886.3,False
ORD202690,2025-05-30,C2331,Priya Singh,Mumbai,Home & Kitchen,Bedsheet Set,4,1318.125,0.0,UPI,Returned,True,False,5272.5,False
ORD201302,2025-05-30,C1233,Sanjay Joshi,Delhi,Beauty,Hair Dryer,1,1506.2350000000001,15.0,Credit Card,Returned,True,False,1280.3,False
ORD203734,2025-05-30,C2172,Sanjay Gupta,Pune,Clothing,Hoodie,2,1599.11,15.0,Credit Card,Delivered,False,False,2718.49,True
ORD203015,2025-05-30,C1681,Rohan Sharma,Chennai,Books,Comics Set,3,831.5,20.0,UPI,Delivered,False,False,1995.6,True
ORD203171,2025-05-31,C1811,Ananya Sharma,Delhi,Electronics,USB-C Cable,1,405.45,20.0,UPI,Delivered,False,False,324.36,True
ORD204057,2025-05-31,C1398,Kavya Kulkarni,Chennai,Electronics,Smartwatch,3,6119.445,10.0,Debit Card,Delivered,True,False,16522.5,True
ORD203316,2025-05-31,C1333,Ananya Verma,Pune,Electronics,Power Bank,1,1318.0,0.0,Net Banking,Delivered,False,False,1318.0,True
ORD200477,2025-05-31,C1675,Priya Singh,Mumbai,Clothing,Cap,2,336.71,10.0,UPI,Delivered,False,False,606.08,True
ORD201524,2025-05-31,C1606,Kavya Kulkarni,Delhi,Clothing,Running Shoes,2,3100.68,0.0,UPI,Delivered,False,False,6201.36,True
ORD200135,2025-05-31,C1124,Arjun Sharma,Pune,Home & Kitchen,Mixer Grinder,3,3393.66,0.0,Net Banking,Delivered,False,False,10180.98,True
ORD200513,2025-05-31,C1766,Isha Kulkarni,Delhi,Books,Novel,2,332.81,20.0,UPI,Cancelled,False,False,532.5,False
ORD204762,2025-05-31,C2248,Isha Mehta,Mumbai,Beauty,Hair Dryer,1,1549.92,5.0,UPI,Delivered,False,False,1472.42,True
ORD203838,2025-05-31,C1438,Rahul Nair,Mumbai,Electronics,Smartwatch,3,6348.27,10.0,Net Banking,Delivered,False,False,17140.33,True
ORD204140,2025-05-31,C1356,Vikram Iyer,Mumbai,Clothing,Running Shoes,4,3050.7349999999997,5.0,UPI,Cancelled,True,False,11592.79,False
ORD201370,2025-06-01,C1797,Manish Gupta,Mumbai,Electronics,Power Bank,1,1341.02,5.0,UPI,Delivered,False,False,1273.97,True
ORD203860,2025-06-01,C2313,Neha Singh,Chennai,Beauty,Face Wash,3,246.83,5.0,UPI,Delivered,False,False,703.47,True
ORD203640,2025-06-01,C1758,Priya Gupta,Delhi,Home & Kitchen,Air Fryer,2,5094.9,20.0,COD,Delivered,False,False,8151.84,True
ORD203750,2025-06-01,C1523,Manish Patel,Chennai,Clothing,Cap,3,351.08,10.0,Net Banking,Cancelled,False,False,947.92,False
ORD202397,2025-06-01,C1506,Ananya Mehta,Bengaluru,Beauty,Hair Dryer,1,1441.47,10.0,UPI,Delivered,False,False,1297.32,True
ORD204625,2025-06-01,C2210,Aditya Joshi,Hyderabad,Clothing,Running Shoes,2,3050.7349999999997,0.0,COD,Delivered,True,False,6101.47,True
ORD202096,2025-06-01,C1887,Pooja Joshi,Bengaluru,Clothing,Hoodie,2,1526.77,10.0,Credit Card,Delivered,False,False,2748.19,True
ORD202277,2025-06-01,C1300,Pooja Nair,Hyderabad,Home & Kitchen,Bedsheet Set,1,1293.83,15.0,UPI,Delivered,False,False,1099.76,True
ORD203716,2025-06-01,C1310,Isha Singh,Mumbai,Home & Kitchen,Bedsheet Set,1,1266.56,0.0,Credit Card,Cancelled,False,False,1266.56,False
ORD202631,2025-06-01,C2353,Sanjay Iyer,Kolkata,Electronics,Wireless Earbuds,1,2575.96,20.0,UPI,Delivered,False,False,2060.77,True
ORD202946,2025-06-02,C1675,Priya Singh,Mumbai,Books,Python Handbook,1,736.93,20.0,Net Banking,Cancelled,False,False,589.54,False
ORD200108,2025-06-02,C1822,Diya Sharma,Pune,Electronics,Bluetooth Speaker,1,2116.02,0.0,Debit Card,Delivered,False,False,2116.02,True
ORD204469,2025-06-02,C1003,Ananya Gupta,Delhi,Clothing,Cotton T-Shirt,1,613.95,5.0,UPI,Delivered,False,False,583.25,True
ORD204013,2025-06-02,C2259,Diya Iyer,Bengaluru,Electronics,Wireless Earbuds,3,2471.26,5.0,UPI,Delivered,False,False,7043.09,True
ORD203915,2025-06-03,C1273,Meera Mehta,Mumbai,Clothing,Hoodie,1,1538.66,0.0,Net Banking,Returned,False,False,1538.66,False
ORD201315,2025-06-03,C2371,Diya Kulkarni,Kolkata,Electronics,Power Bank,1,1294.49,0.0,UPI,Cancelled,False,False,1294.49,False
ORD204196,2025-06-03,C2219,Manish Iyer,Hyderabad,Electronics,Bluetooth Speaker,1,2096.26,0.0,COD,Returned,False,False,2096.26,False
ORD204436,2025-06-03,C2323,Riya Reddy,Kolkata,Clothing,Cap,1,336.95,10.0,UPI,Cancelled,False,False,303.26,False
ORD200447,2025-06-03,C1519,Pooja Verma,Chennai,Beauty,Face Wash,2,255.19,10.0,Credit Card,Delivered,False,False,459.34,True
ORD203429,2025-06-03,C1198,Priya Patel,Bengaluru,Electronics,USB-C Cable,1,383.69,5.0,Credit Card,Cancelled,False,False,364.51,False
ORD204918,2025-06-03,C1688,Diya Iyer,Delhi,Books,Novel,1,373.66,0.0,UPI,Delivered,False,False,373.66,True
ORD200076,2025-06-03,C1958,Meera Das,Bengaluru,Clothing,Cap,2,342.22,10.0,UPI,Returned,False,False,616.0,False
ORD204702,2025-06-03,C1716,Neha Verma,Mumbai,Home & Kitchen,Mixer Grinder,1,3480.29,15.0,Net Banking,Delivered,False,False,2958.25,True
ORD203602,2025-06-03,C2291,Riya Patel,Hyderabad,Beauty,Face Wash,2,237.49,15.0,UPI,Delivered,False,False,403.73,True
ORD204937,2025-06-03,C1183,Priya Iyer,Kolkata,Home & Kitchen,Mixer Grinder,2,3485.25,0.0,UPI,Delivered,False,True,6970.5,True
ORD200780,2025-06-03,C1728,Aarav Mehta,Hyderabad,Home & Kitchen,Cookware Set,3,2689.79,0.0,Net Banking,Delivered,False,False,8069.37,True
ORD200559,2025-06-03,C2182,Riya Kulkarni,Delhi,Clothing,Denim Jeans,4,1786.4,20.0,Credit Card,Cancelled,False,False,5716.48,False
ORD200999,2025-06-03,C1739,Sanjay Verma,Bengaluru,Electronics,Wireless Earbuds,2,2610.58,5.0,Credit Card,Delivered,False,False,4960.1,True
ORD204279,2025-06-03,C1573,Kavya Patel,Delhi,Beauty,Face Wash,1,247.66,0.0,COD,Delivered,False,False,247.66,True
ORD204104,2025-06-03,C1772,Vivaan Kulkarni,Kolkata,Clothing,Denim Jeans,2,1941.34,0.0,UPI,Delivered,False,False,3882.68,True
ORD202988,2025-06-03,C1530,Isha Mehta,Delhi,Clothing,Denim Jeans,2,1854.89,15.0,Debit Card,Returned,False,False,3153.31,False
ORD204848,2025-06-03,C1488,Arjun Verma,Delhi,Electronics,Bluetooth Speaker,1,2035.3,0.0,Debit Card,Delivered,False,False,2035.3,True
ORD203992,2025-06-03,C1475,Riya Joshi,Bengaluru,Electronics,Smartwatch,1,5938.44,10.0,Net Banking,Cancelled,False,False,5344.6,False
ORD203917,2025-06-04,C1174,Pooja Joshi,Mumbai,Home & Kitchen,Air Fryer,1,5359.7,0.0,Debit Card,Delivered,False,False,5359.7,True
ORD204326,2025-06-04,C2147,Sneha Reddy,Bengaluru,Books,Novel,3,355.41,15.0,UPI,Delivered,False,False,906.3,True
ORD200246,2025-06-04,C1494,Ananya Kulkarni,Mumbai,Electronics,Wireless Earbuds,2,2564.43,0.0,Debit Card,Delivered,False,False,5128.86,True
ORD203157,2025-06-04,C1134,Diya Sharma,Mumbai,Clothing,Running Shoes,2,2870.91,5.0,UPI,Cancelled,False,False,5454.73,False
ORD200911,2025-06-04,C1570,Kavya Gupta,Kolkata,Home & Kitchen,Cookware Set,1,2730.6,0.0,Net Banking,Delivered,False,False,2730.6,True
ORD200840,2025-06-04,C1418,Manish Gupta,Bengaluru,Electronics,Power Bank,4,1262.03,10.0,COD,Delivered,False,False,4543.31,True
ORD203139,2025-06-04,C2208,Sanjay Patel,Mumbai,Electronics,Smartwatch,2,5859.79,15.0,Credit Card,Delivered,False,False,9961.64,True
ORD203592,2025-06-04,C1959,Pooja Kulkarni,Delhi,Books,Novel,1,369.57,0.0,Net Banking,Delivered,False,False,369.57,True
ORD201112,2025-06-04,C1755,Meera Das,Kolkata,Electronics,Bluetooth Speaker,1,2098.19,20.0,COD,Delivered,False,False,1678.55,True
ORD201991,2025-06-04,C1439,Diya Nair,Bengaluru,Beauty,Lipstick,2,419.38,0.0,UPI,Delivered,False,False,838.76,True
ORD203843,2025-06-04,C1790,Sneha Mehta,Pune,Electronics,Wireless Earbuds,1,2501.2,0.0,Net Banking,Delivered,False,True,2501.2,True
ORD203644,2025-06-05,C1066,Aarav Kulkarni,Delhi,Books,Data Science Primer,3,870.29,0.0,Debit Card,Delivered,False,False,2610.87,True
ORD202588,2025-06-05,C1765,Neha Joshi,Hyderabad,Beauty,Moisturiser,1,471.38,5.0,Debit Card,Delivered,False,False,447.81,True
ORD201398,2025-06-05,C1733,Pooja Singh,Hyderabad,Clothing,Cotton T-Shirt,1,598.87,10.0,UPI,Delivered,False,False,538.98,True
ORD204658,2025-06-05,C1573,Kavya Patel,Delhi,Beauty,Moisturiser,1,435.69,20.0,Debit Card,Delivered,False,False,348.55,True
ORD200428,2025-06-05,C2253,Isha Das,Delhi,Electronics,Smartwatch,3,6117.7,5.0,Net Banking,Delivered,False,False,17435.44,True
ORD200972,2025-06-05,C2389,Aarav Iyer,Delhi,Beauty,Face Wash,2,244.17,20.0,UPI,Returned,False,False,390.67,False
ORD202111,2025-06-05,C2373,Aditya Reddy,Chennai,Home & Kitchen,Cookware Set,1,2910.91,20.0,Credit Card,Cancelled,False,False,2328.73,False
ORD203025,2025-06-05,C1363,Priya Mehta,Delhi,Home & Kitchen,Cookware Set,2,2844.44,5.0,COD,Returned,False,False,5404.44,False
ORD204004,2025-06-05,C1994,Karan Verma,Bengaluru,Books,Python Handbook,3,669.54,20.0,COD,Delivered,False,False,1606.9,True
ORD200965,2025-06-05,C1848,Meera Iyer,Bengaluru,Home & Kitchen,Mixer Grinder,2,3513.86,0.0,Net Banking,Delivered,False,False,7027.72,True
ORD204099,2025-06-05,C1473,Meera Patel,Pune,Clothing,Hoodie,1,1526.505,10.0,Debit Card,Returned,True,False,1373.85,False
ORD201633,2025-06-05,C2183,Manish Nair,Kolkata,Electronics,USB-C Cable,1,422.17,15.0,Credit Card,Delivered,False,False,358.84,True
ORD202905,2025-06-05,C2311,Sneha Verma,Hyderabad,Books,Novel,1,333.6,0.0,Debit Card,Delivered,False,False,333.6,True
ORD200878,2025-06-05,C1192,Vikram Singh,Pune,Books,Exam Guide,1,504.89,15.0,Credit Card,Returned,False,False,429.16,False
ORD204433,2025-06-05,C1877,Isha Joshi,Kolkata,Electronics,Smartwatch,1,6205.12,15.0,UPI,Cancelled,False,False,5274.35,False
ORD201184,2025-06-05,C2088,Neha Sharma,Mumbai,Electronics,USB-C Cable,3,401.91,10.0,UPI,Returned,False,False,1085.16,False
ORD203783,2025-06-05,C1484,Neha Reddy,Hyderabad,Home & Kitchen,Bedsheet Set,1,1392.86,0.0,Credit Card,Returned,False,False,1392.86,False
ORD201453,2025-06-06,C1168,Meera Iyer,Delhi,Clothing,Denim Jeans,1,1851.8,5.0,UPI,Delivered,False,False,1759.21,True
ORD204289,2025-06-06,C1105,Priya Reddy,Mumbai,Clothing,Running Shoes,1,3150.72,20.0,Net Banking,Delivered,False,False,2520.58,True
ORD202429,2025-06-06,C1528,Priya Gupta,Ahmedabad,Electronics,Smartwatch,4,6180.57,0.0,UPI,Delivered,False,False,24722.28,True
ORD200422,2025-06-06,C1704,Sanjay Joshi,Hyderabad,Home & Kitchen,Air Fryer,1,4804.37,0.0,Credit Card,Delivered,False,False,4804.37,True
ORD202115,2025-06-06,C1328,Neha Singh,Chennai,Books,Exam Guide,1,481.13,15.0,COD,Delivered,False,False,408.96,True
ORD201730,2025-06-06,C1212,Isha Mehta,Bengaluru,Clothing,Hoodie,4,1465.74,0.0,COD,Delivered,False,True,5862.96,True
ORD204428,2025-06-06,C1397,Sneha Iyer,Delhi,Beauty,Perfume,2,1681.27,5.0,Credit Card,Delivered,False,False,3194.41,True
ORD201085,2025-06-06,C2050,Kavya Joshi,Pune,Electronics,Power Bank,2,1312.44,5.0,Net Banking,Delivered,False,False,2493.64,True
ORD200408,2025-06-06,C1510,Sanjay Patel,Ahmedabad,Home & Kitchen,Water Bottle,1,438.81,0.0,UPI,Delivered,False,False,438.81,True
ORD203104,2025-06-06,C1745,Ananya Nair,Pune,Clothing,Cap,1,333.27,15.0,UPI,Delivered,False,False,283.28,True
ORD202187,2025-06-06,C1990,Kavya Reddy,Delhi,Home & Kitchen,Cookware Set,3,2994.44,0.0,COD,Cancelled,False,False,8983.32,False
ORD204932,2025-06-06,C1480,Diya Gupta,Mumbai,Books,Comics Set,3,769.13,5.0,Net Banking,Returned,False,False,2192.02,False
ORD204464,2025-06-06,C1888,Aditya Gupta,Mumbai,Home & Kitchen,Mixer Grinder,2,3329.19,15.0,UPI,Delivered,False,False,5659.62,True
ORD201720,2025-06-07,C1069,Meera Das,Mumbai,Books,Python Handbook,1,728.01,0.0,Debit Card,Delivered,False,False,728.01,True
ORD203814,2025-06-07,C2175,Ananya Sharma,Delhi,Beauty,Lipstick,1,429.67,15.0,COD,Cancelled,False,False,365.22,False
ORD201931,2025-06-07,C1838,Priya Singh,Hyderabad,Electronics,Wireless Earbuds,3,2557.99,0.0,UPI,Cancelled,False,False,7673.97,False
ORD202341,2025-06-07,C1846,Pooja Reddy,Mumbai,Books,Python Handbook,2,741.16,0.0,UPI,Delivered,False,False,1482.32,True
ORD201790,2025-06-07,C1171,Manish Reddy,Delhi,Electronics,Wireless Earbuds,4,2384.03,0.0,UPI,Delivered,False,False,9536.12,True
ORD203174,2025-06-07,C2174,Riya Joshi,Ahmedabad,Beauty,Moisturiser,3,461.16,0.0,UPI,Delivered,False,False,1383.48,True
ORD201318,2025-06-07,C1021,Ananya Gupta,Mumbai,Electronics,USB-C Cable,2,422.61,0.0,Net Banking,Returned,False,False,845.22,False
ORD203192,2025-06-07,C2366,Aarav Iyer,Ahmedabad,Clothing,Cap,3,338.44,5.0,Debit Card,Cancelled,False,False,964.55,False
ORD202022,2025-06-07,C1703,Vikram Das,Mumbai,Electronics,Power Bank,4,1377.41,15.0,UPI,Returned,False,False,4683.19,False
ORD203920,2025-06-07,C2253,Isha Das,Delhi,Home & Kitchen,Water Bottle,4,481.38,15.0,Debit Card,Delivered,False,False,1636.69,True
ORD201335,2025-06-07,C1294,Aarav Nair,Kolkata,Beauty,Face Wash,2,253.25,0.0,UPI,Delivered,False,False,506.5,True
ORD201272,2025-06-08,C1350,Kavya Verma,Ahmedabad,Beauty,Lipstick,1,405.76,0.0,Debit Card,Delivered,False,False,405.76,True
ORD201742,2025-06-08,C2391,Ananya Verma,Mumbai,Beauty,Hair Dryer,1,1537.05,0.0,UPI,Cancelled,False,False,1537.05,False
ORD204816,2025-06-08,C2281,Kavya Iyer,Mumbai,Home & Kitchen,Mixer Grinder,1,3164.58,0.0,COD,Delivered,False,False,3164.58,True
ORD202878,2025-06-08,C1440,Rahul Singh,Mumbai,Books,Exam Guide,2,481.83,0.0,COD,Delivered,False,False,963.66,True
ORD200891,2025-06-08,C1616,Pooja Verma,Delhi,Home & Kitchen,Air Fryer,1,4847.62,0.0,UPI,Delivered,False,False,4847.62,True
ORD202498,2025-06-08,C1955,Rahul Mehta,Delhi,Home & Kitchen,Cookware Set,4,2993.47,20.0,COD,Delivered,False,False,9579.1,True
ORD200186,2025-06-08,C1466,Sneha Reddy,Bengaluru,Clothing,Cap,1,334.95,0.0,UPI,Delivered,False,False,334.95,True
ORD201392,2025-06-08,C2159,Riya Reddy,Mumbai,Beauty,Face Wash,1,251.45,0.0,Credit Card,Delivered,False,False,251.45,True
ORD201548,2025-06-08,C2139,Rahul Kulkarni,Bengaluru,Clothing,Hoodie,1,1506.38,0.0,UPI,Delivered,False,False,1506.38,True
ORD202153,2025-06-08,C1230,Priya Nair,Bengaluru,Beauty,Face Wash,2,253.63,20.0,Unknown,Delivered,False,False,405.81,True
ORD204316,2025-06-08,C2227,Diya Singh,Hyderabad,Electronics,Bluetooth Speaker,2,1990.69,15.0,Credit Card,Delivered,False,False,3384.17,True
ORD202680,2025-06-08,C1999,Manish Kulkarni,Delhi,Electronics,Bluetooth Speaker,3,2013.97,0.0,Net Banking,Delivered,False,False,6041.91,True
ORD204119,2025-06-08,C1839,Diya Nair,Bengaluru,Books,Comics Set,1,825.48,10.0,Credit Card,Delivered,False,False,742.93,True
ORD204168,2025-06-08,C1102,Karan Kulkarni,Mumbai,Home & Kitchen,Cookware Set,2,2755.85,15.0,UPI,Returned,False,False,4684.94,False
ORD202787,2025-06-08,C1988,Karan Das,Bengaluru,Electronics,Bluetooth Speaker,2,2158.29,0.0,Credit Card,Returned,False,False,4316.58,False
ORD200376,2025-06-08,C2160,Riya Gupta,Bengaluru,Home & Kitchen,Mixer Grinder,3,3139.02,15.0,Debit Card,Delivered,False,False,8004.5,True
ORD202460,2025-06-08,C1938,Manish Iyer,Kolkata,Electronics,USB-C Cable,1,405.64,10.0,Credit Card,Delivered,True,False,365.08,True
ORD204528,2025-06-08,C1139,Meera Joshi,Bengaluru,Clothing,Cap,3,337.54,0.0,UPI,Delivered,False,True,1012.62,True
ORD200407,2025-06-09,C1334,Pooja Iyer,Hyderabad,Home & Kitchen,Bedsheet Set,2,1358.0,0.0,Net Banking,Returned,False,False,2716.0,False
ORD204069,2025-06-09,C2094,Karan Kulkarni,Bengaluru,Clothing,Running Shoes,1,3234.31,10.0,UPI,Returned,False,False,2910.88,False
ORD202547,2025-06-09,C1372,Sanjay Nair,Bengaluru,Electronics,Power Bank,1,1306.28,5.0,Net Banking,Delivered,False,False,1240.97,True
ORD201462,2025-06-09,C1936,Vivaan Iyer,Bengaluru,Electronics,USB-C Cable,4,430.64,10.0,UPI,Delivered,False,False,1550.3,True
ORD200592,2025-06-09,C1856,Diya Kulkarni,Delhi,Electronics,Smartwatch,1,6226.83,20.0,UPI,Cancelled,False,False,4981.46,False
ORD204091,2025-06-09,C1494,Ananya Kulkarni,Mumbai,Clothing,Running Shoes,2,3142.22,15.0,COD,Delivered,False,False,5341.77,True
ORD204481,2025-06-09,C1163,Sneha Singh,Hyderabad,Beauty,Perfume,1,1620.92,0.0,Credit Card,Delivered,False,False,1620.92,True
ORD200520,2025-06-09,C2045,Meera Kulkarni,Mumbai,Home & Kitchen,Air Fryer,3,4755.81,5.0,Credit Card,Delivered,False,False,13554.06,True
ORD201899,2025-06-09,C1290,Meera Iyer,Bengaluru,Electronics,Smartwatch,4,6171.76,15.0,UPI,Returned,False,False,20983.98,False
ORD203823,2025-06-09,C1656,Rahul Singh,Chennai,Beauty,Hair Dryer,1,1581.76,10.0,Unknown,Delivered,False,False,1423.58,True
ORD202292,2025-06-09,C1858,Vikram Nair,Mumbai,Electronics,Bluetooth Speaker,4,2098.44,5.0,Net Banking,Cancelled,False,False,7974.07,False
ORD202221,2025-06-09,C1269,Priya Sharma,Bengaluru,Home & Kitchen,Cookware Set,1,2758.22,0.0,Credit Card,Delivered,False,False,2758.22,True
ORD204402,2025-06-09,C2054,Karan Sharma,Mumbai,Home & Kitchen,Cookware Set,2,3021.26,5.0,Debit Card,Delivered,False,False,5740.39,True
ORD200167,2025-06-09,C1474,Manish Sharma,Pune,Clothing,Cotton T-Shirt,2,570.94,0.0,Net Banking,Delivered,False,False,1141.88,True
ORD201768,2025-06-09,C1271,Manish Patel,Delhi,Beauty,Perfume,1,1616.39,0.0,COD,Delivered,False,False,1616.39,True
ORD203254,2025-06-10,C1975,Pooja Iyer,Delhi,Home & Kitchen,Water Bottle,1,430.11,5.0,Credit Card,Delivered,False,False,408.6,True
ORD202757,2025-06-10,C1722,Manish Mehta,Pune,Electronics,Smartwatch,1,6147.51,15.0,UPI,Returned,False,False,5225.38,False
ORD202212,2025-06-10,C1377,Kavya Das,Mumbai,Home & Kitchen,Bedsheet Set,1,1379.33,15.0,Debit Card,Delivered,False,False,1172.43,True
ORD200517,2025-06-10,C1514,Sneha Mehta,Ahmedabad,Clothing,Hoodie,1,1510.5,0.0,UPI,Returned,False,False,1510.5,False
ORD202207,2025-06-10,C1781,Diya Sharma,Delhi,Clothing,Hoodie,4,1567.0,0.0,UPI,Cancelled,False,False,6268.0,False
ORD204563,2025-06-10,C2306,Ananya Mehta,Kolkata,Clothing,Cap,4,338.85,0.0,Credit Card,Cancelled,False,False,1355.4,False
ORD203775,2025-06-10,C2262,Ananya Nair,Pune,Clothing,Running Shoes,2,2850.54,0.0,UPI,Returned,False,False,5701.08,False
ORD202430,2025-06-10,C1726,Sanjay Singh,Kolkata,Books,Novel,1,340.28,20.0,UPI,Delivered,False,False,272.22,True
ORD201401,2025-06-10,C2236,Pooja Iyer,Mumbai,Home & Kitchen,Air Fryer,3,4776.61,0.0,Net Banking,Delivered,False,True,14329.83,True
ORD204725,2025-06-10,C1053,Karan Patel,Chennai,Electronics,USB-C Cable,4,385.99,0.0,Debit Card,Delivered,False,False,1543.96,True
ORD202834,2025-06-11,C2263,Arjun Patel,Hyderabad,Books,Data Science Primer,2,903.3,15.0,UPI,Cancelled,False,False,1535.61,False
ORD204801,2025-06-11,C1141,Sneha Joshi,Mumbai,Electronics,USB-C Cable,1,396.62,15.0,Credit Card,Cancelled,False,False,337.13,False
ORD201213,2025-06-11,C1571,Ananya Singh,Mumbai,Beauty,Hair Dryer,2,1580.9,0.0,UPI,Delivered,False,False,3161.8,True
ORD201384,2025-06-11,C1996,Priya Sharma,Hyderabad,Electronics,Wireless Earbuds,2,2514.28,0.0,Credit Card,Returned,False,True,5028.56,False
ORD200466,2025-06-11,C1765,Neha Joshi,Hyderabad,Home & Kitchen,Air Fryer,1,5086.14,10.0,COD,Delivered,False,False,4577.53,True
ORD202047,2025-06-11,C1386,Ananya Iyer,Delhi,Electronics,Smartwatch,1,6080.27,0.0,UPI,Returned,False,False,6080.27,False
ORD203671,2025-06-11,C1811,Ananya Sharma,Delhi,Electronics,Bluetooth Speaker,2,2039.52,0.0,Debit Card,Delivered,False,False,4079.04,True
ORD204206,2025-06-11,C1220,Arjun Sharma,Mumbai,Clothing,Cotton T-Shirt,1,590.36,10.0,Credit Card,Delivered,False,False,531.32,True
ORD204651,2025-06-11,C2234,Kavya Verma,Bengaluru,Beauty,Perfume,2,1646.18,0.0,Debit Card,Returned,False,False,3292.36,False
ORD201800,2025-06-11,C1648,Aditya Verma,Chennai,Home & Kitchen,Cookware Set,2,2983.86,15.0,Credit Card,Returned,False,False,5072.56,False
ORD202733,2025-06-11,C2186,Vivaan Nair,Delhi,Beauty,Moisturiser,1,439.93,5.0,UPI,Delivered,False,False,417.93,True
ORD202903,2025-06-11,C2369,Meera Patel,Chennai,Home & Kitchen,Bedsheet Set,1,1307.82,15.0,Debit Card,Returned,False,False,1111.65,False
ORD201345,2025-06-11,C2284,Kavya Joshi,Delhi,Electronics,USB-C Cable,4,380.5,0.0,Credit Card,Delivered,False,False,1522.0,True
ORD202166,2025-06-11,C1045,Rohan Kulkarni,Mumbai,Electronics,Smartwatch,4,6259.76,5.0,Credit Card,Cancelled,False,False,23787.09,False
ORD200655,2025-06-11,C1317,Kavya Mehta,Mumbai,Books,Comics Set,4,814.46,10.0,Net Banking,Delivered,False,False,2932.06,True
ORD200383,2025-06-11,C2051,Aarav Nair,Pune,Clothing,Hoodie,1,1602.34,5.0,COD,Delivered,False,False,1522.22,True
ORD203741,2025-06-12,C1849,Diya Patel,Delhi,Beauty,Lipstick,2,424.3,10.0,Debit Card,Returned,False,False,763.74,False
ORD204958,2025-06-12,C1466,Sneha Reddy,Bengaluru,Home & Kitchen,Bedsheet Set,4,1266.91,15.0,COD,Delivered,False,False,4307.49,True
ORD204837,2025-06-12,C1685,Vivaan Sharma,Pune,Books,Data Science Primer,1,867.83,0.0,Credit Card,Delivered,False,False,867.83,True
ORD203689,2025-06-12,C2137,Ananya Patel,Pune,Electronics,Wireless Earbuds,4,2432.3,0.0,COD,Delivered,False,False,9729.2,True
ORD204180,2025-06-12,C2088,Neha Sharma,Mumbai,Clothing,Running Shoes,2,3135.75,0.0,Credit Card,Delivered,False,False,6271.5,True
ORD204216,2025-06-12,C2320,Sneha Patel,Delhi,Electronics,Power Bank,2,1374.75,0.0,UPI,Delivered,False,False,2749.5,True
ORD202043,2025-06-12,C1924,Riya Gupta,Mumbai,Beauty,Face Wash,1,245.8,0.0,UPI,Delivered,False,False,245.8,True
ORD204288,2025-06-12,C2137,Ananya Patel,Pune,Beauty,Hair Dryer,1,1616.78,0.0,UPI,Cancelled,False,False,1616.78,False
ORD202279,2025-06-12,C1960,Sneha Verma,Chennai,Beauty,Perfume,1,1721.81,15.0,Credit Card,Returned,False,False,1463.54,False
ORD203864,2025-06-12,C1183,Priya Iyer,Kolkata,Clothing,Running Shoes,1,3209.61,15.0,UPI,Cancelled,False,False,2728.17,False
ORD201248,2025-06-12,C1178,Sneha Reddy,Mumbai,Electronics,Wireless Earbuds,2,2457.11,20.0,UPI,Delivered,False,False,3931.38,True
ORD204105,2025-06-12,C1579,Kavya Patel,Bengaluru,Beauty,Hair Dryer,1,1482.1,20.0,COD,Delivered,False,False,1185.68,True
ORD201932,2025-06-12,C1739,Sanjay Verma,Bengaluru,Home & Kitchen,Bedsheet Set,3,1307.82,5.0,UPI,Returned,False,False,3727.29,False
ORD201094,2025-06-13,C2239,Ananya Reddy,Bengaluru,Electronics,Smartwatch,2,6286.13,0.0,UPI,Delivered,False,True,12572.26,True
ORD204525,2025-06-13,C1678,Vikram Patel,Mumbai,Beauty,Face Wash,1,247.08,0.0,Credit Card,Delivered,False,False,247.08,True
ORD200255,2025-06-13,C1955,Rahul Mehta,Delhi,Clothing,Cotton T-Shirt,3,581.73,0.0,UPI,Delivered,False,False,1745.19,True
ORD204840,2025-06-13,C2015,Karan Sharma,Ahmedabad,Beauty,Perfume,2,1611.62,15.0,COD,Delivered,False,False,2739.75,True
ORD202891,2025-06-13,C1516,Kavya Singh,Kolkata,Electronics,Power Bank,1,1298.16,10.0,COD,Delivered,False,False,1168.34,True
ORD201726,2025-06-13,C1224,Sneha Reddy,Mumbai,Beauty,Hair Dryer,1,1577.03,0.0,Credit Card,Delivered,False,False,1577.03,True
ORD201783,2025-06-13,C1043,Neha Das,Bengaluru,Home & Kitchen,Bedsheet Set,3,1279.98,10.0,Debit Card,Returned,False,False,3455.95,False
ORD202312,2025-06-13,C1513,Vikram Gupta,Ahmedabad,Electronics,Power Bank,4,1331.65,15.0,UPI,Delivered,False,False,4527.61,True
ORD202131,2025-06-13,C1621,Diya Verma,Bengaluru,Clothing,Hoodie,1,1526.7,5.0,UPI,Cancelled,False,False,1450.36,False
ORD200900,2025-06-13,C1840,Manish Sharma,Chennai,Clothing,Cotton T-Shirt,1,596.35,10.0,Debit Card,Delivered,False,False,536.72,True
ORD200366,2025-06-13,C1566,Neha Kulkarni,Delhi,Beauty,Face Wash,3,262.18,0.0,COD,Delivered,False,False,786.54,True
ORD204409,2025-06-13,C1556,Aditya Sharma,Mumbai,Electronics,Power Bank,2,1286.5,0.0,COD,Delivered,False,False,2573.0,True
ORD203986,2025-06-14,C2190,Rahul Singh,Chennai,Clothing,Running Shoes,4,3116.1,5.0,Credit Card,Delivered,False,False,11841.18,True
ORD203579,2025-06-14,C1192,Vikram Singh,Pune,Home & Kitchen,Air Fryer,1,5261.21,20.0,COD,Delivered,False,False,4208.97,True
ORD202505,2025-06-14,C1635,Diya Gupta,Kolkata,Clothing,Denim Jeans,2,1827.64,5.0,COD,Returned,False,False,3472.52,False
ORD200025,2025-06-14,C1418,Manish Gupta,Bengaluru,Clothing,Cap,1,342.15,0.0,COD,Returned,False,False,342.15,False
ORD200206,2025-06-14,C2221,Pooja Mehta,Pune,Electronics,Bluetooth Speaker,1,1923.17,0.0,Debit Card,Cancelled,False,False,1923.17,False
ORD200623,2025-06-14,C1949,Arjun Verma,Pune,Home & Kitchen,Cookware Set,2,2928.21,20.0,UPI,Delivered,False,False,4685.14,True
ORD201325,2025-06-14,C1593,Karan Iyer,Ahmedabad,Electronics,Bluetooth Speaker,4,2002.92,5.0,Credit Card,Delivered,False,False,7611.1,True
ORD202399,2025-06-14,C2251,Neha Iyer,Delhi,Electronics,Power Bank,4,1300.86,20.0,Credit Card,Returned,False,False,4162.75,False
ORD201550,2025-06-14,C2170,Sneha Gupta,Hyderabad,Home & Kitchen,Bedsheet Set,1,1391.7,5.0,Credit Card,Delivered,False,False,1322.12,True
ORD204624,2025-06-14,C1458,Vikram Nair,Pune,Home & Kitchen,Water Bottle,2,476.08,0.0,UPI,Delivered,False,False,952.16,True
ORD203036,2025-06-14,C2082,Manish Kulkarni,Chennai,Electronics,Wireless Earbuds,3,2375.37,10.0,COD,Delivered,False,False,6413.5,True
ORD200622,2025-06-14,C1938,Manish Iyer,Kolkata,Clothing,Cotton T-Shirt,2,602.68,0.0,Net Banking,Delivered,False,False,1205.36,True
ORD201529,2025-06-15,C1437,Vikram Iyer,Chennai,Beauty,Hair Dryer,1,1504.7,10.0,UPI,Delivered,False,False,1354.23,True
ORD202512,2025-06-15,C1818,Pooja Mehta,Kolkata,Electronics,Smartwatch,1,5749.32,0.0,UPI,Cancelled,False,False,5749.32,False
ORD200409,2025-06-15,C2330,Pooja Mehta,Mumbai,Electronics,Wireless Earbuds,2,2513.0,0.0,Net Banking,Cancelled,False,False,5026.0,False
ORD203757,2025-06-15,C2164,Neha Nair,Bengaluru,Beauty,Hair Dryer,2,1591.65,20.0,UPI,Delivered,False,False,2546.64,True
ORD202703,2025-06-15,C1633,Ananya Kulkarni,Chennai,Home & Kitchen,Cookware Set,1,2849.99,0.0,COD,Returned,False,False,2849.99,False
ORD204745,2025-06-15,C1325,Riya Nair,Bengaluru,Clothing,Running Shoes,1,3141.73,10.0,COD,Delivered,False,False,2827.56,True
ORD204608,2025-06-15,C1038,Meera Joshi,Ahmedabad,Books,Comics Set,1,790.81,15.0,UPI,Cancelled,False,False,672.19,False
ORD201795,2025-06-15,C2285,Neha Sharma,Mumbai,Clothing,Cap,2,361.57,0.0,Debit Card,Delivered,False,False,723.14,True
ORD202417,2025-06-15,C1393,Ananya Verma,Mumbai,Books,Data Science Primer,2,885.53,10.0,Credit Card,Delivered,False,False,1593.95,True
ORD204685,2025-06-15,C2286,Riya Nair,Mumbai,Electronics,Bluetooth Speaker,3,1906.28,20.0,UPI,Delivered,False,False,4575.07,True
ORD202350,2025-06-15,C2173,Riya Mehta,Delhi,Books,Data Science Primer,4,941.0,0.0,UPI,Cancelled,False,False,3764.0,False
ORD202304,2025-06-15,C1705,Kavya Joshi,Kolkata,Electronics,USB-C Cable,3,399.04,15.0,UPI,Cancelled,False,False,1017.55,False
ORD203412,2025-06-15,C1434,Ananya Reddy,Chennai,Beauty,Perfume,2,1537.57,10.0,COD,Delivered,False,False,2767.63,True
ORD201024,2025-06-15,C2137,Ananya Patel,Pune,Books,Comics Set,1,839.77,5.0,UPI,Delivered,False,False,797.78,True
ORD202707,2025-06-15,C1699,Pooja Das,Chennai,Electronics,Smartwatch,4,5944.84,10.0,Net Banking,Delivered,False,False,21401.42,True
ORD200111,2025-06-16,C1098,Aditya Sharma,Mumbai,Beauty,Perfume,3,1709.64,20.0,UPI,Delivered,False,False,4103.14,True
ORD204434,2025-06-16,C1503,Vivaan Kulkarni,Ahmedabad,Clothing,Denim Jeans,1,1780.96,10.0,COD,Delivered,False,False,1602.86,True
ORD201119,2025-06-16,C1414,Sneha Verma,Pune,Electronics,Wireless Earbuds,1,2498.77,0.0,UPI,Delivered,False,False,2498.77,True
ORD203145,2025-06-16,C1777,Vivaan Singh,Pune,Beauty,Moisturiser,2,471.48,15.0,UPI,Delivered,False,False,801.52,True
ORD203275,2025-06-16,C2257,Kavya Sharma,Delhi,Electronics,Wireless Earbuds,3,2678.19,20.0,UPI,Returned,False,False,6427.66,False
ORD203148,2025-06-16,C1782,Rohan Singh,Mumbai,Beauty,Lipstick,1,424.39,5.0,UPI,Returned,False,False,403.17,False
ORD204177,2025-06-16,C2249,Aditya Singh,Mumbai,Electronics,USB-C Cable,4,415.3,0.0,UPI,Delivered,False,True,1661.2,True
ORD204085,2025-06-16,C2340,Sneha Gupta,Mumbai,Clothing,Hoodie,1,1614.23,0.0,UPI,Delivered,False,False,1614.23,True
ORD200661,2025-06-16,C1593,Karan Iyer,Ahmedabad,Home & Kitchen,Water Bottle,3,458.65,0.0,UPI,Delivered,False,False,1375.95,True
ORD201650,2025-06-16,C1650,Pooja Singh,Chennai,Clothing,Denim Jeans,2,1861.56,0.0,Credit Card,Returned,False,False,3723.12,False
ORD200119,2025-06-16,C1843,Diya Patel,Pune,Beauty,Hair Dryer,1,1574.38,5.0,Credit Card,Returned,False,False,1495.66,False
ORD200571,2025-06-16,C1854,Vivaan Nair,Chennai,Electronics,USB-C Cable,2,396.73,0.0,Debit Card,Delivered,False,False,793.46,True
ORD201294,2025-06-16,C1052,Kavya Das,Pune,Books,Exam Guide,2,523.75,10.0,Debit Card,Cancelled,False,False,942.75,False
ORD200226,2025-06-17,C1857,Sneha Joshi,Chennai,Home & Kitchen,Cookware Set,4,2818.15,5.0,UPI,Delivered,False,False,10708.97,True
ORD200997,2025-06-17,C1950,Neha Kulkarni,Delhi,Beauty,Moisturiser,2,433.58,10.0,Debit Card,Delivered,False,False,780.44,True
ORD204472,2025-06-17,C1233,Sanjay Joshi,Delhi,Books,Data Science Primer,2,955.35,20.0,UPI,Delivered,False,False,1528.56,True
ORD204365,2025-06-17,C1312,Aarav Joshi,Hyderabad,Books,Python Handbook,4,687.95,15.0,COD,Delivered,False,False,2339.03,True
ORD203370,2025-06-17,C1201,Meera Verma,Mumbai,Home & Kitchen,Water Bottle,1,432.26,0.0,COD,Delivered,False,False,432.26,True
ORD203039,2025-06-17,C1264,Diya Gupta,Delhi,Electronics,Wireless Earbuds,4,2470.43,0.0,UPI,Delivered,False,False,9881.72,True
ORD203604,2025-06-17,C2007,Karan Das,Chennai,Beauty,Lipstick,1,422.01,5.0,UPI,Cancelled,False,False,400.91,False
ORD202839,2025-06-17,C1211,Ananya Kulkarni,Bengaluru,Clothing,Running Shoes,2,3032.27,0.0,Debit Card,Returned,False,False,6064.54,False
ORD204955,2025-06-17,C1860,Neha Gupta,Bengaluru,Electronics,USB-C Cable,4,416.79,0.0,Net Banking,Delivered,False,False,1667.16,True
ORD202968,2025-06-17,C2367,Pooja Gupta,Ahmedabad,Beauty,Perfume,1,1703.76,0.0,UPI,Delivered,False,False,1703.76,True
ORD200238,2025-06-17,C2395,Neha Joshi,Chennai,Books,Comics Set,3,781.67,15.0,UPI,Delivered,False,False,1993.26,True
ORD202240,2025-06-17,C1775,Vikram Das,Kolkata,Books,Novel,1,334.74,0.0,COD,Cancelled,False,False,334.74,False
ORD200935,2025-06-17,C1060,Manish Nair,Mumbai,Clothing,Denim Jeans,1,1721.63,0.0,Net Banking,Delivered,False,False,1721.63,True
ORD203138,2025-06-17,C1666,Kavya Sharma,Chennai,Books,Exam Guide,4,510.7,0.0,UPI,Returned,False,False,2042.8,False
ORD200084,2025-06-17,C1311,Meera Reddy,Kolkata,Clothing,Running Shoes,1,2984.27,10.0,COD,Delivered,False,False,2685.84,True
ORD203951,2025-06-18,C2294,Aditya Verma,Hyderabad,Beauty,Hair Dryer,1,1536.52,20.0,Net Banking,Returned,False,False,1229.22,False
ORD201091,2025-06-18,C2206,Vivaan Mehta,Mumbai,Electronics,USB-C Cable,1,397.2,0.0,UPI,Delivered,False,False,397.2,True
ORD201055,2025-06-18,C1610,Rohan Das,Mumbai,Clothing,Running Shoes,1,3113.93,15.0,UPI,Cancelled,False,False,2646.84,False
ORD201317,2025-06-18,C1712,Neha Patel,Pune,Home & Kitchen,Water Bottle,3,454.08,0.0,UPI,Delivered,False,False,1362.24,True
ORD204089,2025-06-18,C1188,Manish Nair,Ahmedabad,Clothing,Cotton T-Shirt,1,597.94,0.0,Credit Card,Delivered,False,False,597.94,True
ORD201885,2025-06-18,C1913,Pooja Singh,Pune,Electronics,USB-C Cable,4,412.74,5.0,Debit Card,Delivered,False,False,1568.41,True
ORD204855,2025-06-18,C1830,Meera Verma,Kolkata,Clothing,Running Shoes,4,3118.79,5.0,Debit Card,Delivered,False,False,11851.4,True
ORD203318,2025-06-18,C2015,Karan Sharma,Ahmedabad,Home & Kitchen,Air Fryer,2,5288.39,0.0,UPI,Delivered,False,False,10576.78,True
ORD203782,2025-06-18,C2085,Vivaan Verma,Chennai,Clothing,Cap,4,353.59,0.0,UPI,Delivered,False,False,1414.36,True
ORD200737,2025-06-19,C1679,Aditya Patel,Kolkata,Books,Novel,2,336.85,15.0,Credit Card,Delivered,False,False,572.64,True
ORD201905,2025-06-19,C2352,Aarav Reddy,Bengaluru,Home & Kitchen,Water Bottle,2,451.7,20.0,UPI,Delivered,False,False,722.72,True
ORD201047,2025-06-19,C1187,Kavya Nair,Mumbai,Home & Kitchen,Mixer Grinder,1,3372.95,10.0,UPI,Delivered,False,False,3035.66,True
ORD202057,2025-06-19,C1460,Rahul Mehta,Kolkata,Electronics,Power Bank,2,1339.4,5.0,COD,Cancelled,False,False,2544.86,False
ORD204153,2025-06-19,C1261,Aditya Nair,Mumbai,Home & Kitchen,Water Bottle,1,455.41,0.0,UPI,Delivered,False,False,455.41,True
ORD201223,2025-06-19,C1788,Kavya Nair,Delhi,Books,Comics Set,1,789.04,10.0,Credit Card,Delivered,False,False,710.14,True
ORD200423,2025-06-19,C2399,Arjun Sharma,Hyderabad,Beauty,Perfume,2,1681.09,10.0,UPI,Delivered,False,False,3025.96,True
ORD204961,2025-06-19,C1521,Manish Kulkarni,Bengaluru,Books,Novel,2,353.43,0.0,UPI,Returned,True,False,706.86,False
ORD201339,2025-06-19,C1864,Vivaan Das,Kolkata,Electronics,Bluetooth Speaker,2,1969.14,5.0,COD,Delivered,False,False,3741.37,True
ORD203337,2025-06-19,C1326,Karan Patel,Bengaluru,Books,Exam Guide,4,506.92,5.0,UPI,Cancelled,False,False,1926.3,False
ORD204598,2025-06-20,C1588,Priya Reddy,Bengaluru,Clothing,Cap,1,363.62,0.0,UPI,Delivered,False,False,363.62,True
ORD203272,2025-06-20,C1035,Karan Mehta,Mumbai,Clothing,Hoodie,3,1617.74,5.0,UPI,Delivered,False,False,4610.56,True
ORD202245,2025-06-20,C2301,Arjun Reddy,Pune,Home & Kitchen,Mixer Grinder,2,3153.7,0.0,UPI,Cancelled,False,False,6307.4,False
ORD201543,2025-06-20,C2041,Sneha Joshi,Mumbai,Clothing,Cotton T-Shirt,2,620.44,0.0,Credit Card,Returned,False,True,1240.88,False
ORD201126,2025-06-20,C1905,Pooja Joshi,Pune,Home & Kitchen,Mixer Grinder,1,3398.95,0.0,Debit Card,Delivered,False,False,3398.95,True
ORD201352,2025-06-20,C1737,Priya Patel,Delhi,Books,Python Handbook,2,684.58,0.0,UPI,Cancelled,False,False,1369.16,False
ORD203661,2025-06-20,C1268,Vikram Mehta,Hyderabad,Home & Kitchen,Water Bottle,2,468.48,20.0,COD,Delivered,False,False,749.57,True
ORD204161,2025-06-20,C1573,Kavya Patel,Delhi,Home & Kitchen,Water Bottle,1,468.07,20.0,Net Banking,Cancelled,False,False,374.46,False
ORD201459,2025-06-20,C1371,Karan Joshi,Kolkata,Home & Kitchen,Water Bottle,1,466.46,0.0,Credit Card,Delivered,False,False,466.46,True
ORD203077,2025-06-20,C1816,Pooja Nair,Bengaluru,Clothing,Cotton T-Shirt,2,638.01,0.0,Credit Card,Delivered,False,False,1276.02,True
ORD204985,2025-06-20,C1801,Sanjay Sharma,Bengaluru,Clothing,Denim Jeans,1,1756.32,0.0,UPI,Returned,False,False,1756.32,False
ORD202634,2025-06-20,C2171,Priya Patel,Ahmedabad,Clothing,Cap,2,336.91,10.0,Net Banking,Cancelled,False,False,606.44,False
ORD200365,2025-06-20,C2159,Riya Reddy,Mumbai,Clothing,Cotton T-Shirt,1,592.48,10.0,UPI,Delivered,False,False,533.23,True
ORD203054,2025-06-20,C1163,Sneha Singh,Hyderabad,Electronics,Bluetooth Speaker,3,1937.98,10.0,Credit Card,Cancelled,False,False,5232.55,False
ORD201507,2025-06-20,C1771,Sanjay Sharma,Hyderabad,Home & Kitchen,Bedsheet Set,1,1395.99,15.0,UPI,Delivered,False,False,1186.59,True
ORD204811,2025-06-20,C1354,Kavya Reddy,Mumbai,Beauty,Perfume,2,1601.0,0.0,Net Banking,Cancelled,False,False,3202.0,False
ORD202849,2025-06-20,C1515,Rahul Verma,Delhi,Beauty,Lipstick,4,390.7,15.0,UPI,Returned,False,False,1328.38,False
ORD204330,2025-06-20,C1666,Kavya Sharma,Chennai,Clothing,Hoodie,2,1479.1,10.0,Credit Card,Delivered,False,False,2662.38,True
ORD204555,2025-06-21,C2251,Neha Iyer,Delhi,Home & Kitchen,Water Bottle,1,479.86,20.0,Debit Card,Delivered,False,False,383.89,True
ORD202861,2025-06-21,C2012,Arjun Reddy,Ahmedabad,Home & Kitchen,Cookware Set,1,2701.51,0.0,Credit Card,Returned,False,False,2701.51,False
ORD204061,2025-06-21,C1034,Aditya Mehta,Mumbai,Clothing,Hoodie,4,1553.8,10.0,UPI,Delivered,False,False,5593.68,True
ORD204439,2025-06-21,C1537,Sneha Patel,Ahmedabad,Beauty,Face Wash,2,242.79,20.0,UPI,Delivered,False,False,388.46,True
ORD202844,2025-06-21,C1516,Kavya Singh,Kolkata,Electronics,Power Bank,2,1295.65,15.0,Debit Card,Cancelled,False,False,2202.6,False
ORD201022,2025-06-21,C2066,Vivaan Sharma,Bengaluru,Clothing,Running Shoes,2,3116.86,15.0,UPI,Delivered,False,False,5298.66,True
ORD204721,2025-06-21,C2233,Riya Verma,Hyderabad,Clothing,Cap,1,374.72,0.0,UPI,Delivered,False,False,374.72,True
ORD203360,2025-06-22,C1431,Kavya Sharma,Delhi,Home & Kitchen,Bedsheet Set,3,1291.52,0.0,UPI,Delivered,False,False,3874.56,True
ORD204018,2025-06-22,C1202,Arjun Kulkarni,Ahmedabad,Electronics,USB-C Cable,3,388.1,5.0,Credit Card,Delivered,False,False,1106.08,True
ORD202678,2025-06-22,C2149,Neha Das,Mumbai,Electronics,Wireless Earbuds,1,2686.81,5.0,Credit Card,Delivered,False,False,2552.47,True
ORD202945,2025-06-22,C2254,Pooja Nair,Mumbai,Home & Kitchen,Water Bottle,2,449.38,5.0,COD,Delivered,False,False,853.82,True
ORD204692,2025-06-22,C1440,Rahul Singh,Mumbai,Books,Data Science Primer,1,876.92,5.0,Debit Card,Delivered,False,False,833.07,True
ORD200793,2025-06-22,C2079,Isha Kulkarni,Mumbai,Beauty,Moisturiser,1,451.42,0.0,Credit Card,Delivered,False,True,451.42,True
ORD203468,2025-06-22,C1090,Karan Reddy,Hyderabad,Home & Kitchen,Water Bottle,4,484.76,15.0,UPI,Delivered,False,False,1648.18,True
ORD203608,2025-06-22,C1993,Diya Patel,Delhi,Electronics,Bluetooth Speaker,2,1983.33,20.0,UPI,Delivered,False,False,3173.33,True
ORD203329,2025-06-22,C1477,Aarav Joshi,Delhi,Electronics,Bluetooth Speaker,3,2121.2,0.0,UPI,Delivered,False,False,6363.6,True
ORD200128,2025-06-23,C1238,Ananya Sharma,Pune,Clothing,Cotton T-Shirt,4,615.38,10.0,UPI,Delivered,False,False,2215.37,True
ORD202981,2025-06-23,C1489,Sanjay Sharma,Hyderabad,Books,Exam Guide,1,516.03,0.0,Debit Card,Delivered,False,False,516.03,True
ORD203100,2025-06-23,C1579,Kavya Patel,Bengaluru,Electronics,Power Bank,2,1300.52,0.0,Credit Card,Returned,False,False,2601.04,False
ORD203940,2025-06-23,C1200,Kavya Kulkarni,Pune,Clothing,Running Shoes,1,3161.25,0.0,COD,Cancelled,False,False,3161.25,False
ORD203501,2025-06-23,C2189,Rahul Nair,Bengaluru,Electronics,Power Bank,2,1396.55,0.0,COD,Delivered,False,False,2793.1,True
ORD200610,2025-06-23,C1135,Karan Reddy,Kolkata,Clothing,Cap,2,366.18,5.0,Debit Card,Delivered,False,False,695.74,True
ORD204562,2025-06-23,C1186,Vikram Joshi,Mumbai,Clothing,Cotton T-Shirt,2,617.33,0.0,COD,Delivered,False,False,1234.66,True
ORD204547,2025-06-23,C2098,Vikram Patel,Hyderabad,Beauty,Moisturiser,1,464.0,10.0,Credit Card,Delivered,False,False,417.6,True
ORD202955,2025-06-23,C1740,Kavya Joshi,Bengaluru,Clothing,Hoodie,1,1467.82,10.0,UPI,Delivered,False,False,1321.04,True
ORD203955,2025-06-24,C1534,Manish Reddy,Pune,Beauty,Lipstick,2,409.3,0.0,UPI,Delivered,False,True,818.6,True
ORD201964,2025-06-24,C2149,Neha Das,Mumbai,Home & Kitchen,Cookware Set,3,2742.03,10.0,UPI,Delivered,False,False,7403.48,True
ORD201843,2025-06-24,C1812,Pooja Das,Delhi,Electronics,Wireless Earbuds,2,2503.88,20.0,UPI,Delivered,False,False,4006.21,True
ORD200885,2025-06-24,C1822,Diya Sharma,Pune,Books,Comics Set,2,760.29,0.0,Unknown,Delivered,False,False,1520.58,True
ORD200792,2025-06-24,C1247,Sneha Singh,Bengaluru,Clothing,Cotton T-Shirt,4,605.74,15.0,Credit Card,Delivered,False,False,2059.52,True
ORD203665,2025-06-24,C1454,Sanjay Patel,Bengaluru,Home & Kitchen,Bedsheet Set,2,1390.83,15.0,Debit Card,Returned,False,False,2364.41,False
ORD204540,2025-06-24,C1552,Vivaan Nair,Bengaluru,Books,Novel,2,339.43,15.0,Credit Card,Delivered,False,False,577.03,True
ORD203742,2025-06-24,C1628,Vikram Reddy,Hyderabad,Electronics,Power Bank,1,1236.14,5.0,Credit Card,Delivered,False,False,1174.33,True
ORD203252,2025-06-25,C1469,Manish Gupta,Mumbai,Books,Novel,1,342.92,10.0,Net Banking,Delivered,False,False,308.63,True
ORD203204,2025-06-25,C1862,Diya Iyer,Bengaluru,Beauty,Moisturiser,1,437.55,20.0,Debit Card,Cancelled,False,False,350.04,False
ORD202805,2025-06-25,C1386,Ananya Iyer,Delhi,Books,Comics Set,1,790.27,5.0,COD,Cancelled,False,False,750.76,False
ORD201881,2025-06-25,C1954,Riya Patel,Kolkata,Clothing,Cotton T-Shirt,2,624.1,10.0,UPI,Delivered,False,False,1123.38,True
ORD202172,2025-06-25,C1485,Karan Nair,Mumbai,Electronics,Bluetooth Speaker,2,2098.17,0.0,COD,Delivered,False,False,4196.34,True
ORD203064,2025-06-25,C2067,Rohan Reddy,Delhi,Electronics,USB-C Cable,1,414.54,15.0,UPI,Returned,False,False,352.36,False
ORD200369,2025-06-25,C2256,Pooja Iyer,Chennai,Beauty,Moisturiser,1,455.05,15.0,Net Banking,Cancelled,False,False,386.79,False
ORD200765,2025-06-25,C2222,Vivaan Das,Chennai,Home & Kitchen,Air Fryer,2,5262.75,10.0,Net Banking,Delivered,False,False,9472.95,True
ORD204498,2025-06-25,C2165,Ananya Iyer,Mumbai,Beauty,Hair Dryer,4,1463.75,0.0,UPI,Delivered,False,False,5855.0,True
ORD203266,2025-06-25,C2253,Isha Das,Delhi,Electronics,Bluetooth Speaker,1,2077.78,0.0,UPI,Delivered,False,False,2077.78,True
ORD204530,2025-06-25,C1159,Manish Gupta,Mumbai,Electronics,Smartwatch,1,6179.23,10.0,UPI,Returned,False,False,5561.31,False
ORD202743,2025-06-25,C1801,Sanjay Sharma,Bengaluru,Clothing,Cap,1,355.28999999999996,20.0,UPI,Delivered,True,False,284.23,True
ORD201632,2025-06-25,C1738,Ananya Kulkarni,Mumbai,Home & Kitchen,Water Bottle,1,478.06,15.0,Credit Card,Delivered,False,False,406.35,True
ORD202937,2025-06-26,C2205,Vivaan Verma,Kolkata,Home & Kitchen,Mixer Grinder,2,3502.32,20.0,Debit Card,Delivered,False,False,5603.71,True
ORD203257,2025-06-26,C1515,Rahul Verma,Delhi,Books,Exam Guide,2,499.93,0.0,UPI,Delivered,False,False,999.86,True
ORD204187,2025-06-26,C1274,Manish Kulkarni,Hyderabad,Electronics,USB-C Cable,3,381.16,10.0,UPI,Returned,False,False,1029.13,False
ORD203802,2025-06-26,C1637,Ananya Verma,Ahmedabad,Books,Novel,2,356.12,10.0,UPI,Cancelled,False,False,641.02,False
ORD202871,2025-06-26,C1430,Aarav Gupta,Chennai,Electronics,USB-C Cable,1,395.41,0.0,UPI,Returned,False,False,395.41,False
ORD202488,2025-06-26,C1827,Ananya Patel,Ahmedabad,Beauty,Lipstick,1,404.03,15.0,Net Banking,Delivered,True,False,343.43,True
ORD202182,2025-06-26,C2018,Aditya Das,Chennai,Beauty,Face Wash,4,246.7,5.0,Net Banking,Delivered,False,False,937.46,True
ORD204783,2025-06-26,C1830,Meera Verma,Kolkata,Electronics,USB-C Cable,3,398.1,0.0,UPI,Delivered,False,False,1194.3,True
ORD202283,2025-06-26,C2384,Aditya Nair,Bengaluru,Books,Data Science Primer,1,945.69,5.0,Credit Card,Cancelled,False,False,898.41,False
ORD203758,2025-06-26,C1669,Rahul Verma,Bengaluru,Clothing,Running Shoes,2,3096.41,0.0,Net Banking,Delivered,False,False,6192.82,True
ORD200599,2025-06-26,C1107,Riya Joshi,Ahmedabad,Electronics,Power Bank,1,1311.3,0.0,UPI,Delivered,True,False,1311.3,True
ORD204128,2025-06-26,C2364,Karan Kulkarni,Hyderabad,Electronics,Power Bank,2,1341.85,0.0,UPI,Delivered,False,False,2683.7,True
ORD204310,2025-06-27,C2068,Karan Iyer,Hyderabad,Electronics,Bluetooth Speaker,1,2095.23,15.0,UPI,Returned,False,False,1780.95,False
ORD204362,2025-06-27,C1592,Arjun Gupta,Bengaluru,Home & Kitchen,Air Fryer,1,5032.56,20.0,Debit Card,Cancelled,False,False,4026.05,False
ORD202054,2025-06-27,C1378,Pooja Das,Kolkata,Home & Kitchen,Cookware Set,1,2921.14,0.0,Debit Card,Delivered,False,False,2921.14,True
ORD200871,2025-06-27,C1047,Rohan Das,Bengaluru,Beauty,Lipstick,3,389.1,0.0,UPI,Delivered,False,False,1167.3,True
ORD204814,2025-06-27,C1812,Pooja Das,Delhi,Books,Python Handbook,1,681.39,15.0,Net Banking,Delivered,False,False,579.18,True
ORD202853,2025-06-27,C1428,Arjun Patel,Mumbai,Home & Kitchen,Mixer Grinder,2,3319.02,0.0,COD,Delivered,False,False,6638.04,True
ORD203313,2025-06-27,C1595,Diya Reddy,Kolkata,Electronics,USB-C Cable,4,384.1,0.0,UPI,Delivered,False,True,1536.4,True
ORD204635,2025-06-27,C1934,Neha Das,Mumbai,Clothing,Hoodie,3,1494.67,0.0,COD,Delivered,False,True,4484.01,True
ORD200320,2025-06-27,C1702,Arjun Das,Bengaluru,Electronics,Power Bank,3,1322.54,5.0,Credit Card,Cancelled,False,False,3769.24,False
ORD204297,2025-06-28,C1985,Neha Singh,Pune,Electronics,Smartwatch,1,6204.36,5.0,Debit Card,Delivered,False,False,5894.14,True
ORD201890,2025-06-28,C1893,Manish Iyer,Ahmedabad,Beauty,Face Wash,1,265.76,5.0,UPI,Delivered,False,False,252.47,True
ORD204467,2025-06-28,C1903,Diya Kulkarni,Kolkata,Electronics,Smartwatch,1,6440.0,0.0,Net Banking,Delivered,False,False,6440.0,True
ORD201769,2025-06-28,C2134,Rahul Patel,Bengaluru,Clothing,Cap,3,337.07,5.0,COD,Delivered,False,False,960.65,True
ORD203095,2025-06-28,C1441,Vikram Gupta,Chennai,Electronics,Power Bank,4,1267.95,0.0,UPI,Delivered,False,False,5071.8,True
ORD201574,2025-06-28,C1035,Karan Mehta,Mumbai,Books,Novel,1,360.08,0.0,COD,Delivered,False,False,360.08,True
ORD202828,2025-06-28,C1806,Sanjay Iyer,Bengaluru,Electronics,Wireless Earbuds,2,2570.46,10.0,UPI,Delivered,False,False,4626.83,True
ORD201448,2025-06-28,C1658,Priya Joshi,Pune,Beauty,Moisturiser,1,464.27,10.0,UPI,Cancelled,False,False,417.84,False
ORD204025,2025-06-28,C1177,Pooja Reddy,Mumbai,Beauty,Moisturiser,2,454.99,0.0,Debit Card,Delivered,False,False,909.98,True
ORD201108,2025-06-28,C2028,Ananya Singh,Bengaluru,Books,Comics Set,2,830.7,10.0,Credit Card,Delivered,False,False,1495.26,True
ORD203317,2025-06-28,C1749,Aditya Verma,Pune,Home & Kitchen,Water Bottle,1,475.68,15.0,UPI,Delivered,False,False,404.33,True
ORD202682,2025-06-28,C1345,Rahul Das,Chennai,Electronics,Wireless Earbuds,3,2404.78,0.0,UPI,Delivered,False,False,7214.34,True
ORD202545,2025-06-28,C2078,Rahul Joshi,Pune,Electronics,Bluetooth Speaker,3,1936.58,0.0,Credit Card,Delivered,False,False,5809.74,True
ORD203251,2025-06-29,C1569,Sneha Sharma,Bengaluru,Clothing,Hoodie,1,1460.27,0.0,UPI,Cancelled,False,False,1460.27,False
ORD201391,2025-06-29,C1484,Neha Reddy,Hyderabad,Electronics,USB-C Cable,1,414.03,0.0,UPI,Returned,False,False,414.03,False
ORD204686,2025-06-29,C1406,Kavya Mehta,Mumbai,Clothing,Denim Jeans,2,1827.91,0.0,UPI,Returned,True,False,3655.82,False
ORD202457,2025-06-29,C1386,Ananya Iyer,Delhi,Beauty,Moisturiser,3,472.96,15.0,UPI,Delivered,False,False,1206.05,True
ORD204324,2025-06-29,C1985,Neha Singh,Pune,Electronics,Power Bank,3,1268.21,5.0,UPI,Returned,False,False,3614.4,False
ORD202379,2025-06-29,C1886,Vivaan Patel,Kolkata,Home & Kitchen,Air Fryer,4,5168.73,20.0,Debit Card,Cancelled,False,False,16539.94,False
ORD203560,2025-06-29,C1528,Priya Gupta,Ahmedabad,Electronics,Power Bank,2,1338.19,0.0,COD,Delivered,False,False,2676.38,True
ORD201403,2025-06-29,C1064,Rahul Nair,Bengaluru,Clothing,Denim Jeans,2,1910.76,0.0,UPI,Delivered,False,False,3821.52,True
ORD201170,2025-06-29,C1222,Aarav Mehta,Kolkata,Home & Kitchen,Mixer Grinder,4,3251.74,20.0,Debit Card,Delivered,False,False,10405.57,True
ORD203691,2025-06-29,C2044,Meera Nair,Chennai,Home & Kitchen,Cookware Set,4,2860.0,5.0,Debit Card,Cancelled,False,False,10868.0,False
ORD203381,2025-06-29,C2161,Neha Kulkarni,Delhi,Beauty,Perfume,1,1539.64,10.0,UPI,Delivered,False,False,1385.68,True
ORD202088,2025-06-29,C2205,Vivaan Verma,Kolkata,Books,Python Handbook,4,714.61,0.0,UPI,Delivered,True,True,2858.44,True
ORD200147,2025-06-29,C1711,Karan Nair,Delhi,Beauty,Moisturiser,2,428.83,0.0,UPI,Returned,False,False,857.66,False
ORD202137,2025-06-29,C2368,Neha Kulkarni,Mumbai,Beauty,Hair Dryer,2,1553.45,10.0,UPI,Delivered,False,False,2796.21,True
ORD203680,2025-06-29,C1206,Rahul Patel,Delhi,Books,Novel,2,370.69,0.0,Debit Card,Delivered,False,True,741.38,True
ORD204245,2025-06-29,C1258,Sneha Singh,Unknown,Home & Kitchen,Mixer Grinder,1,3460.58,5.0,COD,Cancelled,False,False,3287.55,False
ORD203472,2025-06-29,C2049,Diya Verma,Bengaluru,Beauty,Moisturiser,1,476.81,15.0,UPI,Delivered,False,False,405.29,True
ORD203183,2025-06-29,C2123,Pooja Singh,Hyderabad,Beauty,Hair Dryer,3,1527.09,0.0,Net Banking,Cancelled,False,False,4581.27,False
ORD200931,2025-06-29,C1311,Meera Reddy,Kolkata,Electronics,Power Bank,2,1402.29,0.0,Debit Card,Delivered,False,False,2804.58,True
ORD203187,2025-06-29,C1087,Kavya Verma,Delhi,Books,Comics Set,3,788.74,0.0,COD,Delivered,False,False,2366.22,True
ORD201471,2025-06-29,C1131,Aarav Kulkarni,Chennai,Electronics,Wireless Earbuds,2,2379.56,5.0,UPI,Delivered,False,False,4521.16,True
ORD203492,2025-06-29,C1456,Priya Mehta,Chennai,Clothing,Hoodie,1,1452.76,5.0,UPI,Delivered,False,False,1380.12,True
ORD201265,2025-06-29,C1850,Aarav Das,Chennai,Home & Kitchen,Air Fryer,1,5137.01,20.0,Credit Card,Delivered,False,False,4109.61,True
ORD202161,2025-06-29,C1624,Arjun Sharma,Ahmedabad,Electronics,Bluetooth Speaker,3,1947.18,0.0,Debit Card,Returned,False,False,5841.54,False
ORD201482,2025-06-30,C2001,Arjun Joshi,Chennai,Home & Kitchen,Bedsheet Set,1,1318.125,5.0,Credit Card,Delivered,True,False,1252.22,True
ORD202537,2025-06-30,C1168,Meera Iyer,Delhi,Clothing,Denim Jeans,1,1716.39,0.0,COD,Delivered,False,False,1716.39,True
ORD202963,2025-06-30,C1584,Vivaan Gupta,Chennai,Clothing,Denim Jeans,2,1723.11,0.0,UPI,Returned,False,False,3446.22,False
ORD204799,2025-06-30,C1235,Ananya Das,Ahmedabad,Electronics,Smartwatch,1,6372.99,15.0,Credit Card,Delivered,False,False,5417.04,True
ORD202010,2025-06-30,C2275,Ananya Patel,Chennai,Books,Python Handbook,2,737.87,0.0,Credit Card,Delivered,False,False,1475.74,True
ORD203528,2025-06-30,C2165,Ananya Iyer,Mumbai,Beauty,Perfume,2,1689.25,0.0,Credit Card,Delivered,False,True,3378.5,True
ORD203358,2025-06-30,C1799,Aditya Mehta,Pune,Electronics,Power Bank,3,1392.72,10.0,Credit Card,Cancelled,False,False,3760.34,False
ORD200823,2025-06-30,C1597,Priya Patel,Chennai,Home & Kitchen,Mixer Grinder,3,3434.11,15.0,Debit Card,Delivered,False,False,8756.98,True
ORD201194,2025-06-30,C2096,Rahul Das,Mumbai,Clothing,Hoodie,2,1615.31,5.0,UPI,Delivered,False,False,3069.09,True
ORD200284,2025-06-30,C1831,Diya Iyer,Hyderabad,Beauty,Perfume,1,1571.52,15.0,Credit Card,Delivered,False,False,1335.79,True
ORD202992,2025-06-30,C2388,Neha Singh,Ahmedabad,Home & Kitchen,Water Bottle,2,440.25,20.0,UPI,Cancelled,False,False,704.4,False
ORD200433,2025-07-01,C1024,Aarav Gupta,Hyderabad,Books,Novel,2,353.34,5.0,Net Banking,Returned,False,False,671.35,False
ORD200601,2025-07-01,C1641,Sneha Verma,Mumbai,Home & Kitchen,Mixer Grinder,1,3550.62,5.0,UPI,Cancelled,False,False,3373.09,False
ORD203081,2025-07-01,C1488,Arjun Verma,Delhi,Clothing,Cotton T-Shirt,3,610.75,20.0,UPI,Delivered,False,False,1465.8,True
ORD204452,2025-07-01,C1094,Riya Sharma,Mumbai,Beauty,Lipstick,1,395.48,0.0,UPI,Delivered,False,False,395.48,True
ORD201212,2025-07-01,C2370,Sneha Nair,Ahmedabad,Home & Kitchen,Cookware Set,1,2931.89,0.0,Credit Card,Delivered,False,True,2931.89,True
ORD204056,2025-07-01,C2102,Sneha Mehta,Chennai,Electronics,Wireless Earbuds,1,2412.41,20.0,UPI,Returned,False,False,1929.93,False
ORD201455,2025-07-01,C1815,Vivaan Singh,Hyderabad,Books,Novel,1,343.73,0.0,Credit Card,Cancelled,False,False,343.73,False
ORD202121,2025-07-01,C1173,Sanjay Patel,Hyderabad,Home & Kitchen,Mixer Grinder,2,3430.01,0.0,UPI,Cancelled,False,False,6860.02,False
ORD204537,2025-07-01,C1523,Manish Patel,Chennai,Electronics,USB-C Cable,2,403.99,0.0,Credit Card,Delivered,False,False,807.98,True
ORD204391,2025-07-01,C2091,Meera Mehta,Bengaluru,Home & Kitchen,Bedsheet Set,1,1376.96,0.0,UPI,Delivered,False,False,1376.96,True
ORD200270,2025-07-01,C1679,Aditya Patel,Kolkata,Home & Kitchen,Mixer Grinder,2,3285.66,5.0,Credit Card,Delivered,False,False,6242.75,True
ORD203573,2025-07-01,C1547,Isha Joshi,Mumbai,Books,Data Science Primer,1,858.78,10.0,Credit Card,Delivered,False,False,772.9,True
ORD200353,2025-07-01,C1097,Isha Joshi,Bengaluru,Home & Kitchen,Cookware Set,4,2973.68,0.0,Credit Card,Returned,False,False,11894.72,False
ORD202157,2025-07-01,C2208,Sanjay Patel,Mumbai,Home & Kitchen,Mixer Grinder,3,3253.1,10.0,Debit Card,Delivered,False,False,8783.37,True
ORD202989,2025-07-01,C1403,Meera Singh,Delhi,Beauty,Lipstick,2,398.77,5.0,UPI,Cancelled,False,False,757.66,False
ORD202784,2025-07-01,C1032,Meera Verma,Hyderabad,Books,Data Science Primer,3,855.19,20.0,Credit Card,Delivered,False,False,2052.46,True
ORD203263,2025-07-01,C1004,Vivaan Mehta,Mumbai,Electronics,Wireless Earbuds,1,2528.86,20.0,Credit Card,Cancelled,True,False,2023.09,False
ORD203144,2025-07-01,C2367,Pooja Gupta,Ahmedabad,Clothing,Running Shoes,1,2958.13,5.0,UPI,Delivered,False,False,2810.22,True
ORD203342,2025-07-01,C1169,Aditya Sharma,Hyderabad,Electronics,Bluetooth Speaker,4,2140.71,20.0,UPI,Delivered,False,False,6850.27,True
ORD200385,2025-07-01,C1066,Aarav Kulkarni,Delhi,Electronics,Power Bank,2,1328.5,0.0,Credit Card,Delivered,False,False,2657.0,True
ORD200057,2025-07-02,C1413,Sneha Joshi,Chennai,Electronics,Smartwatch,3,5894.21,5.0,UPI,Cancelled,False,False,16798.5,False
ORD201289,2025-07-02,C2227,Diya Singh,Hyderabad,Clothing,Hoodie,2,1576.06,15.0,Credit Card,Delivered,False,False,2679.3,True
ORD204215,2025-07-02,C2381,Rohan Reddy,Chennai,Electronics,Smartwatch,2,6471.64,0.0,Credit Card,Delivered,False,False,12943.28,True
ORD204144,2025-07-02,C1107,Riya Joshi,Ahmedabad,Clothing,Denim Jeans,3,1810.95,10.0,UPI,Delivered,False,False,4889.57,True
ORD200532,2025-07-02,C1490,Karan Nair,Mumbai,Electronics,Bluetooth Speaker,2,2048.25,0.0,UPI,Returned,False,False,4096.5,False
ORD204931,2025-07-02,C1022,Priya Patel,Mumbai,Clothing,Denim Jeans,1,1721.24,0.0,Credit Card,Returned,False,False,1721.24,False
ORD202309,2025-07-02,C2039,Rohan Nair,Chennai,Electronics,Bluetooth Speaker,3,2070.54,20.0,Debit Card,Delivered,False,False,4969.3,True
ORD200312,2025-07-03,C1385,Priya Reddy,Delhi,Beauty,Lipstick,3,397.8,5.0,Debit Card,Delivered,False,False,1133.73,True
ORD202413,2025-07-03,C1333,Ananya Verma,Pune,Clothing,Cotton T-Shirt,1,578.41,0.0,UPI,Delivered,False,False,578.41,True
ORD202602,2025-07-03,C2135,Riya Iyer,Ahmedabad,Books,Python Handbook,4,711.48,20.0,Unknown,Delivered,False,False,2276.74,True
ORD204320,2025-07-03,C1154,Diya Joshi,Hyderabad,Electronics,Power Bank,1,1267.54,10.0,UPI,Cancelled,False,False,1140.79,False
ORD200026,2025-07-03,C1349,Priya Nair,Bengaluru,Home & Kitchen,Cookware Set,2,2714.9,0.0,Net Banking,Delivered,False,False,5429.8,True
ORD203967,2025-07-03,C1691,Aarav Mehta,Kolkata,Books,Comics Set,1,784.82,0.0,Debit Card,Returned,False,False,784.82,False
ORD203699,2025-07-03,C1911,Isha Patel,Mumbai,Home & Kitchen,Cookware Set,1,2795.8,0.0,UPI,Delivered,False,False,2795.8,True
ORD204697,2025-07-03,C1108,Arjun Iyer,Chennai,Home & Kitchen,Air Fryer,2,5337.53,20.0,Net Banking,Returned,False,False,8540.05,False
ORD200240,2025-07-04,C1299,Rahul Patel,Delhi,Electronics,Power Bank,1,1295.91,0.0,UPI,Delivered,False,False,1295.91,True
ORD204389,2025-07-04,C2035,Sanjay Nair,Mumbai,Books,Exam Guide,1,498.35,20.0,COD,Cancelled,False,False,398.68,False
ORD200151,2025-07-04,C1817,Priya Patel,Chennai,Clothing,Hoodie,4,1539.55,5.0,UPI,Delivered,False,False,5850.29,True
ORD202252,2025-07-04,C1499,Pooja Reddy,Mumbai,Clothing,Cap,3,342.07,20.0,Debit Card,Cancelled,False,False,820.97,False
ORD200877,2025-07-04,C1007,Riya Kulkarni,Kolkata,Electronics,Bluetooth Speaker,1,2004.03,0.0,Debit Card,Cancelled,False,False,2004.03,False
ORD200654,2025-07-04,C2120,Aditya Verma,Kolkata,Beauty,Lipstick,3,402.15,15.0,Credit Card,Delivered,False,False,1025.48,True
ORD201707,2025-07-04,C1517,Meera Mehta,Pune,Clothing,Cotton T-Shirt,2,574.57,20.0,Debit Card,Delivered,False,False,919.31,True
ORD203956,2025-07-04,C1033,Meera Joshi,Mumbai,Books,Comics Set,1,853.27,0.0,UPI,Delivered,False,False,853.27,True
ORD204486,2025-07-04,C2146,Pooja Das,Pune,Clothing,Denim Jeans,4,1722.87,0.0,UPI,Delivered,False,False,6891.48,True
ORD204139,2025-07-04,C1725,Arjun Iyer,Hyderabad,Home & Kitchen,Mixer Grinder,2,3320.07,20.0,Debit Card,Returned,False,False,5312.11,False
ORD200522,2025-07-04,C1518,Riya Iyer,Bengaluru,Beauty,Hair Dryer,2,1583.31,5.0,COD,Delivered,False,False,3008.29,True
ORD200333,2025-07-04,C2241,Meera Kulkarni,Mumbai,Electronics,Bluetooth Speaker,1,1994.03,10.0,UPI,Cancelled,False,False,1794.63,False
ORD201662,2025-07-04,C1631,Riya Gupta,Kolkata,Beauty,Moisturiser,2,431.1,15.0,UPI,Delivered,False,False,732.87,True
ORD200452,2025-07-04,C2033,Rohan Patel,Mumbai,Books,Novel,3,339.96,5.0,Credit Card,Delivered,False,False,968.89,True
ORD203870,2025-07-05,C1613,Manish Reddy,Delhi,Electronics,Power Bank,1,1311.27,0.0,Debit Card,Returned,False,False,1311.27,False
ORD203016,2025-07-05,C1119,Sneha Mehta,Bengaluru,Home & Kitchen,Mixer Grinder,2,3291.63,20.0,UPI,Delivered,False,False,5266.61,True
ORD204026,2025-07-05,C1445,Sneha Iyer,Mumbai,Books,Exam Guide,3,481.88,10.0,Debit Card,Delivered,False,False,1301.08,True
ORD201090,2025-07-05,C2005,Pooja Singh,Delhi,Clothing,Running Shoes,1,3112.8,0.0,Credit Card,Delivered,False,False,3112.8,True
ORD204490,2025-07-05,C1277,Rahul Singh,Delhi,Clothing,Running Shoes,3,3013.48,0.0,Credit Card,Delivered,False,False,9040.44,True
ORD204254,2025-07-05,C1840,Manish Sharma,Chennai,Clothing,Hoodie,2,1493.14,0.0,Credit Card,Returned,False,False,2986.28,False
ORD204387,2025-07-05,C2147,Sneha Reddy,Bengaluru,Electronics,Wireless Earbuds,2,2461.27,0.0,COD,Returned,False,False,4922.54,False
ORD201068,2025-07-05,C1122,Riya Reddy,Ahmedabad,Clothing,Running Shoes,2,2956.45,0.0,Credit Card,Delivered,False,False,5912.9,True
ORD204194,2025-07-05,C1112,Kavya Gupta,Ahmedabad,Clothing,Running Shoes,1,3050.7349999999997,20.0,COD,Delivered,True,False,2440.59,True
ORD203507,2025-07-05,C1679,Aditya Patel,Kolkata,Electronics,USB-C Cable,3,383.66,0.0,Debit Card,Delivered,False,False,1150.98,True
ORD200874,2025-07-05,C1021,Ananya Gupta,Mumbai,Home & Kitchen,Water Bottle,2,479.02,5.0,UPI,Delivered,False,False,910.14,True
ORD204145,2025-07-05,C1415,Riya Kulkarni,Mumbai,Electronics,Power Bank,3,1338.77,0.0,UPI,Cancelled,False,False,4016.31,False
ORD203355,2025-07-05,C2013,Vikram Sharma,Mumbai,Clothing,Denim Jeans,4,1801.71,15.0,COD,Returned,False,False,6125.81,False
ORD202529,2025-07-05,C1447,Sanjay Kulkarni,Mumbai,Beauty,Lipstick,1,384.68,10.0,Credit Card,Cancelled,False,False,346.21,False
ORD202274,2025-07-06,C2354,Diya Gupta,Mumbai,Beauty,Hair Dryer,1,1445.17,0.0,Net Banking,Delivered,False,False,1445.17,True
ORD202486,2025-07-06,C2137,Ananya Patel,Pune,Home & Kitchen,Bedsheet Set,4,1290.04,0.0,UPI,Cancelled,False,False,5160.16,False
ORD201938,2025-07-06,C1014,Aditya Das,Chennai,Electronics,Bluetooth Speaker,4,2020.47,0.0,UPI,Delivered,True,True,8081.88,True
ORD200300,2025-07-06,C1095,Vikram Joshi,Chennai,Electronics,Smartwatch,1,5802.64,5.0,COD,Delivered,False,False,5512.51,True
ORD203420,2025-07-06,C1398,Kavya Kulkarni,Chennai,Beauty,Moisturiser,2,434.08,0.0,Credit Card,Delivered,False,False,868.16,True
ORD200354,2025-07-06,C1539,Manish Mehta,Ahmedabad,Home & Kitchen,Water Bottle,1,427.34,20.0,Credit Card,Delivered,False,False,341.87,True
ORD204137,2025-07-06,C1534,Manish Reddy,Pune,Home & Kitchen,Mixer Grinder,2,3464.16,5.0,UPI,Cancelled,False,False,6581.9,False
ORD202569,2025-07-06,C1100,Rahul Singh,Bengaluru,Home & Kitchen,Cookware Set,4,2980.43,0.0,UPI,Delivered,False,False,11921.72,True
ORD203669,2025-07-06,C1702,Arjun Das,Mumbai,Clothing,Cap,1,356.03,0.0,Credit Card,Cancelled,False,False,356.03,False
ORD204599,2025-07-06,C2260,Aarav Gupta,Pune,Electronics,Wireless Earbuds,2,2621.31,10.0,UPI,Delivered,False,False,4718.36,True
ORD204372,2025-07-07,C1468,Aarav Kulkarni,Mumbai,Electronics,USB-C Cable,1,405.64,20.0,UPI,Delivered,True,False,324.51,True
ORD203367,2025-07-07,C2039,Rohan Nair,Chennai,Beauty,Perfume,1,1644.77,15.0,Credit Card,Delivered,False,False,1398.05,True
ORD203197,2025-07-07,C1771,Sanjay Sharma,Hyderabad,Beauty,Perfume,1,1645.89,0.0,Debit Card,Delivered,False,False,1645.89,True
ORD203335,2025-07-07,C1107,Riya Joshi,Ahmedabad,Home & Kitchen,Air Fryer,3,5100.31,0.0,UPI,Cancelled,False,False,15300.93,False
ORD203124,2025-07-07,C1541,Arjun Kulkarni,Chennai,Clothing,Cotton T-Shirt,3,639.51,15.0,UPI,Delivered,False,False,1630.75,True
ORD204935,2025-07-08,C1611,Sneha Sharma,Hyderabad,Electronics,Power Bank,2,1302.08,0.0,UPI,Returned,False,False,2604.16,False
ORD201235,2025-07-08,C1751,Manish Das,Pune,Home & Kitchen,Cookware Set,1,2889.52,0.0,Debit Card,Delivered,False,False,2889.52,True
ORD200958,2025-07-08,C2382,Rohan Verma,Delhi,Home & Kitchen,Water Bottle,4,481.46,5.0,UPI,Delivered,False,False,1829.55,True
ORD200893,2025-07-08,C1980,Priya Das,Mumbai,Electronics,Smartwatch,4,5900.89,0.0,UPI,Delivered,False,False,23603.56,True
ORD201861,2025-07-08,C1880,Arjun Das,Delhi,Clothing,Hoodie,1,1435.19,5.0,UPI,Returned,False,False,1363.43,False
ORD202337,2025-07-08,C2223,Ananya Das,Delhi,Books,Novel,2,332.65,0.0,UPI,Delivered,False,False,665.3,True
ORD200739,2025-07-08,C1651,Riya Das,Hyderabad,Electronics,Power Bank,1,1296.57,0.0,Credit Card,Cancelled,False,False,1296.57,False
ORD200692,2025-07-08,C1030,Sanjay Reddy,Delhi,Home & Kitchen,Air Fryer,4,4855.82,5.0,Debit Card,Delivered,False,False,18452.12,True
ORD202507,2025-07-08,C2137,Ananya Patel,Pune,Clothing,Denim Jeans,4,1914.54,10.0,UPI,Delivered,False,False,6892.34,True
ORD200643,2025-07-08,C1702,Arjun Das,Mumbai,Electronics,Wireless Earbuds,1,2412.4,15.0,UPI,Delivered,False,False,2050.54,True
ORD203109,2025-07-08,C1241,Rahul Sharma,Mumbai,Home & Kitchen,Cookware Set,1,2734.67,5.0,Debit Card,Delivered,False,False,2597.94,True
ORD200717,2025-07-08,C1874,Arjun Gupta,Chennai,Electronics,Bluetooth Speaker,2,2020.47,0.0,COD,Delivered,True,False,4040.94,True
ORD202763,2025-07-08,C1935,Vikram Patel,Delhi,Home & Kitchen,Air Fryer,1,5037.05,20.0,UPI,Cancelled,False,False,4029.64,False
ORD204231,2025-07-08,C1838,Priya Singh,Hyderabad,Home & Kitchen,Mixer Grinder,1,3224.59,0.0,Debit Card,Delivered,False,False,3224.59,True
ORD204294,2025-07-09,C2334,Riya Singh,Kolkata,Electronics,Wireless Earbuds,1,2523.02,15.0,COD,Cancelled,False,False,2144.57,False
ORD200331,2025-07-09,C1480,Diya Gupta,Mumbai,Home & Kitchen,Mixer Grinder,2,3468.2,5.0,Debit Card,Delivered,False,False,6589.58,True
ORD201497,2025-07-09,C1721,Vikram Gupta,Bengaluru,Beauty,Lipstick,3,402.01,20.0,COD,Delivered,False,False,964.82,True
ORD203165,2025-07-09,C1136,Karan Mehta,Mumbai,Books,Data Science Primer,1,885.88,0.0,UPI,Delivered,False,False,885.88,True
ORD202621,2025-07-09,C1556,Aditya Sharma,Mumbai,Electronics,Bluetooth Speaker,1,1984.25,0.0,Debit Card,Returned,False,False,1984.25,False
ORD204346,2025-07-09,C2024,Diya Patel,Bengaluru,Books,Novel,4,364.23,0.0,COD,Delivered,False,False,1456.92,True
ORD200475,2025-07-09,C2277,Diya Sharma,Mumbai,Electronics,Bluetooth Speaker,2,2146.46,10.0,Debit Card,Delivered,False,False,3863.63,True
ORD204874,2025-07-09,C2202,Kavya Mehta,Delhi,Electronics,Power Bank,4,1314.27,10.0,COD,Returned,False,False,4731.37,False
ORD203874,2025-07-09,C1440,Rahul Singh,Mumbai,Home & Kitchen,Air Fryer,2,4804.2,20.0,UPI,Returned,False,False,7686.72,False
ORD201916,2025-07-09,C1450,Vivaan Sharma,Delhi,Beauty,Perfume,3,1716.3,20.0,Net Banking,Delivered,False,False,4119.12,True
ORD202476,2025-07-09,C1051,Priya Sharma,Delhi,Beauty,Lipstick,1,381.55,10.0,COD,Returned,False,False,343.4,False
ORD201711,2025-07-09,C2064,Priya Joshi,Pune,Books,Comics Set,1,793.58,0.0,COD,Delivered,False,False,793.58,True
ORD200484,2025-07-09,C1854,Vivaan Nair,Chennai,Beauty,Hair Dryer,2,1577.32,0.0,Net Banking,Delivered,False,False,3154.64,True
ORD203312,2025-07-10,C1912,Priya Gupta,Bengaluru,Electronics,Smartwatch,4,6367.4,0.0,UPI,Delivered,False,False,25469.6,True
ORD202238,2025-07-10,C1166,Riya Nair,Pune,Clothing,Cap,1,338.8,0.0,UPI,Delivered,False,False,338.8,True
ORD202455,2025-07-10,C2070,Ananya Patel,Hyderabad,Clothing,Cap,1,332.26,20.0,Debit Card,Delivered,False,False,265.81,True
ORD201826,2025-07-10,C1920,Isha Mehta,Hyderabad,Home & Kitchen,Water Bottle,2,452.03,10.0,Debit Card,Delivered,False,False,813.65,True
ORD203558,2025-07-10,C1269,Priya Sharma,Bengaluru,Clothing,Running Shoes,2,3005.04,20.0,UPI,Delivered,False,False,4808.06,True
ORD201402,2025-07-10,C1195,Kavya Verma,Mumbai,Home & Kitchen,Water Bottle,1,458.68,0.0,UPI,Returned,False,False,458.68,False
ORD203530,2025-07-10,C1692,Pooja Reddy,Pune,Clothing,Cap,1,348.72,0.0,UPI,Delivered,False,False,348.72,True
ORD203324,2025-07-10,C1993,Diya Patel,Delhi,Books,Exam Guide,1,514.16,20.0,COD,Returned,False,False,411.33,False
ORD204810,2025-07-10,C2181,Riya Verma,Kolkata,Beauty,Hair Dryer,1,1585.83,0.0,Credit Card,Delivered,False,False,1585.83,True
ORD203084,2025-07-11,C1637,Ananya Verma,Ahmedabad,Beauty,Face Wash,1,264.83,0.0,Debit Card,Delivered,False,False,264.83,True
ORD200464,2025-07-11,C1778,Karan Kulkarni,Mumbai,Books,Python Handbook,2,706.09,15.0,Debit Card,Cancelled,False,False,1200.35,False
ORD201343,2025-07-11,C1475,Riya Joshi,Bengaluru,Clothing,Cap,3,356.64,5.0,Debit Card,Cancelled,False,False,1016.42,False
ORD203260,2025-07-11,C1999,Manish Kulkarni,Delhi,Clothing,Cotton T-Shirt,1,602.15,0.0,Debit Card,Cancelled,False,False,602.15,False
ORD203158,2025-07-11,C1073,Meera Patel,Pune,Electronics,USB-C Cable,2,401.12,10.0,Debit Card,Cancelled,False,False,722.02,False
ORD203378,2025-07-11,C1554,Rohan Das,Chennai,Electronics,Bluetooth Speaker,1,1900.25,10.0,UPI,Delivered,False,False,1710.22,True
ORD201388,2025-07-11,C2044,Meera Nair,Chennai,Clothing,Hoodie,1,1481.39,20.0,UPI,Returned,False,False,1185.11,False
ORD202469,2025-07-11,C1336,Kavya Kulkarni,Delhi,Clothing,Hoodie,3,1570.07,0.0,Credit Card,Cancelled,False,False,4710.21,False
ORD201737,2025-07-11,C1580,Arjun Singh,Bengaluru,Clothing,Cotton T-Shirt,4,588.42,0.0,Net Banking,Returned,False,False,2353.68,False
ORD203134,2025-07-11,C1120,Rohan Mehta,Bengaluru,Beauty,Hair Dryer,1,1522.47,0.0,Credit Card,Delivered,False,False,1522.47,True
ORD203614,2025-07-11,C2215,Riya Singh,Kolkata,Home & Kitchen,Mixer Grinder,4,3389.02,0.0,Credit Card,Delivered,False,False,13556.08,True
ORD201307,2025-07-11,C1556,Aditya Sharma,Mumbai,Electronics,Bluetooth Speaker,1,1993.16,0.0,COD,Delivered,False,False,1993.16,True
ORD202371,2025-07-11,C1597,Priya Patel,Chennai,Clothing,Running Shoes,1,3093.08,5.0,UPI,Delivered,False,False,2938.43,True
ORD200817,2025-07-11,C1034,Aditya Mehta,Mumbai,Books,Comics Set,1,797.86,0.0,UPI,Cancelled,False,False,797.86,False
ORD201018,2025-07-11,C1543,Neha Reddy,Kolkata,Electronics,Power Bank,2,1397.43,0.0,Credit Card,Delivered,False,False,2794.86,True
ORD204051,2025-07-11,C1822,Diya Sharma,Pune,Books,Exam Guide,2,535.9,0.0,UPI,Delivered,False,False,1071.8,True
ORD203331,2025-07-12,C2309,Arjun Mehta,Bengaluru,Electronics,Smartwatch,3,6439.2,0.0,Credit Card,Delivered,False,False,19317.6,True
ORD201410,2025-07-12,C1902,Isha Joshi,Pune,Clothing,Cotton T-Shirt,1,643.56,5.0,Debit Card,Delivered,False,False,611.38,True
ORD201285,2025-07-12,C1150,Arjun Joshi,Delhi,Electronics,Power Bank,2,1332.02,0.0,UPI,Delivered,False,False,2664.04,True
ORD203685,2025-07-12,C1779,Isha Gupta,Bengaluru,Books,Python Handbook,2,676.41,20.0,COD,Cancelled,False,False,1082.26,False
ORD201556,2025-07-12,C2352,Aarav Reddy,Bengaluru,Books,Comics Set,3,762.35,0.0,Credit Card,Cancelled,False,False,2287.05,False
ORD201369,2025-07-12,C2036,Meera Reddy,Chennai,Electronics,Wireless Earbuds,1,2660.5,0.0,COD,Cancelled,False,False,2660.5,False
ORD203553,2025-07-12,C1953,Neha Singh,Ahmedabad,Clothing,Cap,1,345.77,15.0,UPI,Delivered,False,False,293.9,True
ORD202076,2025-07-12,C1152,Meera Patel,Ahmedabad,Electronics,Wireless Earbuds,2,2462.22,10.0,UPI,Delivered,False,False,4432.0,True
ORD202027,2025-07-12,C1087,Kavya Verma,Delhi,Books,Exam Guide,2,478.12,20.0,UPI,Delivered,False,False,764.99,True
ORD200342,2025-07-12,C1521,Manish Kulkarni,Bengaluru,Electronics,USB-C Cable,4,417.56,0.0,Credit Card,Delivered,False,False,1670.24,True
ORD204817,2025-07-13,C1201,Meera Verma,Mumbai,Home & Kitchen,Water Bottle,4,476.17,0.0,UPI,Cancelled,False,False,1904.68,False
ORD203803,2025-07-13,C1333,Ananya Verma,Pune,Books,Comics Set,2,855.73,20.0,UPI,Returned,False,False,1369.17,False
ORD200801,2025-07-13,C1989,Priya Das,Mumbai,Electronics,Bluetooth Speaker,1,2077.67,5.0,UPI,Cancelled,False,False,1973.79,False
ORD200149,2025-07-13,C1264,Diya Gupta,Delhi,Home & Kitchen,Water Bottle,1,439.08,15.0,Credit Card,Delivered,False,False,373.22,True
ORD201820,2025-07-13,C1123,Vivaan Sharma,Pune,Electronics,USB-C Cable,4,392.42,0.0,COD,Delivered,False,False,1569.68,True
ORD203543,2025-07-13,C1139,Meera Joshi,Bengaluru,Clothing,Hoodie,1,1526.505,20.0,Credit Card,Cancelled,True,False,1221.2,False
ORD203605,2025-07-13,C2387,Karan Verma,Bengaluru,Clothing,Cotton T-Shirt,2,644.62,0.0,UPI,Cancelled,False,True,1289.24,False
ORD202936,2025-07-13,C2073,Meera Gupta,Bengaluru,Electronics,Wireless Earbuds,4,2427.06,0.0,UPI,Cancelled,False,False,9708.24,False
ORD204839,2025-07-13,C1045,Rohan Kulkarni,Mumbai,Electronics,Wireless Earbuds,1,2523.52,0.0,Credit Card,Returned,False,False,2523.52,False
ORD203063,2025-07-13,C1058,Riya Sharma,Delhi,Beauty,Lipstick,3,403.67,0.0,Net Banking,Delivered,False,False,1211.01,True
ORD203023,2025-07-13,C1722,Manish Mehta,Pune,Electronics,Wireless Earbuds,1,2393.05,10.0,UPI,Delivered,False,False,2153.75,True
ORD203388,2025-07-13,C1218,Meera Patel,Bengaluru,Home & Kitchen,Air Fryer,1,5365.62,20.0,Credit Card,Returned,False,False,4292.5,False
ORD201303,2025-07-14,C1028,Pooja Gupta,Mumbai,Electronics,Smartwatch,1,6038.27,20.0,UPI,Delivered,False,False,4830.62,True
ORD201444,2025-07-14,C2140,Aarav Reddy,Delhi,Home & Kitchen,Mixer Grinder,4,3546.51,0.0,Debit Card,Returned,False,False,14186.04,False
ORD203409,2025-07-14,C2363,Rohan Gupta,Kolkata,Home & Kitchen,Air Fryer,4,5205.89,10.0,UPI,Delivered,False,False,18741.2,True
ORD200750,2025-07-14,C2123,Pooja Singh,Hyderabad,Home & Kitchen,Water Bottle,3,443.22,0.0,Credit Card,Delivered,False,False,1329.66,True
ORD204033,2025-07-14,C1372,Sanjay Nair,Mumbai,Beauty,Face Wash,2,265.32,0.0,UPI,Delivered,False,False,530.64,True
ORD202589,2025-07-14,C2114,Aditya Joshi,Pune,Home & Kitchen,Water Bottle,1,475.2,0.0,Debit Card,Returned,False,False,475.2,False
ORD200188,2025-07-14,C1247,Sneha Singh,Chennai,Home & Kitchen,Water Bottle,4,473.58,0.0,COD,Delivered,False,False,1894.32,True
ORD200802,2025-07-14,C1861,Diya Kulkarni,Chennai,Electronics,USB-C Cable,4,401.76,20.0,UPI,Delivered,False,False,1285.63,True
ORD200291,2025-07-14,C1800,Kavya Iyer,Mumbai,Beauty,Face Wash,2,252.64,20.0,UPI,Delivered,False,False,404.22,True
ORD204981,2025-07-14,C1171,Manish Reddy,Delhi,Electronics,Power Bank,4,1323.3,5.0,UPI,Returned,False,False,5028.54,False
ORD201603,2025-07-14,C1526,Vivaan Sharma,Hyderabad,Clothing,Cotton T-Shirt,3,624.6,10.0,Debit Card,Delivered,False,False,1686.42,True
ORD200659,2025-07-14,C2087,Sanjay Joshi,Pune,Home & Kitchen,Air Fryer,2,5077.77,10.0,Net Banking,Delivered,False,False,9139.99,True
ORD201712,2025-07-14,C1928,Aditya Gupta,Ahmedabad,Electronics,Wireless Earbuds,4,2566.42,0.0,UPI,Delivered,False,False,10265.68,True
ORD204604,2025-07-14,C2026,Manish Nair,Hyderabad,Books,Comics Set,2,774.05,5.0,Credit Card,Delivered,False,False,1470.7,True
ORD202908,2025-07-15,C1596,Aditya Iyer,Chennai,Home & Kitchen,Mixer Grinder,1,3173.76,20.0,COD,Returned,False,False,2539.01,False
ORD202325,2025-07-15,C1194,Meera Verma,Delhi,Beauty,Perfume,1,1604.44,10.0,Debit Card,Cancelled,False,False,1444.0,False
ORD204933,2025-07-15,C1681,Rohan Sharma,Chennai,Clothing,Denim Jeans,1,1844.58,0.0,Net Banking,Cancelled,False,False,1844.58,False
ORD204456,2025-07-15,C2169,Aditya Verma,Delhi,Home & Kitchen,Mixer Grinder,2,3377.67,15.0,UPI,Returned,False,False,5742.04,False
ORD201791,2025-07-15,C1485,Karan Nair,Mumbai,Electronics,Power Bank,1,1276.28,20.0,Debit Card,Delivered,False,False,1021.02,True
ORD200224,2025-07-15,C2353,Sanjay Iyer,Kolkata,Beauty,Perfume,3,1569.4,15.0,Net Banking,Cancelled,False,False,4001.97,False
ORD204212,2025-07-15,C1683,Vikram Singh,Bengaluru,Electronics,Wireless Earbuds,1,2686.94,20.0,UPI,Returned,False,False,2149.55,False
ORD200316,2025-07-15,C1785,Neha Reddy,Bengaluru,Beauty,Perfume,2,1636.89,0.0,Credit Card,Delivered,False,False,3273.78,True
ORD204111,2025-07-15,C2252,Pooja Singh,Pune,Books,Python Handbook,3,678.99,10.0,UPI,Delivered,False,False,1833.27,True
ORD200171,2025-07-15,C2258,Pooja Singh,Mumbai,Clothing,Cotton T-Shirt,3,618.03,10.0,UPI,Returned,False,False,1668.68,False
ORD201240,2025-07-16,C2379,Ananya Verma,Bengaluru,Electronics,USB-C Cable,1,380.68,0.0,Debit Card,Delivered,False,False,380.68,True
ORD202821,2025-07-16,C2250,Karan Patel,Bengaluru,Books,Python Handbook,1,667.46,5.0,COD,Cancelled,False,False,634.09,False
ORD201386,2025-07-16,C2228,Ananya Iyer,Mumbai,Beauty,Face Wash,4,237.43,10.0,Debit Card,Delivered,False,False,854.75,True
ORD202364,2025-07-16,C1822,Diya Sharma,Pune,Books,Python Handbook,1,740.19,5.0,COD,Delivered,False,False,703.18,True
ORD201614,2025-07-16,C1370,Isha Gupta,Mumbai,Beauty,Hair Dryer,1,1510.71,0.0,UPI,Cancelled,False,False,1510.71,False
ORD201008,2025-07-16,C1857,Sneha Joshi,Chennai,Books,Comics Set,1,816.03,0.0,UPI,Cancelled,False,False,816.03,False
ORD201424,2025-07-16,C1016,Ananya Patel,Chennai,Home & Kitchen,Mixer Grinder,1,3524.89,10.0,Net Banking,Returned,False,False,3172.4,False
ORD204595,2025-07-16,C1724,Manish Singh,Chennai,Clothing,Cotton T-Shirt,3,625.31,0.0,Net Banking,Delivered,False,False,1875.93,True
ORD203334,2025-07-16,C1771,Sanjay Sharma,Hyderabad,Clothing,Denim Jeans,2,1913.29,20.0,UPI,Cancelled,False,False,3061.26,False
ORD201067,2025-07-16,C1720,Karan Reddy,Bengaluru,Beauty,Moisturiser,3,438.8,5.0,Credit Card,Returned,False,False,1250.58,False
ORD200694,2025-07-16,C1123,Vivaan Sharma,Pune,Home & Kitchen,Bedsheet Set,2,1396.04,20.0,UPI,Delivered,False,False,2233.66,True
ORD202253,2025-07-16,C1238,Ananya Sharma,Pune,Clothing,Cap,3,358.16,15.0,UPI,Cancelled,False,False,913.31,False
ORD200489,2025-07-16,C1460,Rahul Mehta,Kolkata,Home & Kitchen,Air Fryer,2,5328.06,5.0,UPI,Delivered,False,False,10123.31,True
ORD202848,2025-07-17,C1580,Arjun Singh,Bengaluru,Beauty,Face Wash,1,241.67,0.0,Credit Card,Delivered,False,False,241.67,True
ORD202014,2025-07-17,C1630,Meera Mehta,Hyderabad,Electronics,Bluetooth Speaker,1,2134.16,5.0,UPI,Cancelled,False,False,2027.45,False
ORD202867,2025-07-17,C1611,Sneha Sharma,Hyderabad,Beauty,Perfume,1,1630.81,0.0,UPI,Delivered,False,False,1630.81,True
ORD202564,2025-07-17,C1756,Manish Kulkarni,Mumbai,Clothing,Cotton T-Shirt,1,594.74,10.0,UPI,Delivered,False,False,535.27,True
ORD204586,2025-07-17,C1613,Manish Reddy,Delhi,Home & Kitchen,Bedsheet Set,4,1320.07,0.0,UPI,Cancelled,False,False,5280.28,False
ORD200764,2025-07-17,C1671,Diya Patel,Ahmedabad,Books,Novel,2,341.07,0.0,UPI,Delivered,False,False,682.14,True
ORD204588,2025-07-17,C1893,Manish Iyer,Ahmedabad,Books,Data Science Primer,4,860.16,0.0,Debit Card,Delivered,False,False,3440.64,True
ORD203960,2025-07-17,C1593,Karan Iyer,Ahmedabad,Clothing,Hoodie,2,1614.82,15.0,UPI,Delivered,False,False,2745.19,True
ORD202722,2025-07-17,C2179,Aditya Iyer,Kolkata,Electronics,Smartwatch,4,5771.58,10.0,UPI,Cancelled,False,False,20777.69,False
ORD204830,2025-07-17,C2049,Diya Verma,Bengaluru,Electronics,Bluetooth Speaker,3,2131.39,5.0,UPI,Cancelled,False,False,6074.46,False
ORD202973,2025-07-18,C1012,Vikram Joshi,Delhi,Books,Exam Guide,1,524.83,0.0,Debit Card,Returned,False,True,524.83,False
ORD203854,2025-07-18,C1134,Diya Sharma,Mumbai,Electronics,Wireless Earbuds,3,2620.75,0.0,UPI,Delivered,False,False,7862.25,True
ORD204653,2025-07-18,C1814,Rahul Mehta,Chennai,Home & Kitchen,Air Fryer,2,5002.43,0.0,UPI,Delivered,False,False,10004.86,True
ORD200566,2025-07-19,C1161,Karan Singh,Bengaluru,Home & Kitchen,Cookware Set,1,2713.49,15.0,Credit Card,Delivered,False,False,2306.47,True
ORD202746,2025-07-19,C1631,Riya Gupta,Kolkata,Clothing,Cotton T-Shirt,1,615.9,10.0,UPI,Delivered,False,False,554.31,True
ORD203310,2025-07-19,C1362,Vivaan Nair,Hyderabad,Electronics,Bluetooth Speaker,1,1904.75,0.0,UPI,Cancelled,False,False,1904.75,False
ORD200862,2025-07-19,C1363,Priya Mehta,Delhi,Electronics,Smartwatch,1,6247.95,0.0,Debit Card,Cancelled,False,False,6247.95,False
ORD202139,2025-07-19,C1463,Manish Joshi,Hyderabad,Beauty,Lipstick,1,400.61,0.0,COD,Delivered,False,False,400.61,True
ORD203336,2025-07-19,C1409,Priya Iyer,Bengaluru,Electronics,USB-C Cable,1,430.24,20.0,UPI,Cancelled,False,False,344.19,False
ORD204733,2025-07-19,C1020,Sneha Mehta,Delhi,Clothing,Cap,3,337.73,15.0,Debit Card,Delivered,False,False,861.21,True
ORD200752,2025-07-19,C1274,Manish Kulkarni,Hyderabad,Clothing,Cotton T-Shirt,2,608.11,15.0,Net Banking,Delivered,False,False,1033.79,True
ORD202535,2025-07-19,C1600,Aarav Das,Mumbai,Electronics,Power Bank,1,1267.28,15.0,UPI,Delivered,False,False,1077.19,True
ORD203467,2025-07-19,C1320,Ananya Nair,Bengaluru,Home & Kitchen,Bedsheet Set,2,1317.96,5.0,UPI,Delivered,False,False,2504.12,True
ORD200887,2025-07-19,C2159,Riya Reddy,Mumbai,Electronics,Wireless Earbuds,1,2381.49,15.0,UPI,Delivered,False,False,2024.27,True
ORD202744,2025-07-19,C1900,Arjun Sharma,Hyderabad,Electronics,Power Bank,2,1306.64,15.0,Credit Card,Delivered,False,False,2221.29,True
ORD203994,2025-07-19,C1462,Rohan Iyer,Bengaluru,Home & Kitchen,Mixer Grinder,3,3137.99,0.0,UPI,Delivered,False,False,9413.97,True
ORD200013,2025-07-19,C1935,Vikram Patel,Delhi,Beauty,Lipstick,1,406.95,0.0,Net Banking,Delivered,False,False,406.95,True
ORD201969,2025-07-20,C1932,Diya Nair,Mumbai,Home & Kitchen,Water Bottle,2,456.7,0.0,Credit Card,Delivered,True,False,913.4,True
ORD202224,2025-07-20,C1179,Sanjay Singh,Kolkata,Clothing,Hoodie,4,1585.89,0.0,Unknown,Returned,False,False,6343.56,False
ORD204684,2025-07-20,C2160,Riya Gupta,Bengaluru,Home & Kitchen,Cookware Set,3,2715.49,0.0,UPI,Delivered,False,True,8146.47,True
ORD203985,2025-07-20,C1022,Priya Patel,Mumbai,Home & Kitchen,Mixer Grinder,1,3541.8,0.0,Debit Card,Cancelled,False,False,3541.8,False
ORD201941,2025-07-20,C2036,Meera Reddy,Chennai,Books,Novel,2,356.97,20.0,UPI,Delivered,False,False,571.15,True
ORD200156,2025-07-20,C1580,Arjun Singh,Bengaluru,Electronics,USB-C Cable,4,429.8,15.0,UPI,Delivered,False,False,1461.32,True
ORD200890,2025-07-20,C1760,Diya Sharma,Chennai,Books,Comics Set,1,782.47,5.0,Credit Card,Delivered,False,False,743.35,True
ORD203539,2025-07-20,C1097,Isha Joshi,Chennai,Books,Novel,1,363.03,0.0,COD,Returned,False,False,363.03,False
ORD201733,2025-07-20,C1106,Rohan Iyer,Chennai,Home & Kitchen,Bedsheet Set,4,1242.76,0.0,Debit Card,Delivered,False,False,4971.04,True
ORD200479,2025-07-20,C1903,Diya Kulkarni,Kolkata,Clothing,Running Shoes,3,3045.43,0.0,Credit Card,Cancelled,False,False,9136.29,False
ORD204309,2025-07-20,C1597,Priya Patel,Chennai,Electronics,Smartwatch,1,5774.77,0.0,UPI,Returned,False,False,5774.77,False
ORD202380,2025-07-21,C2131,Neha Singh,Bengaluru,Books,Novel,3,336.46,10.0,Debit Card,Delivered,False,False,908.44,True
ORD201115,2025-07-21,C2344,Rohan Mehta,Mumbai,Beauty,Lipstick,2,413.75,5.0,Debit Card,Delivered,False,False,786.12,True
ORD202409,2025-07-21,C1827,Ananya Patel,Ahmedabad,Clothing,Denim Jeans,1,1728.67,15.0,UPI,Delivered,False,False,1469.37,True
ORD203305,2025-07-21,C2079,Isha Kulkarni,Mumbai,Beauty,Hair Dryer,1,1437.75,0.0,Credit Card,Delivered,False,False,1437.75,True
ORD202191,2025-07-21,C1381,Ananya Sharma,Delhi,Electronics,Smartwatch,4,5960.22,0.0,Debit Card,Cancelled,False,False,23840.88,False
ORD203093,2025-07-21,C2117,Rahul Iyer,Bengaluru,Home & Kitchen,Air Fryer,1,4956.8,5.0,UPI,Returned,False,False,4708.96,False
ORD204701,2025-07-21,C2007,Karan Das,Chennai,Clothing,Cotton T-Shirt,1,600.88,0.0,COD,Delivered,False,False,600.88,True
ORD200843,2025-07-21,C2138,Aditya Patel,Pune,Electronics,Power Bank,3,1266.13,10.0,Credit Card,Delivered,False,False,3418.55,True
ORD203497,2025-07-21,C1817,Priya Patel,Chennai,Electronics,Bluetooth Speaker,1,2117.22,5.0,UPI,Returned,False,False,2011.36,False
ORD200512,2025-07-21,C1169,Aditya Sharma,Hyderabad,Home & Kitchen,Water Bottle,2,434.02,0.0,UPI,Delivered,False,False,868.04,True
ORD200435,2025-07-21,C1492,Riya Sharma,Delhi,Clothing,Denim Jeans,1,1938.06,10.0,UPI,Delivered,False,False,1744.25,True
ORD201520,2025-07-21,C1691,Aarav Mehta,Kolkata,Beauty,Perfume,1,1528.95,5.0,Credit Card,Cancelled,False,False,1452.5,False
ORD201871,2025-07-22,C2019,Rahul Joshi,Mumbai,Beauty,Moisturiser,4,430.43,20.0,COD,Cancelled,False,False,1377.38,False
ORD200033,2025-07-22,C2115,Priya Mehta,Bengaluru,Electronics,Wireless Earbuds,3,2396.86,0.0,UPI,Delivered,False,False,7190.58,True
ORD202658,2025-07-22,C1440,Rahul Singh,Mumbai,Electronics,Bluetooth Speaker,2,1995.25,5.0,UPI,Delivered,False,False,3790.98,True
ORD200873,2025-07-22,C2348,Rohan Kulkarni,Hyderabad,Home & Kitchen,Mixer Grinder,2,3429.48,0.0,COD,Returned,False,True,6858.96,False
ORD202836,2025-07-22,C2287,Aditya Kulkarni,Hyderabad,Clothing,Hoodie,1,1437.22,20.0,COD,Returned,False,False,1149.78,False
ORD201095,2025-07-22,C1387,Neha Singh,Bengaluru,Electronics,USB-C Cable,3,401.68,0.0,Credit Card,Delivered,False,False,1205.04,True
ORD204262,2025-07-22,C1740,Kavya Joshi,Bengaluru,Home & Kitchen,Cookware Set,2,2735.76,5.0,Debit Card,Delivered,False,False,5197.94,True
ORD202318,2025-07-22,C1312,Aarav Joshi,Hyderabad,Clothing,Cotton T-Shirt,4,580.5,0.0,UPI,Delivered,False,False,2322.0,True
ORD200011,2025-07-22,C2146,Pooja Das,Pune,Beauty,Moisturiser,2,455.75,10.0,Net Banking,Delivered,False,False,820.35,True
ORD203142,2025-07-22,C2304,Meera Joshi,Ahmedabad,Clothing,Hoodie,4,1592.56,15.0,UPI,Delivered,False,False,5414.7,True
ORD200863,2025-07-22,C1032,Meera Verma,Hyderabad,Clothing,Running Shoes,1,2903.61,15.0,Net Banking,Cancelled,False,False,2468.07,False
ORD204466,2025-07-22,C1906,Riya Nair,Chennai,Electronics,USB-C Cable,2,421.62,0.0,Debit Card,Cancelled,False,False,843.24,False
ORD204944,2025-07-22,C1529,Ananya Verma,Hyderabad,Clothing,Cotton T-Shirt,2,639.85,0.0,Debit Card,Delivered,False,False,1279.7,True
ORD204098,2025-07-23,C1026,Vikram Singh,Mumbai,Clothing,Denim Jeans,1,1930.74,0.0,Net Banking,Returned,False,False,1930.74,False
ORD200981,2025-07-23,C1572,Arjun Sharma,Hyderabad,Clothing,Cap,3,347.0,0.0,UPI,Cancelled,False,False,1041.0,False
ORD201416,2025-07-23,C2177,Arjun Kulkarni,Pune,Clothing,Cap,2,372.65,15.0,Debit Card,Delivered,False,False,633.5,True
ORD200266,2025-07-23,C1726,Sanjay Singh,Kolkata,Clothing,Running Shoes,1,3163.5,15.0,Net Banking,Delivered,False,False,2688.98,True
ORD204116,2025-07-23,C1892,Diya Singh,Mumbai,Beauty,Perfume,2,1688.26,0.0,Net Banking,Delivered,False,False,3376.52,True
ORD201110,2025-07-23,C1878,Isha Reddy,Chennai,Electronics,USB-C Cable,2,400.09,10.0,Debit Card,Cancelled,False,False,720.16,False
ORD203101,2025-07-23,C2298,Neha Mehta,Pune,Home & Kitchen,Water Bottle,4,456.7,0.0,UPI,Delivered,True,False,1826.8,True
ORD201378,2025-07-23,C2046,Manish Verma,Kolkata,Home & Kitchen,Mixer Grinder,1,3509.79,10.0,UPI,Delivered,False,False,3158.81,True
ORD203586,2025-07-23,C1073,Meera Patel,Pune,Beauty,Hair Dryer,2,1509.03,0.0,Credit Card,Delivered,False,False,3018.06,True
ORD204856,2025-07-23,C1375,Manish Nair,Mumbai,Home & Kitchen,Air Fryer,4,5228.59,15.0,COD,Delivered,False,False,17777.21,True
ORD204388,2025-07-23,C1485,Karan Nair,Mumbai,Beauty,Perfume,2,1536.71,5.0,UPI,Cancelled,False,False,2919.75,False
ORD203452,2025-07-24,C1385,Priya Reddy,Delhi,Electronics,Smartwatch,1,5917.08,0.0,UPI,Delivered,False,False,5917.08,True
ORD200550,2025-07-24,C1511,Rohan Kulkarni,Kolkata,Books,Data Science Primer,1,903.94,0.0,UPI,Delivered,False,False,903.94,True
ORD200349,2025-07-24,C1420,Rahul Das,Delhi,Beauty,Lipstick,1,381.27,5.0,COD,Delivered,False,False,362.21,True
ORD204118,2025-07-24,C1013,Sneha Reddy,Ahmedabad,Electronics,Power Bank,4,1306.98,20.0,Credit Card,Delivered,False,False,4182.34,True
ORD202814,2025-07-24,C1809,Priya Kulkarni,Mumbai,Electronics,Bluetooth Speaker,4,1992.78,20.0,UPI,Delivered,False,False,6376.9,True
ORD200460,2025-07-24,C1294,Aarav Nair,Kolkata,Clothing,Hoodie,1,1529.59,5.0,Debit Card,Cancelled,False,False,1453.11,False
ORD204539,2025-07-24,C1431,Kavya Sharma,Delhi,Clothing,Hoodie,4,1584.83,20.0,UPI,Delivered,False,False,5071.46,True
ORD202392,2025-07-24,C1925,Aarav Nair,Delhi,Home & Kitchen,Water Bottle,1,456.59,15.0,Net Banking,Delivered,False,False,388.1,True
ORD204334,2025-07-24,C1377,Kavya Das,Mumbai,Clothing,Denim Jeans,2,1727.04,0.0,Credit Card,Delivered,False,False,3454.08,True
ORD200332,2025-07-24,C1435,Riya Mehta,Delhi,Beauty,Moisturiser,2,477.32,15.0,Credit Card,Returned,False,False,811.44,False
ORD204842,2025-07-24,C1086,Vivaan Gupta,Mumbai,Electronics,Smartwatch,3,6245.33,0.0,UPI,Delivered,False,False,18735.99,True
ORD203693,2025-07-24,C1273,Meera Mehta,Mumbai,Electronics,USB-C Cable,1,393.13,0.0,UPI,Delivered,False,False,393.13,True
ORD204621,2025-07-24,C1428,Arjun Patel,Mumbai,Electronics,Power Bank,3,1390.06,10.0,UPI,Delivered,False,False,3753.16,True
ORD203502,2025-07-25,C1305,Priya Mehta,Bengaluru,Clothing,Denim Jeans,1,1804.76,20.0,Net Banking,Cancelled,False,False,1443.81,False
ORD201921,2025-07-25,C1092,Sanjay Reddy,Pune,Clothing,Denim Jeans,1,1909.34,15.0,Debit Card,Cancelled,False,False,1622.94,False
ORD202235,2025-07-25,C1794,Meera Kulkarni,Kolkata,Home & Kitchen,Bedsheet Set,1,1397.64,0.0,Net Banking,Delivered,False,False,1397.64,True
ORD201466,2025-07-25,C1232,Meera Sharma,Chennai,Electronics,Power Bank,4,1311.3,10.0,Debit Card,Returned,True,False,4720.68,False
ORD200991,2025-07-25,C2122,Aarav Das,Ahmedabad,Home & Kitchen,Cookware Set,1,2848.8,5.0,Debit Card,Returned,False,False,2706.36,False
ORD202773,2025-07-25,C1491,Pooja Mehta,Delhi,Books,Novel,2,365.36,0.0,Credit Card,Delivered,False,False,730.72,True
ORD201135,2025-07-25,C1980,Priya Das,Mumbai,Electronics,Smartwatch,1,6138.15,5.0,UPI,Cancelled,False,False,5831.24,False
ORD202562,2025-07-25,C2335,Isha Singh,Hyderabad,Beauty,Perfume,2,1548.29,15.0,Net Banking,Delivered,False,False,2632.09,True
ORD200079,2025-07-25,C1943,Priya Verma,Mumbai,Books,Comics Set,1,795.54,0.0,Net Banking,Delivered,False,False,795.54,True
ORD204053,2025-07-25,C2335,Isha Singh,Hyderabad,Books,Data Science Primer,2,961.59,0.0,UPI,Cancelled,False,False,1923.18,False
ORD204698,2025-07-25,C1232,Meera Sharma,Chennai,Beauty,Hair Dryer,1,1576.88,10.0,UPI,Delivered,False,False,1419.19,True
ORD200769,2025-07-25,C1987,Sneha Mehta,Delhi,Clothing,Denim Jeans,1,1742.49,0.0,UPI,Delivered,False,True,1742.49,True
ORD201399,2025-07-25,C2150,Arjun Mehta,Pune,Home & Kitchen,Air Fryer,2,5039.44,0.0,UPI,Cancelled,False,False,10078.88,False
ORD202619,2025-07-25,C2167,Isha Singh,Mumbai,Clothing,Denim Jeans,3,1715.4,20.0,UPI,Delivered,False,False,4116.96,True
ORD201714,2025-07-25,C2238,Ananya Mehta,Mumbai,Beauty,Perfume,1,1580.05,10.0,Debit Card,Returned,False,False,1422.04,False
ORD201837,2025-07-25,C1030,Sanjay Reddy,Delhi,Beauty,Perfume,4,1530.08,20.0,Debit Card,Delivered,False,False,4896.26,True
ORD204162,2025-07-26,C2042,Vikram Sharma,Bengaluru,Clothing,Running Shoes,1,3112.64,0.0,Debit Card,Delivered,False,False,3112.64,True
ORD202338,2025-07-26,C2388,Neha Singh,Ahmedabad,Home & Kitchen,Air Fryer,1,4815.32,15.0,Debit Card,Delivered,False,False,4093.02,True
ORD204210,2025-07-26,C1894,Sneha Mehta,Delhi,Clothing,Hoodie,1,1500.99,5.0,COD,Delivered,False,False,1425.94,True
ORD204258,2025-07-26,C1572,Arjun Sharma,Hyderabad,Beauty,Moisturiser,4,444.7,5.0,Credit Card,Delivered,False,False,1689.86,True
ORD203363,2025-07-26,C1683,Vikram Singh,Bengaluru,Books,Comics Set,2,817.91,0.0,Net Banking,Delivered,False,False,1635.82,True
ORD204712,2025-07-26,C1952,Isha Reddy,Chennai,Electronics,USB-C Cable,3,408.91,20.0,UPI,Delivered,False,False,981.38,True
ORD201004,2025-07-26,C2188,Vivaan Patel,Delhi,Home & Kitchen,Mixer Grinder,2,3494.74,0.0,Debit Card,Cancelled,False,False,6989.48,False
ORD200782,2025-07-26,C2303,Manish Singh,Ahmedabad,Electronics,Bluetooth Speaker,1,1909.25,10.0,UPI,Delivered,False,False,1718.32,True
ORD200959,2025-07-26,C1198,Priya Patel,Hyderabad,Electronics,Bluetooth Speaker,2,1985.88,0.0,COD,Returned,False,False,3971.76,False
ORD201363,2025-07-26,C2289,Meera Mehta,Chennai,Electronics,Power Bank,2,1282.06,10.0,Credit Card,Delivered,False,False,2307.71,True
ORD202234,2025-07-26,C1737,Priya Patel,Delhi,Electronics,Bluetooth Speaker,2,2009.02,10.0,UPI,Delivered,False,False,3616.24,True
ORD204767,2025-07-26,C2037,Kavya Mehta,Pune,Clothing,Denim Jeans,2,1830.43,0.0,Credit Card,Delivered,False,False,3660.86,True
ORD200673,2025-07-26,C1914,Sanjay Das,Mumbai,Clothing,Hoodie,2,1556.39,10.0,UPI,Delivered,False,False,2801.5,True
ORD201205,2025-07-26,C2081,Aditya Das,Delhi,Clothing,Cotton T-Shirt,1,589.43,15.0,Credit Card,Delivered,False,False,501.02,True
ORD203286,2025-07-27,C1005,Kavya Verma,Ahmedabad,Home & Kitchen,Water Bottle,1,468.6,0.0,Net Banking,Delivered,False,False,468.6,True
ORD201032,2025-07-27,C1018,Priya Joshi,Hyderabad,Books,Exam Guide,3,483.13,15.0,Debit Card,Delivered,False,False,1231.98,True
ORD202633,2025-07-27,C2334,Riya Singh,Kolkata,Books,Novel,1,364.39,10.0,Debit Card,Delivered,False,False,327.95,True
ORD202577,2025-07-27,C2274,Vivaan Gupta,Bengaluru,Clothing,Cap,2,352.63,10.0,COD,Delivered,False,False,634.73,True
ORD202244,2025-07-27,C1523,Manish Patel,Chennai,Clothing,Denim Jeans,3,1766.62,0.0,Credit Card,Delivered,False,False,5299.86,True
ORD203712,2025-07-27,C1932,Diya Nair,Mumbai,Clothing,Running Shoes,1,2995.17,20.0,COD,Delivered,False,False,2396.14,True
ORD204357,2025-07-27,C1564,Aarav Reddy,Bengaluru,Beauty,Hair Dryer,2,1500.9,0.0,UPI,Delivered,False,False,3001.8,True
ORD201510,2025-07-27,C1316,Neha Iyer,Mumbai,Home & Kitchen,Air Fryer,2,4805.01,20.0,UPI,Delivered,False,False,7688.02,True
ORD202002,2025-07-27,C2301,Arjun Reddy,Pune,Beauty,Hair Dryer,1,1429.3,20.0,Credit Card,Cancelled,False,False,1143.44,False
ORD201691,2025-07-28,C1179,Sanjay Singh,Kolkata,Clothing,Cap,4,370.55,0.0,Credit Card,Delivered,False,False,1482.2,True
ORD204736,2025-07-28,C1209,Diya Das,Mumbai,Clothing,Cotton T-Shirt,2,571.08,5.0,COD,Delivered,False,False,1085.05,True
ORD204583,2025-07-28,C2009,Aarav Mehta,Mumbai,Electronics,Power Bank,3,1344.27,0.0,UPI,Delivered,False,False,4032.81,True
ORD204858,2025-07-28,C1890,Sanjay Sharma,Kolkata,Home & Kitchen,Mixer Grinder,1,3280.38,0.0,Credit Card,Delivered,False,False,3280.38,True
ORD204761,2025-07-28,C1871,Meera Sharma,Mumbai,Electronics,Wireless Earbuds,1,2621.33,0.0,UPI,Delivered,False,False,2621.33,True
ORD203677,2025-07-28,C2238,Ananya Mehta,Mumbai,Beauty,Hair Dryer,3,1467.22,0.0,UPI,Delivered,False,False,4401.66,True
ORD204838,2025-07-28,C1371,Karan Joshi,Kolkata,Clothing,Running Shoes,2,3160.75,0.0,UPI,Cancelled,False,True,6321.5,False
ORD203958,2025-07-28,C1113,Arjun Kulkarni,Ahmedabad,Clothing,Cap,1,353.8,0.0,UPI,Delivered,False,False,353.8,True
ORD200004,2025-07-28,C1212,Isha Mehta,Bengaluru,Electronics,USB-C Cable,1,400.26,0.0,COD,Delivered,False,False,400.26,True
ORD204938,2025-07-28,C2316,Manish Mehta,Mumbai,Home & Kitchen,Air Fryer,4,4965.19,20.0,Credit Card,Delivered,False,False,15888.61,True
ORD201838,2025-07-28,C2201,Arjun Iyer,Ahmedabad,Clothing,Cap,1,370.7,20.0,Credit Card,Delivered,False,False,296.56,True
ORD202944,2025-07-28,C1984,Ananya Iyer,Kolkata,Home & Kitchen,Water Bottle,1,456.7,0.0,Debit Card,Delivered,True,False,456.7,True
ORD203207,2025-07-29,C2191,Rahul Sharma,Hyderabad,Books,Python Handbook,1,745.33,15.0,Credit Card,Delivered,False,False,633.53,True
ORD204459,2025-07-29,C1837,Kavya Singh,Bengaluru,Beauty,Perfume,4,1702.89,0.0,UPI,Returned,False,False,6811.56,False
ORD200325,2025-07-29,C1205,Vikram Das,Bengaluru,Electronics,Power Bank,1,1296.17,0.0,UPI,Delivered,False,False,1296.17,True
ORD204454,2025-07-29,C1787,Rohan Joshi,Bengaluru,Beauty,Hair Dryer,2,1592.91,15.0,Debit Card,Delivered,False,False,2707.95,True
ORD204803,2025-07-29,C1314,Priya Das,Delhi,Books,Novel,2,370.26,0.0,UPI,Delivered,False,False,740.52,True
ORD201685,2025-07-29,C1742,Isha Gupta,Pune,Beauty,Lipstick,2,393.88,0.0,Debit Card,Delivered,False,False,787.76,True
ORD200740,2025-07-29,C1094,Riya Sharma,Mumbai,Home & Kitchen,Bedsheet Set,1,1262.57,15.0,Debit Card,Delivered,False,False,1073.18,True
ORD203729,2025-07-29,C2381,Rohan Reddy,Chennai,Beauty,Lipstick,1,405.7,0.0,UPI,Delivered,False,False,405.7,True
ORD204184,2025-07-29,C1198,Priya Patel,Hyderabad,Electronics,Bluetooth Speaker,1,1940.79,0.0,UPI,Delivered,False,False,1940.79,True
ORD201823,2025-07-29,C1297,Neha Verma,Delhi,Electronics,Power Bank,1,1384.32,0.0,UPI,Delivered,False,True,1384.32,True
ORD203379,2025-07-29,C2053,Isha Gupta,Pune,Home & Kitchen,Cookware Set,2,2958.77,20.0,UPI,Delivered,False,False,4734.03,True
ORD200032,2025-07-29,C1650,Pooja Singh,Chennai,Clothing,Hoodie,1,1542.58,0.0,UPI,Delivered,False,False,1542.58,True
ORD203222,2025-07-30,C1156,Ananya Mehta,Mumbai,Books,Exam Guide,1,519.79,10.0,Net Banking,Delivered,False,False,467.81,True
ORD203594,2025-07-30,C1343,Neha Sharma,Mumbai,Beauty,Moisturiser,1,434.06,5.0,UPI,Delivered,False,False,412.36,True
ORD200000,2025-07-30,C1408,Riya Singh,Bengaluru,Electronics,Smartwatch,1,5872.68,15.0,UPI,Delivered,False,False,4991.78,True
ORD203328,2025-07-30,C2268,Kavya Joshi,Delhi,Clothing,Denim Jeans,2,1775.42,0.0,Debit Card,Delivered,False,False,3550.84,True
ORD204989,2025-07-30,C1422,Sneha Verma,Chennai,Electronics,USB-C Cable,2,405.08,10.0,Credit Card,Cancelled,False,False,729.14,False
ORD201605,2025-07-30,C1280,Priya Joshi,Chennai,Clothing,Denim Jeans,2,1909.37,0.0,Credit Card,Delivered,False,False,3818.74,True
ORD200944,2025-07-30,C2373,Aditya Reddy,Chennai,Beauty,Perfume,2,1546.17,0.0,UPI,Delivered,False,False,3092.34,True
ORD203607,2025-07-30,C1637,Ananya Verma,Ahmedabad,Beauty,Moisturiser,4,438.78,0.0,UPI,Delivered,False,False,1755.12,True
ORD203918,2025-07-30,C1029,Aarav Sharma,Hyderabad,Books,Novel,2,335.35,20.0,Net Banking,Cancelled,False,False,536.56,False
ORD204661,2025-07-30,C2111,Manish Singh,Chennai,Clothing,Hoodie,1,1593.87,0.0,Credit Card,Returned,False,False,1593.87,False
ORD201488,2025-07-30,C2234,Kavya Verma,Bengaluru,Clothing,Hoodie,2,1459.04,15.0,UPI,Delivered,False,False,2480.37,True
ORD200129,2025-07-30,C2137,Ananya Patel,Pune,Electronics,Smartwatch,3,6380.13,5.0,Net Banking,Delivered,False,False,18183.37,True
ORD204980,2025-07-31,C1031,Ananya Singh,Ahmedabad,Beauty,Perfume,4,1626.26,5.0,UPI,Delivered,False,False,6179.79,True
ORD204956,2025-07-31,C2196,Vivaan Joshi,Pune,Beauty,Face Wash,2,242.78,20.0,UPI,Delivered,False,False,388.45,True
ORD201012,2025-07-31,C2343,Sneha Gupta,Kolkata,Home & Kitchen,Mixer Grinder,1,3359.29,10.0,Credit Card,Delivered,False,False,3023.36,True
ORD200008,2025-07-31,C2077,Meera Das,Bengaluru,Clothing,Running Shoes,3,2944.54,0.0,Debit Card,Cancelled,False,False,8833.62,False
ORD200835,2025-07-31,C1523,Manish Patel,Chennai,Home & Kitchen,Water Bottle,2,478.19,10.0,Debit Card,Delivered,False,False,860.74,True
ORD200583,2025-07-31,C1012,Vikram Joshi,Delhi,Electronics,USB-C Cable,2,381.01,20.0,Credit Card,Delivered,False,False,609.62,True
ORD202538,2025-07-31,C1930,Vivaan Gupta,Mumbai,Clothing,Denim Jeans,1,1792.42,0.0,Net Banking,Cancelled,False,False,1792.42,False
ORD201075,2025-07-31,C1730,Arjun Kulkarni,Bengaluru,Electronics,Wireless Earbuds,4,2658.12,0.0,COD,Cancelled,False,False,10632.48,False
ORD201930,2025-07-31,C1798,Karan Patel,Delhi,Clothing,Cap,2,371.7,0.0,UPI,Returned,False,False,743.4,False
ORD200012,2025-07-31,C2294,Aditya Verma,Hyderabad,Beauty,Moisturiser,4,455.95,0.0,COD,Cancelled,True,False,1823.8,False
ORD202482,2025-07-31,C1232,Meera Sharma,Chennai,Home & Kitchen,Air Fryer,3,5344.54,15.0,Debit Card,Delivered,False,False,13628.58,True
ORD203500,2025-07-31,C1841,Pooja Iyer,Bengaluru,Home & Kitchen,Air Fryer,1,4817.98,20.0,COD,Cancelled,False,False,3854.38,False
ORD202626,2025-07-31,C1999,Manish Kulkarni,Delhi,Clothing,Denim Jeans,2,1899.72,0.0,COD,Delivered,False,False,3799.44,True
ORD202067,2025-07-31,C2044,Meera Nair,Chennai,Electronics,USB-C Cable,1,392.18,0.0,UPI,Cancelled,False,False,392.18,False
ORD204854,2025-07-31,C1564,Aarav Reddy,Bengaluru,Electronics,Power Bank,1,1238.8,0.0,Net Banking,Delivered,False,False,1238.8,True
ORD204515,2025-07-31,C2200,Pooja Verma,Bengaluru,Clothing,Cotton T-Shirt,1,635.26,0.0,UPI,Delivered,False,False,635.26,True
ORD200794,2025-07-31,C1330,Diya Kulkarni,Delhi,Home & Kitchen,Mixer Grinder,1,3484.21,10.0,Credit Card,Cancelled,False,False,3135.79,False
ORD204200,2025-08-01,C1260,Vivaan Nair,Chennai,Clothing,Hoodie,4,1532.45,15.0,Credit Card,Delivered,False,False,5210.33,True
ORD200437,2025-08-01,C1669,Rahul Verma,Bengaluru,Electronics,USB-C Cable,2,422.33,15.0,UPI,Delivered,False,False,717.96,True
ORD201123,2025-08-01,C1412,Vikram Iyer,Chennai,Home & Kitchen,Air Fryer,1,5045.43,0.0,UPI,Delivered,False,False,5045.43,True
ORD200870,2025-08-01,C1212,Isha Mehta,Bengaluru,Beauty,Hair Dryer,2,1506.58,10.0,COD,Delivered,False,False,2711.84,True
ORD204276,2025-08-01,C2069,Pooja Singh,Delhi,Home & Kitchen,Cookware Set,2,2801.09,0.0,UPI,Cancelled,False,False,5602.18,False
ORD203249,2025-08-01,C1551,Vikram Reddy,Bengaluru,Home & Kitchen,Cookware Set,1,2674.61,15.0,COD,Delivered,False,False,2273.42,True
ORD200697,2025-08-01,C1975,Pooja Iyer,Delhi,Clothing,Cotton T-Shirt,1,608.03,5.0,Debit Card,Delivered,True,False,577.63,True
ORD200412,2025-08-01,C1675,Priya Singh,Mumbai,Books,Data Science Primer,1,928.97,0.0,Debit Card,Delivered,False,False,928.97,True
ORD203942,2025-08-01,C1674,Ananya Gupta,Delhi,Books,Python Handbook,3,733.32,0.0,Credit Card,Delivered,False,False,2199.96,True
ORD200589,2025-08-01,C2250,Karan Patel,Bengaluru,Clothing,Hoodie,1,1610.51,10.0,Debit Card,Delivered,False,False,1449.46,True
ORD202858,2025-08-01,C1231,Sanjay Iyer,Mumbai,Home & Kitchen,Water Bottle,2,482.56,0.0,Credit Card,Cancelled,False,False,965.12,False
ORD201997,2025-08-01,C1953,Neha Singh,Ahmedabad,Books,Comics Set,1,810.6,15.0,UPI,Returned,False,False,689.01,False
ORD200053,2025-08-01,C1122,Riya Reddy,Ahmedabad,Home & Kitchen,Bedsheet Set,1,1378.63,0.0,UPI,Cancelled,False,False,1378.63,False
ORD203321,2025-08-01,C1014,Aditya Das,Chennai,Home & Kitchen,Water Bottle,3,470.58,20.0,Credit Card,Delivered,False,False,1129.39,True
ORD202189,2025-08-02,C2197,Sanjay Das,Bengaluru,Clothing,Running Shoes,2,3104.64,15.0,Debit Card,Delivered,False,False,5277.89,True
ORD203885,2025-08-02,C1141,Sneha Joshi,Mumbai,Beauty,Moisturiser,3,473.54,20.0,UPI,Delivered,False,False,1136.5,True
ORD204029,2025-08-02,C1962,Vivaan Nair,Pune,Beauty,Lipstick,4,404.21,15.0,Credit Card,Returned,False,False,1374.31,False
ORD203256,2025-08-02,C2125,Ananya Joshi,Bengaluru,Beauty,Moisturiser,2,453.76,0.0,Credit Card,Delivered,False,False,907.52,True
ORD203297,2025-08-02,C1946,Rahul Das,Hyderabad,Home & Kitchen,Bedsheet Set,1,1381.69,15.0,COD,Returned,False,False,1174.44,False
ORD201693,2025-08-02,C2176,Sanjay Joshi,Chennai,Electronics,USB-C Cable,2,419.07,20.0,UPI,Delivered,False,False,670.51,True
ORD202406,2025-08-02,C1006,Priya Nair,Delhi,Home & Kitchen,Bedsheet Set,2,1376.67,20.0,Debit Card,Delivered,False,False,2202.67,True
ORD204695,2025-08-02,C1969,Rahul Joshi,Chennai,Home & Kitchen,Air Fryer,2,4774.49,0.0,COD,Delivered,False,False,9548.98,True
ORD202301,2025-08-02,C2212,Karan Mehta,Ahmedabad,Home & Kitchen,Air Fryer,1,4998.91,0.0,COD,Delivered,False,False,4998.91,True
ORD202055,2025-08-03,C2308,Diya Patel,Chennai,Books,Exam Guide,1,537.87,5.0,Debit Card,Delivered,False,False,510.98,True
ORD201558,2025-08-03,C1350,Kavya Verma,Ahmedabad,Electronics,Bluetooth Speaker,1,1987.59,15.0,UPI,Cancelled,False,False,1689.45,False
ORD203717,2025-08-03,C1695,Aarav Gupta,Chennai,Electronics,Power Bank,2,1331.07,0.0,Net Banking,Returned,False,False,2662.14,False
ORD203508,2025-08-03,C2388,Neha Singh,Ahmedabad,Clothing,Hoodie,1,1496.57,5.0,UPI,Delivered,False,False,1421.74,True
ORD204774,2025-08-03,C2300,Neha Singh,Mumbai,Beauty,Perfume,1,1700.91,0.0,UPI,Delivered,False,False,1700.91,True
ORD200773,2025-08-03,C1632,Aditya Nair,Pune,Electronics,Power Bank,3,1310.47,0.0,Debit Card,Delivered,False,False,3931.41,True
ORD200917,2025-08-03,C1506,Ananya Mehta,Bengaluru,Beauty,Lipstick,1,408.2,10.0,Net Banking,Delivered,False,False,367.38,True
ORD202888,2025-08-03,C1206,Rahul Patel,Delhi,Home & Kitchen,Mixer Grinder,1,3188.07,20.0,Debit Card,Cancelled,False,False,2550.46,False
ORD201385,2025-08-03,C2312,Kavya Sharma,Chennai,Home & Kitchen,Cookware Set,4,2796.94,0.0,Debit Card,Delivered,False,False,11187.76,True
ORD203642,2025-08-03,C2043,Diya Mehta,Bengaluru,Beauty,Lipstick,4,388.1,15.0,COD,Cancelled,False,False,1319.54,False
ORD204633,2025-08-03,C1565,Isha Nair,Bengaluru,Home & Kitchen,Bedsheet Set,1,1333.51,0.0,Debit Card,Delivered,False,False,1333.51,True
ORD200251,2025-08-03,C2360,Neha Das,Bengaluru,Home & Kitchen,Air Fryer,1,5321.2,0.0,UPI,Delivered,False,False,5321.2,True
ORD203833,2025-08-04,C1539,Manish Mehta,Ahmedabad,Beauty,Lipstick,1,379.53,0.0,Debit Card,Cancelled,False,False,379.53,False
ORD201862,2025-08-04,C1993,Diya Patel,Delhi,Clothing,Cap,2,355.28999999999996,0.0,COD,Returned,True,False,710.58,False
ORD202674,2025-08-04,C1861,Diya Kulkarni,Chennai,Beauty,Hair Dryer,1,1434.97,5.0,UPI,Cancelled,False,False,1363.22,False
ORD204812,2025-08-04,C1463,Manish Joshi,Hyderabad,Books,Data Science Primer,4,954.44,0.0,UPI,Delivered,False,False,3817.76,True
ORD201656,2025-08-04,C1655,Manish Nair,Delhi,Books,Python Handbook,2,729.46,5.0,Debit Card,Delivered,False,False,1385.97,True
ORD204347,2025-08-04,C1713,Rahul Nair,Mumbai,Home & Kitchen,Water Bottle,1,450.73,0.0,UPI,Cancelled,False,False,450.73,False
ORD202574,2025-08-04,C1757,Diya Das,Bengaluru,Electronics,Smartwatch,3,6119.445,0.0,Credit Card,Delivered,True,False,18358.34,True
ORD201592,2025-08-04,C1002,Kavya Gupta,Delhi,Beauty,Face Wash,2,265.01,5.0,Debit Card,Returned,False,False,503.52,False
ORD201138,2025-08-04,C2121,Aditya Das,Hyderabad,Home & Kitchen,Bedsheet Set,1,1349.29,5.0,UPI,Delivered,False,False,1281.83,True
ORD201667,2025-08-04,C2330,Pooja Mehta,Mumbai,Home & Kitchen,Water Bottle,4,432.98,15.0,UPI,Returned,False,False,1472.13,False
ORD200966,2025-08-05,C1214,Rahul Gupta,Mumbai,Beauty,Moisturiser,1,436.43,5.0,UPI,Returned,False,False,414.61,False
ORD201168,2025-08-05,C1528,Priya Gupta,Ahmedabad,Home & Kitchen,Water Bottle,4,455.97,5.0,Debit Card,Cancelled,False,False,1732.69,False
ORD203262,2025-08-05,C2261,Rohan Patel,Mumbai,Home & Kitchen,Cookware Set,1,2777.59,10.0,COD,Returned,False,False,2499.83,False
ORD202979,2025-08-05,C1494,Ananya Kulkarni,Mumbai,Clothing,Denim Jeans,4,1854.6,0.0,Debit Card,Delivered,False,False,7418.4,True
ORD203180,2025-08-05,C1497,Manish Gupta,Bengaluru,Home & Kitchen,Air Fryer,1,5300.91,20.0,UPI,Delivered,False,False,4240.73,True
ORD202100,2025-08-05,C1657,Rohan Singh,Kolkata,Beauty,Lipstick,1,426.36,10.0,COD,Returned,False,False,383.72,False
ORD204600,2025-08-05,C2335,Isha Singh,Bengaluru,Clothing,Cotton T-Shirt,4,614.91,15.0,Net Banking,Returned,False,False,2090.69,False
ORD204495,2025-08-05,C1487,Vivaan Iyer,Ahmedabad,Beauty,Face Wash,2,240.09,0.0,UPI,Delivered,False,False,480.18,True
ORD204226,2025-08-05,C1948,Kavya Mehta,Chennai,Electronics,USB-C Cable,4,420.16,0.0,Credit Card,Delivered,False,False,1680.64,True
ORD202368,2025-08-05,C1151,Manish Kulkarni,Delhi,Clothing,Denim Jeans,2,1872.05,10.0,Credit Card,Delivered,False,False,3369.69,True
ORD203924,2025-08-05,C1396,Neha Joshi,Bengaluru,Electronics,USB-C Cable,3,427.99,10.0,UPI,Returned,False,False,1155.57,False
ORD200146,2025-08-05,C1691,Aarav Mehta,Kolkata,Beauty,Hair Dryer,1,1511.87,5.0,COD,Returned,False,False,1436.28,False
ORD201923,2025-08-05,C1043,Neha Das,Bengaluru,Home & Kitchen,Mixer Grinder,1,3511.66,5.0,Credit Card,Cancelled,False,False,3336.08,False
ORD201427,2025-08-05,C1551,Vikram Reddy,Bengaluru,Home & Kitchen,Bedsheet Set,4,1361.73,0.0,Credit Card,Delivered,False,False,5446.92,True
ORD200995,2025-08-05,C1459,Riya Patel,Mumbai,Home & Kitchen,Bedsheet Set,1,1236.23,15.0,UPI,Cancelled,False,False,1050.8,False
ORD200190,2025-08-05,C1472,Diya Das,Delhi,Electronics,Power Bank,1,1311.3,15.0,UPI,Delivered,True,False,1114.6,True
ORD202953,2025-08-05,C1603,Karan Nair,Delhi,Clothing,Denim Jeans,2,1845.2,15.0,Credit Card,Delivered,False,False,3136.84,True
ORD200882,2025-08-05,C2081,Aditya Das,Delhi,Beauty,Face Wash,1,245.11,0.0,UPI,Cancelled,False,False,245.11,False
ORD201074,2025-08-06,C1056,Priya Verma,Mumbai,Beauty,Lipstick,2,425.93,0.0,COD,Delivered,False,False,851.86,True
ORD202287,2025-08-06,C1114,Kavya Singh,Mumbai,Clothing,Running Shoes,2,2972.01,20.0,UPI,Returned,False,False,4755.22,False
ORD202620,2025-08-06,C1899,Priya Gupta,Pune,Electronics,USB-C Cable,1,380.15,10.0,UPI,Delivered,False,False,342.14,True
ORD200867,2025-08-06,C1708,Isha Mehta,Bengaluru,Electronics,Power Bank,1,1275.33,10.0,UPI,Delivered,False,False,1147.8,True
ORD200693,2025-08-06,C2181,Riya Verma,Kolkata,Clothing,Denim Jeans,2,1827.91,0.0,UPI,Delivered,True,False,3655.82,True
ORD203916,2025-08-06,C2110,Isha Das,Delhi,Clothing,Hoodie,1,1573.78,0.0,Credit Card,Delivered,False,False,1573.78,True
ORD200856,2025-08-06,C2185,Aditya Mehta,Bengaluru,Home & Kitchen,Cookware Set,1,2704.38,20.0,Net Banking,Delivered,False,False,2163.5,True
ORD201958,2025-08-06,C1824,Manish Mehta,Delhi,Electronics,Smartwatch,4,6465.9,10.0,UPI,Cancelled,False,False,23277.24,False
ORD201514,2025-08-06,C1695,Aarav Gupta,Chennai,Home & Kitchen,Mixer Grinder,2,3553.96,0.0,Credit Card,Returned,False,True,7107.92,False
ORD203009,2025-08-06,C1658,Priya Joshi,Pune,Electronics,Wireless Earbuds,3,2374.95,20.0,Debit Card,Delivered,False,False,5699.88,True
ORD203834,2025-08-06,C1773,Vivaan Nair,Mumbai,Clothing,Denim Jeans,1,1722.48,0.0,Credit Card,Returned,False,False,1722.48,False
ORD201475,2025-08-06,C2140,Aarav Reddy,Delhi,Books,Comics Set,1,779.92,5.0,UPI,Delivered,False,False,740.92,True
ORD201128,2025-08-06,C1998,Manish Mehta,Bengaluru,Clothing,Running Shoes,4,2942.85,0.0,Credit Card,Delivered,False,False,11771.4,True
ORD203905,2025-08-06,C1657,Rohan Singh,Kolkata,Clothing,Denim Jeans,1,1895.19,10.0,UPI,Delivered,False,False,1705.67,True
ORD203911,2025-08-06,C1412,Vikram Iyer,Chennai,Home & Kitchen,Mixer Grinder,1,3218.49,5.0,UPI,Cancelled,False,False,3057.57,False
ORD204293,2025-08-07,C2234,Kavya Verma,Bengaluru,Home & Kitchen,Mixer Grinder,4,3417.48,0.0,UPI,Cancelled,False,False,13669.92,False
ORD204864,2025-08-07,C1493,Sanjay Gupta,Kolkata,Books,Exam Guide,1,508.83,0.0,COD,Delivered,False,False,508.83,True
ORD204628,2025-08-07,C1650,Pooja Singh,Chennai,Electronics,Wireless Earbuds,4,2523.69,0.0,COD,Delivered,False,False,10094.76,True
ORD204782,2025-08-07,C2053,Isha Gupta,Pune,Electronics,Bluetooth Speaker,1,2147.29,20.0,UPI,Delivered,False,False,1717.83,True
ORD201811,2025-08-07,C2183,Manish Nair,Kolkata,Clothing,Cotton T-Shirt,1,572.85,20.0,UPI,Returned,False,False,458.28,False
ORD203474,2025-08-07,C2150,Arjun Mehta,Pune,Clothing,Denim Jeans,1,1725.17,20.0,UPI,Cancelled,False,False,1380.14,False
ORD201566,2025-08-07,C2266,Aarav Patel,Ahmedabad,Electronics,Bluetooth Speaker,1,1996.62,0.0,COD,Delivered,False,False,1996.62,True
ORD201896,2025-08-07,C1990,Kavya Reddy,Delhi,Electronics,Bluetooth Speaker,1,1928.31,10.0,UPI,Delivered,False,False,1735.48,True
ORD204059,2025-08-07,C2152,Ananya Patel,Bengaluru,Electronics,Wireless Earbuds,2,2457.39,0.0,COD,Delivered,False,False,4914.78,True
ORD204071,2025-08-07,C2249,Aditya Singh,Mumbai,Electronics,Bluetooth Speaker,2,2074.44,5.0,UPI,Returned,False,False,3941.44,False
ORD200242,2025-08-07,C2111,Manish Singh,Chennai,Electronics,USB-C Cable,1,384.25,5.0,COD,Delivered,False,False,365.04,True
ORD201762,2025-08-08,C1478,Rahul Das,Delhi,Clothing,Running Shoes,2,3190.4,15.0,UPI,Cancelled,False,False,5423.68,False
ORD202381,2025-08-08,C2250,Karan Patel,Bengaluru,Electronics,USB-C Cable,1,379.06,15.0,UPI,Returned,False,False,322.2,False
ORD202107,2025-08-08,C2220,Arjun Singh,Delhi,Beauty,Perfume,4,1677.43,0.0,UPI,Delivered,False,False,6709.72,True
ORD201852,2025-08-08,C1506,Ananya Mehta,Bengaluru,Electronics,Wireless Earbuds,1,2507.29,10.0,Credit Card,Delivered,False,False,2256.56,True
ORD201195,2025-08-08,C1287,Manish Patel,Mumbai,Beauty,Moisturiser,2,455.95,15.0,UPI,Returned,True,False,775.12,False
ORD202308,2025-08-08,C1829,Manish Verma,Mumbai,Beauty,Face Wash,1,264.18,5.0,UPI,Cancelled,False,False,250.97,False
ORD204644,2025-08-08,C1968,Neha Joshi,Mumbai,Beauty,Lipstick,4,383.44,0.0,UPI,Delivered,False,False,1533.76,True
ORD202490,2025-08-08,C1794,Meera Kulkarni,Kolkata,Electronics,Smartwatch,3,6338.71,5.0,Credit Card,Delivered,False,False,18065.32,True
ORD200218,2025-08-08,C1676,Priya Das,Delhi,Clothing,Running Shoes,1,3135.25,15.0,UPI,Delivered,False,False,2664.96,True
ORD204205,2025-08-08,C2146,Pooja Das,Pune,Electronics,Smartwatch,2,6118.72,0.0,UPI,Delivered,False,False,12237.44,True
ORD202838,2025-08-08,C1688,Diya Iyer,Delhi,Beauty,Perfume,4,1668.82,0.0,Credit Card,Delivered,False,False,6675.28,True
ORD203581,2025-08-08,C1213,Priya Singh,Chennai,Books,Data Science Primer,1,927.44,0.0,Net Banking,Cancelled,False,False,927.44,False
ORD200322,2025-08-09,C1319,Kavya Kulkarni,Delhi,Electronics,USB-C Cable,2,383.02,0.0,UPI,Cancelled,False,False,766.04,False
ORD202374,2025-08-09,C2082,Manish Kulkarni,Chennai,Books,Comics Set,1,835.2,20.0,COD,Delivered,False,False,668.16,True
ORD202601,2025-08-09,C1287,Manish Patel,Mumbai,Electronics,Wireless Earbuds,3,2624.77,0.0,COD,Cancelled,False,False,7874.31,False
ORD202075,2025-08-09,C1966,Kavya Singh,Mumbai,Beauty,Moisturiser,2,434.43,0.0,Net Banking,Cancelled,False,False,868.86,False
ORD201629,2025-08-09,C1437,Vikram Iyer,Chennai,Electronics,Bluetooth Speaker,4,2051.56,0.0,COD,Returned,False,False,8206.24,False
ORD202250,2025-08-09,C1094,Riya Sharma,Mumbai,Books,Novel,3,365.2,0.0,UPI,Delivered,False,False,1095.6,True
ORD202453,2025-08-09,C2300,Neha Singh,Mumbai,Clothing,Denim Jeans,1,1823.06,0.0,UPI,Delivered,False,True,1823.06,True
ORD204997,2025-08-09,C1715,Manish Gupta,Mumbai,Electronics,Wireless Earbuds,1,2457.63,0.0,Credit Card,Delivered,False,False,2457.63,True
ORD204722,2025-08-09,C1074,Kavya Gupta,Hyderabad,Beauty,Lipstick,3,429.62,0.0,UPI,Cancelled,False,False,1288.86,False
ORD200096,2025-08-09,C2055,Rahul Kulkarni,Mumbai,Beauty,Perfume,4,1650.83,0.0,UPI,Delivered,False,False,6603.32,True
ORD201321,2025-08-09,C2328,Pooja Nair,Ahmedabad,Electronics,Wireless Earbuds,2,2508.21,5.0,Net Banking,Delivered,False,False,4765.6,True
ORD203663,2025-08-09,C2259,Diya Iyer,Bengaluru,Books,Exam Guide,4,516.4,0.0,Debit Card,Delivered,False,False,2065.6,True
ORD200580,2025-08-09,C1516,Kavya Singh,Kolkata,Clothing,Cap,4,376.71,0.0,UPI,Cancelled,False,False,1506.84,False
ORD202175,2025-08-10,C1052,Kavya Das,Pune,Beauty,Face Wash,4,249.89,10.0,UPI,Delivered,False,False,899.6,True
ORD200209,2025-08-10,C2092,Sanjay Nair,Pune,Electronics,Power Bank,1,1253.82,0.0,Net Banking,Delivered,False,False,1253.82,True
ORD200795,2025-08-10,C2356,Ananya Das,Ahmedabad,Electronics,Smartwatch,2,6261.71,0.0,Credit Card,Cancelled,False,False,12523.42,False
ORD204727,2025-08-10,C1664,Rohan Reddy,Ahmedabad,Clothing,Cotton T-Shirt,1,617.07,0.0,UPI,Cancelled,False,False,617.07,False
ORD200535,2025-08-10,C1589,Manish Kulkarni,Hyderabad,Beauty,Hair Dryer,1,1472.62,10.0,Credit Card,Delivered,False,False,1325.36,True
ORD204358,2025-08-10,C1583,Neha Das,Bengaluru,Books,Comics Set,1,774.41,15.0,UPI,Delivered,False,False,658.25,True
ORD202826,2025-08-10,C1963,Vivaan Nair,Kolkata,Clothing,Running Shoes,2,3097.91,0.0,COD,Delivered,False,False,6195.82,True
ORD202401,2025-08-10,C1168,Meera Iyer,Delhi,Electronics,USB-C Cable,2,418.6,5.0,COD,Delivered,False,False,795.34,True
ORD203893,2025-08-10,C1106,Rohan Iyer,Chennai,Home & Kitchen,Water Bottle,3,446.31,0.0,UPI,Delivered,False,True,1338.93,True
ORD203589,2025-08-10,C1400,Priya Gupta,Bengaluru,Electronics,Bluetooth Speaker,1,2077.17,0.0,UPI,Delivered,False,False,2077.17,True
ORD202856,2025-08-10,C1722,Manish Mehta,Pune,Home & Kitchen,Mixer Grinder,4,3470.73,5.0,UPI,Delivered,False,False,13188.77,True
ORD200832,2025-08-11,C1535,Meera Nair,Ahmedabad,Clothing,Denim Jeans,1,1891.05,20.0,Credit Card,Delivered,False,False,1512.84,True
ORD201602,2025-08-11,C1333,Ananya Verma,Pune,Electronics,USB-C Cable,2,397.3,15.0,Net Banking,Delivered,False,False,675.41,True
ORD204010,2025-08-11,C2338,Meera Gupta,Hyderabad,Home & Kitchen,Mixer Grinder,3,3287.33,0.0,UPI,Delivered,False,False,9861.99,True
ORD202845,2025-08-11,C1141,Sneha Joshi,Mumbai,Beauty,Perfume,4,1670.96,0.0,Credit Card,Cancelled,False,False,6683.84,False
ORD204335,2025-08-11,C1068,Neha Joshi,Ahmedabad,Home & Kitchen,Mixer Grinder,2,3493.14,20.0,UPI,Delivered,False,False,5589.02,True
ORD201946,2025-08-11,C1713,Rahul Nair,Mumbai,Books,Data Science Primer,1,941.22,20.0,COD,Cancelled,False,False,752.98,False
ORD201031,2025-08-11,C1400,Priya Gupta,Bengaluru,Beauty,Face Wash,2,262.46,0.0,Debit Card,Returned,False,False,524.92,False
ORD202520,2025-08-11,C1572,Arjun Sharma,Hyderabad,Beauty,Moisturiser,1,461.88,20.0,UPI,Returned,False,False,369.5,False
ORD204706,2025-08-11,C1867,Diya Iyer,Bengaluru,Clothing,Hoodie,2,1589.88,10.0,UPI,Returned,False,False,2861.78,False
ORD202178,2025-08-11,C1207,Rahul Verma,Bengaluru,Clothing,Cotton T-Shirt,1,588.99,0.0,Debit Card,Delivered,False,False,588.99,True
ORD204620,2025-08-11,C1177,Pooja Reddy,Mumbai,Electronics,USB-C Cable,3,396.96,10.0,Net Banking,Delivered,False,False,1071.79,True
ORD203984,2025-08-11,C2058,Isha Das,Kolkata,Electronics,Wireless Earbuds,2,2427.82,20.0,UPI,Delivered,False,False,3884.51,True
ORD201998,2025-08-12,C1996,Priya Sharma,Hyderabad,Beauty,Lipstick,2,405.89,20.0,COD,Returned,False,False,649.42,False
ORD201830,2025-08-12,C2185,Aditya Mehta,Bengaluru,Beauty,Moisturiser,1,479.9,0.0,UPI,Cancelled,False,False,479.9,False
ORD200029,2025-08-12,C1101,Meera Verma,Ahmedabad,Books,Novel,4,355.75,5.0,Net Banking,Delivered,False,False,1351.85,True
ORD201224,2025-08-12,C1289,Vikram Singh,Mumbai,Electronics,Power Bank,2,1239.77,15.0,Debit Card,Returned,False,False,2107.61,False
ORD201597,2025-08-12,C2131,Neha Singh,Bengaluru,Beauty,Face Wash,1,253.76,5.0,Debit Card,Delivered,True,False,241.07,True
ORD202278,2025-08-12,C1424,Isha Nair,Hyderabad,Home & Kitchen,Air Fryer,1,4799.77,0.0,Unknown,Cancelled,False,False,4799.77,False
ORD201052,2025-08-12,C1454,Sanjay Patel,Bengaluru,Clothing,Cotton T-Shirt,1,603.38,20.0,UPI,Delivered,False,False,482.7,True
ORD204521,2025-08-12,C1754,Vivaan Das,Chennai,Electronics,Power Bank,2,1297.38,15.0,Credit Card,Delivered,False,False,2205.55,True
ORD202330,2025-08-12,C2169,Aditya Verma,Delhi,Electronics,Smartwatch,1,6228.51,0.0,UPI,Delivered,False,False,6228.51,True
ORD203936,2025-08-12,C2338,Meera Gupta,Hyderabad,Clothing,Running Shoes,2,3033.74,5.0,UPI,Delivered,False,False,5764.11,True
ORD202006,2025-08-12,C1115,Meera Reddy,Delhi,Electronics,Power Bank,2,1318.37,15.0,Net Banking,Cancelled,False,False,2241.23,False
ORD200219,2025-08-12,C2212,Karan Mehta,Ahmedabad,Clothing,Denim Jeans,3,1716.5,0.0,UPI,Delivered,False,False,5149.5,True
ORD203603,2025-08-12,C1907,Riya Das,Pune,Home & Kitchen,Bedsheet Set,4,1248.38,15.0,UPI,Delivered,False,False,4244.49,True
ORD201199,2025-08-13,C1327,Manish Kulkarni,Kolkata,Home & Kitchen,Mixer Grinder,1,3370.18,0.0,UPI,Delivered,False,False,3370.18,True
ORD202873,2025-08-13,C1563,Neha Gupta,Ahmedabad,Electronics,Power Bank,3,1261.38,0.0,COD,Delivered,False,False,3784.14,True
ORD203032,2025-08-13,C2240,Aditya Joshi,Bengaluru,Electronics,Wireless Earbuds,4,2633.57,0.0,Debit Card,Cancelled,False,False,10534.28,False
ORD201442,2025-08-13,C1959,Pooja Kulkarni,Delhi,Home & Kitchen,Cookware Set,1,2817.0299999999997,0.0,Net Banking,Delivered,True,False,2817.03,True
ORD200639,2025-08-13,C1720,Karan Reddy,Bengaluru,Books,Exam Guide,4,485.05,5.0,UPI,Cancelled,False,False,1843.19,False
ORD200651,2025-08-13,C1785,Neha Reddy,Bengaluru,Home & Kitchen,Air Fryer,2,5102.7,0.0,Credit Card,Returned,False,False,10205.4,False
ORD202609,2025-08-13,C1738,Ananya Kulkarni,Mumbai,Books,Exam Guide,2,530.04,0.0,UPI,Cancelled,False,False,1060.08,False
ORD203678,2025-08-14,C1236,Riya Kulkarni,Delhi,Home & Kitchen,Air Fryer,1,4776.1,5.0,Debit Card,Delivered,False,False,4537.3,True
ORD200086,2025-08-14,C1180,Ananya Gupta,Mumbai,Home & Kitchen,Mixer Grinder,2,3335.22,0.0,UPI,Cancelled,False,False,6670.44,False
ORD202105,2025-08-14,C1232,Meera Sharma,Chennai,Electronics,Power Bank,1,1320.49,0.0,UPI,Cancelled,False,False,1320.49,False
ORD202357,2025-08-14,C1137,Aditya Gupta,Bengaluru,Home & Kitchen,Air Fryer,1,5295.36,0.0,UPI,Delivered,False,False,5295.36,True
ORD201828,2025-08-14,C1625,Pooja Reddy,Kolkata,Electronics,USB-C Cable,4,420.36,5.0,Credit Card,Delivered,False,False,1597.37,True
ORD200282,2025-08-14,C1617,Aarav Verma,Delhi,Electronics,Smartwatch,3,6395.37,0.0,Credit Card,Cancelled,False,False,19186.11,False
ORD203043,2025-08-14,C1563,Neha Gupta,Ahmedabad,Clothing,Denim Jeans,2,1867.2,15.0,COD,Delivered,False,False,3174.24,True
ORD202085,2025-08-14,C2356,Ananya Das,Ahmedabad,Clothing,Cotton T-Shirt,1,603.23,15.0,UPI,Delivered,False,False,512.75,True
ORD200345,2025-08-14,C2042,Vikram Sharma,Bengaluru,Beauty,Moisturiser,1,432.21,20.0,COD,Delivered,False,False,345.77,True
ORD200095,2025-08-14,C1210,Vivaan Reddy,Hyderabad,Beauty,Lipstick,4,395.96,10.0,UPI,Cancelled,False,False,1425.46,False
ORD201214,2025-08-14,C2368,Neha Kulkarni,Mumbai,Electronics,Power Bank,1,1385.07,10.0,UPI,Delivered,False,False,1246.56,True
ORD204710,2025-08-14,C1775,Vikram Das,Kolkata,Clothing,Running Shoes,1,2881.3,20.0,Credit Card,Cancelled,False,False,2305.04,False
ORD204281,2025-08-14,C1148,Riya Joshi,Mumbai,Clothing,Cotton T-Shirt,1,630.27,20.0,UPI,Delivered,False,False,504.22,True
ORD204579,2025-08-14,C1196,Isha Patel,Delhi,Home & Kitchen,Cookware Set,1,2673.87,15.0,UPI,Delivered,False,False,2272.79,True
ORD201709,2025-08-14,C1498,Aarav Das,Delhi,Home & Kitchen,Bedsheet Set,2,1398.31,0.0,UPI,Delivered,False,False,2796.62,True
ORD201023,2025-08-14,C1862,Diya Iyer,Bengaluru,Clothing,Hoodie,1,1473.56,15.0,COD,Delivered,False,False,1252.53,True
ORD200617,2025-08-15,C1199,Kavya Joshi,Ahmedabad,Beauty,Hair Dryer,2,1469.33,20.0,Net Banking,Delivered,False,False,2350.93,True
ORD203819,2025-08-15,C1543,Neha Reddy,Kolkata,Beauty,Lipstick,4,380.49,0.0,UPI,Delivered,False,False,1521.96,True
ORD204292,2025-08-15,C1335,Isha Mehta,Delhi,Beauty,Face Wash,1,260.75,15.0,UPI,Delivered,False,False,221.64,True
ORD204807,2025-08-15,C1670,Karan Singh,Delhi,Beauty,Moisturiser,2,463.38,5.0,COD,Delivered,False,False,880.42,True
ORD204123,2025-08-15,C1545,Diya Patel,Chennai,Books,Comics Set,2,825.78,0.0,Credit Card,Delivered,False,False,1651.56,True
ORD202579,2025-08-15,C1174,Pooja Joshi,Mumbai,Books,Novel,1,374.36,0.0,UPI,Returned,False,False,374.36,False
ORD203877,2025-08-15,C1720,Karan Reddy,Bengaluru,Home & Kitchen,Air Fryer,1,5105.75,0.0,Debit Card,Cancelled,False,False,5105.75,False
ORD200889,2025-08-15,C2373,Aditya Reddy,Chennai,Books,Exam Guide,1,520.11,0.0,Credit Card,Delivered,False,False,520.11,True
ORD202637,2025-08-15,C1452,Rohan Sharma,Mumbai,Books,Novel,2,375.28,5.0,UPI,Cancelled,False,False,713.03,False
ORD201860,2025-08-16,C1775,Vikram Das,Kolkata,Home & Kitchen,Mixer Grinder,1,3261.26,0.0,Credit Card,Returned,False,False,3261.26,False
ORD204868,2025-08-16,C1374,Ananya Mehta,Pune,Home & Kitchen,Air Fryer,3,5066.08,0.0,Debit Card,Delivered,False,False,15198.24,True
ORD204415,2025-08-16,C1910,Sneha Verma,Mumbai,Clothing,Cotton T-Shirt,1,573.28,0.0,UPI,Delivered,False,False,573.28,True
ORD201610,2025-08-16,C1161,Karan Singh,Bengaluru,Home & Kitchen,Cookware Set,1,3011.62,0.0,COD,Returned,False,False,3011.62,False
ORD203887,2025-08-16,C2029,Ananya Joshi,Mumbai,Books,Exam Guide,2,484.57,5.0,Debit Card,Delivered,False,False,920.68,True
ORD203213,2025-08-16,C1548,Arjun Kulkarni,Ahmedabad,Home & Kitchen,Air Fryer,1,5080.42,20.0,Credit Card,Returned,False,False,4064.34,False
ORD204075,2025-08-16,C1821,Sneha Reddy,Chennai,Clothing,Hoodie,1,1615.97,0.0,UPI,Returned,False,False,1615.97,False
ORD203463,2025-08-16,C2331,Priya Singh,Mumbai,Home & Kitchen,Water Bottle,1,462.97,10.0,UPI,Delivered,False,False,416.67,True
ORD200457,2025-08-16,C2152,Ananya Patel,Bengaluru,Beauty,Lipstick,4,411.41,0.0,Debit Card,Delivered,False,False,1645.64,True
ORD200644,2025-08-16,C2393,Vivaan Joshi,Pune,Home & Kitchen,Air Fryer,4,5055.7,5.0,Net Banking,Cancelled,True,False,19211.66,False
ORD201029,2025-08-16,C2300,Neha Singh,Mumbai,Electronics,USB-C Cable,3,427.05,0.0,UPI,Returned,False,False,1281.15,False
ORD204964,2025-08-17,C1378,Pooja Das,Kolkata,Beauty,Moisturiser,2,457.31,5.0,Credit Card,Returned,False,False,868.89,False
ORD203628,2025-08-17,C1782,Rohan Singh,Mumbai,Clothing,Cotton T-Shirt,2,637.13,0.0,COD,Returned,False,False,1274.26,False
ORD203540,2025-08-17,C1971,Pooja Sharma,Delhi,Beauty,Hair Dryer,3,1488.38,5.0,Debit Card,Delivered,False,False,4241.88,True
ORD201105,2025-08-17,C2343,Sneha Gupta,Kolkata,Home & Kitchen,Air Fryer,1,4995.77,15.0,Credit Card,Cancelled,False,False,4246.4,False
ORD200700,2025-08-17,C2024,Diya Patel,Kolkata,Electronics,Power Bank,1,1385.93,0.0,Credit Card,Delivered,False,False,1385.93,True
ORD200595,2025-08-17,C2076,Ananya Mehta,Chennai,Home & Kitchen,Bedsheet Set,2,1254.92,10.0,COD,Returned,False,False,2258.86,False
ORD202790,2025-08-17,C1363,Priya Mehta,Delhi,Home & Kitchen,Mixer Grinder,2,3406.38,0.0,Credit Card,Delivered,False,False,6812.76,True
ORD201894,2025-08-17,C1059,Vivaan Patel,Mumbai,Clothing,Cap,3,360.53,5.0,Credit Card,Delivered,False,False,1027.51,True
ORD202273,2025-08-17,C2287,Aditya Kulkarni,Hyderabad,Home & Kitchen,Water Bottle,4,431.11,5.0,UPI,Delivered,False,False,1638.22,True
ORD202236,2025-08-17,C1669,Rahul Verma,Bengaluru,Electronics,USB-C Cable,3,400.49,15.0,UPI,Delivered,False,False,1021.25,True
ORD203343,2025-08-17,C1341,Priya Sharma,Delhi,Books,Data Science Primer,3,937.01,20.0,Net Banking,Delivered,False,False,2248.82,True
ORD203103,2025-08-18,C2059,Sneha Kulkarni,Mumbai,Electronics,Power Bank,4,1312.26,0.0,UPI,Delivered,False,False,5249.04,True
ORD203264,2025-08-18,C1261,Aditya Nair,Mumbai,Home & Kitchen,Cookware Set,3,2790.54,10.0,COD,Cancelled,False,False,7534.46,False
ORD204031,2025-08-18,C1725,Arjun Iyer,Hyderabad,Books,Python Handbook,3,715.11,5.0,UPI,Delivered,False,False,2038.06,True
ORD202215,2025-08-18,C1198,Priya Patel,Hyderabad,Clothing,Denim Jeans,2,1920.77,10.0,Credit Card,Delivered,False,False,3457.39,True
ORD203569,2025-08-18,C1253,Aditya Verma,Delhi,Clothing,Cap,1,342.03,10.0,Credit Card,Delivered,False,False,307.83,True
ORD204908,2025-08-18,C1710,Sanjay Gupta,Delhi,Electronics,Bluetooth Speaker,3,2122.38,0.0,Credit Card,Delivered,False,False,6367.14,True
ORD204732,2025-08-18,C1765,Neha Joshi,Hyderabad,Home & Kitchen,Bedsheet Set,2,1366.12,15.0,Credit Card,Delivered,False,False,2322.4,True
ORD202483,2025-08-18,C1381,Ananya Sharma,Delhi,Electronics,Wireless Earbuds,3,2606.78,15.0,UPI,Returned,False,False,6647.29,False
ORD201840,2025-08-18,C1713,Rahul Nair,Mumbai,Electronics,Bluetooth Speaker,4,2154.76,15.0,Debit Card,Delivered,False,False,7326.18,True
ORD201738,2025-08-18,C1775,Vikram Das,Kolkata,Books,Exam Guide,1,507.92,0.0,UPI,Cancelled,False,False,507.92,False
ORD202969,2025-08-18,C1198,Priya Patel,Hyderabad,Beauty,Face Wash,4,267.04,10.0,Debit Card,Delivered,False,False,961.34,True
ORD202056,2025-08-18,C1310,Isha Singh,Mumbai,Beauty,Hair Dryer,3,1442.9,10.0,Credit Card,Returned,False,False,3895.83,False
ORD204589,2025-08-18,C2116,Neha Patel,Delhi,Electronics,Smartwatch,1,5705.69,15.0,UPI,Delivered,False,False,4849.84,True
ORD200417,2025-08-18,C1576,Karan Mehta,Chennai,Books,Exam Guide,3,510.2,0.0,Credit Card,Delivered,False,True,1530.6,True
ORD203205,2025-08-18,C1313,Pooja Sharma,Hyderabad,Electronics,USB-C Cable,1,413.06,0.0,UPI,Delivered,False,False,413.06,True
ORD201949,2025-08-18,C2251,Neha Iyer,Delhi,Beauty,Face Wash,1,243.04,10.0,UPI,Cancelled,False,False,218.74,False
ORD202517,2025-08-19,C1174,Pooja Joshi,Mumbai,Beauty,Moisturiser,2,477.35,5.0,Credit Card,Delivered,False,False,906.96,True
ORD200287,2025-08-19,C1111,Vivaan Iyer,Mumbai,Electronics,Bluetooth Speaker,1,2055.79,5.0,UPI,Delivered,False,False,1953.0,True
ORD204150,2025-08-19,C1621,Diya Verma,Bengaluru,Electronics,Bluetooth Speaker,1,2123.04,0.0,UPI,Returned,False,False,2123.04,False
ORD201732,2025-08-19,C1868,Rahul Mehta,Pune,Electronics,Bluetooth Speaker,2,2014.29,0.0,Net Banking,Delivered,False,False,4028.58,True
ORD202611,2025-08-19,C1335,Isha Mehta,Delhi,Clothing,Cotton T-Shirt,1,644.82,10.0,Debit Card,Returned,False,False,580.34,False
ORD202959,2025-08-19,C1386,Ananya Iyer,Delhi,Electronics,Wireless Earbuds,2,2577.85,0.0,UPI,Delivered,False,False,5155.7,True
ORD201961,2025-08-19,C2182,Riya Kulkarni,Delhi,Clothing,Running Shoes,1,2944.55,5.0,Debit Card,Returned,False,False,2797.32,False
ORD203071,2025-08-19,C1110,Vivaan Das,Chennai,Electronics,Smartwatch,2,6114.45,0.0,Credit Card,Delivered,False,False,12228.9,True
ORD200568,2025-08-19,C1027,Pooja Mehta,Bengaluru,Home & Kitchen,Mixer Grinder,2,3540.19,5.0,UPI,Delivered,False,False,6726.36,True
ORD201957,2025-08-19,C2280,Arjun Joshi,Mumbai,Clothing,Cotton T-Shirt,2,617.53,0.0,UPI,Delivered,False,True,1235.06,True
ORD203293,2025-08-19,C1040,Aditya Singh,Delhi,Clothing,Cotton T-Shirt,2,577.8,0.0,COD,Delivered,False,False,1155.6,True
ORD200956,2025-08-19,C1006,Priya Nair,Delhi,Home & Kitchen,Mixer Grinder,3,3468.92,15.0,Credit Card,Delivered,False,False,8845.75,True
ORD204941,2025-08-19,C1279,Karan Patel,Kolkata,Clothing,Hoodie,3,1601.83,15.0,Net Banking,Delivered,False,False,4084.67,True
ORD204143,2025-08-19,C1266,Sanjay Iyer,Bengaluru,Home & Kitchen,Cookware Set,2,2817.0299999999997,10.0,Credit Card,Delivered,True,False,5070.65,True
ORD200192,2025-08-20,C2091,Meera Mehta,Bengaluru,Clothing,Cotton T-Shirt,2,608.03,0.0,Debit Card,Delivered,True,False,1216.06,True
ORD200741,2025-08-20,C1183,Priya Iyer,Kolkata,Books,Data Science Primer,1,968.44,0.0,UPI,Delivered,False,True,968.44,True
ORD204107,2025-08-20,C2397,Rohan Verma,Delhi,Beauty,Hair Dryer,1,1493.4,0.0,Credit Card,Cancelled,False,False,1493.4,False
ORD203824,2025-08-20,C1031,Ananya Singh,Ahmedabad,Clothing,Hoodie,1,1473.56,0.0,Net Banking,Delivered,False,False,1473.56,True
ORD202150,2025-08-20,C1023,Meera Kulkarni,Kolkata,Books,Exam Guide,3,508.65,0.0,UPI,Cancelled,False,False,1525.95,False
ORD200631,2025-08-20,C2244,Karan Gupta,Ahmedabad,Clothing,Hoodie,3,1460.52,0.0,COD,Delivered,False,False,4381.56,True
ORD202018,2025-08-20,C1914,Sanjay Das,Mumbai,Home & Kitchen,Water Bottle,1,436.32,0.0,UPI,Delivered,False,False,436.32,True
ORD201888,2025-08-20,C1201,Meera Verma,Mumbai,Electronics,Smartwatch,1,5963.45,20.0,UPI,Delivered,False,False,4770.76,True
ORD204729,2025-08-20,C1280,Priya Joshi,Chennai,Clothing,Denim Jeans,1,1910.68,15.0,COD,Returned,False,False,1624.08,False
ORD201699,2025-08-20,C2353,Sanjay Iyer,Kolkata,Books,Comics Set,1,849.31,0.0,Debit Card,Delivered,False,False,849.31,True
ORD204718,2025-08-20,C1259,Arjun Patel,Pune,Clothing,Cap,4,335.29,20.0,UPI,Returned,False,False,1072.93,False
ORD200241,2025-08-21,C1234,Sneha Gupta,Kolkata,Clothing,Cotton T-Shirt,1,603.64,0.0,UPI,Delivered,False,False,603.64,True
ORD203982,2025-08-21,C1900,Arjun Sharma,Hyderabad,Home & Kitchen,Bedsheet Set,2,1363.43,20.0,UPI,Cancelled,False,False,2181.49,False
ORD204394,2025-08-21,C2093,Diya Reddy,Mumbai,Electronics,Power Bank,2,1311.33,0.0,Debit Card,Delivered,False,False,2622.66,True
ORD200030,2025-08-21,C1293,Manish Reddy,Pune,Books,Python Handbook,1,699.67,0.0,Credit Card,Delivered,False,False,699.67,True
ORD201164,2025-08-21,C2118,Rohan Das,Chennai,Home & Kitchen,Cookware Set,2,2691.22,10.0,Credit Card,Returned,False,False,4844.2,False
ORD202961,2025-08-21,C1514,Sneha Mehta,Ahmedabad,Beauty,Moisturiser,2,427.82,5.0,Debit Card,Delivered,False,False,812.86,True
ORD200080,2025-08-21,C1952,Isha Reddy,Chennai,Clothing,Cap,4,335.68,0.0,Credit Card,Delivered,False,False,1342.72,True
ORD200259,2025-08-21,C2370,Sneha Nair,Ahmedabad,Electronics,USB-C Cable,2,414.16,0.0,UPI,Delivered,False,True,828.32,True
ORD202551,2025-08-21,C1689,Riya Mehta,Kolkata,Clothing,Hoodie,1,1597.52,20.0,UPI,Returned,False,False,1278.02,False
ORD200431,2025-08-21,C1893,Manish Iyer,Ahmedabad,Electronics,USB-C Cable,2,430.79,10.0,Credit Card,Returned,False,False,775.42,False
ORD202922,2025-08-22,C2102,Sneha Mehta,Chennai,Beauty,Hair Dryer,1,1504.26,5.0,UPI,Delivered,False,False,1429.05,True
ORD201409,2025-08-22,C1121,Arjun Patel,Bengaluru,Electronics,Smartwatch,4,5918.88,0.0,COD,Delivered,False,False,23675.52,True
ORD201282,2025-08-22,C2269,Isha Reddy,Kolkata,Books,Comics Set,2,763.87,0.0,UPI,Delivered,False,True,1527.74,True
ORD200649,2025-08-22,C1625,Pooja Reddy,Kolkata,Home & Kitchen,Air Fryer,1,4828.84,0.0,UPI,Delivered,False,False,4828.84,True
ORD203997,2025-08-22,C1480,Diya Gupta,Mumbai,Electronics,Bluetooth Speaker,1,2120.47,0.0,COD,Delivered,False,False,2120.47,True
ORD202708,2025-08-22,C1549,Ananya Singh,Bengaluru,Books,Exam Guide,3,531.59,0.0,Net Banking,Delivered,False,False,1594.77,True
ORD200314,2025-08-22,C1349,Priya Nair,Bengaluru,Electronics,Smartwatch,1,5941.26,0.0,UPI,Delivered,False,False,5941.26,True
ORD201461,2025-08-22,C1690,Kavya Singh,Delhi,Clothing,Cotton T-Shirt,2,645.11,5.0,UPI,Delivered,False,False,1225.71,True
ORD201658,2025-08-22,C1932,Diya Nair,Mumbai,Beauty,Lipstick,2,395.25,0.0,UPI,Delivered,False,False,790.5,True
ORD202984,2025-08-22,C1846,Pooja Reddy,Mumbai,Electronics,Power Bank,1,1251.13,0.0,UPI,Delivered,False,False,1251.13,True
ORD201817,2025-08-22,C1715,Manish Gupta,Mumbai,Home & Kitchen,Water Bottle,1,438.43,5.0,Credit Card,Delivered,False,False,416.51,True
ORD203713,2025-08-22,C2318,Riya Singh,Mumbai,Electronics,Smartwatch,3,6156.51,0.0,UPI,Delivered,False,False,18469.53,True
ORD201133,2025-08-22,C1451,Ananya Reddy,Mumbai,Home & Kitchen,Cookware Set,1,2799.93,15.0,Credit Card,Cancelled,False,False,2379.94,False
ORD202340,2025-08-22,C1719,Diya Gupta,Ahmedabad,Beauty,Lipstick,2,406.05,10.0,COD,Delivered,False,False,730.89,True
ORD203288,2025-08-22,C1615,Karan Reddy,Kolkata,Clothing,Cotton T-Shirt,2,621.71,5.0,Credit Card,Returned,False,False,1181.25,False
ORD204694,2025-08-22,C1390,Diya Reddy,Delhi,Books,Novel,2,365.97,5.0,Credit Card,Delivered,False,False,695.34,True
ORD203424,2025-08-22,C2275,Ananya Patel,Chennai,Clothing,Cotton T-Shirt,4,589.14,10.0,Net Banking,Delivered,False,False,2120.9,True
ORD202158,2025-08-22,C1632,Aditya Nair,Pune,Clothing,Denim Jeans,2,1834.34,10.0,UPI,Delivered,False,False,3301.81,True
ORD201846,2025-08-22,C1225,Sanjay Verma,Delhi,Beauty,Lipstick,1,430.43,0.0,Credit Card,Cancelled,False,False,430.43,False
ORD204942,2025-08-23,C1335,Isha Mehta,Delhi,Electronics,USB-C Cable,3,423.69,0.0,UPI,Returned,False,False,1271.07,False
ORD201621,2025-08-23,C1473,Meera Patel,Pune,Clothing,Running Shoes,1,3103.56,15.0,Credit Card,Delivered,False,False,2638.03,True
ORD202993,2025-08-23,C1563,Neha Gupta,Ahmedabad,Beauty,Hair Dryer,4,1564.75,0.0,Credit Card,Returned,False,False,6259.0,False
ORD201229,2025-08-23,C1428,Arjun Patel,Mumbai,Electronics,Power Bank,1,1360.41,10.0,UPI,Delivered,False,False,1224.37,True
ORD200828,2025-08-23,C2317,Riya Gupta,Delhi,Beauty,Face Wash,3,261.93,15.0,Credit Card,Delivered,False,False,667.92,True
ORD200537,2025-08-23,C2245,Karan Kulkarni,Pune,Electronics,Bluetooth Speaker,1,2003.64,0.0,UPI,Delivered,False,False,2003.64,True
ORD202697,2025-08-23,C1662,Rohan Nair,Mumbai,Beauty,Perfume,4,1691.75,15.0,Credit Card,Delivered,False,False,5751.95,True
ORD201190,2025-08-23,C1802,Rahul Gupta,Chennai,Books,Novel,1,347.78,5.0,Credit Card,Delivered,False,False,330.39,True
ORD201722,2025-08-23,C1170,Aarav Sharma,Bengaluru,Electronics,Bluetooth Speaker,1,2117.4,5.0,UPI,Delivered,False,False,2011.53,True
ORD203749,2025-08-23,C1709,Neha Gupta,Hyderabad,Beauty,Lipstick,2,389.0,15.0,Credit Card,Delivered,False,False,661.3,True
ORD203338,2025-08-23,C1994,Karan Verma,Bengaluru,Electronics,Wireless Earbuds,2,2505.79,15.0,COD,Cancelled,False,False,4259.84,False
ORD203102,2025-08-23,C2123,Pooja Singh,Hyderabad,Electronics,Smartwatch,1,6243.4,10.0,COD,Delivered,False,False,5619.06,True
ORD203129,2025-08-24,C2334,Riya Singh,Kolkata,Clothing,Denim Jeans,3,1864.38,5.0,UPI,Delivered,False,False,5313.48,True
ORD203384,2025-08-24,C1508,Manish Sharma,Hyderabad,Electronics,USB-C Cable,1,428.13,5.0,Debit Card,Delivered,False,False,406.72,True
ORD201589,2025-08-24,C1158,Pooja Nair,Pune,Home & Kitchen,Mixer Grinder,4,3300.41,20.0,UPI,Delivered,False,False,10561.31,True
ORD202266,2025-08-24,C1389,Isha Iyer,Delhi,Clothing,Cotton T-Shirt,1,604.11,0.0,COD,Delivered,False,False,604.11,True
ORD202515,2025-08-24,C1371,Karan Joshi,Kolkata,Books,Python Handbook,1,749.6,0.0,COD,Delivered,False,False,749.6,True
ORD203991,2025-08-25,C2387,Karan Verma,Bengaluru,Home & Kitchen,Cookware Set,2,2891.61,0.0,UPI,Delivered,False,False,5783.22,True
ORD202617,2025-08-25,C2297,Aarav Joshi,Mumbai,Electronics,Smartwatch,2,5948.8,0.0,UPI,Cancelled,False,True,11897.6,False
ORD202144,2025-08-25,C1154,Diya Joshi,Hyderabad,Beauty,Lipstick,1,385.99,20.0,Net Banking,Delivered,False,False,308.79,True
ORD202065,2025-08-25,C1827,Ananya Patel,Ahmedabad,Clothing,Cotton T-Shirt,2,621.48,20.0,UPI,Cancelled,False,False,994.37,False
ORD203200,2025-08-25,C1727,Aarav Gupta,Mumbai,Home & Kitchen,Cookware Set,1,2934.79,15.0,Credit Card,Returned,False,False,2494.57,False
ORD201469,2025-08-25,C2047,Neha Gupta,Kolkata,Home & Kitchen,Cookware Set,2,2831.61,10.0,Credit Card,Returned,False,False,5096.9,False
ORD203859,2025-08-25,C1054,Rahul Verma,Kolkata,Books,Novel,4,348.89,0.0,COD,Delivered,False,False,1395.56,True
ORD201383,2025-08-25,C1757,Diya Das,Bengaluru,Clothing,Cotton T-Shirt,1,641.61,15.0,Net Banking,Cancelled,False,False,545.37,False
ORD203035,2025-08-25,C1529,Ananya Verma,Hyderabad,Clothing,Hoodie,1,1441.91,0.0,UPI,Cancelled,False,False,1441.91,False
ORD204907,2025-08-25,C1399,Meera Kulkarni,Chennai,Home & Kitchen,Bedsheet Set,2,1356.75,5.0,UPI,Returned,False,False,2577.82,False
ORD200928,2025-08-26,C1190,Vikram Iyer,Ahmedabad,Books,Exam Guide,1,526.59,0.0,Debit Card,Delivered,False,False,526.59,True
ORD202525,2025-08-26,C2348,Rohan Kulkarni,Hyderabad,Home & Kitchen,Water Bottle,4,437.41,0.0,Credit Card,Cancelled,False,False,1749.64,False
ORD202037,2025-08-26,C1581,Aarav Patel,Pune,Books,Python Handbook,3,714.1,0.0,COD,Delivered,False,False,2142.3,True
ORD202904,2025-08-26,C2005,Pooja Singh,Delhi,Books,Novel,2,336.87,0.0,Debit Card,Delivered,False,False,673.74,True
ORD201665,2025-08-26,C1404,Ananya Das,Delhi,Electronics,Wireless Earbuds,4,2474.6,20.0,Credit Card,Returned,False,False,7918.72,False
ORD200364,2025-08-26,C1329,Sneha Das,Pune,Electronics,Smartwatch,1,6010.84,15.0,UPI,Delivered,False,False,5109.21,True
ORD202059,2025-08-26,C1569,Sneha Sharma,Bengaluru,Books,Python Handbook,1,702.52,0.0,Debit Card,Delivered,False,False,702.52,True
ORD203159,2025-08-27,C1352,Pooja Verma,Hyderabad,Clothing,Cotton T-Shirt,1,615.14,15.0,Net Banking,Delivered,False,False,522.87,True
ORD204887,2025-08-27,C1490,Karan Nair,Mumbai,Electronics,Wireless Earbuds,1,2590.5,0.0,UPI,Returned,False,False,2590.5,False
ORD204284,2025-08-27,C1485,Karan Nair,Mumbai,Electronics,Wireless Earbuds,1,2428.27,0.0,Net Banking,Delivered,False,False,2428.27,True
ORD202997,2025-08-27,C1544,Neha Verma,Pune,Books,Python Handbook,4,739.04,0.0,COD,Delivered,False,False,2956.16,True
ORD204479,2025-08-27,C2046,Manish Verma,Kolkata,Clothing,Running Shoes,3,3071.15,15.0,Credit Card,Delivered,False,False,7831.43,True
ORD200444,2025-08-27,C2377,Diya Nair,Chennai,Home & Kitchen,Mixer Grinder,1,3172.56,20.0,Debit Card,Delivered,False,False,2538.05,True
ORD203787,2025-08-27,C1251,Isha Gupta,Delhi,Clothing,Running Shoes,2,2917.51,10.0,Net Banking,Delivered,False,False,5251.52,True
ORD201366,2025-08-27,C2077,Meera Das,Bengaluru,Clothing,Cotton T-Shirt,1,609.85,0.0,UPI,Returned,False,False,609.85,False
ORD204983,2025-08-27,C1910,Sneha Verma,Mumbai,Beauty,Moisturiser,1,469.75,20.0,Credit Card,Delivered,False,False,375.8,True
ORD204124,2025-08-28,C2374,Kavya Patel,Mumbai,Beauty,Face Wash,4,267.47,5.0,Debit Card,Returned,False,False,1016.39,False
ORD201079,2025-08-28,C2167,Isha Singh,Mumbai,Beauty,Face Wash,1,266.99,10.0,Net Banking,Delivered,False,False,240.29,True
ORD202957,2025-08-28,C1715,Manish Gupta,Mumbai,Beauty,Moisturiser,1,480.67,0.0,COD,Delivered,False,False,480.67,True
ORD204781,2025-08-28,C2075,Sanjay Sharma,Bengaluru,Clothing,Hoodie,3,1499.41,20.0,COD,Delivered,False,False,3598.58,True
ORD201909,2025-08-28,C1917,Neha Kulkarni,Kolkata,Electronics,Power Bank,3,1300.04,0.0,UPI,Delivered,False,False,3900.12,True
ORD201435,2025-08-28,C1371,Karan Joshi,Kolkata,Electronics,Power Bank,4,1358.82,20.0,COD,Returned,False,False,4348.22,False
ORD203957,2025-08-28,C1530,Isha Mehta,Delhi,Clothing,Cotton T-Shirt,4,645.87,15.0,Credit Card,Returned,False,False,2195.96,False
ORD202948,2025-08-28,C1354,Kavya Reddy,Mumbai,Electronics,USB-C Cable,3,386.24,0.0,COD,Returned,False,False,1158.72,False
ORD201179,2025-08-28,C1970,Diya Verma,Mumbai,Home & Kitchen,Mixer Grinder,3,3399.68,5.0,COD,Delivered,False,False,9689.09,True
ORD204976,2025-08-28,C2304,Meera Joshi,Ahmedabad,Electronics,Smartwatch,2,5786.04,0.0,Debit Card,Delivered,False,False,11572.08,True
ORD204122,2025-08-28,C2192,Diya Gupta,Mumbai,Home & Kitchen,Water Bottle,4,453.72,0.0,UPI,Returned,False,False,1814.88,False
ORD201484,2025-08-28,C1561,Priya Nair,Mumbai,Electronics,Smartwatch,2,5733.71,10.0,UPI,Cancelled,False,False,10320.68,False
ORD203651,2025-08-28,C1156,Ananya Mehta,Mumbai,Electronics,USB-C Cable,1,428.68,20.0,Credit Card,Delivered,False,False,342.94,True
ORD204465,2025-08-28,C2081,Aditya Das,Delhi,Electronics,Smartwatch,1,5872.35,0.0,COD,Delivered,False,False,5872.35,True
ORD200954,2025-08-29,C1499,Pooja Reddy,Mumbai,Home & Kitchen,Air Fryer,4,4776.94,20.0,Credit Card,Delivered,False,False,15286.21,True
ORD204763,2025-08-29,C2075,Sanjay Sharma,Ahmedabad,Home & Kitchen,Water Bottle,3,477.33,5.0,COD,Delivered,False,False,1360.39,True
ORD200680,2025-08-29,C2279,Aarav Das,Delhi,Home & Kitchen,Cookware Set,3,2854.51,10.0,COD,Returned,False,False,7707.18,False
ORD202509,2025-08-29,C2045,Meera Kulkarni,Mumbai,Books,Python Handbook,3,724.44,10.0,UPI,Delivered,False,False,1955.99,True
ORD201312,2025-08-29,C2032,Aditya Joshi,Delhi,Electronics,USB-C Cable,1,430.33,0.0,Credit Card,Delivered,False,False,430.33,True
ORD202386,2025-08-29,C1410,Riya Verma,Mumbai,Books,Comics Set,2,802.35,10.0,Debit Card,Delivered,False,False,1444.23,True
ORD202887,2025-08-29,C2065,Arjun Kulkarni,Hyderabad,Electronics,Smartwatch,2,6186.92,0.0,COD,Delivered,False,False,12373.84,True
ORD204890,2025-08-29,C2181,Riya Verma,Kolkata,Clothing,Cotton T-Shirt,2,634.2,0.0,UPI,Cancelled,False,False,1268.4,False
ORD201598,2025-08-29,C2174,Riya Joshi,Ahmedabad,Home & Kitchen,Air Fryer,2,4804.8,10.0,UPI,Delivered,False,False,8648.64,True
ORD200837,2025-08-29,C2163,Riya Verma,Delhi,Home & Kitchen,Cookware Set,4,2710.38,0.0,Credit Card,Delivered,False,False,10841.52,True
ORD202642,2025-08-29,C2132,Meera Verma,Bengaluru,Clothing,Cap,1,369.58,20.0,UPI,Delivered,False,False,295.66,True
ORD200043,2025-08-29,C2269,Isha Reddy,Kolkata,Clothing,Cap,1,338.58,20.0,COD,Cancelled,False,False,270.86,False
ORD200986,2025-08-29,C1245,Unknown,Ahmedabad,Home & Kitchen,Bedsheet Set,4,1310.27,5.0,Credit Card,Delivered,False,False,4979.03,True
ORD203052,2025-08-29,C1064,Rahul Nair,Bengaluru,Electronics,Bluetooth Speaker,3,2004.39,10.0,Net Banking,Cancelled,False,False,5411.85,False
ORD203446,2025-08-30,C1207,Rahul Verma,Bengaluru,Home & Kitchen,Water Bottle,1,443.6,0.0,Credit Card,Delivered,False,False,443.6,True
ORD200380,2025-08-30,C2331,Priya Singh,Mumbai,Clothing,Running Shoes,2,2922.93,0.0,UPI,Delivered,False,False,5845.86,True
ORD204447,2025-08-30,C1335,Isha Mehta,Delhi,Home & Kitchen,Water Bottle,4,456.7,10.0,Credit Card,Delivered,True,False,1644.12,True
ORD202800,2025-08-30,C1167,Pooja Singh,Delhi,Electronics,Bluetooth Speaker,1,2057.08,0.0,Net Banking,Delivered,False,False,2057.08,True
ORD202895,2025-08-30,C2099,Isha Sharma,Kolkata,Home & Kitchen,Water Bottle,2,480.98,0.0,Credit Card,Delivered,False,False,961.96,True
ORD201936,2025-08-30,C2284,Kavya Joshi,Delhi,Beauty,Hair Dryer,4,1459.15,5.0,Debit Card,Delivered,False,False,5544.77,True
ORD202319,2025-08-30,C1320,Ananya Nair,Bengaluru,Electronics,Bluetooth Speaker,3,2020.47,5.0,Credit Card,Delivered,True,False,5758.34,True
ORD204501,2025-08-30,C1792,Vivaan Reddy,Mumbai,Electronics,Smartwatch,1,6144.62,20.0,UPI,Returned,False,False,4915.7,False
ORD203962,2025-08-30,C1467,Priya Patel,Bengaluru,Home & Kitchen,Water Bottle,1,429.32,0.0,UPI,Returned,False,False,429.32,False
ORD202649,2025-08-30,C1471,Ananya Gupta,Hyderabad,Home & Kitchen,Mixer Grinder,4,3470.44,0.0,Credit Card,Delivered,False,False,13881.76,True
ORD201187,2025-08-31,C1534,Manish Reddy,Pune,Books,Exam Guide,1,524.44,0.0,UPI,Delivered,False,False,524.44,True
ORD202933,2025-08-31,C2343,Sneha Gupta,Kolkata,Electronics,Wireless Earbuds,4,2637.96,0.0,UPI,Delivered,False,False,10551.84,True
ORD200228,2025-08-31,C1006,Priya Nair,Delhi,Home & Kitchen,Air Fryer,2,4915.83,5.0,UPI,Delivered,False,False,9340.08,True
ORD201234,2025-08-31,C2300,Neha Singh,Mumbai,Home & Kitchen,Air Fryer,1,5205.79,10.0,Net Banking,Delivered,False,False,4685.21,True
ORD201169,2025-08-31,C2119,Aarav Mehta,Mumbai,Clothing,Denim Jeans,2,1859.09,20.0,Net Banking,Delivered,False,False,2974.54,True
ORD200103,2025-08-31,C1104,Isha Mehta,Mumbai,Books,Comics Set,4,835.17,20.0,UPI,Delivered,False,False,2672.54,True
ORD201222,2025-08-31,C1621,Diya Verma,Bengaluru,Electronics,Smartwatch,1,6339.86,0.0,UPI,Cancelled,False,False,6339.86,False
ORD201607,2025-08-31,C1464,Vivaan Sharma,Chennai,Home & Kitchen,Water Bottle,1,455.76,0.0,UPI,Delivered,False,False,455.76,True
ORD204348,2025-08-31,C2113,Isha Joshi,Kolkata,Electronics,Power Bank,1,1311.3,5.0,Credit Card,Delivered,True,False,1245.73,True
ORD204696,2025-08-31,C2142,Vikram Joshi,Mumbai,Clothing,Hoodie,1,1456.83,0.0,UPI,Returned,False,False,1456.83,False
ORD201739,2025-08-31,C1006,Priya Nair,Delhi,Clothing,Running Shoes,1,3126.38,0.0,Credit Card,Returned,False,False,3126.38,False
ORD203154,2025-08-31,C1696,Manish Das,Hyderabad,Home & Kitchen,Mixer Grinder,1,3360.71,10.0,Debit Card,Cancelled,False,False,3024.64,False
ORD202015,2025-08-31,C1526,Vivaan Sharma,Hyderabad,Electronics,Wireless Earbuds,1,2509.13,15.0,Credit Card,Delivered,False,False,2132.76,True
ORD204884,2025-08-31,C1147,Vikram Reddy,Chennai,Beauty,Perfume,2,1724.78,20.0,UPI,Delivered,False,False,2759.65,True
ORD200509,2025-09-01,C2365,Manish Verma,Chennai,Home & Kitchen,Cookware Set,3,2672.61,0.0,Debit Card,Delivered,False,False,8017.83,True
ORD200955,2025-09-01,C1387,Neha Singh,Bengaluru,Clothing,Cap,2,352.66,0.0,UPI,Returned,False,False,705.32,False
ORD203445,2025-09-01,C1429,Sneha Sharma,Chennai,Books,Comics Set,2,807.39,5.0,UPI,Cancelled,False,False,1534.04,False
ORD200381,2025-09-01,C1797,Manish Gupta,Mumbai,Electronics,Power Bank,4,1237.09,0.0,UPI,Returned,False,False,4948.36,False
ORD203736,2025-09-01,C1953,Neha Singh,Ahmedabad,Home & Kitchen,Air Fryer,1,5045.42,5.0,Credit Card,Delivered,False,False,4793.15,True
ORD201116,2025-09-01,C1820,Manish Patel,Chennai,Books,Comics Set,1,772.82,0.0,UPI,Returned,False,True,772.82,False
ORD203407,2025-09-02,C2204,Karan Reddy,Hyderabad,Electronics,Smartwatch,3,6164.02,0.0,UPI,Delivered,False,False,18492.06,True
ORD201157,2025-09-02,C1404,Ananya Das,Delhi,Electronics,Wireless Earbuds,2,2642.16,5.0,COD,Cancelled,False,False,5020.1,False
ORD203149,2025-09-02,C1350,Kavya Verma,Ahmedabad,Electronics,Power Bank,2,1254.16,10.0,COD,Cancelled,False,False,2257.49,False
ORD202230,2025-09-02,C2277,Diya Sharma,Mumbai,Beauty,Hair Dryer,2,1583.28,20.0,Credit Card,Delivered,False,False,2533.25,True
ORD203752,2025-09-02,C1123,Vivaan Sharma,Pune,Electronics,USB-C Cable,1,421.43,15.0,COD,Delivered,False,False,358.22,True
ORD203111,2025-09-02,C1152,Meera Patel,Ahmedabad,Clothing,Hoodie,1,1600.02,0.0,Net Banking,Delivered,False,False,1600.02,True
ORD202239,2025-09-02,C2235,Neha Nair,Bengaluru,Electronics,USB-C Cable,1,380.52,10.0,UPI,Cancelled,False,False,342.47,False
ORD200269,2025-09-02,C2196,Vivaan Joshi,Pune,Electronics,USB-C Cable,3,426.87,0.0,UPI,Cancelled,False,False,1280.61,False
ORD204159,2025-09-02,C1490,Karan Nair,Mumbai,Electronics,Wireless Earbuds,1,2688.98,15.0,Net Banking,Delivered,False,False,2285.63,True
ORD201509,2025-09-02,C1551,Vikram Reddy,Bengaluru,Electronics,USB-C Cable,4,381.87,0.0,UPI,Delivered,False,False,1527.48,True
ORD202275,2025-09-02,C2276,Meera Reddy,Bengaluru,Beauty,Face Wash,1,239.99,5.0,COD,Cancelled,False,False,227.99,False
ORD203493,2025-09-02,C2364,Karan Kulkarni,Hyderabad,Clothing,Cotton T-Shirt,1,622.17,20.0,UPI,Cancelled,False,False,497.74,False
ORD201189,2025-09-02,C2062,Rohan Sharma,Hyderabad,Home & Kitchen,Bedsheet Set,1,1245.57,10.0,Credit Card,Returned,False,False,1121.01,False
ORD202647,2025-09-02,C1564,Aarav Reddy,Bengaluru,Electronics,USB-C Cable,1,389.14,0.0,Debit Card,Returned,False,False,389.14,False
ORD201608,2025-09-02,C1243,Diya Singh,Pune,Electronics,Power Bank,1,1250.71,10.0,UPI,Delivered,False,False,1125.64,True
ORD200665,2025-09-02,C1472,Diya Das,Delhi,Beauty,Hair Dryer,1,1591.78,20.0,UPI,Cancelled,False,False,1273.42,False
ORD203588,2025-09-02,C1892,Diya Singh,Mumbai,Electronics,Wireless Earbuds,1,2570.34,0.0,UPI,Delivered,False,False,2570.34,True
ORD202293,2025-09-02,C1822,Diya Sharma,Pune,Electronics,Bluetooth Speaker,3,2059.73,20.0,UPI,Returned,False,False,4943.35,False
ORD201172,2025-09-02,C1156,Ananya Mehta,Mumbai,Clothing,Cap,1,365.95,5.0,Debit Card,Returned,False,False,347.65,False
ORD203047,2025-09-03,C1905,Pooja Joshi,Pune,Electronics,Bluetooth Speaker,1,1978.96,0.0,COD,Delivered,False,False,1978.96,True
ORD201901,2025-09-03,C1501,Manish Kulkarni,Bengaluru,Clothing,Hoodie,1,1526.09,10.0,Net Banking,Delivered,False,False,1373.48,True
ORD204815,2025-09-03,C2122,Aarav Das,Ahmedabad,Electronics,Wireless Earbuds,2,2375.95,5.0,Net Banking,Delivered,False,False,4514.3,True
ORD203615,2025-09-03,C2036,Meera Reddy,Chennai,Beauty,Moisturiser,1,444.48,10.0,UPI,Returned,False,False,400.03,False
ORD203160,2025-09-03,C1611,Sneha Sharma,Hyderabad,Electronics,Bluetooth Speaker,2,1954.11,10.0,UPI,Delivered,False,False,3517.4,True
ORD202049,2025-09-03,C2386,Sneha Singh,Hyderabad,Clothing,Running Shoes,2,3065.81,10.0,Debit Card,Delivered,False,False,5518.46,True
ORD201784,2025-09-03,C1062,Aarav Das,Bengaluru,Electronics,Wireless Earbuds,1,2563.77,15.0,UPI,Delivered,False,False,2179.2,True
ORD204524,2025-09-03,C2071,Neha Kulkarni,Mumbai,Home & Kitchen,Bedsheet Set,2,1318.125,5.0,UPI,Returned,True,False,2504.44,False
ORD202302,2025-09-03,C1600,Aarav Das,Mumbai,Clothing,Running Shoes,1,3139.31,0.0,UPI,Delivered,False,True,3139.31,True
ORD200544,2025-09-04,C1584,Vivaan Gupta,Chennai,Home & Kitchen,Bedsheet Set,4,1247.57,0.0,Debit Card,Cancelled,False,True,4990.28,False
ORD200441,2025-09-04,C2081,Aditya Das,Delhi,Home & Kitchen,Air Fryer,1,5369.53,15.0,COD,Delivered,False,False,4564.1,True
ORD201371,2025-09-04,C2342,Ananya Kulkarni,Kolkata,Books,Python Handbook,2,671.89,10.0,UPI,Delivered,False,False,1209.4,True
ORD203732,2025-09-04,C2186,Vivaan Nair,Delhi,Clothing,Running Shoes,4,3012.31,0.0,UPI,Delivered,False,False,12049.24,True
ORD201677,2025-09-04,C2367,Pooja Gupta,Ahmedabad,Electronics,Smartwatch,2,5970.4,0.0,UPI,Delivered,False,False,11940.8,True
ORD200790,2025-09-04,C1775,Vikram Das,Kolkata,Clothing,Cap,2,365.85,0.0,COD,Delivered,False,False,731.7,True
ORD202747,2025-09-04,C1940,Manish Patel,Delhi,Beauty,Hair Dryer,1,1430.6,15.0,Credit Card,Delivered,False,False,1216.01,True
ORD200705,2025-09-04,C1924,Riya Gupta,Mumbai,Clothing,Denim Jeans,1,1715.66,0.0,COD,Delivered,False,False,1715.66,True
ORD203531,2025-09-04,C1047,Rohan Das,Bengaluru,Home & Kitchen,Water Bottle,4,440.6,10.0,Debit Card,Delivered,False,False,1586.16,True
ORD204527,2025-09-05,C1966,Kavya Singh,Mumbai,Books,Novel,4,332.2,20.0,UPI,Delivered,False,False,1063.04,True
ORD200406,2025-09-05,C1661,Vikram Patel,Bengaluru,Electronics,Smartwatch,1,6202.82,0.0,Credit Card,Delivered,False,False,6202.82,True
ORD202349,2025-09-05,C1522,Aarav Kulkarni,Bengaluru,Electronics,Smartwatch,2,6404.61,0.0,UPI,Returned,False,False,12809.22,False
ORD200888,2025-09-05,C1991,Priya Singh,Delhi,Electronics,USB-C Cable,3,411.49,20.0,COD,Delivered,False,False,987.58,True
ORD200064,2025-09-05,C2217,Priya Joshi,Kolkata,Electronics,Bluetooth Speaker,3,2074.3,0.0,Credit Card,Cancelled,False,False,6222.9,False
ORD201367,2025-09-05,C1144,Manish Reddy,Mumbai,Electronics,Smartwatch,1,6295.13,10.0,Credit Card,Cancelled,False,False,5665.62,False
ORD204002,2025-09-05,C1409,Priya Iyer,Bengaluru,Electronics,Power Bank,1,1336.63,10.0,UPI,Delivered,False,False,1202.97,True
ORD203575,2025-09-05,C1140,Aditya Singh,Pune,Beauty,Lipstick,1,418.91,10.0,Debit Card,Returned,False,False,377.02,False
ORD200919,2025-09-05,C2192,Diya Gupta,Mumbai,Home & Kitchen,Bedsheet Set,3,1310.72,0.0,Credit Card,Delivered,False,False,3932.16,True
ORD200089,2025-09-05,C2040,Vivaan Gupta,Hyderabad,Home & Kitchen,Mixer Grinder,3,3401.32,20.0,Credit Card,Cancelled,False,False,8163.17,False
ORD204720,2025-09-05,C2318,Riya Singh,Mumbai,Clothing,Cotton T-Shirt,2,620.78,5.0,UPI,Delivered,False,False,1179.48,True
ORD203759,2025-09-06,C2240,Aditya Joshi,Bengaluru,Electronics,USB-C Cable,1,402.62,0.0,Credit Card,Delivered,False,False,402.62,True
ORD204943,2025-09-06,C1684,Sneha Singh,Mumbai,Electronics,Smartwatch,4,6018.64,0.0,Net Banking,Returned,False,False,24074.56,False
ORD202408,2025-09-06,C1349,Priya Nair,Bengaluru,Clothing,Cotton T-Shirt,2,598.46,0.0,COD,Delivered,False,False,1196.92,True
ORD204048,2025-09-06,C2101,Diya Gupta,Pune,Home & Kitchen,Water Bottle,1,436.01,20.0,UPI,Cancelled,False,False,348.81,False
ORD204962,2025-09-06,C1091,Arjun Reddy,Delhi,Home & Kitchen,Mixer Grinder,1,3362.875,20.0,UPI,Delivered,True,False,2690.3,True
ORD200632,2025-09-06,C1787,Rohan Joshi,Bengaluru,Electronics,Wireless Earbuds,2,2466.67,5.0,Net Banking,Delivered,False,False,4686.67,True
ORD200179,2025-09-06,C1806,Sanjay Iyer,Bengaluru,Electronics,Smartwatch,1,6344.64,0.0,Credit Card,Delivered,False,False,6344.64,True
ORD201649,2025-09-06,C1340,Diya Verma,Ahmedabad,Clothing,Cotton T-Shirt,2,594.7,0.0,Debit Card,Delivered,False,False,1189.4,True
ORD201701,2025-09-06,C1328,Neha Singh,Chennai,Electronics,USB-C Cable,3,409.8,0.0,COD,Delivered,False,False,1229.4,True
ORD201434,2025-09-06,C1347,Riya Singh,Mumbai,Electronics,Wireless Earbuds,3,2677.77,0.0,COD,Returned,False,False,8033.31,False
ORD201393,2025-09-06,C1684,Sneha Singh,Mumbai,Clothing,Cap,2,359.16,0.0,COD,Delivered,False,False,718.32,True
ORD201681,2025-09-07,C1656,Rahul Singh,Chennai,Home & Kitchen,Mixer Grinder,1,3210.43,0.0,Credit Card,Delivered,False,False,3210.43,True
ORD203511,2025-09-07,C1578,Kavya Mehta,Hyderabad,Home & Kitchen,Water Bottle,4,463.53,15.0,Net Banking,Returned,False,False,1576.0,False
ORD200469,2025-09-07,C2049,Diya Verma,Bengaluru,Beauty,Perfume,2,1526.27,15.0,Net Banking,Delivered,False,False,2594.66,True
ORD200908,2025-09-07,C1811,Ananya Sharma,Delhi,Electronics,Wireless Earbuds,1,2410.1,15.0,UPI,Delivered,False,False,2048.58,True
ORD202603,2025-09-07,C1470,Aditya Das,Hyderabad,Home & Kitchen,Cookware Set,2,2877.42,0.0,Debit Card,Delivered,False,False,5754.84,True
ORD200854,2025-09-07,C1482,Vikram Mehta,Chennai,Home & Kitchen,Mixer Grinder,1,3415.16,0.0,UPI,Delivered,False,False,3415.16,True
ORD201149,2025-09-07,C1642,Manish Kulkarni,Kolkata,Beauty,Face Wash,2,244.07,0.0,Debit Card,Delivered,False,False,488.14,True
ORD204924,2025-09-07,C2138,Aditya Patel,Pune,Electronics,Power Bank,2,1385.89,0.0,Debit Card,Delivered,False,False,2771.78,True
ORD202487,2025-09-08,C2395,Neha Joshi,Chennai,Electronics,USB-C Cable,2,388.26,15.0,Net Banking,Delivered,False,False,660.04,True
ORD203430,2025-09-08,C1412,Vikram Iyer,Chennai,Electronics,USB-C Cable,4,389.93,0.0,Debit Card,Delivered,False,False,1559.72,True
ORD200392,2025-09-08,C1612,Neha Verma,Ahmedabad,Clothing,Denim Jeans,4,1904.79,15.0,Credit Card,Delivered,False,False,6476.29,True
ORD201879,2025-09-08,C1917,Neha Kulkarni,Kolkata,Clothing,Cotton T-Shirt,1,644.64,5.0,UPI,Cancelled,False,False,612.41,False
ORD204379,2025-09-08,C1603,Karan Nair,Delhi,Books,Exam Guide,2,526.79,5.0,UPI,Delivered,False,False,1000.9,True
ORD201254,2025-09-08,C2042,Vikram Sharma,Bengaluru,Electronics,Wireless Earbuds,1,2512.16,0.0,UPI,Delivered,False,False,2512.16,True
ORD200280,2025-09-08,C1971,Pooja Sharma,Delhi,Clothing,Denim Jeans,1,1823.02,5.0,UPI,Delivered,False,False,1731.87,True
ORD202932,2025-09-08,C1007,Riya Kulkarni,Kolkata,Books,Novel,1,373.53,10.0,UPI,Cancelled,False,False,336.18,False
ORD203402,2025-09-08,C2002,Diya Nair,Mumbai,Clothing,Cap,4,367.15,0.0,UPI,Delivered,False,False,1468.6,True
ORD202806,2025-09-08,C2103,Kavya Singh,Delhi,Electronics,Power Bank,1,1252.75,0.0,UPI,Delivered,False,False,1252.75,True
ORD204393,2025-09-09,C2274,Vivaan Gupta,Delhi,Electronics,Bluetooth Speaker,2,2152.45,20.0,Debit Card,Delivered,False,False,3443.92,True
ORD203232,2025-09-09,C1938,Manish Iyer,Kolkata,Clothing,Running Shoes,2,3100.86,0.0,UPI,Delivered,False,False,6201.72,True
ORD204960,2025-09-09,C1890,Sanjay Sharma,Kolkata,Clothing,Running Shoes,1,3196.34,0.0,COD,Returned,False,False,3196.34,False
ORD201661,2025-09-09,C1306,Karan Sharma,Delhi,Clothing,Hoodie,2,1588.18,20.0,Net Banking,Delivered,False,False,2541.09,True
ORD204564,2025-09-09,C1024,Aarav Gupta,Hyderabad,Electronics,Smartwatch,3,5766.46,0.0,Net Banking,Delivered,False,False,17299.38,True
ORD202754,2025-09-09,C1305,Priya Mehta,Bengaluru,Electronics,Power Bank,1,1370.86,0.0,COD,Delivered,False,False,1370.86,True
ORD204416,2025-09-09,C1014,Aditya Das,Chennai,Electronics,Smartwatch,2,6302.93,0.0,Debit Card,Delivered,False,False,12605.86,True
ORD203947,2025-09-09,C1902,Isha Joshi,Pune,Electronics,Wireless Earbuds,2,2529.23,15.0,UPI,Delivered,False,False,4299.69,True
ORD200744,2025-09-09,C1699,Pooja Das,Chennai,Clothing,Cap,2,375.65,0.0,Credit Card,Returned,False,False,751.3,False
ORD204443,2025-09-09,C1879,Karan Verma,Kolkata,Clothing,Running Shoes,1,3032.65,0.0,UPI,Delivered,False,False,3032.65,True
ORD203350,2025-09-10,C1589,Manish Kulkarni,Hyderabad,Home & Kitchen,Cookware Set,4,2673.56,0.0,UPI,Returned,False,False,10694.24,False
ORD200992,2025-09-10,C2250,Karan Patel,Bengaluru,Electronics,USB-C Cable,3,391.77,10.0,Debit Card,Returned,False,False,1057.78,False
ORD204183,2025-09-10,C2334,Riya Singh,Kolkata,Beauty,Face Wash,4,253.76,0.0,UPI,Delivered,True,False,1015.04,True
ORD200248,2025-09-10,C1525,Sanjay Gupta,Ahmedabad,Electronics,Smartwatch,2,6280.11,0.0,Debit Card,Delivered,False,True,12560.22,True
ORD204655,2025-09-10,C1435,Riya Mehta,Delhi,Home & Kitchen,Mixer Grinder,2,3355.86,20.0,Credit Card,Delivered,False,False,5369.38,True
ORD200324,2025-09-10,C2376,Karan Sharma,Delhi,Clothing,Running Shoes,1,3204.19,20.0,Credit Card,Delivered,False,False,2563.35,True
ORD202641,2025-09-10,C1591,Riya Singh,Ahmedabad,Home & Kitchen,Mixer Grinder,1,3382.41,10.0,Net Banking,Delivered,False,False,3044.17,True
ORD200638,2025-09-10,C1107,Riya Joshi,Ahmedabad,Home & Kitchen,Cookware Set,3,2752.63,0.0,Debit Card,Delivered,False,False,8257.89,True
ORD204241,2025-09-10,C1612,Neha Verma,Ahmedabad,Beauty,Moisturiser,4,427.05,0.0,UPI,Returned,False,False,1708.2,False
ORD202146,2025-09-10,C1501,Manish Kulkarni,Bengaluru,Home & Kitchen,Mixer Grinder,4,3401.29,5.0,Debit Card,Delivered,False,False,12924.9,True
ORD200534,2025-09-11,C2237,Isha Sharma,Chennai,Electronics,Smartwatch,2,5836.44,0.0,UPI,Returned,False,False,11672.88,False
ORD203194,2025-09-11,C1918,Ananya Verma,Kolkata,Electronics,Bluetooth Speaker,1,2108.79,0.0,Credit Card,Delivered,False,False,2108.79,True
ORD202030,2025-09-11,C1031,Ananya Singh,Ahmedabad,Home & Kitchen,Air Fryer,2,5049.47,0.0,UPI,Cancelled,False,False,10098.94,False
ORD203495,2025-09-11,C1420,Rahul Das,Delhi,Home & Kitchen,Cookware Set,3,2981.0,10.0,Debit Card,Delivered,False,False,8048.7,True
ORD202449,2025-09-11,C1175,Aditya Nair,Kolkata,Books,Comics Set,2,777.62,15.0,UPI,Delivered,False,False,1321.95,True
ORD204875,2025-09-11,C2250,Karan Patel,Bengaluru,Beauty,Perfume,1,1551.2,20.0,COD,Delivered,False,False,1240.96,True
ORD204227,2025-09-11,C1981,Isha Mehta,Bengaluru,Electronics,Wireless Earbuds,1,2464.66,15.0,UPI,Returned,False,False,2094.96,False
ORD201858,2025-09-11,C1327,Manish Kulkarni,Kolkata,Home & Kitchen,Bedsheet Set,2,1316.44,10.0,UPI,Returned,False,False,2369.59,False
ORD202313,2025-09-11,C2263,Arjun Patel,Hyderabad,Beauty,Perfume,1,1615.63,20.0,Debit Card,Cancelled,False,False,1292.5,False
ORD200552,2025-09-11,C1340,Diya Verma,Ahmedabad,Books,Python Handbook,2,682.71,0.0,UPI,Cancelled,False,False,1365.42,False
ORD200608,2025-09-11,C1939,Aditya Joshi,Mumbai,Electronics,USB-C Cable,2,407.23,15.0,Credit Card,Delivered,False,False,692.29,True
ORD200567,2025-09-12,C1979,Riya Reddy,Delhi,Clothing,Hoodie,1,1536.04,10.0,UPI,Cancelled,False,False,1382.44,False
ORD201771,2025-09-12,C1070,Pooja Das,Hyderabad,Home & Kitchen,Mixer Grinder,3,3207.34,0.0,COD,Cancelled,False,False,9622.02,False
ORD204916,2025-09-12,C1028,Pooja Gupta,Mumbai,Electronics,Smartwatch,2,5765.74,0.0,COD,Returned,False,False,11531.48,False
ORD202597,2025-09-12,C1138,Meera Nair,Chennai,Beauty,Hair Dryer,2,1500.39,5.0,Net Banking,Delivered,False,False,2850.74,True
ORD204724,2025-09-12,C1375,Manish Nair,Mumbai,Clothing,Cap,3,347.43,10.0,Net Banking,Delivered,False,False,938.06,True
ORD203000,2025-09-12,C1228,Aditya Joshi,Delhi,Electronics,Bluetooth Speaker,4,1939.27,15.0,COD,Returned,False,False,6593.52,False
ORD201706,2025-09-12,C1553,Sanjay Nair,Ahmedabad,Books,Exam Guide,3,475.48,0.0,UPI,Delivered,False,False,1426.44,True
ORD202616,2025-09-12,C1342,Vikram Verma,Bengaluru,Home & Kitchen,Cookware Set,2,2787.62,10.0,COD,Delivered,False,False,5017.72,True
ORD200543,2025-09-12,C1021,Ananya Gupta,Mumbai,Home & Kitchen,Mixer Grinder,4,3488.01,20.0,UPI,Delivered,False,False,11161.63,True
ORD204094,2025-09-12,C2129,Meera Kulkarni,Bengaluru,Electronics,USB-C Cable,1,384.95,0.0,UPI,Delivered,False,False,384.95,True
ORD204869,2025-09-12,C1238,Ananya Sharma,Pune,Beauty,Moisturiser,4,474.87,5.0,Credit Card,Delivered,False,False,1804.51,True
ORD201764,2025-09-12,C1459,Riya Patel,Mumbai,Home & Kitchen,Mixer Grinder,2,3553.7,0.0,UPI,Delivered,False,False,7107.4,True
ORD202164,2025-09-12,C1578,Kavya Mehta,Hyderabad,Books,Exam Guide,3,515.87,0.0,UPI,Delivered,False,False,1547.61,True
ORD200797,2025-09-12,C1387,Neha Singh,Bengaluru,Clothing,Denim Jeans,2,1862.19,20.0,UPI,Delivered,False,False,2979.5,True
ORD203694,2025-09-12,C1492,Riya Sharma,Delhi,Beauty,Face Wash,2,246.96,10.0,Credit Card,Delivered,False,False,444.53,True
ORD201270,2025-09-13,C2121,Aditya Das,Hyderabad,Home & Kitchen,Air Fryer,1,5105.17,15.0,UPI,Delivered,False,False,4339.39,True
ORD204303,2025-09-13,C1626,Rahul Mehta,Delhi,Clothing,Running Shoes,1,3091.84,0.0,Credit Card,Delivered,False,False,3091.84,True
ORD202499,2025-09-13,C2274,Vivaan Gupta,Delhi,Beauty,Perfume,2,1659.45,5.0,Credit Card,Delivered,False,False,3152.96,True
ORD203634,2025-09-13,C2209,Arjun Verma,Bengaluru,Home & Kitchen,Mixer Grinder,1,3341.34,0.0,Debit Card,Returned,False,False,3341.34,False
ORD201156,2025-09-13,C2017,Vikram Iyer,Delhi,Electronics,Power Bank,2,1318.94,5.0,Debit Card,Delivered,False,False,2505.99,True
ORD200578,2025-09-13,C2331,Priya Singh,Mumbai,Electronics,USB-C Cable,2,397.67,0.0,UPI,Delivered,False,False,795.34,True
ORD201910,2025-09-13,C1578,Kavya Mehta,Hyderabad,Electronics,Smartwatch,1,5939.01,0.0,UPI,Delivered,False,False,5939.01,True
ORD201296,2025-09-13,C1577,Karan Verma,Chennai,Clothing,Cap,1,336.86,0.0,Debit Card,Delivered,False,False,336.86,True
ORD200570,2025-09-13,C1384,Meera Patel,Ahmedabad,Electronics,USB-C Cable,1,392.13,0.0,Credit Card,Delivered,False,False,392.13,True
ORD203199,2025-09-13,C2225,Kavya Verma,Bengaluru,Books,Novel,1,338.87,0.0,UPI,Cancelled,False,False,338.87,False
ORD201759,2025-09-13,C2305,Diya Iyer,Mumbai,Home & Kitchen,Air Fryer,2,5035.51,0.0,UPI,Delivered,False,False,10071.02,True
ORD200213,2025-09-14,C2365,Manish Verma,Chennai,Clothing,Cotton T-Shirt,2,608.03,10.0,Net Banking,Cancelled,True,False,1094.45,False
ORD201376,2025-09-14,C2369,Meera Patel,Chennai,Clothing,Cotton T-Shirt,1,608.03,0.0,COD,Delivered,True,False,608.03,True
ORD201489,2025-09-14,C2026,Manish Nair,Hyderabad,Electronics,Bluetooth Speaker,4,2064.81,20.0,UPI,Returned,False,False,6607.39,False
ORD204613,2025-09-14,C1469,Manish Gupta,Mumbai,Clothing,Cap,1,367.33,10.0,UPI,Returned,False,False,330.6,False
ORD201824,2025-09-14,C1472,Diya Das,Delhi,Beauty,Moisturiser,2,455.95,0.0,UPI,Delivered,True,False,911.9,True
ORD203595,2025-09-14,C1881,Vivaan Verma,Bengaluru,Clothing,Hoodie,1,1460.74,0.0,Net Banking,Returned,False,False,1460.74,False
ORD201198,2025-09-14,C2183,Manish Nair,Kolkata,Home & Kitchen,Cookware Set,1,3020.47,20.0,Net Banking,Delivered,False,False,2416.38,True
ORD201532,2025-09-14,C1053,Karan Patel,Chennai,Home & Kitchen,Water Bottle,2,435.08,0.0,UPI,Delivered,False,False,870.16,True
ORD203963,2025-09-14,C1041,Meera Reddy,Delhi,Books,Exam Guide,1,537.05,0.0,COD,Returned,False,False,537.05,False
ORD204050,2025-09-14,C2224,Pooja Iyer,Ahmedabad,Electronics,Power Bank,2,1380.2,5.0,Net Banking,Returned,False,False,2622.38,False
ORD204934,2025-09-14,C1989,Priya Das,Mumbai,Electronics,Bluetooth Speaker,2,1945.07,10.0,Debit Card,Delivered,False,False,3501.13,True
ORD203927,2025-09-14,C1352,Pooja Verma,Hyderabad,Electronics,Power Bank,1,1255.15,20.0,UPI,Delivered,False,False,1004.12,True
ORD200626,2025-09-15,C1253,Aditya Verma,Delhi,Electronics,Power Bank,2,1243.96,15.0,Credit Card,Delivered,False,False,2114.73,True
ORD200971,2025-09-15,C1763,Karan Gupta,Bengaluru,Clothing,Running Shoes,1,2958.84,5.0,Debit Card,Cancelled,False,False,2810.9,False
ORD200303,2025-09-15,C2135,Riya Iyer,Ahmedabad,Clothing,Denim Jeans,2,1863.15,0.0,UPI,Delivered,False,False,3726.3,True
ORD203504,2025-09-15,C1163,Sneha Singh,Hyderabad,Clothing,Cap,2,373.11,0.0,COD,Cancelled,False,False,746.22,False
ORD203486,2025-09-15,C1271,Manish Patel,Delhi,Beauty,Face Wash,1,260.0,0.0,Credit Card,Cancelled,False,False,260.0,False
ORD200458,2025-09-15,C1418,Manish Gupta,Bengaluru,Clothing,Cotton T-Shirt,2,608.03,15.0,Credit Card,Delivered,True,False,1033.65,True
ORD203771,2025-09-15,C1402,Priya Nair,Kolkata,Beauty,Hair Dryer,2,1586.61,0.0,Net Banking,Delivered,False,False,3173.22,True
ORD200069,2025-09-15,C2190,Rahul Singh,Chennai,Electronics,Smartwatch,1,5910.48,0.0,Credit Card,Cancelled,False,False,5910.48,False
ORD204449,2025-09-15,C2198,Neha Sharma,Bengaluru,Electronics,Bluetooth Speaker,2,2030.31,10.0,UPI,Delivered,False,False,3654.56,True
ORD202416,2025-09-15,C2068,Karan Iyer,Hyderabad,Books,Novel,4,374.36,20.0,Credit Card,Delivered,False,False,1197.95,True
ORD201049,2025-09-15,C1610,Rohan Das,Mumbai,Books,Exam Guide,1,523.87,0.0,Debit Card,Delivered,False,False,523.87,True
ORD203351,2025-09-15,C1876,Rahul Nair,Mumbai,Home & Kitchen,Bedsheet Set,2,1248.65,10.0,UPI,Cancelled,False,False,2247.57,False
ORD201630,2025-09-15,C1783,Diya Sharma,Bengaluru,Beauty,Perfume,2,1695.26,5.0,Credit Card,Cancelled,False,False,3220.99,False
ORD201517,2025-09-15,C2131,Neha Singh,Bengaluru,Clothing,Running Shoes,1,3031.44,15.0,Credit Card,Delivered,False,False,2576.72,True
ORD200663,2025-09-15,C2252,Pooja Singh,Pune,Electronics,Smartwatch,1,5749.4,0.0,COD,Returned,False,False,5749.4,False
ORD203065,2025-09-15,C1485,Karan Nair,Mumbai,Home & Kitchen,Water Bottle,1,450.3,5.0,UPI,Delivered,False,False,427.78,True
ORD201438,2025-09-15,C1193,Vikram Singh,Ahmedabad,Electronics,Bluetooth Speaker,1,2039.47,0.0,UPI,Delivered,False,False,2039.47,True
ORD204496,2025-09-16,C2177,Arjun Kulkarni,Pune,Electronics,Bluetooth Speaker,1,2135.02,10.0,UPI,Delivered,False,False,1921.52,True
ORD204708,2025-09-16,C2281,Kavya Iyer,Mumbai,Electronics,Wireless Earbuds,1,2597.78,0.0,COD,Returned,False,False,2597.78,False
ORD203774,2025-09-16,C1271,Manish Patel,Delhi,Electronics,Bluetooth Speaker,1,2079.71,0.0,UPI,Delivered,False,False,2079.71,True
ORD202939,2025-09-16,C1234,Sneha Gupta,Kolkata,Electronics,Wireless Earbuds,4,2474.95,5.0,UPI,Delivered,False,False,9404.81,True
ORD202635,2025-09-16,C2381,Rohan Reddy,Chennai,Clothing,Hoodie,3,1536.17,0.0,Debit Card,Returned,False,False,4608.51,False
ORD200907,2025-09-16,C1294,Aarav Nair,Kolkata,Home & Kitchen,Mixer Grinder,1,3503.68,5.0,UPI,Delivered,False,False,3328.5,True
ORD202423,2025-09-16,C1141,Sneha Joshi,Mumbai,Home & Kitchen,Bedsheet Set,3,1301.9,0.0,UPI,Delivered,False,False,3905.7,True
ORD204768,2025-09-16,C1161,Karan Singh,Bengaluru,Electronics,USB-C Cable,2,428.15,0.0,UPI,Returned,False,False,856.3,False
ORD203835,2025-09-16,C2117,Rahul Iyer,Bengaluru,Clothing,Running Shoes,4,3050.7349999999997,10.0,UPI,Delivered,True,False,10982.65,True
ORD201106,2025-09-16,C2388,Neha Singh,Ahmedabad,Home & Kitchen,Air Fryer,2,5070.07,10.0,UPI,Delivered,False,False,9126.13,True
ORD202322,2025-09-16,C1451,Ananya Reddy,Mumbai,Electronics,Power Bank,2,1277.3,0.0,UPI,Cancelled,False,False,2554.6,False
ORD203423,2025-09-17,C2355,Ananya Verma,Pune,Electronics,Bluetooth Speaker,1,2042.89,0.0,UPI,Cancelled,False,False,2042.89,False
ORD204791,2025-09-17,C2064,Priya Joshi,Pune,Electronics,Power Bank,1,1341.6,5.0,Credit Card,Returned,False,False,1274.52,False
ORD203891,2025-09-17,C1320,Ananya Nair,Bengaluru,Electronics,Bluetooth Speaker,1,1995.11,0.0,UPI,Delivered,False,False,1995.11,True
ORD201571,2025-09-17,C1476,Riya Singh,Ahmedabad,Home & Kitchen,Water Bottle,4,483.32,0.0,UPI,Returned,False,False,1933.28,False
ORD204946,2025-09-17,C1912,Priya Gupta,Bengaluru,Books,Comics Set,1,761.51,15.0,COD,Cancelled,False,False,647.28,False
ORD202651,2025-09-17,C1215,Isha Kulkarni,Mumbai,Books,Novel,2,364.26,5.0,Net Banking,Delivered,False,False,692.09,True
ORD200329,2025-09-17,C1280,Priya Joshi,Chennai,Home & Kitchen,Mixer Grinder,3,3274.14,5.0,Net Banking,Cancelled,False,False,9331.3,False
ORD204083,2025-09-17,C1387,Neha Singh,Bengaluru,Clothing,Hoodie,1,1503.9,0.0,Credit Card,Returned,False,False,1503.9,False
ORD200078,2025-09-17,C1250,Vivaan Das,Mumbai,Electronics,USB-C Cable,1,399.07,15.0,Debit Card,Delivered,False,False,339.21,True
ORD203688,2025-09-17,C1711,Karan Nair,Delhi,Books,Novel,4,364.25,5.0,Credit Card,Returned,False,False,1384.15,False
ORD204994,2025-09-17,C1886,Vivaan Patel,Kolkata,Electronics,Bluetooth Speaker,2,1993.8,15.0,Credit Card,Returned,False,False,3389.46,False
ORD203346,2025-09-17,C2086,Rahul Nair,Mumbai,Clothing,Cap,1,370.47,20.0,COD,Cancelled,False,False,296.38,False
ORD202177,2025-09-17,C1316,Neha Iyer,Mumbai,Home & Kitchen,Mixer Grinder,1,3202.78,0.0,UPI,Returned,False,False,3202.78,False
ORD203240,2025-09-18,C2333,Manish Verma,Bengaluru,Books,Novel,1,364.61,0.0,COD,Delivered,False,False,364.61,True
ORD200876,2025-09-18,C1519,Pooja Verma,Chennai,Beauty,Lipstick,1,386.16,15.0,Debit Card,Delivered,False,False,328.24,True
ORD200902,2025-09-18,C2372,Manish Reddy,Kolkata,Beauty,Moisturiser,1,475.67,0.0,Debit Card,Delivered,False,False,475.67,True
ORD202218,2025-09-18,C1488,Arjun Verma,Delhi,Clothing,Running Shoes,1,3063.69,5.0,COD,Delivered,False,False,2910.51,True
ORD204418,2025-09-18,C1720,Karan Reddy,Bengaluru,Clothing,Denim Jeans,1,1894.55,0.0,COD,Returned,False,False,1894.55,False
ORD202629,2025-09-18,C1641,Sneha Verma,Mumbai,Home & Kitchen,Mixer Grinder,2,3316.47,0.0,Debit Card,Delivered,False,False,6632.94,True
ORD203799,2025-09-18,C1993,Diya Patel,Delhi,Home & Kitchen,Bedsheet Set,2,1333.1,0.0,UPI,Delivered,False,False,2666.2,True
ORD201552,2025-09-18,C1051,Priya Sharma,Delhi,Electronics,Bluetooth Speaker,1,2009.79,5.0,Debit Card,Returned,False,False,1909.3,False
ORD200846,2025-09-18,C1676,Priya Das,Delhi,Home & Kitchen,Bedsheet Set,1,1261.44,20.0,UPI,Cancelled,False,False,1009.15,False
ORD202929,2025-09-18,C1255,Aarav Joshi,Mumbai,Electronics,Wireless Earbuds,4,2549.1,0.0,Credit Card,Delivered,False,False,10196.4,True
ORD203373,2025-09-18,C1132,Vikram Das,Chennai,Books,Exam Guide,3,538.78,15.0,UPI,Delivered,False,False,1373.89,True
ORD204355,2025-09-18,C1309,Arjun Reddy,Mumbai,Electronics,Wireless Earbuds,4,2411.95,15.0,Credit Card,Cancelled,False,False,8200.63,False
ORD200285,2025-09-19,C1299,Rahul Patel,Delhi,Clothing,Hoodie,3,1489.95,5.0,COD,Delivered,False,False,4246.36,True
ORD202471,2025-09-19,C2139,Rahul Kulkarni,Bengaluru,Beauty,Lipstick,4,426.68,0.0,UPI,Cancelled,False,False,1706.72,False
ORD201099,2025-09-19,C2190,Rahul Singh,Chennai,Electronics,Wireless Earbuds,1,2446.48,20.0,Credit Card,Returned,False,False,1957.18,False
ORD204990,2025-09-19,C2044,Meera Nair,Chennai,Clothing,Cap,1,355.46,0.0,COD,Delivered,False,False,355.46,True
ORD201252,2025-09-19,C1575,Pooja Gupta,Chennai,Beauty,Moisturiser,4,435.49,0.0,Net Banking,Delivered,False,False,1741.96,True
ORD202536,2025-09-19,C1080,Isha Sharma,Bengaluru,Clothing,Hoodie,2,1492.34,20.0,UPI,Delivered,False,False,2387.74,True
ORD201643,2025-09-19,C2050,Kavya Joshi,Pune,Electronics,Wireless Earbuds,1,2611.55,0.0,UPI,Returned,False,False,2611.55,False
ORD203441,2025-09-19,C2073,Meera Gupta,Bengaluru,Electronics,Power Bank,1,1326.04,20.0,UPI,Delivered,False,False,1060.83,True
ORD200047,2025-09-19,C1506,Ananya Mehta,Bengaluru,Electronics,Wireless Earbuds,1,2610.9,0.0,UPI,Delivered,False,False,2610.9,True
ORD203649,2025-09-20,C1976,Riya Singh,Bengaluru,Books,Comics Set,1,799.77,0.0,UPI,Cancelled,False,False,799.77,False
ORD203813,2025-09-20,C1407,Karan Kulkarni,Delhi,Home & Kitchen,Mixer Grinder,1,3262.41,5.0,Credit Card,Delivered,False,False,3099.29,True
ORD200093,2025-09-20,C1612,Neha Verma,Ahmedabad,Clothing,Denim Jeans,1,1808.08,5.0,Debit Card,Returned,False,False,1717.68,False
ORD203790,2025-09-20,C1125,Riya Sharma,Mumbai,Beauty,Perfume,1,1621.62,0.0,Net Banking,Cancelled,False,False,1621.62,False
ORD203862,2025-09-20,C1317,Kavya Mehta,Mumbai,Beauty,Face Wash,1,268.26,0.0,Credit Card,Delivered,False,False,268.26,True
ORD203865,2025-09-20,C1082,Neha Patel,Mumbai,Books,Exam Guide,4,495.72,0.0,COD,Delivered,False,False,1982.88,True
ORD204257,2025-09-20,C1315,Priya Mehta,Chennai,Electronics,Bluetooth Speaker,3,2110.7,0.0,COD,Delivered,False,False,6332.1,True
ORD204963,2025-09-20,C1622,Meera Gupta,Mumbai,Books,Comics Set,2,859.84,20.0,COD,Delivered,False,False,1375.74,True
ORD204675,2025-09-20,C1157,Sneha Das,Mumbai,Home & Kitchen,Mixer Grinder,1,3189.4,0.0,UPI,Delivered,False,False,3189.4,True
ORD202262,2025-09-20,C2274,Vivaan Gupta,Delhi,Beauty,Perfume,1,1643.61,0.0,UPI,Delivered,False,False,1643.61,True
ORD204234,2025-09-20,C1958,Meera Das,Bengaluru,Books,Novel,4,373.75,0.0,UPI,Delivered,False,False,1495.0,True
ORD202122,2025-09-20,C2067,Rohan Reddy,Delhi,Home & Kitchen,Water Bottle,1,458.55,0.0,Credit Card,Delivered,False,True,458.55,True
ORD203259,2025-09-20,C1449,Priya Reddy,Delhi,Clothing,Cap,1,362.07,5.0,COD,Delivered,False,False,343.97,True
ORD204363,2025-09-20,C1327,Manish Kulkarni,Kolkata,Home & Kitchen,Mixer Grinder,2,3560.41,10.0,Credit Card,Returned,False,False,6408.74,False
ORD201125,2025-09-21,C1799,Aditya Mehta,Pune,Electronics,Bluetooth Speaker,2,2061.77,0.0,UPI,Delivered,False,False,4123.54,True
ORD204751,2025-09-21,C1057,Riya Joshi,Bengaluru,Electronics,Smartwatch,3,6031.4,0.0,Debit Card,Delivered,False,False,18094.2,True
ORD202387,2025-09-21,C1958,Meera Das,Bengaluru,Clothing,Cap,1,341.75,0.0,UPI,Returned,False,False,341.75,False
ORD204542,2025-09-21,C1036,Diya Patel,Delhi,Clothing,Hoodie,3,1535.15,10.0,Net Banking,Cancelled,False,False,4144.91,False
ORD201183,2025-09-21,C2348,Rohan Kulkarni,Hyderabad,Beauty,Lipstick,2,394.4,15.0,Debit Card,Delivered,False,False,670.48,True
ORD202169,2025-09-21,C2287,Aditya Kulkarni,Hyderabad,Books,Exam Guide,1,498.89,20.0,UPI,Delivered,False,False,399.11,True
ORD203498,2025-09-21,C1872,Vikram Verma,Mumbai,Electronics,USB-C Cable,1,417.18,0.0,UPI,Cancelled,False,False,417.18,False
ORD200831,2025-09-21,C1587,Aarav Mehta,Bengaluru,Beauty,Hair Dryer,1,1432.97,0.0,Debit Card,Delivered,False,False,1432.97,True
ORD200952,2025-09-21,C1916,Kavya Verma,Delhi,Books,Data Science Primer,2,873.71,0.0,COD,Delivered,False,False,1747.42,True
ORD201360,2025-09-22,C2112,Isha Das,Delhi,Books,Comics Set,1,822.39,5.0,COD,Cancelled,False,False,781.27,False
ORD204572,2025-09-22,C1553,Sanjay Nair,Ahmedabad,Books,Python Handbook,2,754.61,0.0,Net Banking,Cancelled,False,False,1509.22,False
ORD204758,2025-09-22,C1129,Kavya Singh,Delhi,Beauty,Perfume,4,1594.36,0.0,Credit Card,Delivered,False,False,6377.44,True
ORD203938,2025-09-22,C1241,Rahul Sharma,Mumbai,Home & Kitchen,Water Bottle,1,463.66,10.0,Net Banking,Returned,False,False,417.29,False
ORD203332,2025-09-22,C2142,Vikram Joshi,Mumbai,Home & Kitchen,Water Bottle,4,483.11,5.0,UPI,Cancelled,False,False,1835.82,False
ORD201609,2025-09-22,C1495,Vikram Patel,Delhi,Electronics,Smartwatch,1,6079.08,0.0,COD,Delivered,False,False,6079.08,True
ORD202986,2025-09-22,C2366,Aarav Iyer,Ahmedabad,Electronics,Wireless Earbuds,2,2619.86,5.0,COD,Cancelled,False,False,4977.73,False
ORD202546,2025-09-22,C2083,Isha Joshi,Chennai,Electronics,Power Bank,4,1346.31,10.0,Net Banking,Returned,False,False,4846.72,False
ORD204163,2025-09-22,C1146,Isha Sharma,Bengaluru,Home & Kitchen,Cookware Set,3,2898.24,0.0,Credit Card,Delivered,False,True,8694.72,True
ORD204754,2025-09-22,C1385,Priya Reddy,Delhi,Electronics,Bluetooth Speaker,2,1903.72,20.0,COD,Delivered,False,False,3045.95,True
ORD204181,2025-09-22,C2267,Rohan Mehta,Hyderabad,Clothing,Hoodie,1,1597.87,15.0,Net Banking,Delivered,False,False,1358.19,True
ORD202732,2025-09-22,C1084,Vikram Das,Kolkata,Home & Kitchen,Bedsheet Set,4,1335.73,0.0,Net Banking,Delivered,False,False,5342.92,True
ORD201666,2025-09-22,C1335,Isha Mehta,Delhi,Home & Kitchen,Bedsheet Set,3,1377.59,0.0,Credit Card,Cancelled,False,False,4132.77,False
ORD202567,2025-09-22,C2045,Meera Kulkarni,Mumbai,Clothing,Running Shoes,2,3070.53,0.0,Credit Card,Cancelled,False,False,6141.06,False
ORD200533,2025-09-23,C1762,Rohan Joshi,Mumbai,Clothing,Denim Jeans,4,1905.31,0.0,Debit Card,Delivered,False,False,7621.24,True
ORD203965,2025-09-23,C1260,Vivaan Nair,Chennai,Electronics,USB-C Cable,1,384.6,5.0,Debit Card,Cancelled,False,False,365.37,False
ORD201111,2025-09-23,C2091,Meera Mehta,Bengaluru,Clothing,Running Shoes,2,2981.22,0.0,Debit Card,Delivered,False,False,5962.44,True
ORD200414,2025-09-23,C2295,Priya Patel,Mumbai,Electronics,USB-C Cable,4,407.23,20.0,Net Banking,Delivered,False,False,1303.14,True
ORD201097,2025-09-23,C1635,Diya Gupta,Kolkata,Home & Kitchen,Bedsheet Set,1,1377.59,0.0,Credit Card,Cancelled,False,False,1377.59,False
ORD204016,2025-09-23,C1342,Vikram Verma,Bengaluru,Books,Python Handbook,2,734.02,5.0,Credit Card,Returned,False,False,1394.64,False
ORD200114,2025-09-23,C1097,Isha Joshi,Chennai,Electronics,Bluetooth Speaker,1,2028.94,20.0,COD,Delivered,False,False,1623.15,True
ORD204243,2025-09-23,C2271,Rohan Nair,Mumbai,Beauty,Face Wash,3,246.45,5.0,COD,Cancelled,False,False,702.38,False
ORD203386,2025-09-23,C2163,Riya Verma,Delhi,Beauty,Lipstick,2,412.42,10.0,Credit Card,Delivered,False,False,742.36,True
ORD204173,2025-09-23,C2211,Ananya Joshi,Mumbai,Beauty,Perfume,3,1534.37,0.0,Credit Card,Returned,False,False,4603.11,False
ORD200590,2025-09-24,C2099,Isha Sharma,Kolkata,Electronics,Bluetooth Speaker,1,2048.0,10.0,COD,Delivered,False,False,1843.2,True
ORD203652,2025-09-24,C2223,Ananya Das,Delhi,Beauty,Perfume,4,1660.2,0.0,UPI,Cancelled,False,False,6640.8,False
ORD204266,2025-09-24,C1731,Sneha Joshi,Delhi,Beauty,Face Wash,2,254.81,0.0,UPI,Cancelled,False,False,509.62,False
ORD201884,2025-09-24,C1302,Vikram Gupta,Ahmedabad,Electronics,USB-C Cable,1,387.26,0.0,Debit Card,Delivered,False,False,387.26,True
ORD201291,2025-09-24,C1986,Meera Verma,Delhi,Clothing,Cotton T-Shirt,4,600.02,20.0,Net Banking,Delivered,False,False,1920.06,True
ORD202824,2025-09-24,C2095,Priya Gupta,Ahmedabad,Clothing,Denim Jeans,4,1771.11,20.0,Credit Card,Delivered,False,False,5667.55,True
ORD201767,2025-09-24,C2220,Arjun Singh,Delhi,Books,Comics Set,3,805.97,15.0,Credit Card,Delivered,True,False,2055.22,True
ORD204073,2025-09-24,C1134,Diya Sharma,Mumbai,Books,Data Science Primer,2,969.54,5.0,Debit Card,Delivered,False,False,1842.13,True
ORD203340,2025-09-24,C1664,Rohan Reddy,Ahmedabad,Electronics,Power Bank,2,1295.97,20.0,Debit Card,Delivered,False,False,2073.55,True
ORD201139,2025-09-24,C2242,Diya Patel,Ahmedabad,Beauty,Face Wash,1,266.65,20.0,Debit Card,Delivered,False,False,213.32,True
ORD204411,2025-09-24,C2117,Rahul Iyer,Bengaluru,Books,Python Handbook,1,685.63,10.0,UPI,Cancelled,False,False,617.07,False
ORD201898,2025-09-24,C1959,Pooja Kulkarni,Delhi,Clothing,Hoodie,1,1547.69,0.0,UPI,Delivered,False,False,1547.69,True
ORD202711,2025-09-24,C1366,Arjun Sharma,Kolkata,Home & Kitchen,Mixer Grinder,4,3224.68,0.0,Net Banking,Returned,False,False,12898.72,False
ORD203808,2025-09-24,C2370,Sneha Nair,Ahmedabad,Books,Exam Guide,1,536.54,0.0,Credit Card,Delivered,False,False,536.54,True
ORD203034,2025-09-25,C2209,Arjun Verma,Bengaluru,Home & Kitchen,Water Bottle,4,456.7,0.0,UPI,Delivered,True,False,1826.8,True
ORD200022,2025-09-25,C1408,Riya Singh,Bengaluru,Electronics,Power Bank,2,1252.06,0.0,UPI,Delivered,False,False,2504.12,True
ORD200038,2025-09-25,C1396,Neha Joshi,Bengaluru,Clothing,Cotton T-Shirt,2,594.21,15.0,UPI,Returned,False,False,1010.16,False
ORD201340,2025-09-25,C1025,Priya Singh,Hyderabad,Electronics,Power Bank,3,1320.14,0.0,UPI,Delivered,False,False,3960.42,True
ORD201379,2025-09-25,C1346,Sanjay Patel,Mumbai,Electronics,USB-C Cable,2,430.34,20.0,Debit Card,Delivered,False,False,688.54,True
ORD204058,2025-09-25,C2346,Riya Iyer,Bengaluru,Clothing,Running Shoes,2,2919.12,5.0,Debit Card,Delivered,False,False,5546.33,True
ORD202737,2025-09-25,C1564,Aarav Reddy,Bengaluru,Clothing,Running Shoes,1,3118.89,0.0,UPI,Delivered,False,False,3118.89,True
ORD200258,2025-09-25,C2028,Ananya Singh,Bengaluru,Books,Exam Guide,2,489.12,15.0,UPI,Delivered,False,False,831.5,True
ORD204453,2025-09-25,C1731,Sneha Joshi,Delhi,Home & Kitchen,Mixer Grinder,1,3466.1,0.0,COD,Delivered,False,False,3466.1,True
ORD202321,2025-09-25,C2150,Arjun Mehta,Pune,Beauty,Face Wash,1,253.2,0.0,UPI,Delivered,False,False,253.2,True
ORD201641,2025-09-25,C1080,Isha Sharma,Bengaluru,Electronics,Bluetooth Speaker,1,2083.85,0.0,Credit Card,Returned,False,False,2083.85,False
ORD204133,2025-09-26,C1195,Kavya Verma,Mumbai,Electronics,Power Bank,1,1335.74,0.0,UPI,Delivered,False,False,1335.74,True
ORD202102,2025-09-26,C1308,Karan Nair,Chennai,Clothing,Cap,1,370.26,0.0,Debit Card,Returned,False,False,370.26,False
ORD203392,2025-09-26,C2268,Kavya Joshi,Delhi,Clothing,Cotton T-Shirt,4,626.43,20.0,UPI,Returned,False,False,2004.58,False
ORD203401,2025-09-26,C1056,Priya Verma,Mumbai,Clothing,Cap,4,349.71,15.0,COD,Delivered,False,False,1189.01,True
ORD202584,2025-09-26,C1212,Isha Mehta,Bengaluru,Books,Novel,2,363.82,5.0,UPI,Cancelled,False,False,691.26,False
ORD201465,2025-09-26,C1986,Meera Verma,Delhi,Clothing,Cap,2,370.5,0.0,UPI,Delivered,False,False,741.0,True
ORD204679,2025-09-26,C1767,Isha Das,Delhi,Home & Kitchen,Water Bottle,2,437.83,10.0,Credit Card,Delivered,False,False,788.09,True
ORD201713,2025-09-26,C1809,Priya Kulkarni,Mumbai,Home & Kitchen,Mixer Grinder,1,3314.36,0.0,UPI,Delivered,False,False,3314.36,True
ORD202400,2025-09-26,C1557,Vikram Kulkarni,Bengaluru,Electronics,Smartwatch,1,6326.6,15.0,UPI,Delivered,False,False,5377.61,True
ORD201152,2025-09-26,C1842,Neha Reddy,Delhi,Home & Kitchen,Cookware Set,3,2714.42,5.0,Credit Card,Returned,False,False,7736.1,False
ORD204834,2025-09-26,C1828,Pooja Das,Pune,Clothing,Cotton T-Shirt,1,638.72,5.0,Debit Card,Delivered,False,False,606.78,True
ORD201445,2025-09-26,C1155,Kavya Singh,Ahmedabad,Books,Python Handbook,3,721.93,0.0,COD,Delivered,False,False,2165.79,True
ORD202046,2025-09-27,C2263,Arjun Patel,Hyderabad,Electronics,Smartwatch,2,5925.95,0.0,Credit Card,Cancelled,False,False,11851.9,False
ORD200138,2025-09-27,C2161,Neha Kulkarni,Delhi,Electronics,Smartwatch,1,6331.89,10.0,Debit Card,Delivered,False,False,5698.7,True
ORD204102,2025-09-27,C1102,Karan Kulkarni,Mumbai,Beauty,Face Wash,1,244.67,15.0,Credit Card,Returned,False,False,207.97,False
ORD203616,2025-09-27,C1124,Arjun Sharma,Pune,Electronics,Power Bank,1,1303.32,0.0,UPI,Delivered,False,False,1303.32,True
ORD203076,2025-09-27,C1171,Manish Reddy,Delhi,Electronics,USB-C Cable,3,385.04,0.0,Net Banking,Delivered,False,False,1155.12,True
ORD204369,2025-09-27,C2077,Meera Das,Bengaluru,Electronics,USB-C Cable,1,405.64,5.0,Credit Card,Delivered,True,False,385.36,True
ORD203330,2025-09-27,C1495,Vikram Patel,Delhi,Clothing,Cap,2,362.85,5.0,Credit Card,Returned,False,False,689.42,False
ORD203135,2025-09-27,C1303,Manish Iyer,Delhi,Beauty,Perfume,1,1710.3,0.0,UPI,Returned,False,False,1710.3,False
ORD203394,2025-09-27,C1833,Meera Patel,Kolkata,Clothing,Hoodie,1,1573.07,0.0,UPI,Delivered,False,False,1573.07,True
ORD201361,2025-09-28,C2393,Vivaan Joshi,Pune,Beauty,Face Wash,1,264.91,0.0,Net Banking,Cancelled,False,False,264.91,False
ORD202195,2025-09-28,C2065,Arjun Kulkarni,Hyderabad,Clothing,Denim Jeans,2,1710.78,0.0,Credit Card,Cancelled,False,False,3421.56,False
ORD203978,2025-09-28,C1764,Kavya Kulkarni,Delhi,Home & Kitchen,Air Fryer,3,5180.34,5.0,UPI,Delivered,False,False,14763.97,True
ORD202561,2025-09-28,C1461,Kavya Patel,Delhi,Home & Kitchen,Mixer Grinder,3,3289.32,5.0,Credit Card,Cancelled,False,False,9374.56,False
ORD203078,2025-09-28,C2369,Meera Patel,Chennai,Clothing,Hoodie,3,1547.96,20.0,UPI,Returned,False,False,3715.1,False
ORD203550,2025-09-28,C1063,Priya Reddy,Delhi,Electronics,Power Bank,3,1338.45,0.0,COD,Delivered,False,False,4015.35,True
ORD201480,2025-09-28,C2111,Manish Singh,Chennai,Electronics,Bluetooth Speaker,1,2024.74,20.0,Debit Card,Cancelled,False,False,1619.79,False
ORD204984,2025-09-28,C1309,Arjun Reddy,Mumbai,Books,Data Science Primer,2,897.13,15.0,Credit Card,Returned,False,False,1525.12,False
ORD200925,2025-09-28,C1897,Priya Das,Kolkata,Electronics,Wireless Earbuds,3,2528.86,20.0,Debit Card,Delivered,True,False,6069.26,True
ORD203801,2025-09-28,C1473,Meera Patel,Pune,Electronics,Bluetooth Speaker,2,2135.92,0.0,COD,Delivered,False,False,4271.84,True
ORD202271,2025-09-28,C1389,Isha Iyer,Delhi,Home & Kitchen,Air Fryer,1,5237.25,5.0,Debit Card,Delivered,False,False,4975.39,True
ORD204353,2025-09-28,C1094,Riya Sharma,Mumbai,Home & Kitchen,Water Bottle,1,463.52,0.0,Net Banking,Delivered,False,False,463.52,True
ORD200113,2025-09-28,C1355,Sanjay Reddy,Pune,Electronics,Smartwatch,1,5924.92,15.0,COD,Delivered,False,False,5036.18,True
ORD200023,2025-09-29,C1856,Diya Kulkarni,Delhi,Clothing,Denim Jeans,3,1746.56,20.0,UPI,Cancelled,False,False,4191.74,False
ORD204054,2025-09-29,C2298,Neha Mehta,Pune,Electronics,Smartwatch,4,6026.63,10.0,UPI,Returned,False,False,21695.87,False
ORD200529,2025-09-29,C1631,Riya Gupta,Kolkata,Home & Kitchen,Bedsheet Set,1,1395.55,5.0,COD,Delivered,False,False,1325.77,True
ORD204529,2025-09-29,C1924,Riya Gupta,Mumbai,Electronics,Wireless Earbuds,1,2535.68,0.0,COD,Delivered,False,False,2535.68,True
ORD203466,2025-09-29,C1530,Isha Mehta,Delhi,Home & Kitchen,Cookware Set,3,2759.57,0.0,COD,Delivered,False,False,8278.71,True
ORD203884,2025-09-29,C2148,Unknown,Hyderabad,Electronics,Power Bank,2,1311.92,10.0,UPI,Returned,False,False,2361.46,False
ORD204270,2025-09-29,C1924,Riya Gupta,Mumbai,Electronics,Wireless Earbuds,4,2617.91,20.0,Credit Card,Delivered,False,False,8377.31,True
ORD200293,2025-09-29,C1646,Aditya Gupta,Ahmedabad,Home & Kitchen,Mixer Grinder,2,3254.28,0.0,Debit Card,Delivered,False,False,6508.56,True
ORD201754,2025-09-29,C1244,Rahul Verma,Delhi,Electronics,Smartwatch,3,5920.25,15.0,COD,Delivered,False,False,15096.64,True
ORD202501,2025-09-29,C1999,Manish Kulkarni,Delhi,Home & Kitchen,Cookware Set,2,2676.91,10.0,Debit Card,Delivered,False,False,4818.44,True
ORD202257,2025-09-29,C2024,Diya Patel,Kolkata,Home & Kitchen,Air Fryer,2,4940.19,15.0,UPI,Delivered,False,False,8398.32,True
ORD200374,2025-09-29,C1341,Priya Sharma,Delhi,Electronics,Bluetooth Speaker,1,2001.86,0.0,UPI,Delivered,False,False,2001.86,True
ORD200253,2025-09-29,C1161,Karan Singh,Bengaluru,Beauty,Perfume,2,1665.14,0.0,UPI,Delivered,False,False,3330.28,True
ORD203206,2025-09-29,C1754,Vivaan Das,Chennai,Clothing,Denim Jeans,2,1798.79,5.0,UPI,Returned,False,False,3417.7,False
ORD202542,2025-09-29,C2198,Neha Sharma,Bengaluru,Electronics,Wireless Earbuds,2,2694.18,10.0,Debit Card,Cancelled,False,False,4849.52,False
ORD204422,2025-09-29,C1283,Vivaan Verma,Chennai,Clothing,Denim Jeans,1,1722.06,0.0,UPI,Delivered,False,False,1722.06,True
ORD201675,2025-09-30,C2062,Rohan Sharma,Hyderabad,Clothing,Cap,2,355.13,20.0,UPI,Cancelled,False,False,568.21,False
ORD200698,2025-09-30,C1711,Karan Nair,Delhi,Electronics,Smartwatch,1,6199.1,0.0,UPI,Returned,False,False,6199.1,False
ORD204557,2025-09-30,C1420,Rahul Das,Delhi,Electronics,USB-C Cable,1,387.69,5.0,UPI,Delivered,False,False,368.31,True
ORD201344,2025-09-30,C1235,Ananya Das,Ahmedabad,Electronics,Power Bank,3,1394.26,10.0,COD,Cancelled,False,False,3764.5,False
ORD203830,2025-09-30,C1786,Karan Sharma,Chennai,Books,Data Science Primer,2,882.07,5.0,UPI,Delivered,False,False,1675.93,True
ORD202219,2025-09-30,C1639,Rohan Reddy,Mumbai,Home & Kitchen,Water Bottle,1,442.92,0.0,Credit Card,Delivered,False,False,442.92,True
ORD202660,2025-09-30,C1675,Priya Singh,Mumbai,Home & Kitchen,Water Bottle,4,431.84,15.0,UPI,Delivered,False,False,1468.26,True
ORD204323,2025-09-30,C2093,Diya Reddy,Mumbai,Beauty,Face Wash,1,260.7,15.0,Net Banking,Cancelled,False,False,221.59,False
ORD201309,2025-09-30,C1736,Arjun Das,Delhi,Books,Data Science Primer,1,902.79,5.0,COD,Delivered,False,False,857.65,True
ORD200105,2025-09-30,C1560,Meera Patel,Ahmedabad,Beauty,Face Wash,1,266.03,15.0,UPI,Returned,False,False,226.13,False
ORD204167,2025-09-30,C2355,Ananya Verma,Pune,Beauty,Lipstick,4,387.36,0.0,UPI,Delivered,False,False,1549.44,True
ORD201429,2025-10-01,C1293,Manish Reddy,Pune,Home & Kitchen,Water Bottle,2,461.54,5.0,COD,Delivered,False,False,876.93,True
ORD200853,2025-10-01,C1099,Diya Reddy,Bengaluru,Home & Kitchen,Cookware Set,1,2676.71,15.0,Net Banking,Delivered,False,False,2275.2,True
ORD203219,2025-10-01,C1023,Meera Kulkarni,Kolkata,Electronics,Wireless Earbuds,1,2683.07,15.0,UPI,Delivered,False,False,2280.61,True
ORD204265,2025-10-01,C1896,Ananya Kulkarni,Pune,Home & Kitchen,Bedsheet Set,2,1323.69,0.0,UPI,Delivered,False,False,2647.38,True
ORD202991,2025-10-01,C1996,Priya Sharma,Hyderabad,Home & Kitchen,Air Fryer,3,5124.73,0.0,Debit Card,Delivered,False,False,15374.19,True
ORD201182,2025-10-01,C2138,Aditya Patel,Pune,Beauty,Hair Dryer,1,1443.16,15.0,UPI,Delivered,False,False,1226.69,True
ORD203113,2025-10-01,C2316,Manish Mehta,Mumbai,Home & Kitchen,Cookware Set,2,2972.45,15.0,UPI,Cancelled,False,False,5053.16,False
ORD202807,2025-10-01,C1814,Rahul Mehta,Chennai,Beauty,Hair Dryer,4,1428.36,15.0,UPI,Delivered,False,False,4856.42,True
ORD200614,2025-10-01,C1029,Aarav Sharma,Hyderabad,Beauty,Lipstick,1,390.36,10.0,Debit Card,Delivered,False,False,351.32,True
ORD203721,2025-10-01,C2339,Neha Mehta,Bengaluru,Electronics,Bluetooth Speaker,3,2048.48,5.0,UPI,Cancelled,False,False,5838.17,False
ORD200916,2025-10-01,C2277,Diya Sharma,Mumbai,Books,Data Science Primer,2,950.0,0.0,COD,Cancelled,False,False,1900.0,False
ORD200586,2025-10-01,C1193,Vikram Singh,Ahmedabad,Electronics,USB-C Cable,1,416.8,5.0,UPI,Delivered,False,False,395.96,True
ORD202705,2025-10-01,C1420,Rahul Das,Delhi,Electronics,Wireless Earbuds,1,2603.5,10.0,UPI,Cancelled,False,False,2343.15,False
ORD200239,2025-10-01,C1229,Vikram Singh,Ahmedabad,Beauty,Moisturiser,4,463.46,0.0,UPI,Delivered,False,False,1853.84,True
ORD201851,2025-10-01,C1068,Neha Joshi,Ahmedabad,Clothing,Cap,2,374.35,0.0,UPI,Delivered,False,False,748.7,True
ORD201551,2025-10-01,C1911,Isha Patel,Mumbai,Beauty,Face Wash,2,255.99,0.0,Credit Card,Returned,False,False,511.98,False
ORD204676,2025-10-01,C1892,Diya Singh,Mumbai,Electronics,Bluetooth Speaker,2,2056.31,5.0,UPI,Returned,False,False,3906.99,False
ORD202781,2025-10-01,C1598,Priya Reddy,Kolkata,Clothing,Running Shoes,1,2999.51,0.0,Debit Card,Cancelled,False,False,2999.51,False
ORD200159,2025-10-01,C1694,Meera Nair,Ahmedabad,Clothing,Running Shoes,1,3215.0,0.0,UPI,Delivered,False,True,3215.0,True
ORD200827,2025-10-01,C1118,Pooja Gupta,Chennai,Home & Kitchen,Air Fryer,1,5055.7,15.0,Debit Card,Cancelled,True,False,4297.34,False
ORD203989,2025-10-01,C2072,Vivaan Nair,Delhi,Clothing,Running Shoes,2,3079.91,15.0,UPI,Delivered,False,False,5235.85,True
ORD201731,2025-10-02,C1592,Arjun Gupta,Bengaluru,Clothing,Hoodie,1,1582.21,15.0,UPI,Delivered,False,False,1344.88,True
ORD204532,2025-10-02,C2206,Vivaan Mehta,Mumbai,Home & Kitchen,Water Bottle,2,480.97,10.0,UPI,Delivered,False,False,865.75,True
ORD202403,2025-10-02,C2350,Sanjay Kulkarni,Mumbai,Clothing,Running Shoes,3,3132.53,20.0,Debit Card,Delivered,False,False,7518.07,True
ORD202289,2025-10-02,C1863,Vikram Iyer,Bengaluru,Home & Kitchen,Mixer Grinder,2,3368.3,0.0,UPI,Returned,False,False,6736.6,False
ORD201939,2025-10-02,C1792,Vivaan Reddy,Mumbai,Electronics,Smartwatch,1,6105.22,10.0,UPI,Returned,False,False,5494.7,False
ORD202375,2025-10-02,C1693,Vivaan Kulkarni,Kolkata,Clothing,Denim Jeans,4,1777.16,10.0,Debit Card,Delivered,False,False,6397.78,True
ORD202033,2025-10-02,C1782,Rohan Singh,Mumbai,Electronics,USB-C Cable,2,425.67,0.0,Credit Card,Cancelled,False,False,851.34,False
ORD202831,2025-10-02,C1119,Sneha Mehta,Bengaluru,Beauty,Moisturiser,2,429.35,15.0,Net Banking,Delivered,False,False,729.9,True
ORD203761,2025-10-02,C1874,Arjun Gupta,Chennai,Electronics,Bluetooth Speaker,1,2050.63,5.0,Net Banking,Delivered,False,False,1948.1,True
ORD200901,2025-10-02,C1414,Sneha Verma,Pune,Books,Comics Set,2,836.68,15.0,UPI,Cancelled,False,False,1422.36,False
ORD200265,2025-10-02,C1873,Rahul Sharma,Chennai,Home & Kitchen,Mixer Grinder,2,3177.64,0.0,UPI,Delivered,False,False,6355.28,True
ORD202559,2025-10-02,C1076,Karan Nair,Mumbai,Clothing,Cotton T-Shirt,3,629.77,0.0,Net Banking,Delivered,False,True,1889.31,True
ORD200340,2025-10-02,C1137,Aditya Gupta,Bengaluru,Electronics,Smartwatch,4,6270.86,20.0,UPI,Delivered,False,False,20066.75,True
ORD201387,2025-10-02,C1672,Manish Sharma,Pune,Clothing,Denim Jeans,2,1878.06,20.0,UPI,Delivered,False,False,3004.9,True
ORD200289,2025-10-02,C1885,Sneha Iyer,Mumbai,Books,Data Science Primer,1,950.92,20.0,UPI,Delivered,False,False,760.74,True
ORD202247,2025-10-02,C2230,Rahul Kulkarni,Chennai,Clothing,Cotton T-Shirt,2,639.14,5.0,UPI,Delivered,False,False,1214.37,True
ORD202913,2025-10-02,C1930,Vivaan Gupta,Bengaluru,Books,Novel,2,334.02,0.0,UPI,Delivered,False,False,668.04,True
ORD201781,2025-10-02,C2059,Sneha Kulkarni,Mumbai,Clothing,Cap,3,375.87,5.0,UPI,Delivered,False,False,1071.23,True
ORD204345,2025-10-02,C1798,Karan Patel,Delhi,Clothing,Cap,1,341.57,5.0,UPI,Delivered,False,False,324.49,True
ORD203855,2025-10-02,C1604,Ananya Kulkarni,Mumbai,Beauty,Moisturiser,1,441.06,0.0,UPI,Delivered,False,False,441.06,True
ORD200051,2025-10-02,C1435,Riya Mehta,Delhi,Home & Kitchen,Air Fryer,1,4900.57,10.0,Net Banking,Delivered,False,False,4410.51,True
ORD200707,2025-10-02,C2022,Diya Patel,Pune,Home & Kitchen,Cookware Set,4,2807.86,5.0,UPI,Delivered,False,False,10669.87,True
ORD204716,2025-10-02,C1154,Diya Joshi,Hyderabad,Clothing,Denim Jeans,2,1792.5,5.0,COD,Delivered,False,False,3405.75,True
ORD203303,2025-10-02,C1606,Kavya Kulkarni,Delhi,Home & Kitchen,Water Bottle,2,477.68,0.0,Net Banking,Cancelled,False,False,955.36,False
ORD200968,2025-10-02,C1005,Kavya Verma,Ahmedabad,Clothing,Running Shoes,2,3039.57,0.0,UPI,Delivered,False,False,6079.14,True
ORD201882,2025-10-03,C1596,Aditya Iyer,Chennai,Home & Kitchen,Water Bottle,1,480.47,15.0,Debit Card,Cancelled,False,False,408.4,False
ORD200762,2025-10-03,C1091,Arjun Reddy,Delhi,Electronics,Wireless Earbuds,2,2642.36,10.0,UPI,Delivered,False,False,4756.25,True
ORD201878,2025-10-03,C1066,Aarav Kulkarni,Delhi,Clothing,Cap,1,366.17,20.0,Net Banking,Delivered,False,False,292.94,True
ORD203099,2025-10-03,C1358,Riya Reddy,Delhi,Electronics,USB-C Cable,1,405.01,20.0,UPI,Delivered,False,False,324.01,True
ORD203274,2025-10-03,C2142,Vikram Joshi,Mumbai,Home & Kitchen,Water Bottle,4,469.57,0.0,Debit Card,Delivered,False,False,1878.28,True
ORD201496,2025-10-03,C1213,Priya Singh,Chennai,Electronics,Power Bank,3,1337.54,15.0,Credit Card,Delivered,False,False,3410.73,True
ORD202502,2025-10-03,C1125,Riya Sharma,Mumbai,Clothing,Hoodie,1,1513.75,0.0,COD,Delivered,False,False,1513.75,True
ORD201966,2025-10-03,C2338,Meera Gupta,Hyderabad,Clothing,Cap,4,373.86,20.0,Credit Card,Delivered,False,False,1196.35,True
ORD203720,2025-10-03,C2136,Sanjay Das,Bengaluru,Beauty,Face Wash,1,262.89,10.0,UPI,Cancelled,False,False,236.6,False
ORD201926,2025-10-03,C1130,Neha Nair,Pune,Books,Python Handbook,2,670.61,5.0,UPI,Delivered,False,False,1274.16,True
ORD201540,2025-10-03,C1776,Arjun Reddy,Kolkata,Electronics,Bluetooth Speaker,3,2126.14,0.0,UPI,Delivered,False,True,6378.42,True
ORD201104,2025-10-03,C1982,Rahul Verma,Delhi,Books,Python Handbook,1,686.67,10.0,UPI,Cancelled,False,False,618.0,False
ORD204602,2025-10-03,C1483,Sneha Patel,Mumbai,Home & Kitchen,Mixer Grinder,3,3389.79,10.0,UPI,Returned,False,False,9152.43,False
ORD200315,2025-10-03,C1519,Pooja Verma,Chennai,Home & Kitchen,Mixer Grinder,3,3321.09,0.0,UPI,Delivered,False,False,9963.27,True
ORD202855,2025-10-03,C2099,Isha Sharma,Kolkata,Electronics,Power Bank,1,1338.68,0.0,Net Banking,Delivered,False,False,1338.68,True
ORD201045,2025-10-03,C2315,Rohan Kulkarni,Bengaluru,Books,Novel,1,352.92,0.0,Credit Card,Delivered,False,False,352.92,True
ORD202645,2025-10-04,C2180,Riya Reddy,Bengaluru,Clothing,Cotton T-Shirt,4,638.66,0.0,COD,Delivered,False,False,2554.64,True
ORD204201,2025-10-04,C1147,Vikram Reddy,Chennai,Electronics,Smartwatch,2,6442.65,0.0,Credit Card,Returned,False,False,12885.3,False
ORD201546,2025-10-04,C1930,Vivaan Gupta,Mumbai,Electronics,Power Bank,4,1288.2,10.0,Credit Card,Delivered,False,False,4637.52,True
ORD201752,2025-10-04,C2321,Rohan Mehta,Delhi,Clothing,Cotton T-Shirt,2,621.76,20.0,UPI,Delivered,False,False,994.82,True
ORD201853,2025-10-04,C1664,Rohan Reddy,Ahmedabad,Books,Python Handbook,1,691.56,15.0,UPI,Delivered,False,False,587.83,True
ORD200507,2025-10-04,C2374,Kavya Patel,Mumbai,Clothing,Cotton T-Shirt,4,643.61,20.0,Debit Card,Delivered,False,False,2059.55,True
ORD203513,2025-10-04,C1568,Rahul Iyer,Ahmedabad,Clothing,Cotton T-Shirt,1,601.96,0.0,UPI,Delivered,False,False,601.96,True
ORD203810,2025-10-04,C1495,Vikram Patel,Delhi,Beauty,Moisturiser,2,456.96,10.0,UPI,Delivered,False,False,822.53,True
ORD201600,2025-10-04,C2147,Sneha Reddy,Bengaluru,Clothing,Denim Jeans,1,1873.36,15.0,UPI,Cancelled,False,False,1592.36,False
ORD202183,2025-10-04,C1628,Vikram Reddy,Hyderabad,Electronics,Power Bank,3,1355.05,5.0,Debit Card,Delivered,False,False,3861.89,True
ORD204223,2025-10-04,C1481,Sneha Kulkarni,Pune,Beauty,Lipstick,2,406.82,0.0,COD,Delivered,False,False,813.64,True
ORD204100,2025-10-05,C1975,Pooja Iyer,Delhi,Electronics,Smartwatch,1,6119.445,0.0,COD,Delivered,True,False,6119.44,True
ORD203970,2025-10-05,C1139,Meera Joshi,Bengaluru,Home & Kitchen,Water Bottle,2,452.41,10.0,Credit Card,Delivered,False,False,814.34,True
ORD204845,2025-10-05,C2315,Rohan Kulkarni,Bengaluru,Books,Data Science Primer,4,917.31,0.0,UPI,Delivered,False,False,3669.24,True
ORD200486,2025-10-05,C2329,Karan Mehta,Chennai,Home & Kitchen,Bedsheet Set,3,1302.03,20.0,COD,Cancelled,False,False,3124.87,False
ORD201563,2025-10-05,C2220,Arjun Singh,Delhi,Electronics,Power Bank,2,1235.94,0.0,Net Banking,Returned,False,False,2471.88,False
ORD201209,2025-10-05,C1092,Sanjay Reddy,Pune,Home & Kitchen,Cookware Set,2,2788.7,0.0,Debit Card,Delivered,False,True,5577.4,True
ORD202596,2025-10-05,C2313,Neha Singh,Chennai,Clothing,Hoodie,1,1446.95,0.0,Debit Card,Returned,False,False,1446.95,False
ORD203172,2025-10-05,C2194,Isha Iyer,Delhi,Home & Kitchen,Air Fryer,1,4901.87,20.0,UPI,Cancelled,False,False,3921.5,False
ORD200343,2025-10-05,C1331,Rahul Das,Hyderabad,Clothing,Running Shoes,1,3111.96,0.0,Credit Card,Delivered,False,False,3111.96,True
ORD200492,2025-10-05,C2374,Kavya Patel,Mumbai,Electronics,Smartwatch,1,5726.53,10.0,UPI,Delivered,False,False,5153.88,True
ORD203484,2025-10-05,C1868,Rahul Mehta,Pune,Clothing,Denim Jeans,2,1849.17,20.0,UPI,Returned,False,False,2958.67,False
ORD201717,2025-10-05,C1919,Arjun Kulkarni,Delhi,Electronics,Bluetooth Speaker,3,1971.29,20.0,Credit Card,Delivered,False,False,4731.1,True
ORD203933,2025-10-05,C2294,Aditya Verma,Hyderabad,Electronics,Bluetooth Speaker,1,1948.16,10.0,UPI,Cancelled,False,False,1753.34,False
ORD204306,2025-10-05,C2375,Manish Singh,Mumbai,Home & Kitchen,Mixer Grinder,1,3392.47,5.0,UPI,Delivered,False,False,3222.85,True
ORD204040,2025-10-05,C2088,Neha Sharma,Mumbai,Beauty,Perfume,3,1559.38,5.0,Credit Card,Delivered,False,False,4444.23,True
ORD202789,2025-10-05,C2340,Sneha Gupta,Mumbai,Home & Kitchen,Mixer Grinder,3,3414.28,10.0,UPI,Delivered,False,False,9218.56,True
ORD201880,2025-10-05,C1190,Vikram Iyer,Ahmedabad,Home & Kitchen,Bedsheet Set,1,1330.62,5.0,Credit Card,Cancelled,False,False,1264.09,False
ORD203744,2025-10-05,C1598,Priya Reddy,Kolkata,Clothing,Cap,1,345.42,0.0,Credit Card,Delivered,False,False,345.42,True
ORD201999,2025-10-06,C2322,Aditya Nair,Bengaluru,Electronics,Bluetooth Speaker,3,1917.89,15.0,Credit Card,Returned,False,False,4890.62,False
ORD204592,2025-10-06,C1427,Pooja Verma,Pune,Books,Novel,4,342.76,0.0,Credit Card,Delivered,False,False,1371.04,True
ORD200766,2025-10-06,C2269,Isha Reddy,Kolkata,Beauty,Lipstick,3,403.85,0.0,UPI,Delivered,False,False,1211.55,True
ORD204794,2025-10-06,C1348,Diya Nair,Delhi,Home & Kitchen,Water Bottle,1,432.05,0.0,Credit Card,Delivered,False,False,432.05,True
ORD200994,2025-10-06,C1251,Isha Gupta,Delhi,Clothing,Cotton T-Shirt,1,576.89,5.0,COD,Delivered,False,False,548.05,True
ORD201569,2025-10-06,C2063,Sneha Reddy,Chennai,Beauty,Face Wash,4,250.22,15.0,Debit Card,Returned,False,False,850.75,False
ORD201801,2025-10-06,C2373,Aditya Reddy,Chennai,Clothing,Denim Jeans,1,1937.17,20.0,Debit Card,Delivered,False,False,1549.74,True
ORD201651,2025-10-06,C1703,Vikram Das,Mumbai,Home & Kitchen,Water Bottle,2,436.77,15.0,UPI,Returned,False,False,742.51,False
ORD200462,2025-10-06,C2003,Riya Mehta,Hyderabad,Home & Kitchen,Air Fryer,1,4919.79,15.0,UPI,Returned,False,False,4181.82,False
ORD201883,2025-10-06,C1725,Arjun Iyer,Hyderabad,Beauty,Lipstick,1,397.13,0.0,UPI,Delivered,False,False,397.13,True
ORD203585,2025-10-06,C1106,Rohan Iyer,Chennai,Home & Kitchen,Water Bottle,1,430.89,20.0,UPI,Delivered,False,False,344.71,True
ORD203405,2025-10-06,C1482,Vikram Mehta,Chennai,Clothing,Hoodie,2,1464.99,20.0,Credit Card,Returned,False,False,2343.98,False
ORD201775,2025-10-06,C1273,Meera Mehta,Mumbai,Home & Kitchen,Mixer Grinder,1,3457.12,5.0,UPI,Returned,False,False,3284.26,False
ORD204693,2025-10-06,C2286,Riya Nair,Mumbai,Electronics,Bluetooth Speaker,2,2158.23,20.0,Debit Card,Delivered,False,False,3453.17,True
ORD203871,2025-10-06,C2353,Sanjay Iyer,Kolkata,Books,Exam Guide,1,510.12,10.0,Credit Card,Cancelled,False,False,459.11,False
ORD204526,2025-10-06,C1935,Vikram Patel,Delhi,Home & Kitchen,Mixer Grinder,3,3339.03,0.0,Debit Card,Cancelled,False,False,10017.09,False
ORD203092,2025-10-06,C1488,Arjun Verma,Delhi,Electronics,Power Bank,2,1329.68,20.0,Net Banking,Returned,False,False,2127.49,False
ORD201895,2025-10-06,C2349,Aarav Verma,Pune,Clothing,Running Shoes,4,2856.8,5.0,UPI,Delivered,False,False,10855.84,True
ORD204967,2025-10-06,C2191,Rahul Sharma,Hyderabad,Clothing,Running Shoes,1,3142.01,0.0,Net Banking,Delivered,False,False,3142.01,True
ORD203754,2025-10-06,C1299,Rahul Patel,Delhi,Electronics,Power Bank,3,1258.19,5.0,COD,Delivered,False,False,3585.84,True
ORD200236,2025-10-07,C1265,Isha Das,Bengaluru,Electronics,Power Bank,3,1384.51,5.0,Debit Card,Delivered,False,False,3945.85,True
ORD204327,2025-10-07,C1252,Arjun Sharma,Kolkata,Electronics,USB-C Cable,1,410.13,0.0,UPI,Returned,False,False,410.13,False
ORD201561,2025-10-07,C2064,Priya Joshi,Pune,Clothing,Denim Jeans,1,1767.26,15.0,UPI,Cancelled,False,False,1502.17,False
ORD200203,2025-10-07,C2222,Vivaan Das,Chennai,Home & Kitchen,Air Fryer,1,5143.1,15.0,COD,Delivered,False,False,4371.64,True
ORD200122,2025-10-07,C2290,Isha Reddy,Mumbai,Clothing,Denim Jeans,2,1713.64,0.0,COD,Delivered,False,False,3427.28,True
ORD203648,2025-10-07,C2229,Riya Iyer,Bengaluru,Electronics,USB-C Cable,2,403.63,0.0,UPI,Delivered,False,False,807.26,True
ORD202393,2025-10-07,C1808,Pooja Gupta,Mumbai,Books,Novel,2,357.48,15.0,Credit Card,Delivered,False,False,607.72,True
ORD201575,2025-10-07,C1010,Karan Reddy,Chennai,Electronics,Power Bank,1,1245.37,0.0,Net Banking,Delivered,False,False,1245.37,True
ORD201406,2025-10-07,C2258,Pooja Singh,Mumbai,Clothing,Hoodie,3,1447.26,20.0,Credit Card,Delivered,False,False,3473.42,True
ORD203440,2025-10-07,C2341,Riya Patel,Pune,Home & Kitchen,Mixer Grinder,4,3484.48,0.0,Debit Card,Delivered,False,False,13937.92,True
ORD200975,2025-10-07,C2352,Aarav Reddy,Bengaluru,Home & Kitchen,Mixer Grinder,3,3238.18,0.0,COD,Delivered,False,False,9714.54,True
ORD203611,2025-10-07,C1971,Pooja Sharma,Delhi,Beauty,Perfume,2,1691.95,0.0,UPI,Delivered,False,False,3383.9,True
ORD200561,2025-10-07,C1818,Pooja Mehta,Kolkata,Books,Python Handbook,1,742.77,15.0,Net Banking,Cancelled,False,False,631.35,False
ORD201436,2025-10-07,C1287,Manish Patel,Mumbai,Beauty,Face Wash,2,252.54,0.0,UPI,Delivered,False,False,505.08,True
ORD204445,2025-10-07,C1557,Vikram Kulkarni,Bengaluru,Clothing,Cotton T-Shirt,1,643.65,15.0,Net Banking,Delivered,False,False,547.1,True
ORD204894,2025-10-07,C2377,Diya Nair,Chennai,Clothing,Hoodie,2,1537.85,0.0,UPI,Delivered,False,False,3075.7,True
ORD202344,2025-10-07,C1448,Sneha Mehta,Hyderabad,Clothing,Cotton T-Shirt,1,575.0,5.0,Net Banking,Delivered,False,False,546.25,True
ORD202126,2025-10-07,C1552,Vivaan Nair,Bengaluru,Home & Kitchen,Cookware Set,1,2866.71,0.0,UPI,Delivered,False,False,2866.71,True
ORD204313,2025-10-07,C1274,Manish Kulkarni,Hyderabad,Clothing,Cap,2,358.14,20.0,Credit Card,Returned,False,False,573.02,False
ORD200754,2025-10-07,C1496,Manish Reddy,Mumbai,Clothing,Denim Jeans,3,1922.8,0.0,COD,Delivered,False,False,5768.4,True
ORD200670,2025-10-08,C2167,Isha Singh,Mumbai,Clothing,Denim Jeans,4,1800.55,0.0,UPI,Delivered,False,False,7202.2,True
ORD202740,2025-10-08,C2272,Isha Nair,Kolkata,Clothing,Running Shoes,1,3179.46,15.0,COD,Delivered,False,False,2702.54,True
ORD200618,2025-10-08,C1974,Manish Gupta,Chennai,Clothing,Cap,4,333.17,10.0,UPI,Delivered,False,False,1199.41,True
ORD200719,2025-10-08,C1050,Rahul Patel,Mumbai,Clothing,Hoodie,2,1546.63,10.0,UPI,Cancelled,False,False,2783.93,False
ORD204172,2025-10-08,C1308,Karan Nair,Chennai,Books,Novel,1,346.19,10.0,UPI,Delivered,False,False,311.57,True
ORD204259,2025-10-08,C1270,Priya Singh,Kolkata,Clothing,Running Shoes,3,3050.7349999999997,0.0,Debit Card,Delivered,True,False,9152.2,True
ORD201362,2025-10-08,C1599,Sneha Gupta,Ahmedabad,Books,Comics Set,1,776.01,0.0,UPI,Delivered,False,False,776.01,True
ORD202756,2025-10-08,C1162,Riya Verma,Delhi,Electronics,USB-C Cable,2,393.44,15.0,COD,Delivered,False,False,668.85,True
ORD203125,2025-10-08,C1454,Sanjay Patel,Bengaluru,Clothing,Running Shoes,1,3033.75,0.0,Debit Card,Delivered,False,False,3033.75,True
ORD202173,2025-10-08,C1249,Isha Nair,Kolkata,Home & Kitchen,Air Fryer,1,5299.87,20.0,UPI,Delivered,False,False,4239.9,True
ORD200271,2025-10-08,C2028,Ananya Singh,Bengaluru,Electronics,Smartwatch,1,6208.53,10.0,Credit Card,Delivered,False,False,5587.68,True
ORD202583,2025-10-08,C1354,Kavya Reddy,Mumbai,Electronics,Smartwatch,4,6183.07,20.0,Credit Card,Delivered,False,False,19785.82,True
ORD202035,2025-10-08,C1912,Priya Gupta,Bengaluru,Beauty,Face Wash,2,239.18,0.0,Credit Card,Cancelled,False,False,478.36,False
ORD203224,2025-10-08,C1605,Priya Joshi,Delhi,Home & Kitchen,Mixer Grinder,1,3215.73,10.0,UPI,Delivered,False,False,2894.16,True
ORD200174,2025-10-08,C1475,Riya Joshi,Bengaluru,Beauty,Lipstick,2,385.95,5.0,Net Banking,Returned,False,False,733.3,False
ORD201799,2025-10-09,C2349,Aarav Verma,Pune,Clothing,Running Shoes,1,3030.04,5.0,UPI,Cancelled,False,False,2878.54,False
ORD203574,2025-10-09,C1651,Riya Das,Hyderabad,Electronics,USB-C Cable,1,396.64,5.0,UPI,Delivered,False,False,376.81,True
ORD203882,2025-10-09,C2342,Ananya Kulkarni,Kolkata,Beauty,Face Wash,1,237.57,15.0,COD,Delivered,False,False,201.93,True
ORD204919,2025-10-09,C1541,Arjun Kulkarni,Chennai,Electronics,Bluetooth Speaker,1,1903.47,0.0,Debit Card,Delivered,False,False,1903.47,True
ORD204321,2025-10-09,C2254,Pooja Nair,Mumbai,Home & Kitchen,Water Bottle,3,467.96,5.0,UPI,Delivered,False,False,1333.69,True
ORD200575,2025-10-09,C2187,Karan Reddy,Mumbai,Books,Comics Set,3,861.86,0.0,Net Banking,Cancelled,False,False,2585.58,False
ORD204606,2025-10-09,C1307,Arjun Mehta,Bengaluru,Home & Kitchen,Air Fryer,3,4859.46,10.0,Credit Card,Delivered,False,False,13120.54,True
ORD202664,2025-10-09,C1352,Pooja Verma,Hyderabad,Books,Comics Set,2,816.72,5.0,UPI,Delivered,False,False,1551.77,True
ORD202495,2025-10-09,C2222,Vivaan Das,Chennai,Electronics,Power Bank,3,1237.71,0.0,Debit Card,Delivered,False,False,3713.13,True
ORD202493,2025-10-09,C1563,Neha Gupta,Ahmedabad,Books,Exam Guide,2,529.63,0.0,COD,Delivered,False,False,1059.26,True
ORD202876,2025-10-09,C1761,Vivaan Das,Pune,Beauty,Perfume,4,1519.55,0.0,UPI,Delivered,False,False,6078.2,True
ORD201785,2025-10-09,C2266,Aarav Patel,Ahmedabad,Electronics,Smartwatch,2,5934.23,5.0,Credit Card,Returned,False,False,11275.04,False
ORD204616,2025-10-09,C2251,Neha Iyer,Delhi,Clothing,Denim Jeans,3,1906.65,0.0,COD,Cancelled,False,False,5719.95,False
ORD201287,2025-10-09,C1411,Manish Iyer,Bengaluru,Clothing,Denim Jeans,3,1768.3,10.0,Net Banking,Delivered,False,False,4774.41,True
ORD202906,2025-10-09,C2392,Aditya Mehta,Bengaluru,Beauty,Face Wash,1,264.9,0.0,Debit Card,Delivered,False,False,264.9,True
ORD203561,2025-10-09,C1941,Manish Gupta,Mumbai,Books,Python Handbook,1,712.72,10.0,Unknown,Delivered,False,False,641.45,True
ORD201950,2025-10-09,C1321,Pooja Reddy,Ahmedabad,Clothing,Cotton T-Shirt,3,587.01,10.0,Credit Card,Delivered,False,False,1584.93,True
ORD204296,2025-10-09,C2154,Meera Gupta,Kolkata,Clothing,Denim Jeans,1,1712.7,10.0,Credit Card,Delivered,False,False,1541.43,True
ORD203995,2025-10-10,C1983,Isha Iyer,Bengaluru,Books,Python Handbook,2,721.4,10.0,UPI,Delivered,False,False,1298.52,True
ORD204154,2025-10-10,C1535,Meera Nair,Ahmedabad,Electronics,Power Bank,1,1381.39,0.0,Net Banking,Delivered,False,False,1381.39,True
ORD204678,2025-10-10,C1911,Isha Patel,Mumbai,Electronics,Power Bank,1,1250.7,20.0,UPI,Cancelled,False,False,1000.56,False
ORD202912,2025-10-10,C2395,Neha Joshi,Chennai,Clothing,Cotton T-Shirt,3,579.33,0.0,Credit Card,Returned,False,False,1737.99,False
ORD204317,2025-10-10,C1276,Priya Sharma,Delhi,Beauty,Face Wash,2,256.71,5.0,Debit Card,Delivered,False,False,487.75,True
ORD204325,2025-10-10,C2375,Manish Singh,Mumbai,Clothing,Denim Jeans,1,1872.39,15.0,UPI,Cancelled,False,False,1591.53,False
ORD204945,2025-10-10,C1697,Manish Gupta,Chennai,Electronics,Smartwatch,2,5755.11,15.0,COD,Delivered,False,False,9783.69,True
ORD204912,2025-10-10,C2263,Arjun Patel,Hyderabad,Electronics,Bluetooth Speaker,3,1934.89,15.0,UPI,Delivered,False,False,4933.97,True
ORD204650,2025-10-10,C1404,Ananya Das,Delhi,Clothing,Cap,1,348.4,0.0,Debit Card,Delivered,False,False,348.4,True
ORD200227,2025-10-10,C2366,Aarav Iyer,Ahmedabad,Electronics,Wireless Earbuds,4,2591.73,10.0,COD,Delivered,False,False,9330.23,True
ORD200411,2025-10-10,C2016,Karan Gupta,Delhi,Home & Kitchen,Water Bottle,1,483.35,0.0,Credit Card,Returned,False,False,483.35,False
ORD204632,2025-10-10,C2100,Priya Iyer,Mumbai,Clothing,Hoodie,1,1506.92,15.0,UPI,Delivered,False,False,1280.88,True
ORD202966,2025-10-10,C2234,Kavya Verma,Bengaluru,Clothing,Cotton T-Shirt,1,589.17,10.0,COD,Returned,False,False,530.25,False
ORD201257,2025-10-10,C1040,Aditya Singh,Delhi,Electronics,Power Bank,1,1262.75,0.0,UPI,Delivered,False,False,1262.75,True
ORD200214,2025-10-10,C1816,Pooja Nair,Bengaluru,Electronics,USB-C Cable,1,421.48,5.0,Debit Card,Delivered,False,False,400.41,True
ORD204404,2025-10-10,C1874,Arjun Gupta,Chennai,Home & Kitchen,Air Fryer,4,5026.04,10.0,Credit Card,Delivered,False,False,18093.74,True
ORD204889,2025-10-10,C1217,Rohan Mehta,Mumbai,Beauty,Moisturiser,2,439.54,20.0,UPI,Delivered,False,False,703.26,True
ORD203696,2025-10-10,C1594,Ananya Patel,Bengaluru,Beauty,Perfume,1,1617.12,5.0,UPI,Delivered,False,False,1536.26,True
ORD200684,2025-10-10,C1922,Isha Joshi,Mumbai,Electronics,Smartwatch,1,5913.98,0.0,UPI,Returned,False,False,5913.98,False
ORD200781,2025-10-11,C1846,Pooja Reddy,Mumbai,Electronics,Smartwatch,1,6428.78,0.0,COD,Delivered,False,False,6428.78,True
ORD203929,2025-10-11,C1292,Riya Verma,Bengaluru,Electronics,Smartwatch,2,6063.54,15.0,Net Banking,Delivered,False,False,10308.02,True
ORD201776,2025-10-11,C1470,Aditya Das,Hyderabad,Beauty,Hair Dryer,2,1609.35,0.0,UPI,Delivered,False,False,3218.7,True
ORD201914,2025-10-11,C1598,Priya Reddy,Kolkata,Electronics,USB-C Cable,2,421.6,20.0,UPI,Delivered,False,False,674.56,True
ORD203017,2025-10-11,C2031,Arjun Das,Pune,Electronics,Wireless Earbuds,1,2660.35,5.0,Credit Card,Delivered,False,False,2527.33,True
ORD203795,2025-10-11,C1739,Sanjay Verma,Bengaluru,Books,Novel,2,353.27,15.0,Debit Card,Delivered,False,False,600.56,True
ORD203673,2025-10-11,C1694,Meera Nair,Ahmedabad,Books,Comics Set,1,797.35,10.0,UPI,Returned,False,False,717.62,False
ORD201269,2025-10-11,C2398,Sneha Verma,Kolkata,Clothing,Cap,3,338.8,5.0,UPI,Delivered,False,False,965.58,True
ORD201065,2025-10-11,C2348,Rohan Kulkarni,Hyderabad,Electronics,Power Bank,1,1328.23,15.0,UPI,Returned,False,False,1129.0,False
ORD200097,2025-10-11,C1430,Aarav Gupta,Chennai,Electronics,Smartwatch,4,6119.445,5.0,UPI,Returned,True,False,23253.89,False
ORD202816,2025-10-11,C1652,Sanjay Joshi,Mumbai,Clothing,Running Shoes,1,3047.71,15.0,Debit Card,Delivered,False,False,2590.55,True
ORD201654,2025-10-11,C2155,Neha Joshi,Chennai,Clothing,Cap,2,350.14,5.0,Credit Card,Delivered,False,False,665.27,True
ORD203654,2025-10-11,C2399,Arjun Sharma,Hyderabad,Books,Exam Guide,4,520.86,0.0,COD,Delivered,False,False,2083.44,True
ORD203075,2025-10-11,C2276,Meera Reddy,Bengaluru,Electronics,Wireless Earbuds,2,2573.36,10.0,Debit Card,Returned,False,False,4632.05,False
ORD200906,2025-10-11,C2374,Kavya Patel,Mumbai,Beauty,Perfume,2,1571.14,0.0,UPI,Returned,False,False,3142.28,False
ORD201040,2025-10-11,C2115,Priya Mehta,Bengaluru,Electronics,Smartwatch,2,5846.63,10.0,Credit Card,Delivered,False,False,10523.93,True
ORD203647,2025-10-11,C1688,Diya Iyer,Delhi,Home & Kitchen,Cookware Set,2,2940.02,10.0,COD,Cancelled,False,False,5292.04,False
ORD200401,2025-10-11,C2236,Pooja Iyer,Bengaluru,Home & Kitchen,Mixer Grinder,4,3332.17,5.0,Credit Card,Cancelled,False,False,12662.25,False
ORD203185,2025-10-11,C1497,Manish Gupta,Bengaluru,Clothing,Cap,2,351.85,0.0,Net Banking,Delivered,False,False,703.7,True
ORD204531,2025-10-11,C1174,Pooja Joshi,Mumbai,Electronics,Wireless Earbuds,2,2663.41,5.0,COD,Cancelled,False,False,5060.48,False
ORD204569,2025-10-11,C1497,Manish Gupta,Bengaluru,Clothing,Running Shoes,1,3204.94,5.0,UPI,Cancelled,False,False,3044.69,False
ORD200582,2025-10-11,C1503,Vivaan Kulkarni,Ahmedabad,Books,Exam Guide,2,537.89,15.0,Net Banking,Delivered,False,False,914.41,True
ORD201268,2025-10-11,C1920,Isha Mehta,Hyderabad,Clothing,Denim Jeans,1,1855.99,5.0,Credit Card,Delivered,False,False,1763.19,True
ORD202983,2025-10-12,C1240,Priya Patel,Pune,Clothing,Hoodie,1,1503.01,5.0,Net Banking,Delivered,False,False,1427.86,True
ORD204005,2025-10-12,C1040,Aditya Singh,Delhi,Electronics,USB-C Cable,1,400.36,0.0,UPI,Cancelled,False,False,400.36,False
ORD203045,2025-10-12,C1619,Vivaan Das,Kolkata,Clothing,Running Shoes,3,3119.99,10.0,UPI,Delivered,False,False,8423.97,True
ORD204468,2025-10-12,C2281,Kavya Iyer,Mumbai,Clothing,Cap,2,335.77,0.0,Credit Card,Cancelled,False,False,671.54,False
ORD203153,2025-10-12,C1047,Rohan Das,Bengaluru,Electronics,Wireless Earbuds,1,2395.42,0.0,Credit Card,Delivered,False,False,2395.42,True
ORD203998,2025-10-12,C1787,Rohan Joshi,Bengaluru,Home & Kitchen,Bedsheet Set,1,1334.7,10.0,Credit Card,Delivered,False,False,1201.23,True
ORD202281,2025-10-12,C1173,Sanjay Patel,Hyderabad,Home & Kitchen,Cookware Set,1,2896.5,5.0,UPI,Delivered,False,False,2751.68,True
ORD203168,2025-10-12,C1586,Kavya Nair,Chennai,Home & Kitchen,Mixer Grinder,3,3261.28,5.0,UPI,Delivered,False,False,9294.65,True
ORD204570,2025-10-12,C1408,Riya Singh,Bengaluru,Electronics,Smartwatch,4,6119.445,20.0,UPI,Delivered,True,False,19582.22,True
ORD204273,2025-10-12,C2028,Ananya Singh,Bengaluru,Clothing,Cap,1,355.28999999999996,0.0,Credit Card,Cancelled,True,False,355.29,False
ORD200898,2025-10-13,C1934,Neha Das,Mumbai,Home & Kitchen,Cookware Set,4,2893.08,10.0,Debit Card,Cancelled,False,False,10415.09,False
ORD201959,2025-10-13,C1777,Vivaan Singh,Pune,Electronics,Wireless Earbuds,1,2528.86,20.0,UPI,Delivered,True,False,2023.09,True
ORD204081,2025-10-13,C1285,Vivaan Patel,Bengaluru,Clothing,Hoodie,1,1524.9,0.0,UPI,Delivered,False,False,1524.9,True
ORD204897,2025-10-13,C1055,Neha Gupta,Delhi,Clothing,Running Shoes,4,3088.57,15.0,UPI,Delivered,False,False,10501.14,True
ORD200388,2025-10-13,C1842,Neha Reddy,Delhi,Clothing,Running Shoes,1,2873.42,0.0,COD,Cancelled,False,False,2873.42,False
ORD204351,2025-10-13,C1732,Pooja Mehta,Pune,Clothing,Cap,1,344.16,15.0,Debit Card,Delivered,False,False,292.54,True
ORD204888,2025-10-13,C2108,Priya Joshi,Mumbai,Beauty,Hair Dryer,1,1580.5,15.0,Credit Card,Delivered,False,False,1343.42,True
ORD201456,2025-10-13,C1754,Vivaan Das,Chennai,Beauty,Moisturiser,3,444.48,0.0,UPI,Delivered,False,False,1333.44,True
ORD204568,2025-10-13,C1757,Diya Das,Bengaluru,Electronics,USB-C Cable,2,417.12,0.0,Net Banking,Delivered,False,False,834.24,True
ORD201251,2025-10-13,C1082,Neha Patel,Mumbai,Electronics,Bluetooth Speaker,2,1945.53,10.0,Debit Card,Delivered,False,False,3501.95,True
ORD201328,2025-10-13,C1430,Aarav Gupta,Chennai,Electronics,Smartwatch,2,5795.16,20.0,COD,Delivered,False,False,9272.26,True
ORD202761,2025-10-13,C1312,Aarav Joshi,Hyderabad,Electronics,Smartwatch,1,6084.57,0.0,Credit Card,Delivered,False,False,6084.57,True
ORD202064,2025-10-13,C1544,Neha Verma,Pune,Electronics,Wireless Earbuds,2,2606.0,0.0,Unknown,Delivered,False,False,5212.0,True
ORD200656,2025-10-13,C1267,Diya Verma,Ahmedabad,Beauty,Hair Dryer,1,1491.95,15.0,UPI,Delivered,False,False,1268.16,True
ORD204680,2025-10-13,C1962,Vivaan Nair,Bengaluru,Books,Exam Guide,1,474.6,10.0,Credit Card,Delivered,False,False,427.14,True
ORD200002,2025-10-13,C1070,Pooja Das,Hyderabad,Books,Data Science Primer,4,916.13,0.0,UPI,Delivered,False,False,3664.52,True
ORD203362,2025-10-13,C1697,Manish Gupta,Chennai,Clothing,Running Shoes,1,3150.17,0.0,UPI,Delivered,False,False,3150.17,True
ORD203705,2025-10-13,C2088,Neha Sharma,Mumbai,Electronics,Bluetooth Speaker,4,1951.7,20.0,UPI,Returned,False,False,6245.44,False
ORD202860,2025-10-13,C1067,Karan Nair,Bengaluru,Electronics,Bluetooth Speaker,1,1970.01,20.0,UPI,Delivered,False,False,1576.01,True
ORD201447,2025-10-13,C2261,Rohan Patel,Mumbai,Clothing,Hoodie,4,1613.79,20.0,Net Banking,Delivered,False,False,5164.13,True
ORD200024,2025-10-14,C1278,Vikram Nair,Pune,Clothing,Cap,3,355.28999999999996,0.0,Credit Card,Delivered,True,False,1065.87,True
ORD200922,2025-10-14,C1949,Arjun Verma,Pune,Home & Kitchen,Bedsheet Set,1,1237.51,5.0,Debit Card,Returned,False,False,1175.63,False
ORD202522,2025-10-14,C1787,Rohan Joshi,Bengaluru,Electronics,Smartwatch,1,6334.04,0.0,UPI,Delivered,False,False,6334.04,True
ORD200976,2025-10-14,C1306,Karan Sharma,Delhi,Beauty,Moisturiser,4,480.7,0.0,Debit Card,Delivered,False,False,1922.8,True
ORD202893,2025-10-14,C2333,Manish Verma,Bengaluru,Electronics,Bluetooth Speaker,1,2130.78,5.0,Debit Card,Delivered,False,False,2024.24,True
ORD204079,2025-10-14,C1380,Rohan Mehta,Bengaluru,Beauty,Lipstick,2,396.46,15.0,COD,Delivered,False,False,673.98,True
ORD200493,2025-10-14,C2269,Isha Reddy,Kolkata,Beauty,Perfume,3,1581.47,0.0,UPI,Delivered,False,False,4744.41,True
ORD202793,2025-10-14,C2265,Vikram Reddy,Mumbai,Home & Kitchen,Air Fryer,1,4875.96,0.0,Net Banking,Delivered,False,False,4875.96,True
ORD203291,2025-10-14,C2257,Kavya Sharma,Delhi,Home & Kitchen,Bedsheet Set,1,1257.36,0.0,COD,Returned,False,False,1257.36,False
ORD203692,2025-10-14,C1783,Diya Sharma,Bengaluru,Home & Kitchen,Bedsheet Set,2,1398.67,5.0,UPI,Cancelled,False,False,2657.47,False
ORD201829,2025-10-14,C2330,Pooja Mehta,Mumbai,Books,Comics Set,4,827.16,15.0,UPI,Delivered,False,False,2812.34,True
ORD204076,2025-10-14,C1055,Neha Gupta,Delhi,Beauty,Moisturiser,4,455.95,0.0,UPI,Delivered,True,False,1823.8,True
ORD202128,2025-10-14,C1261,Aditya Nair,Mumbai,Clothing,Hoodie,2,1476.57,15.0,Debit Card,Delivered,False,False,2510.17,True
ORD201919,2025-10-14,C1306,Karan Sharma,Delhi,Electronics,Wireless Earbuds,3,2477.62,0.0,UPI,Delivered,False,False,7432.86,True
ORD201025,2025-10-14,C1687,Manish Kulkarni,Hyderabad,Electronics,Smartwatch,4,6150.06,10.0,Debit Card,Returned,False,False,22140.22,False
ORD201299,2025-10-14,C2392,Aditya Mehta,Bengaluru,Clothing,Running Shoes,2,3009.63,0.0,Net Banking,Returned,False,False,6019.26,False
ORD202885,2025-10-14,C2057,Karan Joshi,Hyderabad,Books,Novel,4,340.37,20.0,Credit Card,Returned,False,False,1089.18,False
ORD201478,2025-10-14,C2068,Karan Iyer,Hyderabad,Clothing,Denim Jeans,3,1735.55,0.0,Credit Card,Delivered,False,True,5206.65,True
ORD201114,2025-10-14,C1742,Isha Gupta,Pune,Electronics,Smartwatch,1,6223.56,0.0,Net Banking,Delivered,False,False,6223.56,True
ORD203126,2025-10-15,C2394,Diya Kulkarni,Bengaluru,Home & Kitchen,Bedsheet Set,1,1306.92,20.0,Debit Card,Delivered,False,False,1045.54,True
ORD203522,2025-10-15,C1363,Priya Mehta,Delhi,Home & Kitchen,Bedsheet Set,1,1392.44,10.0,Net Banking,Delivered,False,False,1253.2,True
ORD200938,2025-10-15,C2172,Sanjay Gupta,Pune,Home & Kitchen,Mixer Grinder,3,3218.52,20.0,UPI,Delivered,False,False,7724.45,True
ORD203781,2025-10-15,C1973,Aarav Das,Kolkata,Electronics,Power Bank,3,1248.54,10.0,Net Banking,Delivered,False,False,3371.06,True
ORD201278,2025-10-15,C2176,Sanjay Joshi,Chennai,Electronics,USB-C Cable,1,412.0,0.0,Net Banking,Returned,False,False,412.0,False
ORD202419,2025-10-15,C1186,Vikram Joshi,Mumbai,Electronics,USB-C Cable,2,384.59,20.0,Net Banking,Cancelled,False,False,615.34,False
ORD202180,2025-10-15,C2153,Vikram Das,Mumbai,Clothing,Denim Jeans,1,1832.84,15.0,UPI,Delivered,False,False,1557.91,True
ORD200234,2025-10-15,C2224,Pooja Iyer,Ahmedabad,Home & Kitchen,Cookware Set,3,2691.66,0.0,UPI,Returned,False,False,8074.98,False
ORD203875,2025-10-15,C1901,Rahul Nair,Delhi,Home & Kitchen,Bedsheet Set,1,1392.8,15.0,UPI,Delivered,False,False,1183.88,True
ORD200235,2025-10-15,C2195,Aarav Nair,Hyderabad,Beauty,Hair Dryer,1,1479.51,5.0,Credit Card,Delivered,False,False,1405.53,True
ORD200443,2025-10-15,C2172,Sanjay Gupta,Pune,Clothing,Cap,3,373.48,0.0,Credit Card,Delivered,False,False,1120.44,True
ORD202614,2025-10-15,C1847,Aarav Reddy,Delhi,Electronics,Bluetooth Speaker,1,2112.01,10.0,Credit Card,Delivered,False,False,1900.81,True
ORD200962,2025-10-15,C1583,Neha Das,Bengaluru,Beauty,Moisturiser,3,434.54,0.0,UPI,Delivered,False,False,1303.62,True
ORD202553,2025-10-15,C1629,Neha Patel,Bengaluru,Electronics,Smartwatch,2,6343.34,15.0,COD,Delivered,False,False,10783.68,True
ORD201977,2025-10-15,C1239,Riya Patel,Mumbai,Clothing,Cap,4,367.01,0.0,Net Banking,Delivered,False,False,1468.04,True
ORD200616,2025-10-15,C2351,Meera Das,Delhi,Clothing,Hoodie,1,1526.505,5.0,Debit Card,Cancelled,True,False,1450.18,False
ORD201286,2025-10-15,C1185,Isha Nair,Delhi,Home & Kitchen,Bedsheet Set,4,1292.49,0.0,UPI,Delivered,False,False,5169.96,True
ORD204030,2025-10-15,C1124,Arjun Sharma,Pune,Electronics,USB-C Cable,2,396.67,0.0,UPI,Returned,False,False,793.34,False
ORD201446,2025-10-15,C1621,Diya Verma,Bengaluru,Home & Kitchen,Cookware Set,2,2936.11,20.0,UPI,Delivered,False,False,4697.78,True
ORD202976,2025-10-15,C1616,Pooja Verma,Delhi,Electronics,Wireless Earbuds,2,2684.04,0.0,UPI,Delivered,False,False,5368.08,True
ORD202930,2025-10-16,C2382,Rohan Verma,Delhi,Electronics,Smartwatch,4,5704.59,0.0,UPI,Delivered,False,False,22818.36,True
ORD200849,2025-10-16,C1728,Aarav Mehta,Hyderabad,Home & Kitchen,Air Fryer,1,5044.01,10.0,UPI,Returned,False,False,4539.61,False
ORD204565,2025-10-16,C2041,Sneha Joshi,Mumbai,Books,Exam Guide,1,510.79,10.0,Credit Card,Delivered,False,False,459.71,True
ORD204986,2025-10-16,C2189,Rahul Nair,Bengaluru,Books,Data Science Primer,1,970.13,20.0,COD,Returned,False,False,776.1,False
ORD204895,2025-10-16,C1401,Priya Kulkarni,Kolkata,Clothing,Running Shoes,1,2872.37,15.0,UPI,Delivered,False,False,2441.51,True
ORD204343,2025-10-16,C1441,Vikram Gupta,Chennai,Books,Novel,1,372.16,5.0,UPI,Delivered,False,False,353.55,True
ORD201261,2025-10-16,C2188,Vivaan Patel,Delhi,Books,Comics Set,2,819.09,5.0,COD,Delivered,False,False,1556.27,True
ORD201216,2025-10-16,C1154,Diya Joshi,Hyderabad,Electronics,USB-C Cable,3,386.13,0.0,UPI,Cancelled,False,False,1158.39,False
ORD202077,2025-10-16,C1857,Sneha Joshi,Chennai,Electronics,Power Bank,1,1371.0,0.0,Net Banking,Cancelled,False,False,1371.0,False
ORD203578,2025-10-16,C1048,Sanjay Patel,Delhi,Electronics,Power Bank,1,1264.73,20.0,Credit Card,Delivered,False,False,1011.78,True
ORD201255,2025-10-16,C2188,Vivaan Patel,Delhi,Electronics,Power Bank,1,1339.66,20.0,Unknown,Returned,False,False,1071.73,False
ORD201322,2025-10-16,C2274,Vivaan Gupta,Delhi,Clothing,Denim Jeans,4,1746.04,5.0,Credit Card,Delivered,False,False,6634.95,True
ORD204381,2025-10-16,C2365,Manish Verma,Chennai,Beauty,Face Wash,1,260.14,10.0,UPI,Delivered,False,False,234.13,True
ORD204603,2025-10-16,C1869,Priya Verma,Bengaluru,Home & Kitchen,Cookware Set,2,2773.51,0.0,Credit Card,Cancelled,False,False,5547.02,False
ORD201066,2025-10-16,C1070,Pooja Das,Hyderabad,Home & Kitchen,Cookware Set,4,2817.0299999999997,5.0,Credit Card,Delivered,True,False,10704.71,True
ORD204636,2025-10-16,C1161,Karan Singh,Bengaluru,Clothing,Hoodie,1,1538.94,0.0,UPI,Cancelled,False,False,1538.94,False
ORD201284,2025-10-16,C1212,Isha Mehta,Bengaluru,Clothing,Running Shoes,1,3183.17,5.0,Debit Card,Delivered,False,False,3024.01,True
ORD202774,2025-10-16,C1453,Rohan Gupta,Mumbai,Home & Kitchen,Water Bottle,1,463.76,0.0,Credit Card,Delivered,False,False,463.76,True
ORD203766,2025-10-16,C1551,Vikram Reddy,Bengaluru,Beauty,Lipstick,3,423.78,0.0,UPI,Cancelled,False,False,1271.34,False
ORD200996,2025-10-16,C1771,Sanjay Sharma,Hyderabad,Books,Python Handbook,1,692.79,15.0,UPI,Cancelled,False,False,588.87,False
ORD204872,2025-10-16,C2028,Ananya Singh,Bengaluru,Beauty,Hair Dryer,1,1455.48,0.0,UPI,Cancelled,False,True,1455.48,False
ORD201204,2025-10-17,C1169,Aditya Sharma,Hyderabad,Home & Kitchen,Water Bottle,1,468.79,20.0,UPI,Delivered,False,False,375.03,True
ORD202897,2025-10-17,C1915,Sanjay Kulkarni,Mumbai,Books,Novel,2,334.43,15.0,COD,Returned,False,False,568.53,False
ORD203853,2025-10-17,C1021,Ananya Gupta,Mumbai,Clothing,Denim Jeans,4,1793.08,15.0,Net Banking,Delivered,False,False,6096.47,True
ORD200811,2025-10-17,C1294,Aarav Nair,Kolkata,Home & Kitchen,Bedsheet Set,1,1294.0,15.0,UPI,Cancelled,False,False,1099.9,False
ORD201541,2025-10-17,C2307,Ananya Nair,Mumbai,Home & Kitchen,Mixer Grinder,4,3157.64,0.0,UPI,Delivered,False,False,12630.56,True
ORD201983,2025-10-17,C1592,Arjun Gupta,Bengaluru,Beauty,Face Wash,4,238.15,0.0,Net Banking,Delivered,False,False,952.6,True
ORD204475,2025-10-17,C1337,Sanjay Patel,Pune,Beauty,Moisturiser,1,476.22,0.0,Credit Card,Delivered,False,False,476.22,True
ORD200250,2025-10-17,C2288,Rohan Singh,Bengaluru,Books,Python Handbook,3,714.63,0.0,UPI,Delivered,False,False,2143.89,True
ORD202475,2025-10-17,C1369,Riya Gupta,Mumbai,Electronics,Smartwatch,1,5820.61,0.0,Credit Card,Delivered,False,False,5820.61,True
ORD203250,2025-10-17,C2194,Isha Iyer,Delhi,Home & Kitchen,Cookware Set,1,2784.12,0.0,COD,Cancelled,False,False,2784.12,False
ORD203239,2025-10-17,C1389,Isha Iyer,Delhi,Books,Novel,3,365.39,0.0,Debit Card,Delivered,False,False,1096.17,True
ORD204035,2025-10-17,C1943,Priya Verma,Mumbai,Beauty,Perfume,3,1596.26,20.0,UPI,Delivered,False,False,3831.02,True
ORD203488,2025-10-17,C1554,Rohan Das,Chennai,Clothing,Cap,1,356.98,15.0,Debit Card,Delivered,False,False,303.43,True
ORD200702,2025-10-17,C1580,Arjun Singh,Bengaluru,Electronics,USB-C Cable,2,410.42,0.0,Debit Card,Delivered,False,False,820.84,True
ORD200249,2025-10-17,C1281,Rohan Nair,Ahmedabad,Electronics,Bluetooth Speaker,1,1968.09,20.0,UPI,Cancelled,False,False,1574.47,False
ORD202759,2025-10-17,C1213,Priya Singh,Chennai,Clothing,Cotton T-Shirt,1,645.58,5.0,Credit Card,Delivered,False,False,613.3,True
ORD204356,2025-10-17,C1544,Neha Verma,Pune,Electronics,USB-C Cable,1,420.77,0.0,UPI,Cancelled,False,False,420.77,False
ORD200048,2025-10-17,C1347,Riya Singh,Mumbai,Beauty,Moisturiser,4,452.22,5.0,UPI,Returned,False,False,1718.44,False
ORD200035,2025-10-17,C1151,Manish Kulkarni,Delhi,Home & Kitchen,Cookware Set,4,2927.58,15.0,UPI,Cancelled,False,False,9953.77,False
ORD200007,2025-10-17,C1134,Diya Sharma,Mumbai,Home & Kitchen,Cookware Set,3,2885.8,0.0,COD,Returned,False,False,8657.4,False
ORD200068,2025-10-17,C2074,Vikram Mehta,Bengaluru,Home & Kitchen,Air Fryer,4,5129.08,20.0,Net Banking,Delivered,False,False,16413.06,True
ORD201250,2025-10-17,C2004,Vivaan Iyer,Delhi,Electronics,USB-C Cable,1,397.8,0.0,Debit Card,Cancelled,False,False,397.8,False
ORD203873,2025-10-17,C1891,Vivaan Singh,Ahmedabad,Electronics,USB-C Cable,3,407.85,0.0,Credit Card,Delivered,False,False,1223.55,True
ORD203779,2025-10-17,C1993,Diya Patel,Delhi,Books,Novel,1,368.02,0.0,UPI,Delivered,False,False,368.02,True
ORD201628,2025-10-17,C2221,Pooja Mehta,Pune,Clothing,Cotton T-Shirt,4,575.34,0.0,Credit Card,Delivered,False,False,2301.36,True
ORD201396,2025-10-17,C1140,Aditya Singh,Pune,Electronics,Wireless Earbuds,3,2698.09,0.0,Credit Card,Delivered,False,False,8094.27,True
ORD202710,2025-10-17,C1572,Arjun Sharma,Hyderabad,Beauty,Perfume,4,1594.75,0.0,UPI,Delivered,False,False,6379.0,True
ORD201417,2025-10-18,C1490,Karan Nair,Mumbai,Clothing,Hoodie,3,1526.505,0.0,Credit Card,Delivered,True,False,4579.52,True
ORD200145,2025-10-18,C1486,Vikram Iyer,Bengaluru,Home & Kitchen,Cookware Set,1,2893.88,0.0,Net Banking,Returned,False,False,2893.88,False
ORD202036,2025-10-18,C1624,Arjun Sharma,Ahmedabad,Home & Kitchen,Water Bottle,1,449.21,5.0,COD,Cancelled,False,False,426.75,False
ORD200272,2025-10-18,C1632,Aditya Nair,Pune,Clothing,Cap,1,362.47,5.0,UPI,Cancelled,False,False,344.35,False
ORD202846,2025-10-18,C1701,Riya Das,Delhi,Beauty,Moisturiser,2,466.61,5.0,UPI,Delivered,False,False,886.56,True
ORD203533,2025-10-18,C1878,Isha Reddy,Chennai,Books,Novel,1,363.26,15.0,UPI,Delivered,False,False,308.77,True
ORD201001,2025-10-18,C1622,Meera Gupta,Mumbai,Electronics,Bluetooth Speaker,1,1939.87,0.0,COD,Delivered,False,False,1939.87,True
ORD202372,2025-10-18,C1322,Rahul Joshi,Hyderabad,Home & Kitchen,Air Fryer,2,4881.37,10.0,Credit Card,Returned,False,False,8786.47,False
ORD201500,2025-10-18,C1016,Ananya Patel,Chennai,Home & Kitchen,Mixer Grinder,1,3545.41,15.0,UPI,Cancelled,False,False,3013.6,False
ORD204074,2025-10-18,C2030,Meera Mehta,Chennai,Home & Kitchen,Air Fryer,3,5213.59,0.0,Net Banking,Cancelled,False,False,15640.77,False
ORD202427,2025-10-18,C2185,Aditya Mehta,Bengaluru,Clothing,Hoodie,2,1597.76,15.0,UPI,Delivered,False,False,2716.19,True
ORD204847,2025-10-18,C2279,Aarav Das,Delhi,Electronics,Power Bank,2,1348.71,5.0,Credit Card,Delivered,False,False,2562.55,True
ORD202336,2025-10-18,C2132,Meera Verma,Bengaluru,Electronics,Bluetooth Speaker,1,1907.92,0.0,UPI,Delivered,False,False,1907.92,True
ORD202484,2025-10-18,C2115,Priya Mehta,Bengaluru,Home & Kitchen,Mixer Grinder,1,3254.01,15.0,COD,Returned,False,False,2765.91,False
ORD203687,2025-10-18,C1690,Kavya Singh,Delhi,Home & Kitchen,Mixer Grinder,3,3551.62,5.0,UPI,Cancelled,False,False,10122.12,False
ORD202039,2025-10-18,C2217,Priya Joshi,Kolkata,Clothing,Running Shoes,2,3063.93,0.0,COD,Cancelled,False,False,6127.86,False
ORD201689,2025-10-18,C2003,Riya Mehta,Hyderabad,Books,Exam Guide,2,490.37,10.0,UPI,Returned,False,False,882.67,False
ORD203477,2025-10-18,C1243,Diya Singh,Pune,Home & Kitchen,Cookware Set,1,2732.09,0.0,UPI,Delivered,False,True,2732.09,True
ORD204045,2025-10-18,C2251,Neha Iyer,Delhi,Home & Kitchen,Bedsheet Set,1,1287.97,20.0,COD,Delivered,False,False,1030.38,True
ORD204891,2025-10-18,C2065,Arjun Kulkarni,Hyderabad,Electronics,Power Bank,2,1356.62,15.0,Debit Card,Delivered,False,False,2306.25,True
ORD200418,2025-10-19,C1231,Sanjay Iyer,Mumbai,Electronics,Bluetooth Speaker,2,2056.86,10.0,UPI,Returned,False,False,3702.35,False
ORD200519,2025-10-19,C2152,Ananya Patel,Bengaluru,Books,Novel,3,341.91,0.0,UPI,Returned,False,False,1025.73,False
ORD201281,2025-10-19,C1293,Manish Reddy,Pune,Beauty,Perfume,1,1571.73,20.0,Debit Card,Cancelled,False,False,1257.38,False
ORD200375,2025-10-19,C1134,Diya Sharma,Mumbai,Books,Exam Guide,1,502.13,0.0,Credit Card,Delivered,False,False,502.13,True
ORD201962,2025-10-19,C1426,Sanjay Verma,Delhi,Electronics,Bluetooth Speaker,4,1929.14,10.0,Credit Card,Cancelled,False,False,6944.9,False
ORD203476,2025-10-19,C1043,Neha Das,Bengaluru,Beauty,Moisturiser,1,472.05,20.0,Credit Card,Cancelled,False,False,377.64,False
ORD203137,2025-10-19,C1832,Sneha Gupta,Kolkata,Electronics,Power Bank,1,1279.03,20.0,Debit Card,Delivered,False,False,1023.22,True
ORD204582,2025-10-19,C1658,Priya Joshi,Pune,Electronics,Smartwatch,2,5753.45,0.0,UPI,Cancelled,False,False,11506.9,False
ORD202972,2025-10-19,C1800,Kavya Iyer,Mumbai,Electronics,Power Bank,2,1335.64,0.0,Credit Card,Delivered,False,False,2671.28,True
ORD204734,2025-10-19,C1719,Diya Gupta,Ahmedabad,Electronics,Power Bank,1,1373.68,0.0,UPI,Returned,False,False,1373.68,False
ORD200126,2025-10-19,C1845,Diya Reddy,Pune,Clothing,Running Shoes,2,3172.38,20.0,UPI,Returned,False,False,5075.81,False
ORD204818,2025-10-19,C1727,Aarav Gupta,Mumbai,Beauty,Face Wash,2,267.98,0.0,UPI,Delivered,False,False,535.96,True
ORD202612,2025-10-19,C1859,Pooja Das,Chennai,Home & Kitchen,Cookware Set,4,2996.15,0.0,UPI,Delivered,False,False,11984.6,True
ORD201955,2025-10-19,C1772,Vivaan Kulkarni,Kolkata,Beauty,Perfume,1,1711.91,10.0,UPI,Cancelled,False,False,1540.72,False
ORD200169,2025-10-19,C1022,Priya Patel,Mumbai,Beauty,Face Wash,1,268.26,20.0,UPI,Cancelled,False,False,214.61,False
ORD200474,2025-10-19,C1984,Ananya Iyer,Kolkata,Electronics,Bluetooth Speaker,2,1912.57,5.0,Credit Card,Returned,False,False,3633.88,False
ORD201758,2025-10-19,C2353,Sanjay Iyer,Kolkata,Electronics,Smartwatch,1,6253.66,5.0,UPI,Cancelled,False,False,5940.98,False
ORD204878,2025-10-19,C1988,Karan Das,Bengaluru,Beauty,Face Wash,1,245.25,0.0,Net Banking,Cancelled,False,False,245.25,False
ORD200525,2025-10-19,C1385,Priya Reddy,Delhi,Clothing,Cap,2,337.62,10.0,Credit Card,Delivered,False,False,607.72,True
ORD204237,2025-10-19,C1974,Manish Gupta,Chennai,Clothing,Cotton T-Shirt,2,636.42,0.0,UPI,Returned,False,False,1272.84,False
ORD204619,2025-10-20,C1582,Neha Das,Hyderabad,Home & Kitchen,Air Fryer,3,5121.26,0.0,COD,Cancelled,False,False,15363.78,False
ORD204892,2025-10-20,C1153,Aditya Patel,Hyderabad,Electronics,USB-C Cable,3,388.62,10.0,UPI,Delivered,False,False,1049.27,True
ORD204354,2025-10-20,C1630,Meera Mehta,Hyderabad,Books,Exam Guide,3,487.9,10.0,UPI,Delivered,False,False,1317.33,True
ORD204574,2025-10-20,C1678,Vikram Patel,Mumbai,Books,Python Handbook,2,737.13,10.0,Debit Card,Cancelled,False,False,1326.83,False
ORD202040,2025-10-20,C2159,Riya Reddy,Mumbai,Electronics,Wireless Earbuds,4,2507.71,0.0,UPI,Delivered,False,False,10030.84,True
ORD200895,2025-10-20,C1982,Rahul Verma,Delhi,Home & Kitchen,Bedsheet Set,1,1297.72,0.0,Debit Card,Delivered,False,False,1297.72,True
ORD200640,2025-10-20,C1860,Neha Gupta,Chennai,Clothing,Running Shoes,2,2971.73,0.0,Credit Card,Delivered,False,False,5943.46,True
ORD202823,2025-10-20,C1447,Sanjay Kulkarni,Mumbai,Beauty,Face Wash,1,251.49,15.0,Debit Card,Delivered,False,False,213.77,True
ORD201109,2025-10-20,C1274,Manish Kulkarni,Hyderabad,Electronics,Bluetooth Speaker,2,1903.79,10.0,COD,Delivered,False,False,3426.82,True
ORD204709,2025-10-20,C1154,Diya Joshi,Hyderabad,Books,Comics Set,4,792.19,10.0,Debit Card,Delivered,False,False,2851.88,True
ORD203447,2025-10-20,C2087,Sanjay Joshi,Pune,Beauty,Lipstick,1,388.83,5.0,Credit Card,Delivered,False,False,369.39,True
ORD202890,2025-10-20,C1105,Priya Reddy,Mumbai,Clothing,Denim Jeans,1,1924.85,0.0,Credit Card,Delivered,False,False,1924.85,True
ORD204873,2025-10-20,C2334,Riya Singh,Kolkata,Clothing,Denim Jeans,4,1739.76,0.0,Credit Card,Delivered,False,False,6959.04,True
ORD203583,2025-10-20,C2059,Sneha Kulkarni,Mumbai,Books,Python Handbook,3,689.3,0.0,Net Banking,Cancelled,False,False,2067.9,False
ORD201746,2025-10-21,C1875,Diya Verma,Delhi,Home & Kitchen,Air Fryer,1,5015.75,0.0,Debit Card,Delivered,False,False,5015.75,True
ORD202467,2025-10-21,C1641,Sneha Verma,Mumbai,Home & Kitchen,Mixer Grinder,1,3274.12,20.0,COD,Delivered,False,False,2619.3,True
ORD201970,2025-10-21,C2398,Sneha Verma,Kolkata,Home & Kitchen,Mixer Grinder,1,3187.52,10.0,COD,Delivered,False,False,2868.77,True
ORD201816,2025-10-21,C2095,Priya Gupta,Ahmedabad,Books,Python Handbook,2,706.76,20.0,Credit Card,Delivered,False,False,1130.82,True
ORD202395,2025-10-21,C1631,Riya Gupta,Kolkata,Beauty,Face Wash,2,264.76,0.0,Net Banking,Delivered,False,False,529.52,True
ORD203979,2025-10-21,C1727,Aarav Gupta,Mumbai,Books,Python Handbook,1,714.7,0.0,UPI,Delivered,False,False,714.7,True
ORD203091,2025-10-21,C1754,Vivaan Das,Chennai,Clothing,Denim Jeans,2,1848.76,0.0,Credit Card,Returned,False,False,3697.52,False
ORD201627,2025-10-21,C1878,Isha Reddy,Chennai,Electronics,Bluetooth Speaker,1,1920.41,15.0,Net Banking,Returned,False,False,1632.35,False
ORD203188,2025-10-21,C2169,Aditya Verma,Delhi,Clothing,Cap,2,374.36,10.0,UPI,Returned,False,False,673.85,False
ORD203737,2025-10-21,C2268,Kavya Joshi,Delhi,Home & Kitchen,Water Bottle,2,442.28,0.0,UPI,Delivered,False,False,884.56,True
ORD203490,2025-10-21,C2146,Pooja Das,Pune,Clothing,Cap,2,355.28999999999996,20.0,Credit Card,Delivered,True,False,568.46,True
ORD201121,2025-10-21,C1749,Aditya Verma,Pune,Home & Kitchen,Mixer Grinder,3,3328.24,10.0,UPI,Delivered,False,False,8986.25,True
ORD200208,2025-10-21,C1976,Riya Singh,Bengaluru,Clothing,Hoodie,1,1547.48,0.0,Credit Card,Delivered,False,False,1547.48,True
ORD200252,2025-10-21,C1208,Riya Iyer,Pune,Home & Kitchen,Bedsheet Set,3,1376.07,15.0,Debit Card,Delivered,False,False,3508.98,True
ORD202843,2025-10-21,C2330,Pooja Mehta,Mumbai,Electronics,Bluetooth Speaker,1,1993.66,0.0,COD,Delivered,False,False,1993.66,True
ORD204881,2025-10-21,C1011,Meera Joshi,Delhi,Books,Exam Guide,3,509.01,10.0,UPI,Delivered,True,False,1374.33,True
ORD202167,2025-10-21,C1271,Manish Patel,Delhi,Books,Python Handbook,2,753.99,5.0,UPI,Returned,False,False,1432.58,False
ORD200336,2025-10-21,C1816,Pooja Nair,Bengaluru,Books,Exam Guide,4,475.78,0.0,Credit Card,Cancelled,False,False,1903.12,False
ORD200066,2025-10-21,C1555,Sneha Kulkarni,Mumbai,Clothing,Cotton T-Shirt,2,595.15,5.0,UPI,Delivered,False,False,1130.78,True
ORD201394,2025-10-22,C1929,Vivaan Das,Bengaluru,Home & Kitchen,Air Fryer,1,4781.56,10.0,UPI,Delivered,False,False,4303.4,True
ORD201992,2025-10-22,C1823,Isha Iyer,Kolkata,Electronics,USB-C Cable,1,390.01,0.0,COD,Delivered,False,False,390.01,True
ORD203547,2025-10-22,C1320,Ananya Nair,Bengaluru,Electronics,USB-C Cable,4,414.15,0.0,UPI,Delivered,False,False,1656.6,True
ORD201615,2025-10-22,C1333,Ananya Verma,Pune,Home & Kitchen,Bedsheet Set,1,1306.99,0.0,COD,Cancelled,False,False,1306.99,False
ORD203238,2025-10-22,C1064,Rahul Nair,Bengaluru,Home & Kitchen,Water Bottle,1,430.53,0.0,UPI,Delivered,False,False,430.53,True
ORD200709,2025-10-22,C1238,Ananya Sharma,Pune,Home & Kitchen,Mixer Grinder,2,3138.6,0.0,UPI,Delivered,False,False,6277.2,True
ORD202194,2025-10-22,C1238,Ananya Sharma,Pune,Beauty,Hair Dryer,4,1532.01,0.0,COD,Returned,False,False,6128.04,False
ORD200212,2025-10-22,C1617,Aarav Verma,Delhi,Clothing,Hoodie,1,1526.505,0.0,Credit Card,Delivered,True,False,1526.5,True
ORD204979,2025-10-22,C1977,Karan Sharma,Mumbai,Home & Kitchen,Water Bottle,3,448.52,20.0,UPI,Delivered,False,False,1076.45,True
ORD203747,2025-10-22,C1810,Kavya Nair,Hyderabad,Books,Comics Set,2,799.95,15.0,UPI,Cancelled,False,False,1359.92,False
ORD201449,2025-10-22,C2144,Diya Nair,Kolkata,Home & Kitchen,Bedsheet Set,2,1245.56,0.0,UPI,Delivered,False,False,2491.12,True
ORD201937,2025-10-22,C1667,Neha Reddy,Chennai,Home & Kitchen,Mixer Grinder,2,3362.97,10.0,Credit Card,Delivered,False,False,6053.35,True
ORD200653,2025-10-22,C2322,Aditya Nair,Bengaluru,Clothing,Hoodie,3,1495.27,5.0,COD,Delivered,False,False,4261.52,True
ORD203676,2025-10-22,C1622,Meera Gupta,Mumbai,Electronics,Power Bank,1,1307.12,20.0,Credit Card,Delivered,False,False,1045.7,True
ORD202282,2025-10-22,C2200,Pooja Verma,Bengaluru,Electronics,Power Bank,2,1262.19,20.0,Debit Card,Returned,False,False,2019.5,False
ORD202073,2025-10-23,C1450,Vivaan Sharma,Delhi,Beauty,Perfume,1,1656.13,0.0,UPI,Delivered,False,False,1656.13,True
ORD203536,2025-10-23,C1113,Arjun Kulkarni,Ahmedabad,Beauty,Lipstick,3,410.53,10.0,Credit Card,Returned,False,False,1108.43,False
ORD204007,2025-10-23,C2185,Aditya Mehta,Bengaluru,Clothing,Cotton T-Shirt,1,600.8,0.0,Credit Card,Delivered,False,False,600.8,True
ORD203433,2025-10-23,C2364,Karan Kulkarni,Hyderabad,Beauty,Perfume,3,1626.26,0.0,COD,Delivered,True,False,4878.78,True
ORD202223,2025-10-23,C1824,Manish Mehta,Delhi,Home & Kitchen,Bedsheet Set,1,1375.23,15.0,Net Banking,Delivered,False,False,1168.95,True
ORD203119,2025-10-23,C1270,Priya Singh,Kolkata,Books,Exam Guide,3,502.69,0.0,UPI,Delivered,False,False,1508.07,True
ORD202099,2025-10-23,C2113,Isha Joshi,Kolkata,Electronics,Smartwatch,2,6119.445,0.0,Debit Card,Delivered,True,False,12238.89,True
ORD201536,2025-10-23,C1936,Vivaan Iyer,Bengaluru,Books,Novel,1,339.99,0.0,UPI,Delivered,False,False,339.99,True
ORD203308,2025-10-23,C1708,Isha Mehta,Bengaluru,Electronics,Power Bank,1,1352.89,20.0,Credit Card,Returned,False,False,1082.31,False
ORD201515,2025-10-23,C2167,Isha Singh,Mumbai,Beauty,Moisturiser,2,445.4,10.0,UPI,Returned,False,False,801.72,False
ORD200073,2025-10-23,C1795,Riya Iyer,Delhi,Home & Kitchen,Mixer Grinder,3,3243.69,10.0,COD,Cancelled,False,False,8757.96,False
ORD204408,2025-10-23,C2203,Vivaan Verma,Kolkata,Beauty,Hair Dryer,2,1443.31,10.0,UPI,Delivered,False,False,2597.96,True
ORD201664,2025-10-23,C1508,Manish Sharma,Hyderabad,Home & Kitchen,Cookware Set,1,2734.5,5.0,Credit Card,Delivered,False,False,2597.78,True
ORD204242,2025-10-23,C1252,Arjun Sharma,Kolkata,Electronics,Wireless Earbuds,1,2425.16,20.0,Credit Card,Delivered,False,False,1940.13,True
ORD200921,2025-10-23,C1156,Ananya Mehta,Mumbai,Home & Kitchen,Mixer Grinder,1,3330.97,0.0,Credit Card,Delivered,False,False,3330.97,True
ORD201242,2025-10-23,C1262,Aditya Reddy,Delhi,Beauty,Perfume,3,1586.2,5.0,UPI,Delivered,False,False,4520.67,True
ORD202758,2025-10-23,C1697,Manish Gupta,Chennai,Electronics,Power Bank,1,1277.68,10.0,UPI,Returned,False,False,1149.91,False
ORD203946,2025-10-23,C1188,Manish Nair,Ahmedabad,Clothing,Denim Jeans,2,1827.68,0.0,UPI,Delivered,False,False,3655.36,True
ORD204561,2025-10-23,C1626,Rahul Mehta,Delhi,Home & Kitchen,Water Bottle,2,474.02,10.0,UPI,Delivered,False,False,853.24,True
ORD204886,2025-10-23,C1831,Diya Iyer,Hyderabad,Electronics,Smartwatch,1,6264.88,0.0,UPI,Delivered,False,False,6264.88,True
ORD204135,2025-10-24,C1894,Sneha Mehta,Delhi,Clothing,Cotton T-Shirt,1,602.78,15.0,UPI,Cancelled,False,False,512.36,False
ORD203040,2025-10-24,C2111,Manish Singh,Chennai,Clothing,Hoodie,2,1608.29,0.0,Credit Card,Delivered,False,False,3216.58,True
ORD204082,2025-10-24,C1662,Rohan Nair,Mumbai,Beauty,Hair Dryer,3,1609.49,0.0,Credit Card,Delivered,False,False,4828.47,True
ORD201377,2025-10-24,C1902,Isha Joshi,Pune,Beauty,Hair Dryer,2,1504.97,20.0,UPI,Delivered,False,False,2407.95,True
ORD201637,2025-10-24,C2114,Aditya Joshi,Pune,Beauty,Lipstick,3,383.85,5.0,UPI,Delivered,False,False,1093.97,True
ORD201260,2025-10-24,C2260,Aarav Gupta,Pune,Home & Kitchen,Cookware Set,2,2923.39,5.0,UPI,Delivered,False,False,5554.44,True
ORD201005,2025-10-24,C1763,Karan Gupta,Bengaluru,Clothing,Cap,2,372.54,15.0,Net Banking,Delivered,False,False,633.32,True
ORD201625,2025-10-24,C1670,Karan Singh,Delhi,Electronics,Smartwatch,1,5885.25,15.0,UPI,Delivered,False,False,5002.46,True
ORD204261,2025-10-24,C1817,Priya Patel,Chennai,Clothing,Denim Jeans,4,1828.14,0.0,UPI,Returned,False,False,7312.56,False
ORD201143,2025-10-24,C1384,Meera Patel,Ahmedabad,Electronics,Smartwatch,4,6456.61,5.0,COD,Cancelled,False,False,24535.12,False
ORD202101,2025-10-24,C1568,Rahul Iyer,Ahmedabad,Electronics,Bluetooth Speaker,4,2099.16,0.0,UPI,Cancelled,False,False,8396.64,False
ORD202280,2025-10-24,C1348,Diya Nair,Delhi,Electronics,USB-C Cable,1,398.45,5.0,COD,Delivered,False,False,378.53,True
ORD202896,2025-10-24,C1148,Riya Joshi,Mumbai,Clothing,Cap,3,345.99,5.0,UPI,Delivered,False,False,986.07,True
ORD204900,2025-10-24,C1026,Vikram Singh,Mumbai,Beauty,Face Wash,2,264.31,0.0,Debit Card,Delivered,False,False,528.62,True
ORD203945,2025-10-24,C1623,Neha Gupta,Delhi,Electronics,Smartwatch,1,6146.83,5.0,COD,Delivered,False,False,5839.49,True
ORD201428,2025-10-24,C2335,Isha Singh,Hyderabad,Electronics,Smartwatch,1,5998.29,20.0,COD,Delivered,False,False,4798.63,True
ORD201570,2025-10-24,C2153,Vikram Das,Mumbai,Electronics,Smartwatch,1,5735.75,20.0,Debit Card,Delivered,False,False,4588.6,True
ORD202576,2025-10-24,C2248,Isha Mehta,Mumbai,Electronics,Smartwatch,4,5832.68,10.0,UPI,Returned,False,False,20997.65,False
ORD204034,2025-10-24,C1397,Sneha Iyer,Delhi,Clothing,Cotton T-Shirt,2,622.46,0.0,Credit Card,Cancelled,False,False,1244.92,False
ORD201684,2025-10-24,C1280,Priya Joshi,Chennai,Home & Kitchen,Water Bottle,3,475.44,20.0,UPI,Delivered,False,False,1141.06,True
ORD200230,2025-10-24,C1329,Sneha Das,Pune,Clothing,Cotton T-Shirt,2,599.24,5.0,UPI,Returned,False,False,1138.56,False
ORD201485,2025-10-24,C2218,Pooja Patel,Hyderabad,Clothing,Denim Jeans,4,1785.73,10.0,Net Banking,Delivered,False,False,6428.63,True
ORD202104,2025-10-24,C1810,Kavya Nair,Hyderabad,Electronics,Wireless Earbuds,2,2562.01,0.0,UPI,Delivered,False,False,5124.02,True
ORD200657,2025-10-24,C1380,Rohan Mehta,Bengaluru,Electronics,Power Bank,3,1262.54,0.0,UPI,Delivered,False,False,3787.62,True
ORD204435,2025-10-25,C1441,Vikram Gupta,Bengaluru,Clothing,Cotton T-Shirt,3,598.33,20.0,Net Banking,Returned,False,False,1435.99,False
ORD201912,2025-10-25,C1260,Vivaan Nair,Chennai,Home & Kitchen,Air Fryer,1,4769.24,0.0,UPI,Delivered,False,False,4769.24,True
ORD201196,2025-10-25,C2374,Kavya Patel,Mumbai,Electronics,Wireless Earbuds,1,2671.32,10.0,Credit Card,Cancelled,False,False,2404.19,False
ORD203599,2025-10-25,C1802,Rahul Gupta,Chennai,Electronics,Smartwatch,4,6187.75,15.0,Credit Card,Cancelled,False,False,21038.35,False
ORD201292,2025-10-25,C1864,Vivaan Das,Kolkata,Electronics,Bluetooth Speaker,1,1899.6,15.0,Debit Card,Delivered,False,False,1614.66,True
ORD201740,2025-10-25,C1156,Ananya Mehta,Mumbai,Clothing,Hoodie,2,1503.52,0.0,Credit Card,Delivered,False,False,3007.04,True
ORD200019,2025-10-25,C2160,Riya Gupta,Bengaluru,Electronics,Smartwatch,4,5828.09,15.0,UPI,Delivered,False,False,19815.51,True
ORD201773,2025-10-25,C1788,Kavya Nair,Delhi,Clothing,Hoodie,4,1450.8,0.0,Credit Card,Cancelled,False,False,5803.2,False
ORD204328,2025-10-25,C1321,Pooja Reddy,Ahmedabad,Electronics,Power Bank,1,1307.35,0.0,UPI,Delivered,False,False,1307.35,True
ORD201053,2025-10-25,C2074,Vikram Mehta,Bengaluru,Beauty,Moisturiser,1,453.33,0.0,Credit Card,Delivered,False,False,453.33,True
ORD200148,2025-10-25,C1789,Aarav Patel,Bengaluru,Home & Kitchen,Mixer Grinder,4,3326.64,20.0,Credit Card,Returned,False,False,10645.25,False
ORD201130,2025-10-25,C1892,Diya Singh,Mumbai,Books,Python Handbook,4,686.27,0.0,Credit Card,Delivered,False,False,2745.08,True
ORD204681,2025-10-25,C2072,Vivaan Nair,Delhi,Books,Novel,2,337.74,0.0,Credit Card,Delivered,False,False,675.48,True
ORD202934,2025-10-25,C1928,Aditya Gupta,Ahmedabad,Clothing,Hoodie,2,1510.81,5.0,Net Banking,Cancelled,False,False,2870.54,False
ORD204792,2025-10-25,C1155,Kavya Singh,Ahmedabad,Beauty,Face Wash,4,248.4,0.0,Credit Card,Delivered,False,False,993.6,True
ORD201337,2025-10-25,C1546,Pooja Verma,Hyderabad,Electronics,USB-C Cable,3,405.64,10.0,Net Banking,Returned,True,False,1095.23,False
ORD203788,2025-10-25,C1745,Ananya Nair,Pune,Electronics,Power Bank,2,1314.15,0.0,Credit Card,Delivered,False,False,2628.3,True
ORD201802,2025-10-25,C1046,Riya Iyer,Delhi,Electronics,Smartwatch,4,6331.03,10.0,UPI,Delivered,False,False,22791.71,True
ORD200046,2025-10-25,C1863,Vikram Iyer,Bengaluru,Home & Kitchen,Air Fryer,2,4786.21,0.0,UPI,Cancelled,False,False,9572.42,False
ORD204302,2025-10-25,C2026,Manish Nair,Hyderabad,Electronics,Bluetooth Speaker,1,1953.17,0.0,UPI,Cancelled,False,False,1953.17,False
ORD200791,2025-10-25,C2012,Arjun Reddy,Ahmedabad,Home & Kitchen,Water Bottle,1,457.29,0.0,Credit Card,Delivered,False,False,457.29,True
ORD200913,2025-10-25,C1545,Diya Patel,Chennai,Home & Kitchen,Mixer Grinder,2,3515.86,5.0,Credit Card,Delivered,False,False,6680.13,True
ORD204820,2025-10-25,C1053,Karan Patel,Chennai,Beauty,Lipstick,1,430.81,15.0,UPI,Delivered,False,False,366.19,True
ORD204743,2025-10-25,C2167,Isha Singh,Mumbai,Clothing,Hoodie,1,1533.52,5.0,Debit Card,Delivered,False,False,1456.84,True
ORD201815,2025-10-25,C2253,Isha Das,Delhi,Beauty,Moisturiser,3,479.1,10.0,Net Banking,Delivered,False,False,1293.57,True
ORD202231,2025-10-25,C1201,Meera Verma,Mumbai,Electronics,Bluetooth Speaker,4,1939.56,0.0,Net Banking,Cancelled,False,False,7758.24,False
ORD200834,2025-10-25,C2316,Manish Mehta,Mumbai,Beauty,Face Wash,1,257.2,5.0,UPI,Delivered,False,False,244.34,True
ORD201498,2025-10-25,C1170,Aarav Sharma,Bengaluru,Electronics,Power Bank,1,1240.61,10.0,Credit Card,Delivered,False,False,1116.55,True
ORD201920,2025-10-26,C1667,Neha Reddy,Chennai,Home & Kitchen,Bedsheet Set,2,1334.1,20.0,COD,Delivered,False,False,2134.56,True
ORD204677,2025-10-26,C1015,Aarav Kulkarni,Hyderabad,Home & Kitchen,Cookware Set,3,2748.11,0.0,Debit Card,Delivered,False,False,8244.33,True
ORD204366,2025-10-26,C1289,Vikram Singh,Mumbai,Beauty,Face Wash,1,245.07,15.0,UPI,Delivered,False,False,208.31,True
ORD201070,2025-10-26,C2317,Riya Gupta,Delhi,Home & Kitchen,Cookware Set,1,3016.94,0.0,UPI,Delivered,False,False,3016.94,True
ORD200134,2025-10-26,C1895,Aditya Iyer,Hyderabad,Electronics,Wireless Earbuds,1,2527.73,15.0,Debit Card,Delivered,False,False,2148.57,True
ORD204991,2025-10-26,C1808,Pooja Gupta,Mumbai,Beauty,Face Wash,3,243.47,10.0,COD,Delivered,False,False,657.37,True
ORD202665,2025-10-26,C1402,Priya Nair,Kolkata,Home & Kitchen,Bedsheet Set,4,1321.55,10.0,COD,Delivered,False,False,4757.58,True
ORD204800,2025-10-26,C2158,Sneha Gupta,Bengaluru,Clothing,Cotton T-Shirt,4,580.7,15.0,Net Banking,Cancelled,False,False,1974.38,False
ORD200058,2025-10-26,C2351,Meera Das,Delhi,Books,Exam Guide,4,489.94,5.0,Net Banking,Delivered,False,False,1861.77,True
ORD201511,2025-10-26,C1279,Karan Patel,Kolkata,Electronics,Bluetooth Speaker,1,1900.31,0.0,UPI,Delivered,False,False,1900.31,True
ORD202078,2025-10-26,C2197,Sanjay Das,Bengaluru,Electronics,Wireless Earbuds,3,2439.48,0.0,UPI,Delivered,False,False,7318.44,True
ORD204513,2025-10-26,C1809,Priya Kulkarni,Mumbai,Clothing,Denim Jeans,1,1821.74,10.0,Credit Card,Delivered,False,False,1639.57,True
ORD202555,2025-10-26,C1762,Rohan Joshi,Mumbai,Electronics,Smartwatch,1,6146.0,0.0,Credit Card,Delivered,False,False,6146.0,True
ORD203719,2025-10-26,C1983,Isha Iyer,Bengaluru,Electronics,Bluetooth Speaker,3,2146.68,20.0,UPI,Delivered,False,False,5152.03,True
ORD204511,2025-10-26,C2391,Ananya Verma,Mumbai,Clothing,Running Shoes,4,3229.9,20.0,UPI,Cancelled,False,False,10335.68,False
ORD200396,2025-10-26,C2186,Vivaan Nair,Delhi,Electronics,Bluetooth Speaker,4,1964.84,0.0,Net Banking,Delivered,False,False,7859.36,True
ORD201855,2025-10-26,C1093,Rohan Nair,Ahmedabad,Books,Comics Set,4,759.67,5.0,Debit Card,Cancelled,False,False,2886.75,False
ORD202353,2025-10-26,C1549,Ananya Singh,Bengaluru,Electronics,Wireless Earbuds,2,2490.21,10.0,COD,Delivered,False,False,4482.38,True
ORD202124,2025-10-26,C2042,Vikram Sharma,Bengaluru,Beauty,Hair Dryer,4,1442.31,5.0,UPI,Delivered,False,False,5480.78,True
ORD204728,2025-10-27,C1549,Ananya Singh,Bengaluru,Clothing,Denim Jeans,1,1888.82,5.0,Credit Card,Cancelled,False,False,1794.38,False
ORD200321,2025-10-27,C1310,Isha Singh,Mumbai,Home & Kitchen,Air Fryer,2,5343.65,0.0,UPI,Delivered,False,False,10687.3,True
ORD200990,2025-10-27,C1293,Manish Reddy,Pune,Clothing,Running Shoes,3,2940.46,0.0,UPI,Delivered,False,False,8821.38,True
ORD200005,2025-10-27,C2199,Priya Nair,Mumbai,Clothing,Cotton T-Shirt,1,642.95,20.0,UPI,Delivered,False,False,514.36,True
ORD203268,2025-10-27,C1715,Manish Gupta,Mumbai,Beauty,Hair Dryer,1,1572.75,0.0,Credit Card,Delivered,False,False,1572.75,True
ORD201181,2025-10-27,C1830,Meera Verma,Kolkata,Books,Data Science Primer,1,905.68,5.0,UPI,Delivered,True,False,860.4,True
ORD202716,2025-10-27,C2051,Aarav Nair,Pune,Electronics,Power Bank,4,1307.39,20.0,Debit Card,Delivered,False,False,4183.65,True
ORD204278,2025-10-27,C1741,Rohan Joshi,Delhi,Clothing,Cap,1,352.64,15.0,UPI,Delivered,False,False,299.74,True
ORD204090,2025-10-27,C1709,Neha Gupta,Hyderabad,Clothing,Hoodie,4,1615.41,10.0,COD,Delivered,False,False,5815.48,True
ORD202662,2025-10-27,C1315,Priya Mehta,Chennai,Home & Kitchen,Mixer Grinder,2,3347.39,10.0,UPI,Delivered,False,False,6025.3,True
ORD200674,2025-10-27,C1491,Pooja Mehta,Delhi,Books,Comics Set,1,797.79,15.0,Credit Card,Delivered,False,False,678.12,True
ORD200918,2025-10-27,C2270,Vivaan Verma,Chennai,Clothing,Running Shoes,1,2913.99,15.0,UPI,Delivered,False,False,2476.89,True
ORD201596,2025-10-27,C1042,Rohan Kulkarni,Bengaluru,Electronics,Bluetooth Speaker,1,1958.63,5.0,Credit Card,Cancelled,False,False,1860.7,False
ORD202148,2025-10-27,C1135,Karan Reddy,Kolkata,Home & Kitchen,Water Bottle,1,455.78,10.0,UPI,Returned,False,False,410.2,False
ORD201744,2025-10-27,C1813,Rahul Singh,Bengaluru,Beauty,Perfume,1,1563.51,0.0,Net Banking,Delivered,False,False,1563.51,True
ORD200934,2025-10-28,C1040,Aditya Singh,Delhi,Home & Kitchen,Mixer Grinder,4,3344.54,0.0,UPI,Delivered,False,False,13378.16,True
ORD200660,2025-10-28,C1181,Vivaan Sharma,Hyderabad,Home & Kitchen,Mixer Grinder,2,3328.42,0.0,UPI,Delivered,False,False,6656.84,True
ORD202541,2025-10-28,C1512,Ananya Joshi,Pune,Clothing,Cotton T-Shirt,2,580.63,0.0,UPI,Cancelled,False,False,1161.26,False
ORD203117,2025-10-28,C1651,Riya Das,Hyderabad,Beauty,Face Wash,4,244.05,10.0,Debit Card,Delivered,False,False,878.58,True
ORD202190,2025-10-28,C2230,Rahul Kulkarni,Chennai,Electronics,Bluetooth Speaker,2,2038.49,15.0,Credit Card,Returned,False,False,3465.43,False
ORD203762,2025-10-28,C2122,Aarav Das,Ahmedabad,Electronics,Bluetooth Speaker,3,1996.78,20.0,Net Banking,Delivered,False,False,4792.27,True
ORD204594,2025-10-28,C2280,Arjun Joshi,Mumbai,Clothing,Cotton T-Shirt,2,613.96,0.0,UPI,Delivered,False,False,1227.92,True
ORD201324,2025-10-28,C1430,Aarav Gupta,Chennai,Beauty,Face Wash,4,249.71,10.0,COD,Delivered,False,False,898.96,True
ORD202179,2025-10-28,C1501,Manish Kulkarni,Bengaluru,Electronics,USB-C Cable,4,391.73,0.0,Net Banking,Delivered,False,False,1566.92,True
ORD202378,2025-10-28,C1984,Ananya Iyer,Kolkata,Electronics,USB-C Cable,2,380.91,0.0,Credit Card,Cancelled,False,False,761.82,False
ORD203544,2025-10-28,C1834,Pooja Iyer,Delhi,Clothing,Hoodie,1,1453.86,0.0,Credit Card,Delivered,False,False,1453.86,True
ORD200664,2025-10-28,C2350,Sanjay Kulkarni,Mumbai,Electronics,Wireless Earbuds,4,2459.67,0.0,UPI,Delivered,False,False,9838.68,True
ORD203247,2025-10-28,C1183,Priya Iyer,Kolkata,Electronics,Wireless Earbuds,1,2441.94,5.0,UPI,Cancelled,False,False,2319.84,False
ORD200446,2025-10-28,C1777,Vivaan Singh,Pune,Electronics,Smartwatch,4,6140.86,20.0,Credit Card,Returned,False,False,19650.75,False
ORD203527,2025-10-28,C2282,Karan Joshi,Delhi,Electronics,Bluetooth Speaker,4,1979.91,15.0,UPI,Returned,False,False,6731.69,False
ORD202720,2025-10-28,C1055,Neha Gupta,Delhi,Home & Kitchen,Mixer Grinder,4,3208.03,20.0,Debit Card,Returned,False,False,10265.7,False
ORD203352,2025-10-28,C2135,Riya Iyer,Ahmedabad,Electronics,Smartwatch,1,6338.06,0.0,Credit Card,Delivered,False,False,6338.06,True
ORD203872,2025-10-28,C1739,Sanjay Verma,Bengaluru,Beauty,Lipstick,1,426.81,5.0,Debit Card,Cancelled,False,False,405.47,False
ORD202941,2025-10-28,C2364,Karan Kulkarni,Hyderabad,Home & Kitchen,Air Fryer,1,4985.6,0.0,UPI,Cancelled,False,False,4985.6,False
ORD201606,2025-10-28,C1603,Karan Nair,Delhi,Clothing,Cotton T-Shirt,2,636.55,20.0,Credit Card,Delivered,False,False,1018.48,True
ORD202044,2025-10-28,C1512,Ananya Joshi,Pune,Electronics,Power Bank,2,1322.2,0.0,COD,Delivered,False,False,2644.4,True
ORD202869,2025-10-28,C2129,Meera Kulkarni,Bengaluru,Beauty,Perfume,2,1601.51,0.0,Net Banking,Delivered,False,False,3203.02,True
ORD200127,2025-10-28,C1820,Manish Patel,Chennai,Clothing,Running Shoes,2,2867.88,0.0,UPI,Delivered,False,False,5735.76,True
ORD202324,2025-10-28,C2328,Pooja Nair,Ahmedabad,Clothing,Hoodie,2,1489.18,0.0,COD,Delivered,False,False,2978.36,True
ORD200624,2025-10-28,C1741,Rohan Joshi,Delhi,Clothing,Running Shoes,4,3085.99,0.0,Credit Card,Delivered,False,False,12343.96,True
ORD204461,2025-10-28,C1115,Meera Reddy,Delhi,Clothing,Running Shoes,4,3212.51,0.0,UPI,Delivered,False,False,12850.04,True
ORD200704,2025-10-28,C1346,Sanjay Patel,Mumbai,Electronics,Power Bank,1,1259.32,0.0,UPI,Returned,False,False,1259.32,False
ORD201808,2025-10-29,C2047,Neha Gupta,Bengaluru,Home & Kitchen,Air Fryer,2,5274.89,0.0,UPI,Delivered,False,False,10549.78,True
ORD203027,2025-10-29,C1167,Pooja Singh,Delhi,Beauty,Face Wash,2,253.15,15.0,Credit Card,Delivered,False,False,430.36,True
ORD200696,2025-10-29,C1057,Riya Joshi,Bengaluru,Home & Kitchen,Water Bottle,1,470.79,20.0,Net Banking,Cancelled,False,False,376.63,False
ORD203728,2025-10-29,C2308,Diya Patel,Chennai,Clothing,Denim Jeans,4,1815.25,15.0,UPI,Delivered,False,False,6171.85,True
ORD201290,2025-10-29,C1797,Manish Gupta,Mumbai,Home & Kitchen,Cookware Set,2,2868.44,10.0,UPI,Returned,False,False,5163.19,False
ORD201743,2025-10-29,C1585,Rahul Iyer,Bengaluru,Electronics,USB-C Cable,4,430.19,10.0,Credit Card,Delivered,False,False,1548.68,True
ORD200723,2025-10-29,C1202,Arjun Kulkarni,Ahmedabad,Clothing,Cotton T-Shirt,2,595.35,5.0,Credit Card,Delivered,False,False,1131.16,True
ORD200584,2025-10-29,C1396,Neha Joshi,Bengaluru,Clothing,Cap,2,336.27,0.0,UPI,Cancelled,False,False,672.54,False
ORD200757,2025-10-29,C2165,Ananya Iyer,Mumbai,Clothing,Hoodie,4,1595.94,0.0,Net Banking,Cancelled,False,False,6383.76,False
ORD203851,2025-10-29,C1931,Diya Iyer,Delhi,Clothing,Hoodie,2,1602.19,0.0,UPI,Delivered,False,False,3204.38,True
ORD204457,2025-10-29,C1465,Pooja Gupta,Chennai,Clothing,Denim Jeans,2,1863.05,20.0,UPI,Delivered,False,False,2980.88,True
ORD202272,2025-10-29,C1673,Meera Sharma,Delhi,Books,Data Science Primer,2,966.26,0.0,Debit Card,Delivered,False,False,1932.52,True
ORD203443,2025-10-29,C1444,Aditya Mehta,Delhi,Beauty,Hair Dryer,2,1547.63,0.0,Debit Card,Cancelled,False,False,3095.26,False
ORD202069,2025-10-29,C1922,Isha Joshi,Mumbai,Clothing,Cotton T-Shirt,1,604.78,10.0,Credit Card,Delivered,False,False,544.3,True
ORD201350,2025-10-29,C1916,Kavya Verma,Delhi,Beauty,Hair Dryer,2,1506.2350000000001,10.0,UPI,Cancelled,True,False,2711.22,False
ORD203564,2025-10-29,C2191,Rahul Sharma,Hyderabad,Electronics,Bluetooth Speaker,3,2141.13,0.0,Debit Card,Delivered,False,False,6423.39,True
ORD204463,2025-10-29,C2361,Vivaan Singh,Chennai,Electronics,USB-C Cable,1,379.51,5.0,Credit Card,Returned,False,False,360.53,False
ORD204087,2025-10-30,C1006,Priya Nair,Delhi,Books,Data Science Primer,2,899.26,10.0,Debit Card,Delivered,False,False,1618.67,True
ORD204114,2025-10-30,C2375,Manish Singh,Mumbai,Beauty,Moisturiser,2,451.34,0.0,COD,Returned,False,False,902.68,False
ORD200967,2025-10-30,C1679,Aditya Patel,Kolkata,Clothing,Cotton T-Shirt,1,582.81,5.0,Net Banking,Delivered,False,False,553.67,True
ORD201841,2025-10-30,C2019,Rahul Joshi,Mumbai,Beauty,Lipstick,2,412.97,5.0,UPI,Delivered,False,False,784.64,True
ORD202753,2025-10-30,C1587,Aarav Mehta,Bengaluru,Clothing,Denim Jeans,3,1827.91,0.0,COD,Delivered,True,False,5483.73,True
ORD204451,2025-10-30,C1244,Rahul Verma,Delhi,Home & Kitchen,Cookware Set,1,2723.62,5.0,UPI,Delivered,False,False,2587.44,True
ORD203004,2025-10-30,C2193,Arjun Joshi,Ahmedabad,Beauty,Face Wash,4,254.95,10.0,UPI,Returned,False,False,917.82,False
ORD204126,2025-10-30,C1554,Rohan Das,Chennai,Beauty,Moisturiser,3,449.53,0.0,UPI,Delivered,False,False,1348.59,True
ORD201244,2025-10-30,C2355,Ananya Verma,Pune,Books,Data Science Primer,1,896.52,20.0,UPI,Delivered,False,False,717.22,True
ORD201014,2025-10-30,C1113,Arjun Kulkarni,Ahmedabad,Electronics,Wireless Earbuds,1,2392.08,5.0,Credit Card,Delivered,False,False,2272.48,True
ORD200511,2025-10-30,C1687,Manish Kulkarni,Hyderabad,Beauty,Moisturiser,2,481.67,0.0,UPI,Delivered,False,False,963.34,True
ORD203733,2025-10-30,C1468,Aarav Kulkarni,Mumbai,Beauty,Lipstick,1,426.44,15.0,Debit Card,Delivered,False,False,362.47,True
ORD202494,2025-10-30,C2180,Riya Reddy,Bengaluru,Books,Data Science Primer,2,876.06,15.0,UPI,Cancelled,False,False,1489.3,False
ORD200362,2025-10-30,C2023,Ananya Verma,Pune,Beauty,Face Wash,4,254.87,15.0,Net Banking,Delivered,False,False,866.56,True
ORD201479,2025-10-30,C1655,Manish Nair,Delhi,Clothing,Cotton T-Shirt,2,637.69,0.0,Credit Card,Cancelled,False,False,1275.38,False
ORD202269,2025-10-30,C1106,Rohan Iyer,Chennai,Clothing,Hoodie,2,1600.26,0.0,COD,Delivered,False,False,3200.52,True
ORD200988,2025-10-30,C1070,Pooja Das,Hyderabad,Electronics,Power Bank,4,1375.96,0.0,Credit Card,Delivered,False,False,5503.84,True
ORD204011,2025-10-30,C1000,Rahul Kulkarni,Kolkata,Clothing,Denim Jeans,4,1772.62,0.0,Credit Card,Returned,False,False,7090.48,False
ORD202915,2025-10-31,C1373,Arjun Reddy,Delhi,Books,Data Science Primer,2,930.14,15.0,COD,Delivered,False,False,1581.24,True
ORD204750,2025-10-31,C2305,Diya Iyer,Mumbai,Clothing,Running Shoes,1,3144.8,0.0,Net Banking,Delivered,False,False,3144.8,True
ORD204585,2025-10-31,C1574,Priya Iyer,Mumbai,Books,Exam Guide,2,538.02,15.0,UPI,Delivered,False,False,914.63,True
ORD201724,2025-10-31,C1255,Aarav Joshi,Mumbai,Home & Kitchen,Bedsheet Set,3,1303.12,10.0,UPI,Cancelled,False,False,3518.42,False
ORD204707,2025-10-31,C1475,Riya Joshi,Bengaluru,Electronics,Bluetooth Speaker,2,1900.8,0.0,UPI,Delivered,False,False,3801.6,True
ORD201555,2025-10-31,C1093,Rohan Nair,Ahmedabad,Electronics,Wireless Earbuds,2,2560.76,0.0,UPI,Delivered,False,False,5121.52,True
ORD200499,2025-10-31,C1635,Diya Gupta,Kolkata,Electronics,USB-C Cable,4,402.86,15.0,UPI,Delivered,False,False,1369.72,True
ORD203041,2025-10-31,C2337,Manish Sharma,Pune,Beauty,Perfume,2,1716.25,20.0,UPI,Cancelled,False,False,2746.0,False
ORD204023,2025-10-31,C2073,Meera Gupta,Bengaluru,Clothing,Cotton T-Shirt,3,608.03,20.0,Net Banking,Delivered,True,False,1459.27,True
ORD203454,2025-10-31,C1344,Vikram Sharma,Delhi,Electronics,Wireless Earbuds,2,2647.57,5.0,Debit Card,Delivered,False,False,5030.38,True
ORD200326,2025-10-31,C1386,Ananya Iyer,Delhi,Clothing,Cotton T-Shirt,3,643.81,0.0,COD,Delivered,False,False,1931.43,True
ORD204849,2025-10-31,C1885,Sneha Iyer,Mumbai,Beauty,Face Wash,1,245.76,0.0,Debit Card,Delivered,False,True,245.76,True
ORD201419,2025-10-31,C2147,Sneha Reddy,Bengaluru,Electronics,Power Bank,1,1264.78,0.0,Credit Card,Cancelled,False,False,1264.78,False
ORD203534,2025-10-31,C2267,Rohan Mehta,Hyderabad,Electronics,Smartwatch,1,6231.18,0.0,Credit Card,Delivered,False,False,6231.18,True
ORD203182,2025-10-31,C2208,Sanjay Patel,Mumbai,Home & Kitchen,Cookware Set,2,2967.69,0.0,UPI,Delivered,False,False,5935.38,True
ORD202802,2025-11-01,C2181,Riya Verma,Kolkata,Electronics,USB-C Cable,3,422.86,20.0,UPI,Delivered,False,False,1014.86,True
ORD202798,2025-11-01,C2125,Ananya Joshi,Bengaluru,Electronics,Smartwatch,2,6444.08,20.0,Credit Card,Returned,False,False,10310.53,False
ORD202842,2025-11-01,C1775,Vikram Das,Kolkata,Clothing,Cotton T-Shirt,4,608.03,10.0,UPI,Delivered,True,False,2188.91,True
ORD201098,2025-11-01,C2169,Aditya Verma,Delhi,Clothing,Running Shoes,1,2957.43,0.0,UPI,Delivered,False,False,2957.43,True
ORD200176,2025-11-01,C1212,Isha Mehta,Bengaluru,Home & Kitchen,Mixer Grinder,2,3433.66,5.0,COD,Returned,False,False,6523.95,False
ORD203711,2025-11-01,C2329,Karan Mehta,Bengaluru,Electronics,Power Bank,3,1357.99,5.0,COD,Delivered,False,False,3870.27,True
ORD202090,2025-11-01,C1438,Rahul Nair,Mumbai,Clothing,Cotton T-Shirt,4,592.29,5.0,UPI,Delivered,False,False,2250.7,True
ORD200770,2025-11-01,C2246,Karan Mehta,Bengaluru,Books,Novel,1,354.0,0.0,Unknown,Delivered,False,False,354.0,True
ORD200394,2025-11-01,C2329,Karan Mehta,Chennai,Electronics,Smartwatch,1,6106.35,10.0,Net Banking,Returned,False,False,5495.72,False
ORD202533,2025-11-01,C2142,Vikram Joshi,Mumbai,Beauty,Moisturiser,2,463.81,0.0,Debit Card,Delivered,False,False,927.62,True
ORD201987,2025-11-01,C1588,Priya Reddy,Pune,Clothing,Hoodie,2,1557.12,0.0,COD,Returned,False,False,3114.24,False
ORD204329,2025-11-01,C1223,Meera Gupta,Mumbai,Home & Kitchen,Mixer Grinder,2,3219.8,0.0,Credit Card,Delivered,False,False,6439.6,True
ORD201304,2025-11-01,C1859,Pooja Das,Chennai,Electronics,Power Bank,1,1236.46,15.0,Credit Card,Cancelled,False,False,1050.99,False
ORD200217,2025-11-01,C2043,Diya Mehta,Bengaluru,Clothing,Denim Jeans,1,1818.05,5.0,Credit Card,Delivered,False,False,1727.15,True
ORD202389,2025-11-01,C1698,Sneha Singh,Kolkata,Home & Kitchen,Bedsheet Set,2,1385.93,0.0,UPI,Cancelled,False,False,2771.86,False
ORD201944,2025-11-02,C1402,Priya Nair,Kolkata,Beauty,Moisturiser,2,442.29,10.0,UPI,Delivered,False,False,796.12,True
ORD200961,2025-11-02,C2180,Riya Reddy,Bengaluru,Beauty,Perfume,1,1629.12,0.0,Debit Card,Delivered,False,False,1629.12,True
ORD204700,2025-11-02,C1426,Sanjay Verma,Delhi,Clothing,Running Shoes,2,3041.97,10.0,COD,Delivered,False,False,5475.55,True
ORD203930,2025-11-02,C1018,Priya Joshi,Hyderabad,Beauty,Perfume,2,1626.26,5.0,Credit Card,Delivered,True,False,3089.89,True
ORD204930,2025-11-02,C2087,Sanjay Joshi,Pune,Beauty,Face Wash,2,238.24,15.0,UPI,Delivered,False,False,405.01,True
ORD202143,2025-11-02,C1180,Ananya Gupta,Mumbai,Clothing,Denim Jeans,2,1896.87,5.0,UPI,Cancelled,False,False,3604.05,False
ORD200857,2025-11-02,C2012,Arjun Reddy,Ahmedabad,Clothing,Hoodie,1,1608.11,5.0,UPI,Delivered,False,False,1527.7,True
ORD201721,2025-11-02,C2242,Diya Patel,Ahmedabad,Home & Kitchen,Water Bottle,1,459.81,0.0,Debit Card,Delivered,False,False,459.81,True
ORD200675,2025-11-02,C1919,Arjun Kulkarni,Bengaluru,Home & Kitchen,Mixer Grinder,1,3472.98,0.0,Credit Card,Returned,False,False,3472.98,False
ORD200263,2025-11-02,C2060,Arjun Singh,Bengaluru,Electronics,USB-C Cable,3,406.15,5.0,Net Banking,Delivered,False,False,1157.53,True
ORD202672,2025-11-02,C2252,Pooja Singh,Pune,Clothing,Denim Jeans,1,1894.45,0.0,Debit Card,Delivered,False,False,1894.45,True
ORD202608,2025-11-02,C1998,Manish Mehta,Bengaluru,Beauty,Hair Dryer,3,1551.88,5.0,Credit Card,Cancelled,False,False,4422.86,False
ORD202618,2025-11-02,C1442,Priya Reddy,Unknown,Electronics,USB-C Cable,1,411.73,0.0,UPI,Delivered,False,False,411.73,True
ORD203990,2025-11-02,C1097,Isha Joshi,Chennai,Clothing,Running Shoes,2,2860.1,10.0,UPI,Delivered,False,False,5148.18,True
ORD201864,2025-11-02,C2083,Isha Joshi,Chennai,Clothing,Denim Jeans,1,1839.7,5.0,UPI,Delivered,False,False,1747.72,True
ORD202097,2025-11-02,C1021,Ananya Gupta,Mumbai,Electronics,Smartwatch,1,5983.62,20.0,UPI,Delivered,False,False,4786.9,True
ORD203001,2025-11-02,C1416,Rahul Mehta,Mumbai,Electronics,Power Bank,2,1362.52,10.0,Debit Card,Delivered,False,False,2452.54,True
ORD203499,2025-11-02,C2261,Rohan Patel,Mumbai,Electronics,Wireless Earbuds,4,2557.65,0.0,Debit Card,Delivered,False,True,10230.6,True
ORD202080,2025-11-02,C2258,Pooja Singh,Mumbai,Beauty,Perfume,1,1603.94,20.0,Credit Card,Delivered,False,False,1283.15,True
ORD202156,2025-11-02,C2267,Rohan Mehta,Hyderabad,Clothing,Denim Jeans,2,1813.29,20.0,Net Banking,Delivered,False,False,2901.26,True
ORD200721,2025-11-02,C1139,Meera Joshi,Bengaluru,Clothing,Hoodie,1,1476.93,5.0,UPI,Delivered,False,False,1403.08,True
ORD200405,2025-11-02,C2230,Rahul Kulkarni,Chennai,Home & Kitchen,Water Bottle,1,476.97,10.0,COD,Delivered,False,False,429.27,True
ORD202081,2025-11-02,C1698,Sneha Singh,Kolkata,Beauty,Lipstick,3,413.52,15.0,COD,Delivered,False,False,1054.48,True
ORD204549,2025-11-02,C1469,Manish Gupta,Mumbai,Clothing,Cap,1,364.97,5.0,COD,Cancelled,False,False,346.72,False
ORD200894,2025-11-03,C2075,Sanjay Sharma,Ahmedabad,Home & Kitchen,Mixer Grinder,1,3441.27,0.0,Credit Card,Delivered,False,False,3441.27,True
ORD202990,2025-11-03,C1356,Vikram Iyer,Mumbai,Clothing,Denim Jeans,1,1811.17,20.0,COD,Delivered,False,False,1448.94,True
ORD201727,2025-11-03,C2071,Neha Kulkarni,Mumbai,Home & Kitchen,Water Bottle,2,467.52,0.0,UPI,Returned,False,False,935.04,False
ORD202776,2025-11-03,C1268,Vikram Mehta,Hyderabad,Electronics,Power Bank,1,1292.03,0.0,Credit Card,Delivered,False,False,1292.03,True
ORD201491,2025-11-03,C1441,Vikram Gupta,Chennai,Electronics,Bluetooth Speaker,2,2111.65,0.0,Debit Card,Delivered,False,False,4223.3,True
ORD204982,2025-11-03,C1158,Pooja Nair,Pune,Clothing,Cap,3,356.12,0.0,UPI,Returned,False,False,1068.36,False
ORD200175,2025-11-03,C2357,Priya Mehta,Ahmedabad,Home & Kitchen,Air Fryer,2,5011.86,10.0,UPI,Delivered,False,False,9021.35,True
ORD200563,2025-11-03,C1903,Diya Kulkarni,Kolkata,Clothing,Denim Jeans,4,1898.66,0.0,Debit Card,Delivered,False,False,7594.64,True
ORD202958,2025-11-03,C1686,Isha Patel,Delhi,Books,Data Science Primer,1,872.72,5.0,UPI,Delivered,False,False,829.08,True
ORD201601,2025-11-03,C1091,Arjun Reddy,Delhi,Beauty,Hair Dryer,3,1501.88,0.0,Credit Card,Delivered,False,False,4505.64,True
ORD204204,2025-11-03,C1920,Isha Mehta,Hyderabad,Clothing,Denim Jeans,1,1743.44,15.0,Debit Card,Delivered,False,False,1481.92,True
ORD204152,2025-11-03,C1755,Meera Das,Kolkata,Home & Kitchen,Water Bottle,4,450.08,10.0,COD,Returned,False,False,1620.29,False
ORD202728,2025-11-03,C2099,Isha Sharma,Kolkata,Electronics,Wireless Earbuds,2,2521.3,15.0,Debit Card,Delivered,False,False,4286.21,True
ORD204166,2025-11-03,C1220,Arjun Sharma,Mumbai,Clothing,Cotton T-Shirt,2,586.42,0.0,COD,Delivered,False,False,1172.84,True
ORD201850,2025-11-03,C1045,Rohan Kulkarni,Mumbai,Clothing,Denim Jeans,2,1823.72,10.0,UPI,Cancelled,False,False,3282.7,False
ORD200948,2025-11-03,C1895,Aditya Iyer,Hyderabad,Clothing,Denim Jeans,2,1796.21,0.0,UPI,Delivered,False,False,3592.42,True
ORD201728,2025-11-03,C1935,Vikram Patel,Delhi,Clothing,Hoodie,2,1443.16,0.0,UPI,Delivered,False,False,2886.32,True
ORD202516,2025-11-04,C1904,Meera Iyer,Chennai,Clothing,Cap,1,357.33,15.0,Debit Card,Delivered,False,False,303.73,True
ORD201174,2025-11-04,C1151,Manish Kulkarni,Delhi,Clothing,Hoodie,2,1579.52,0.0,UPI,Delivered,False,False,3159.04,True
ORD203690,2025-11-04,C1693,Vivaan Kulkarni,Kolkata,Clothing,Running Shoes,1,3225.09,0.0,Debit Card,Delivered,False,False,3225.09,True
ORD201351,2025-11-04,C1472,Diya Das,Delhi,Home & Kitchen,Air Fryer,2,5318.37,10.0,UPI,Returned,False,False,9573.07,False
ORD200465,2025-11-04,C2198,Neha Sharma,Bengaluru,Electronics,Power Bank,1,1264.12,0.0,Credit Card,Delivered,False,False,1264.12,True
ORD201113,2025-11-04,C1335,Isha Mehta,Delhi,Electronics,Power Bank,1,1392.81,0.0,UPI,Delivered,False,False,1392.81,True
ORD203156,2025-11-04,C1561,Priya Nair,Mumbai,Beauty,Hair Dryer,4,1507.54,0.0,COD,Delivered,False,False,6030.16,True
ORD203562,2025-11-04,C1910,Sneha Verma,Mumbai,Home & Kitchen,Water Bottle,4,462.63,5.0,UPI,Delivered,False,False,1757.99,True
ORD201301,2025-11-04,C2294,Aditya Verma,Hyderabad,Books,Comics Set,3,822.44,0.0,Net Banking,Delivered,False,False,2467.32,True
ORD203123,2025-11-04,C1685,Vivaan Sharma,Pune,Electronics,Smartwatch,1,6166.05,15.0,Net Banking,Delivered,False,False,5241.14,True
ORD202685,2025-11-04,C1654,Manish Verma,Chennai,Books,Data Science Primer,2,898.87,20.0,Credit Card,Cancelled,False,False,1438.19,False
ORD203455,2025-11-04,C2095,Priya Gupta,Ahmedabad,Electronics,USB-C Cable,1,409.4,0.0,Credit Card,Cancelled,False,False,409.4,False
ORD201310,2025-11-04,C1494,Ananya Kulkarni,Mumbai,Clothing,Hoodie,1,1441.41,15.0,UPI,Returned,False,False,1225.2,False
ORD202837,2025-11-04,C1380,Rohan Mehta,Bengaluru,Home & Kitchen,Air Fryer,3,4943.25,15.0,UPI,Returned,False,False,12605.29,False
ORD204556,2025-11-04,C1089,Manish Das,Delhi,Home & Kitchen,Air Fryer,1,4814.96,20.0,UPI,Cancelled,False,False,3851.97,False
ORD202327,2025-11-04,C1176,Vikram Verma,Bengaluru,Electronics,Bluetooth Speaker,2,1980.84,0.0,COD,Returned,False,False,3961.68,False
ORD203772,2025-11-04,C1421,Pooja Nair,Mumbai,Electronics,Power Bank,4,1251.34,20.0,Net Banking,Delivered,False,False,4004.29,True
ORD204247,2025-11-04,C1489,Sanjay Sharma,Hyderabad,Clothing,Cap,2,340.03,5.0,Debit Card,Delivered,False,False,646.06,True
ORD201900,2025-11-04,C1522,Aarav Kulkarni,Bengaluru,Clothing,Denim Jeans,2,1888.42,0.0,UPI,Delivered,False,False,3776.84,True
ORD203806,2025-11-04,C2135,Riya Iyer,Ahmedabad,Home & Kitchen,Air Fryer,1,5071.7,0.0,Credit Card,Delivered,False,False,5071.7,True
ORD204108,2025-11-04,C1234,Sneha Gupta,Kolkata,Electronics,Power Bank,1,1278.5,15.0,UPI,Delivered,False,False,1086.72,True
ORD204703,2025-11-04,C1877,Isha Joshi,Kolkata,Home & Kitchen,Cookware Set,1,2954.7,0.0,COD,Delivered,False,False,2954.7,True
ORD203152,2025-11-05,C2371,Diya Kulkarni,Kolkata,Clothing,Hoodie,3,1444.37,0.0,UPI,Delivered,False,False,4333.11,True
ORD204442,2025-11-05,C1552,Vivaan Nair,Bengaluru,Home & Kitchen,Bedsheet Set,2,1373.06,15.0,UPI,Delivered,False,False,2334.2,True
ORD202940,2025-11-05,C1838,Priya Singh,Hyderabad,Home & Kitchen,Air Fryer,3,5379.1,5.0,UPI,Delivered,False,False,15330.44,True
ORD204271,2025-11-05,C1722,Manish Mehta,Pune,Beauty,Face Wash,1,266.54,0.0,Unknown,Delivered,False,False,266.54,True
ORD200581,2025-11-05,C2073,Meera Gupta,Bengaluru,Home & Kitchen,Water Bottle,2,472.25,5.0,Credit Card,Delivered,False,False,897.28,True
ORD203666,2025-11-05,C1963,Vivaan Nair,Kolkata,Beauty,Face Wash,2,254.08,0.0,UPI,Returned,False,False,508.16,False
ORD203482,2025-11-05,C1998,Manish Mehta,Bengaluru,Clothing,Cotton T-Shirt,1,620.4,10.0,Unknown,Returned,False,False,558.36,False
ORD204648,2025-11-05,C1552,Vivaan Nair,Bengaluru,Home & Kitchen,Mixer Grinder,1,3383.68,15.0,Credit Card,Delivered,False,False,2876.13,True
ORD204093,2025-11-05,C2037,Kavya Mehta,Pune,Clothing,Running Shoes,1,3034.79,0.0,UPI,Delivered,False,True,3034.79,True
ORD204437,2025-11-05,C1795,Riya Iyer,Delhi,Electronics,Bluetooth Speaker,1,1963.32,10.0,Debit Card,Delivered,False,False,1766.99,True
ORD200945,2025-11-05,C2185,Aditya Mehta,Bengaluru,Clothing,Cotton T-Shirt,2,646.5,20.0,Debit Card,Returned,False,False,1034.4,False
ORD201809,2025-11-05,C1500,Neha Nair,Bengaluru,Electronics,Bluetooth Speaker,1,1949.09,20.0,Unknown,Delivered,False,False,1559.27,True
ORD202762,2025-11-05,C2209,Arjun Verma,Bengaluru,Electronics,Bluetooth Speaker,2,2020.47,0.0,UPI,Delivered,True,False,4040.94,True
ORD204208,2025-11-06,C1713,Rahul Nair,Mumbai,Beauty,Hair Dryer,4,1517.51,0.0,UPI,Delivered,False,False,6070.04,True
ORD202019,2025-11-06,C2357,Priya Mehta,Ahmedabad,Books,Data Science Primer,4,881.35,15.0,UPI,Delivered,False,False,2996.59,True
ORD201308,2025-11-06,C1242,Rohan Patel,Mumbai,Clothing,Denim Jeans,1,1756.67,20.0,UPI,Cancelled,False,False,1405.34,False
ORD203840,2025-11-06,C1968,Neha Joshi,Mumbai,Clothing,Cotton T-Shirt,1,630.98,5.0,COD,Cancelled,False,False,599.43,False
ORD203449,2025-11-06,C2062,Rohan Sharma,Hyderabad,Books,Comics Set,4,793.39,15.0,Credit Card,Delivered,False,False,2697.53,True
ORD203217,2025-11-06,C1263,Ananya Iyer,Mumbai,Books,Comics Set,1,836.63,20.0,Debit Card,Delivered,False,False,669.3,True
ORD200059,2025-11-06,C1103,Kavya Singh,Bengaluru,Clothing,Running Shoes,3,2864.87,20.0,Debit Card,Delivered,False,False,6875.69,True
ORD201136,2025-11-06,C2161,Neha Kulkarni,Delhi,Books,Python Handbook,2,679.75,5.0,Debit Card,Delivered,False,False,1291.52,True
ORD202082,2025-11-06,C1617,Aarav Verma,Delhi,Home & Kitchen,Water Bottle,4,449.42,0.0,COD,Delivered,False,False,1797.68,True
ORD204741,2025-11-06,C1019,Diya Das,Kolkata,Home & Kitchen,Water Bottle,1,459.73,5.0,UPI,Delivered,False,False,436.74,True
ORD204494,2025-11-06,C1397,Sneha Iyer,Delhi,Clothing,Running Shoes,4,3093.93,15.0,UPI,Delivered,False,False,10519.36,True
ORD203211,2025-11-06,C1456,Priya Mehta,Chennai,Electronics,Power Bank,3,1334.3,20.0,Credit Card,Returned,False,False,3202.32,False
ORD203022,2025-11-06,C1382,Pooja Patel,Delhi,Home & Kitchen,Air Fryer,2,5055.7,20.0,Credit Card,Delivered,True,False,8089.12,True
ORD203049,2025-11-06,C1831,Diya Iyer,Hyderabad,Home & Kitchen,Cookware Set,1,2815.88,15.0,UPI,Delivered,False,False,2393.5,True
ORD200556,2025-11-06,C1592,Arjun Gupta,Bengaluru,Books,Exam Guide,1,494.27,0.0,COD,Delivered,False,False,494.27,True
ORD200819,2025-11-06,C1522,Aarav Kulkarni,Bengaluru,Clothing,Hoodie,2,1591.32,0.0,Credit Card,Delivered,False,False,3182.64,True
ORD204036,2025-11-06,C2036,Meera Reddy,Chennai,Home & Kitchen,Cookware Set,3,2724.64,0.0,UPI,Delivered,False,False,8173.92,True
ORD200276,2025-11-06,C1297,Neha Verma,Delhi,Clothing,Denim Jeans,1,1833.84,10.0,Net Banking,Cancelled,False,False,1650.46,False
ORD204285,2025-11-07,C1951,Neha Gupta,Delhi,Home & Kitchen,Bedsheet Set,1,1296.87,0.0,Debit Card,Delivered,False,False,1296.87,True
ORD201233,2025-11-07,C1460,Rahul Mehta,Kolkata,Electronics,Power Bank,2,1352.94,0.0,UPI,Returned,False,True,2705.88,False
ORD201073,2025-11-07,C1316,Neha Iyer,Mumbai,Home & Kitchen,Air Fryer,1,4831.28,0.0,UPI,Cancelled,False,False,4831.28,False
ORD201161,2025-11-07,C1896,Ananya Kulkarni,Pune,Books,Python Handbook,1,752.26,5.0,Net Banking,Delivered,False,False,714.65,True
ORD200805,2025-11-07,C2299,Vikram Verma,Pune,Clothing,Cap,2,334.37,0.0,UPI,Cancelled,False,False,668.74,False
ORD200768,2025-11-07,C2195,Aarav Nair,Hyderabad,Beauty,Face Wash,1,263.71,0.0,UPI,Delivered,False,False,263.71,True
ORD200588,2025-11-07,C1888,Aditya Gupta,Mumbai,Clothing,Cotton T-Shirt,2,635.98,0.0,Credit Card,Returned,False,False,1271.96,False
ORD203546,2025-11-07,C1038,Meera Joshi,Ahmedabad,Electronics,Power Bank,1,1344.73,0.0,UPI,Cancelled,False,False,1344.73,False
ORD204705,2025-11-07,C2215,Riya Singh,Kolkata,Electronics,Bluetooth Speaker,4,1941.21,15.0,UPI,Delivered,False,False,6600.11,True
ORD203629,2025-11-07,C1884,Kavya Kulkarni,Bengaluru,Home & Kitchen,Air Fryer,1,4957.72,5.0,UPI,Delivered,False,False,4709.83,True
ORD200100,2025-11-07,C1372,Sanjay Nair,Mumbai,Beauty,Hair Dryer,4,1557.13,0.0,UPI,Delivered,False,False,6228.52,True
ORD201763,2025-11-07,C1816,Pooja Nair,Bengaluru,Clothing,Running Shoes,2,2934.08,0.0,UPI,Returned,False,False,5868.16,False
ORD204312,2025-11-07,C1071,Meera Iyer,Hyderabad,Home & Kitchen,Mixer Grinder,1,3234.94,0.0,Credit Card,Returned,False,False,3234.94,False
ORD200733,2025-11-07,C1263,Ananya Iyer,Mumbai,Electronics,Bluetooth Speaker,3,1977.08,0.0,Credit Card,Returned,False,False,5931.24,False
ORD204134,2025-11-07,C1326,Karan Patel,Bengaluru,Home & Kitchen,Mixer Grinder,3,3336.58,20.0,Credit Card,Delivered,False,False,8007.79,True
ORD201792,2025-11-07,C1414,Sneha Verma,Pune,Clothing,Hoodie,1,1501.21,0.0,UPI,Delivered,False,False,1501.21,True
ORD202701,2025-11-07,C1937,Manish Mehta,Hyderabad,Clothing,Cotton T-Shirt,2,608.96,15.0,Debit Card,Delivered,False,False,1035.23,True
ORD203270,2025-11-07,C1259,Arjun Patel,Pune,Clothing,Running Shoes,1,3203.18,0.0,UPI,Returned,False,False,3203.18,False
ORD202592,2025-11-07,C1009,Aditya Singh,Pune,Clothing,Denim Jeans,3,1738.02,5.0,Debit Card,Delivered,False,False,4953.36,True
ORD202850,2025-11-08,C1841,Pooja Iyer,Bengaluru,Beauty,Face Wash,1,249.1,0.0,COD,Delivered,False,False,249.1,True
ORD202513,2025-11-08,C2042,Vikram Sharma,Bengaluru,Home & Kitchen,Water Bottle,3,441.33,15.0,UPI,Delivered,False,False,1125.39,True
ORD204826,2025-11-08,C1189,Priya Verma,Hyderabad,Home & Kitchen,Bedsheet Set,2,1399.58,0.0,UPI,Delivered,False,False,2799.16,True
ORD203567,2025-11-08,C1031,Ananya Singh,Ahmedabad,Home & Kitchen,Cookware Set,3,2817.0299999999997,0.0,Net Banking,Delivered,True,False,8451.09,True
ORD202671,2025-11-08,C1648,Aditya Verma,Chennai,Books,Comics Set,4,795.24,0.0,Credit Card,Cancelled,False,False,3180.96,False
ORD204441,2025-11-08,C1204,Manish Verma,Delhi,Beauty,Perfume,1,1685.29,20.0,Credit Card,Delivered,False,False,1348.23,True
ORD201232,2025-11-08,C1547,Isha Joshi,Mumbai,Electronics,Wireless Earbuds,2,2497.52,0.0,Net Banking,Delivered,False,False,4995.04,True
ORD202524,2025-11-08,C1758,Priya Gupta,Delhi,Home & Kitchen,Air Fryer,1,4753.11,10.0,Debit Card,Delivered,False,False,4277.8,True
ORD201231,2025-11-09,C2230,Rahul Kulkarni,Chennai,Electronics,Wireless Earbuds,1,2591.56,5.0,UPI,Cancelled,False,False,2461.98,False
ORD200158,2025-11-09,C1215,Isha Kulkarni,Mumbai,Home & Kitchen,Mixer Grinder,1,3481.81,20.0,UPI,Returned,False,False,2785.45,False
ORD204001,2025-11-09,C2333,Manish Verma,Bengaluru,Beauty,Perfume,4,1670.79,15.0,COD,Delivered,False,False,5680.69,True
ORD201044,2025-11-09,C1194,Meera Verma,Delhi,Beauty,Moisturiser,3,475.65,0.0,UPI,Delivered,False,False,1426.95,True
ORD201117,2025-11-09,C2334,Riya Singh,Kolkata,Electronics,USB-C Cable,1,413.37,15.0,UPI,Delivered,False,False,351.36,True
ORD203555,2025-11-09,C1494,Ananya Kulkarni,Mumbai,Electronics,Power Bank,1,1402.5,0.0,UPI,Delivered,False,False,1402.5,True
ORD203828,2025-11-09,C1029,Aarav Sharma,Hyderabad,Clothing,Running Shoes,4,3154.32,0.0,UPI,Cancelled,False,False,12617.28,False
ORD200574,2025-11-09,C1470,Aditya Das,Hyderabad,Clothing,Hoodie,2,1446.08,5.0,Debit Card,Returned,False,False,2747.55,False
ORD201954,2025-11-09,C1476,Riya Singh,Ahmedabad,Electronics,USB-C Cable,1,397.83,5.0,UPI,Cancelled,False,False,377.94,False
ORD201945,2025-11-09,C1180,Ananya Gupta,Mumbai,Electronics,Power Bank,2,1311.3,20.0,Net Banking,Delivered,True,False,2098.08,True
ORD202745,2025-11-09,C2257,Kavya Sharma,Delhi,Beauty,Perfume,1,1626.26,0.0,Credit Card,Cancelled,True,False,1626.26,False
ORD204844,2025-11-09,C1861,Diya Kulkarni,Chennai,Electronics,Bluetooth Speaker,1,2134.25,5.0,UPI,Returned,False,False,2027.54,False
ORD201952,2025-11-09,C1420,Rahul Das,Bengaluru,Electronics,Bluetooth Speaker,1,2147.18,20.0,Credit Card,Delivered,False,False,1717.74,True
ORD201521,2025-11-09,C1066,Aarav Kulkarni,Delhi,Electronics,Bluetooth Speaker,1,2087.83,5.0,UPI,Delivered,False,False,1983.44,True
ORD204063,2025-11-09,C1131,Aarav Kulkarni,Chennai,Home & Kitchen,Air Fryer,1,5353.87,0.0,Debit Card,Delivered,False,False,5353.87,True
ORD202706,2025-11-09,C2153,Vikram Das,Mumbai,Home & Kitchen,Air Fryer,2,4763.15,0.0,COD,Delivered,False,True,9526.3,True
ORD202241,2025-11-10,C2315,Rohan Kulkarni,Bengaluru,Clothing,Denim Jeans,2,1745.17,15.0,UPI,Delivered,False,False,2966.79,True
ORD204682,2025-11-10,C1864,Vivaan Das,Kolkata,Books,Data Science Primer,1,856.76,0.0,UPI,Cancelled,False,False,856.76,False
ORD201297,2025-11-10,C1221,Isha Das,Pune,Clothing,Cap,3,349.8,20.0,Debit Card,Delivered,False,False,839.52,True
ORD204674,2025-11-10,C2028,Ananya Singh,Bengaluru,Electronics,Wireless Earbuds,3,2483.48,10.0,Debit Card,Cancelled,False,False,6705.4,False
ORD200072,2025-11-10,C1716,Neha Verma,Mumbai,Clothing,Cap,1,375.08,0.0,UPI,Cancelled,False,False,375.08,False
ORD202693,2025-11-10,C1806,Sanjay Iyer,Bengaluru,Books,Python Handbook,2,745.19,15.0,Credit Card,Delivered,False,False,1266.82,True
ORD203026,2025-11-10,C1206,Rahul Patel,Bengaluru,Home & Kitchen,Mixer Grinder,4,3488.71,15.0,COD,Delivered,False,False,11861.61,True
ORD201567,2025-11-10,C1770,Sneha Patel,Mumbai,Electronics,Power Bank,2,1310.97,5.0,UPI,Returned,False,False,2490.84,False
ORD203670,2025-11-10,C2210,Aditya Joshi,Hyderabad,Books,Python Handbook,3,728.82,0.0,COD,Returned,False,False,2186.46,False
ORD201010,2025-11-10,C1660,Vivaan Mehta,Delhi,Clothing,Denim Jeans,1,1858.28,0.0,Net Banking,Delivered,False,False,1858.28,True
ORD203277,2025-11-10,C1468,Aarav Kulkarni,Mumbai,Home & Kitchen,Cookware Set,1,2990.92,0.0,UPI,Delivered,False,False,2990.92,True
ORD201243,2025-11-10,C1215,Isha Kulkarni,Mumbai,Home & Kitchen,Bedsheet Set,1,1264.61,5.0,Net Banking,Cancelled,False,False,1201.38,False
ORD204174,2025-11-10,C1796,Arjun Das,Bengaluru,Clothing,Cotton T-Shirt,1,637.24,0.0,COD,Delivered,False,False,637.24,True
ORD200555,2025-11-10,C1300,Pooja Nair,Hyderabad,Beauty,Face Wash,1,266.77,10.0,UPI,Returned,False,False,240.09,False
ORD203902,2025-11-10,C2090,Pooja Gupta,Bengaluru,Clothing,Cotton T-Shirt,2,637.02,0.0,Debit Card,Cancelled,False,False,1274.04,False
ORD204808,2025-11-10,C2324,Priya Joshi,Kolkata,Clothing,Denim Jeans,2,1790.03,5.0,Credit Card,Delivered,False,False,3401.06,True
ORD203650,2025-11-10,C1450,Vivaan Sharma,Delhi,Beauty,Lipstick,1,409.69,5.0,Debit Card,Cancelled,False,False,389.21,False
ORD200798,2025-11-10,C1939,Aditya Joshi,Mumbai,Electronics,Bluetooth Speaker,1,2110.62,0.0,UPI,Delivered,False,False,2110.62,True
ORD201473,2025-11-10,C1291,Karan Nair,Pune,Electronics,Wireless Earbuds,4,2565.89,15.0,COD,Delivered,False,False,8724.03,True
ORD201147,2025-11-10,C1850,Aarav Das,Chennai,Home & Kitchen,Bedsheet Set,2,1305.87,0.0,Debit Card,Cancelled,False,False,2611.74,False
ORD204948,2025-11-10,C1122,Riya Reddy,Ahmedabad,Beauty,Perfume,4,1684.71,0.0,Credit Card,Cancelled,False,False,6738.84,False
ORD204786,2025-11-10,C1766,Isha Kulkarni,Delhi,Beauty,Hair Dryer,3,1543.14,10.0,Credit Card,Cancelled,False,False,4166.48,False
ORD200348,2025-11-10,C1799,Aditya Mehta,Pune,Books,Novel,1,366.35,15.0,COD,Delivered,False,False,311.4,True
ORD202414,2025-11-10,C1370,Isha Gupta,Mumbai,Clothing,Cap,2,352.68,20.0,Debit Card,Delivered,False,False,564.29,True
ORD203108,2025-11-10,C2209,Arjun Verma,Bengaluru,Clothing,Cap,2,351.09,0.0,COD,Delivered,False,True,702.18,True
ORD201188,2025-11-11,C2257,Kavya Sharma,Bengaluru,Books,Python Handbook,4,752.08,10.0,Credit Card,Delivered,False,False,2707.49,True
ORD204195,2025-11-11,C2376,Karan Sharma,Delhi,Electronics,USB-C Cable,2,398.43,15.0,COD,Returned,False,False,677.33,False
ORD201460,2025-11-11,C1863,Vikram Iyer,Bengaluru,Clothing,Cotton T-Shirt,1,621.01,10.0,UPI,Delivered,False,False,558.91,True
ORD204667,2025-11-11,C1753,Vivaan Gupta,Bengaluru,Electronics,Wireless Earbuds,2,2441.62,5.0,COD,Returned,False,False,4639.08,False
ORD201048,2025-11-11,C1644,Priya Sharma,Delhi,Books,Data Science Primer,3,904.59,0.0,Credit Card,Delivered,False,False,2713.77,True
ORD201200,2025-11-11,C2094,Karan Kulkarni,Bengaluru,Clothing,Cap,2,355.45,0.0,UPI,Delivered,False,False,710.9,True
ORD200883,2025-11-11,C1211,Ananya Kulkarni,Bengaluru,Electronics,Wireless Earbuds,4,2460.47,10.0,UPI,Returned,False,False,8857.69,False
ORD204505,2025-11-11,C1943,Priya Verma,Mumbai,Home & Kitchen,Cookware Set,1,2686.68,5.0,Net Banking,Cancelled,False,False,2552.35,False
ORD200678,2025-11-11,C1768,Manish Kulkarni,Mumbai,Clothing,Cap,3,339.36,0.0,Credit Card,Returned,False,False,1018.08,False
ORD203011,2025-11-11,C1670,Karan Singh,Delhi,Books,Novel,2,375.26,15.0,UPI,Returned,False,False,637.94,False
ORD200957,2025-11-11,C1338,Rahul Mehta,Chennai,Beauty,Hair Dryer,4,1568.66,5.0,Net Banking,Delivered,False,False,5960.91,True
ORD204424,2025-11-11,C1236,Riya Kulkarni,Delhi,Electronics,Power Bank,2,1289.23,0.0,Credit Card,Returned,False,False,2578.46,False
ORD201101,2025-11-11,C1959,Pooja Kulkarni,Delhi,Beauty,Face Wash,1,250.28,5.0,UPI,Delivered,False,False,237.77,True
ORD203314,2025-11-11,C1309,Arjun Reddy,Mumbai,Books,Python Handbook,1,714.61,0.0,Net Banking,Cancelled,False,False,714.61,False
ORD201974,2025-11-11,C1658,Priya Joshi,Pune,Electronics,USB-C Cable,2,418.51,20.0,Credit Card,Delivered,False,False,669.62,True
ORD202481,2025-11-11,C1032,Meera Verma,Hyderabad,Electronics,Smartwatch,4,6133.08,10.0,COD,Cancelled,False,False,22079.09,False
ORD201782,2025-11-11,C1546,Pooja Verma,Hyderabad,Clothing,Cap,1,365.7,0.0,Net Banking,Delivered,False,False,365.7,True
ORD203576,2025-11-11,C2008,Priya Gupta,Kolkata,Clothing,Cotton T-Shirt,1,582.55,20.0,Net Banking,Cancelled,False,False,466.04,False
ORD201259,2025-11-12,C2283,Aarav Joshi,Pune,Electronics,Wireless Earbuds,2,2629.23,10.0,UPI,Cancelled,False,False,4732.61,False
ORD200439,2025-11-12,C1068,Neha Joshi,Ahmedabad,Electronics,Bluetooth Speaker,2,1950.77,0.0,Debit Card,Returned,False,False,3901.54,False
ORD203980,2025-11-12,C1269,Priya Sharma,Bengaluru,Home & Kitchen,Water Bottle,1,458.55,0.0,Debit Card,Delivered,False,False,458.55,True
ORD201886,2025-11-12,C1009,Aditya Singh,Pune,Beauty,Moisturiser,1,472.31,0.0,Net Banking,Delivered,False,False,472.31,True
ORD204502,2025-11-12,C1837,Kavya Singh,Hyderabad,Books,Exam Guide,2,530.34,0.0,UPI,Delivered,False,False,1060.68,True
ORD200028,2025-11-12,C2067,Rohan Reddy,Delhi,Home & Kitchen,Water Bottle,2,459.16,5.0,UPI,Delivered,False,False,872.4,True
ORD201967,2025-11-12,C2145,Rahul Reddy,Mumbai,Clothing,Hoodie,3,1617.47,10.0,Debit Card,Delivered,False,False,4367.17,True
ORD201153,2025-11-12,C1261,Aditya Nair,Mumbai,Home & Kitchen,Water Bottle,2,472.83,15.0,UPI,Delivered,False,False,803.81,True
ORD202504,2025-11-12,C2191,Rahul Sharma,Hyderabad,Home & Kitchen,Water Bottle,1,478.88,5.0,Debit Card,Delivered,False,False,454.94,True
ORD202582,2025-11-12,C1857,Sneha Joshi,Chennai,Clothing,Denim Jeans,1,1861.56,0.0,Credit Card,Delivered,False,False,1861.56,True
ORD203283,2025-11-12,C1241,Rahul Sharma,Mumbai,Beauty,Hair Dryer,3,1491.37,20.0,UPI,Delivered,False,False,3579.29,True
ORD204691,2025-11-12,C2398,Sneha Verma,Kolkata,Home & Kitchen,Mixer Grinder,1,3471.12,5.0,UPI,Delivered,False,False,3297.56,True
ORD200036,2025-11-12,C1594,Ananya Patel,Bengaluru,Books,Comics Set,3,804.67,0.0,Debit Card,Delivered,False,False,2414.01,True
ORD202863,2025-11-12,C2048,Arjun Mehta,Kolkata,Electronics,Bluetooth Speaker,1,1949.97,15.0,Net Banking,Delivered,False,False,1657.47,True
ORD202750,2025-11-12,C2356,Ananya Das,Ahmedabad,Electronics,Smartwatch,1,6374.94,0.0,Net Banking,Delivered,False,False,6374.94,True
ORD200010,2025-11-12,C1320,Ananya Nair,Bengaluru,Electronics,Wireless Earbuds,4,2501.7,5.0,UPI,Delivered,False,False,9506.46,True
ORD204371,2025-11-12,C1122,Riya Reddy,Ahmedabad,Beauty,Face Wash,2,266.17,5.0,UPI,Delivered,False,False,505.72,True
ORD202203,2025-11-12,C1566,Neha Kulkarni,Delhi,Beauty,Lipstick,1,421.07,0.0,Debit Card,Returned,False,False,421.07,False
ORD202810,2025-11-12,C1145,Meera Sharma,Ahmedabad,Books,Python Handbook,2,675.79,0.0,UPI,Delivered,False,False,1351.58,True
ORD204911,2025-11-12,C1609,Priya Singh,Bengaluru,Home & Kitchen,Water Bottle,4,454.93,20.0,Credit Card,Delivered,False,False,1455.78,True
ORD201528,2025-11-12,C2269,Isha Reddy,Kolkata,Beauty,Hair Dryer,1,1500.42,5.0,Net Banking,Delivered,False,False,1425.4,True
ORD201825,2025-11-13,C1449,Priya Reddy,Delhi,Electronics,Smartwatch,2,6210.51,0.0,COD,Cancelled,False,False,12421.02,False
ORD202355,2025-11-13,C1246,Vivaan Nair,Bengaluru,Electronics,Smartwatch,4,6359.65,0.0,COD,Delivered,False,False,25438.6,True
ORD200602,2025-11-13,C2341,Riya Patel,Pune,Clothing,Hoodie,1,1546.92,5.0,UPI,Delivered,False,False,1469.57,True
ORD202817,2025-11-13,C1303,Manish Iyer,Delhi,Books,Python Handbook,1,724.27,0.0,UPI,Delivered,False,False,724.27,True
ORD202877,2025-11-13,C1326,Karan Patel,Bengaluru,Home & Kitchen,Water Bottle,1,476.24,20.0,Credit Card,Delivered,False,False,380.99,True
ORD200914,2025-11-13,C2130,Manish Verma,Delhi,Books,Novel,2,333.26,0.0,Debit Card,Cancelled,False,False,666.52,False
ORD204290,2025-11-13,C1784,Kavya Sharma,Mumbai,Books,Python Handbook,4,664.24,20.0,Credit Card,Delivered,False,False,2125.57,True
ORD201264,2025-11-13,C1688,Diya Iyer,Delhi,Beauty,Hair Dryer,2,1572.81,0.0,Credit Card,Delivered,False,False,3145.62,True
ORD203584,2025-11-13,C1988,Karan Das,Bengaluru,Electronics,Power Bank,4,1385.25,0.0,Credit Card,Delivered,False,True,5541.0,True
ORD204577,2025-11-13,C1921,Isha Mehta,Hyderabad,Clothing,Running Shoes,2,3204.41,0.0,Unknown,Delivered,False,False,6408.82,True
ORD204423,2025-11-13,C2372,Manish Reddy,Kolkata,Clothing,Cap,1,362.81,5.0,UPI,Cancelled,False,False,344.67,False
ORD202523,2025-11-13,C1383,Rahul Nair,Bengaluru,Electronics,Power Bank,2,1261.98,10.0,Debit Card,Delivered,False,False,2271.56,True
ORD204474,2025-11-13,C1157,Sneha Das,Mumbai,Clothing,Denim Jeans,3,1732.58,0.0,UPI,Delivered,False,False,5197.74,True
ORD200985,2025-11-13,C2290,Isha Reddy,Mumbai,Clothing,Denim Jeans,1,1711.96,15.0,UPI,Delivered,False,False,1455.17,True
ORD202415,2025-11-13,C2313,Neha Singh,Chennai,Home & Kitchen,Bedsheet Set,1,1310.92,10.0,UPI,Delivered,False,False,1179.83,True
ORD202627,2025-11-13,C2003,Riya Mehta,Hyderabad,Books,Exam Guide,1,530.96,10.0,Credit Card,Delivered,False,False,477.86,True
ORD200905,2025-11-13,C1571,Ananya Singh,Mumbai,Beauty,Lipstick,1,427.34,5.0,Net Banking,Cancelled,False,False,405.97,False
ORD201220,2025-11-13,C2193,Arjun Joshi,Ahmedabad,Home & Kitchen,Cookware Set,4,2672.54,0.0,UPI,Delivered,False,False,10690.16,True
ORD201534,2025-11-13,C1163,Sneha Singh,Hyderabad,Books,Comics Set,4,770.99,0.0,UPI,Returned,False,False,3083.96,False
ORD200569,2025-11-14,C1222,Aarav Mehta,Kolkata,Electronics,Bluetooth Speaker,1,2082.06,15.0,UPI,Delivered,False,False,1769.75,True
ORD201506,2025-11-14,C1118,Pooja Gupta,Chennai,Clothing,Hoodie,2,1539.11,20.0,UPI,Returned,False,False,2462.58,False
ORD200725,2025-11-14,C2399,Arjun Sharma,Hyderabad,Clothing,Cotton T-Shirt,3,630.37,0.0,Debit Card,Cancelled,False,False,1891.11,False
ORD203921,2025-11-14,C1958,Meera Das,Bengaluru,Beauty,Hair Dryer,1,1490.86,0.0,UPI,Delivered,False,False,1490.86,True
ORD203220,2025-11-14,C1008,Neha Kulkarni,Pune,Clothing,Cotton T-Shirt,1,626.97,0.0,Credit Card,Delivered,False,False,626.97,True
ORD202994,2025-11-14,C2212,Karan Mehta,Ahmedabad,Electronics,Smartwatch,1,5864.13,20.0,UPI,Delivered,False,False,4691.3,True
ORD200695,2025-11-14,C1161,Karan Singh,Bengaluru,Beauty,Face Wash,1,260.71,10.0,Credit Card,Delivered,False,False,234.64,True
ORD201273,2025-11-14,C1512,Ananya Joshi,Pune,Home & Kitchen,Mixer Grinder,4,3319.46,15.0,Credit Card,Cancelled,False,False,11286.16,False
ORD203559,2025-11-14,C1828,Pooja Das,Pune,Electronics,USB-C Cable,1,423.82,10.0,Debit Card,Delivered,False,False,381.44,True
ORD204186,2025-11-14,C1418,Manish Gupta,Bengaluru,Home & Kitchen,Air Fryer,4,5055.7,0.0,Credit Card,Returned,True,False,20222.8,False
ORD202881,2025-11-14,C1329,Sneha Das,Pune,Electronics,Bluetooth Speaker,1,1915.06,15.0,Credit Card,Delivered,False,False,1627.8,True
ORD201845,2025-11-14,C1109,Diya Nair,Hyderabad,Electronics,Power Bank,4,1264.08,0.0,UPI,Delivered,False,False,5056.32,True
ORD200514,2025-11-14,C1758,Priya Gupta,Delhi,Beauty,Face Wash,4,260.81,20.0,Credit Card,Delivered,False,False,834.59,True
ORD201431,2025-11-14,C2081,Aditya Das,Delhi,Electronics,Smartwatch,2,6371.09,10.0,Credit Card,Delivered,False,False,11467.96,True
ORD202140,2025-11-14,C2370,Sneha Nair,Ahmedabad,Electronics,Power Bank,1,1364.0,0.0,UPI,Delivered,False,False,1364.0,True
ORD200049,2025-11-14,C2041,Sneha Joshi,Mumbai,Electronics,Bluetooth Speaker,3,2123.55,5.0,Debit Card,Delivered,False,False,6052.12,True
ORD201525,2025-11-14,C1409,Priya Iyer,Bengaluru,Electronics,Wireless Earbuds,4,2402.5,10.0,Credit Card,Delivered,False,False,8649.0,True
ORD204008,2025-11-14,C2128,Priya Verma,Mumbai,Electronics,USB-C Cable,1,426.37,0.0,UPI,Delivered,False,False,426.37,True
ORD201207,2025-11-15,C1254,Aarav Sharma,Chennai,Home & Kitchen,Mixer Grinder,3,3485.92,5.0,UPI,Delivered,False,False,9934.87,True
ORD203999,2025-11-15,C2316,Manish Mehta,Mumbai,Electronics,USB-C Cable,1,419.17,10.0,Net Banking,Delivered,False,False,377.25,True
ORD202532,2025-11-15,C1491,Pooja Mehta,Delhi,Electronics,Wireless Earbuds,1,2623.45,5.0,Net Banking,Delivered,False,False,2492.28,True
ORD201057,2025-11-15,C1259,Arjun Patel,Pune,Electronics,Bluetooth Speaker,1,2036.86,20.0,UPI,Returned,False,False,1629.49,False
ORD204506,2025-11-15,C2117,Rahul Iyer,Bengaluru,Books,Comics Set,2,787.16,15.0,Credit Card,Delivered,False,False,1338.17,True
ORD202323,2025-11-15,C1812,Pooja Das,Delhi,Books,Novel,3,365.69,0.0,Net Banking,Delivered,False,False,1097.07,True
ORD201293,2025-11-15,C1194,Meera Verma,Delhi,Electronics,USB-C Cable,1,386.15,0.0,Credit Card,Returned,False,False,386.15,False
ORD203520,2025-11-15,C1658,Priya Joshi,Pune,Beauty,Face Wash,1,253.11,10.0,UPI,Delivered,False,False,227.8,True
ORD202402,2025-11-15,C2225,Kavya Verma,Bengaluru,Clothing,Cap,1,371.11,0.0,UPI,Returned,False,False,371.11,False
ORD202370,2025-11-15,C1140,Aditya Singh,Pune,Books,Python Handbook,2,723.46,0.0,Credit Card,Returned,False,False,1446.92,False
ORD201215,2025-11-15,C1549,Ananya Singh,Bengaluru,Clothing,Running Shoes,2,3019.77,10.0,Net Banking,Delivered,False,False,5435.59,True
ORD202719,2025-11-15,C1252,Arjun Sharma,Kolkata,Electronics,Wireless Earbuds,3,2698.81,0.0,Debit Card,Delivered,False,False,8096.43,True
ORD201320,2025-11-15,C1712,Neha Patel,Pune,Books,Comics Set,2,802.2,15.0,UPI,Delivered,False,False,1363.74,True
ORD202587,2025-11-15,C2277,Diya Sharma,Mumbai,Clothing,Hoodie,1,1569.16,5.0,UPI,Delivered,False,False,1490.7,True
ORD202450,2025-11-15,C1595,Diya Reddy,Kolkata,Clothing,Hoodie,1,1464.63,15.0,Credit Card,Delivered,False,False,1244.94,True
ORD202084,2025-11-15,C1451,Ananya Reddy,Mumbai,Electronics,USB-C Cable,1,417.99,10.0,UPI,Delivered,False,False,376.19,True
ORD201494,2025-11-15,C1698,Sneha Singh,Kolkata,Home & Kitchen,Mixer Grinder,2,3202.6,0.0,UPI,Delivered,False,False,6405.2,True
ORD200679,2025-11-15,C1714,Diya Kulkarni,Hyderabad,Books,Python Handbook,3,716.42,10.0,UPI,Delivered,False,False,1934.33,True
ORD203831,2025-11-15,C1173,Sanjay Patel,Hyderabad,Home & Kitchen,Water Bottle,1,448.12,5.0,UPI,Delivered,False,False,425.71,True
ORD201735,2025-11-16,C2054,Karan Sharma,Mumbai,Electronics,USB-C Cable,2,428.99,0.0,COD,Delivered,False,False,857.98,True
ORD203852,2025-11-16,C1208,Riya Iyer,Pune,Beauty,Face Wash,1,259.28,10.0,UPI,Delivered,False,False,233.35,True
ORD203479,2025-11-16,C1366,Arjun Sharma,Kolkata,Electronics,Bluetooth Speaker,2,2065.52,5.0,Debit Card,Delivered,False,False,3924.49,True
ORD204155,2025-11-16,C1513,Vikram Gupta,Ahmedabad,Home & Kitchen,Water Bottle,1,459.92,20.0,UPI,Delivered,False,False,367.94,True
ORD202410,2025-11-16,C1800,Kavya Iyer,Mumbai,Books,Python Handbook,1,691.56,20.0,Credit Card,Cancelled,False,False,553.25,False
ORD204340,2025-11-16,C1507,Isha Joshi,Bengaluru,Beauty,Face Wash,2,253.76,0.0,UPI,Delivered,True,False,507.52,True
ORD204383,2025-11-16,C1137,Aditya Gupta,Bengaluru,Electronics,Wireless Earbuds,3,2380.79,0.0,COD,Returned,False,False,7142.37,False
ORD204823,2025-11-16,C1373,Arjun Reddy,Delhi,Electronics,Power Bank,1,1396.97,0.0,Net Banking,Delivered,False,False,1396.97,True
ORD204477,2025-11-16,C1775,Vikram Das,Kolkata,Electronics,Smartwatch,4,6177.36,15.0,UPI,Returned,False,False,21003.02,False
ORD200760,2025-11-16,C2226,Aditya Reddy,Hyderabad,Electronics,Power Bank,2,1271.31,0.0,UPI,Delivered,False,False,2542.62,True
ORD200788,2025-11-16,C1668,Aditya Das,Delhi,Books,Data Science Primer,1,880.36,0.0,UPI,Delivered,False,False,880.36,True
ORD202698,2025-11-16,C1753,Vivaan Gupta,Bengaluru,Books,Comics Set,1,818.01,10.0,Credit Card,Delivered,False,False,736.21,True
ORD204759,2025-11-16,C1402,Priya Nair,Kolkata,Clothing,Cap,1,370.61,10.0,Credit Card,Delivered,False,False,333.55,True
ORD203478,2025-11-16,C2035,Sanjay Nair,Mumbai,Books,Comics Set,1,780.94,0.0,Debit Card,Delivered,False,False,780.94,True
ORD203725,2025-11-16,C1113,Arjun Kulkarni,Ahmedabad,Beauty,Face Wash,2,258.33,0.0,UPI,Delivered,False,False,516.66,True
ORD204218,2025-11-16,C2333,Manish Verma,Bengaluru,Beauty,Hair Dryer,3,1508.99,0.0,Debit Card,Delivered,False,True,4526.97,True
ORD200993,2025-11-16,C2024,Diya Patel,Kolkata,Electronics,Bluetooth Speaker,1,2156.81,0.0,COD,Delivered,False,False,2156.81,True
ORD204017,2025-11-16,C1499,Pooja Reddy,Mumbai,Beauty,Perfume,2,1694.43,10.0,Credit Card,Delivered,False,False,3049.97,True
ORD203438,2025-11-16,C1439,Diya Nair,Bengaluru,Home & Kitchen,Water Bottle,2,459.5,0.0,UPI,Delivered,False,False,919.0,True
ORD201305,2025-11-16,C2272,Isha Nair,Kolkata,Books,Exam Guide,1,475.36,5.0,Unknown,Delivered,False,False,451.59,True
ORD202727,2025-11-16,C1924,Riya Gupta,Mumbai,Clothing,Cotton T-Shirt,2,613.98,0.0,UPI,Delivered,False,False,1227.96,True
ORD203082,2025-11-16,C1142,Priya Singh,Delhi,Clothing,Cotton T-Shirt,2,615.39,5.0,Credit Card,Cancelled,False,False,1169.24,False
ORD201587,2025-11-16,C1920,Isha Mehta,Hyderabad,Books,Novel,3,370.8,0.0,Net Banking,Delivered,False,False,1112.4,True
ORD204378,2025-11-16,C2377,Diya Nair,Chennai,Clothing,Cotton T-Shirt,2,640.22,10.0,COD,Delivered,False,False,1152.4,True
ORD202454,2025-11-17,C2247,Meera Verma,Chennai,Clothing,Denim Jeans,1,1827.48,5.0,Credit Card,Delivered,False,False,1736.11,True
ORD201708,2025-11-17,C1903,Diya Kulkarni,Kolkata,Electronics,Wireless Earbuds,3,2458.76,10.0,COD,Delivered,False,False,6638.65,True
ORD202491,2025-11-17,C1553,Sanjay Nair,Ahmedabad,Home & Kitchen,Cookware Set,1,2967.07,0.0,Debit Card,Delivered,False,False,2967.07,True
ORD204142,2025-11-17,C1377,Kavya Das,Mumbai,Clothing,Denim Jeans,2,1882.54,5.0,COD,Delivered,False,False,3576.83,True
ORD200061,2025-11-17,C1882,Riya Das,Delhi,Home & Kitchen,Air Fryer,1,5019.32,20.0,Credit Card,Cancelled,False,False,4015.46,False
ORD204164,2025-11-17,C1718,Aditya Das,Delhi,Books,Data Science Primer,1,937.04,15.0,COD,Delivered,False,False,796.48,True
ORD200822,2025-11-17,C2280,Arjun Joshi,Mumbai,Electronics,Smartwatch,4,6138.18,0.0,Credit Card,Returned,False,False,24552.72,False
ORD200335,2025-11-17,C1692,Pooja Reddy,Pune,Electronics,Wireless Earbuds,4,2528.86,0.0,Credit Card,Returned,True,False,10115.44,False
ORD200297,2025-11-17,C1746,Isha Iyer,Delhi,Beauty,Perfume,3,1564.02,5.0,Credit Card,Delivered,False,False,4457.46,True
ORD203863,2025-11-17,C1347,Riya Singh,Mumbai,Electronics,USB-C Cable,1,410.27,0.0,UPI,Delivered,False,False,410.27,True
ORD202681,2025-11-17,C1751,Manish Das,Pune,Clothing,Cotton T-Shirt,3,604.16,10.0,UPI,Returned,False,False,1631.23,False
ORD203122,2025-11-17,C1882,Riya Das,Delhi,Beauty,Hair Dryer,3,1546.32,5.0,Net Banking,Delivered,False,False,4407.01,True
ORD202303,2025-11-17,C1317,Kavya Mehta,Mumbai,Home & Kitchen,Bedsheet Set,1,1401.89,0.0,Net Banking,Returned,False,False,1401.89,False
ORD201527,2025-11-17,C1236,Riya Kulkarni,Delhi,Electronics,Smartwatch,1,5974.28,0.0,UPI,Delivered,False,False,5974.28,True
ORD203044,2025-11-17,C1894,Sneha Mehta,Delhi,Clothing,Hoodie,3,1481.19,0.0,UPI,Cancelled,False,False,4443.57,False
ORD203387,2025-11-18,C1026,Vikram Singh,Mumbai,Beauty,Hair Dryer,1,1464.14,0.0,Debit Card,Delivered,False,False,1464.14,True
ORD202421,2025-11-18,C2347,Aarav Kulkarni,Delhi,Clothing,Cotton T-Shirt,3,596.87,20.0,Debit Card,Delivered,False,False,1432.49,True
ORD203638,2025-11-18,C1314,Priya Das,Delhi,Home & Kitchen,Cookware Set,2,2824.96,15.0,UPI,Cancelled,False,False,4802.43,False
ORD201586,2025-11-18,C2292,Diya Nair,Ahmedabad,Electronics,Smartwatch,1,6250.81,15.0,UPI,Cancelled,False,False,5313.19,False
ORD202135,2025-11-18,C2256,Pooja Iyer,Chennai,Electronics,Smartwatch,3,6033.63,15.0,Net Banking,Delivered,False,False,15385.76,True
ORD200356,2025-11-18,C2316,Manish Mehta,Mumbai,Home & Kitchen,Mixer Grinder,4,3312.33,20.0,Debit Card,Delivered,False,False,10599.46,True
ORD203626,2025-11-18,C1951,Neha Gupta,Delhi,Home & Kitchen,Bedsheet Set,2,1307.36,10.0,Net Banking,Returned,False,False,2353.25,False
ORD202473,2025-11-18,C1784,Kavya Sharma,Mumbai,Home & Kitchen,Air Fryer,1,5088.31,0.0,UPI,Delivered,False,False,5088.31,True
ORD204885,2025-11-18,C1229,Vikram Singh,Ahmedabad,Beauty,Moisturiser,2,465.29,0.0,COD,Delivered,False,False,930.58,True
ORD203609,2025-11-18,C2095,Priya Gupta,Ahmedabad,Electronics,Wireless Earbuds,1,2486.0,5.0,UPI,Delivered,False,False,2361.7,True
ORD201178,2025-11-18,C1162,Riya Verma,Delhi,Home & Kitchen,Mixer Grinder,3,3148.59,0.0,Credit Card,Delivered,False,False,9445.77,True
ORD204282,2025-11-18,C1581,Aarav Patel,Pune,Books,Exam Guide,1,511.72,0.0,UPI,Delivered,False,False,511.72,True
ORD202024,2025-11-18,C1921,Isha Mehta,Hyderabad,Electronics,Wireless Earbuds,1,2646.38,0.0,UPI,Delivered,False,False,2646.38,True
ORD201016,2025-11-18,C1783,Diya Sharma,Bengaluru,Clothing,Cap,1,355.59,0.0,UPI,Delivered,False,True,355.59,True
ORD204771,2025-11-18,C1897,Priya Das,Kolkata,Electronics,Power Bank,1,1342.09,15.0,UPI,Delivered,False,False,1140.78,True
ORD202977,2025-11-18,C1634,Manish Singh,Chennai,Clothing,Hoodie,4,1471.5,0.0,COD,Delivered,False,False,5886.0,True
ORD202108,2025-11-18,C1271,Manish Patel,Delhi,Home & Kitchen,Bedsheet Set,1,1381.91,0.0,UPI,Returned,False,False,1381.91,False
ORD200445,2025-11-19,C1896,Ananya Kulkarni,Pune,Home & Kitchen,Cookware Set,1,2769.92,0.0,Debit Card,Returned,False,False,2769.92,False
ORD200676,2025-11-19,C1675,Priya Singh,Mumbai,Electronics,Bluetooth Speaker,3,1974.37,0.0,COD,Delivered,False,False,5923.11,True
ORD204386,2025-11-19,C1526,Vivaan Sharma,Hyderabad,Beauty,Hair Dryer,4,1506.2350000000001,15.0,UPI,Delivered,True,False,5121.2,True
ORD200292,2025-11-19,C1490,Karan Nair,Mumbai,Clothing,Hoodie,4,1444.52,20.0,UPI,Delivered,False,False,4622.46,True
ORD203845,2025-11-19,C2224,Pooja Iyer,Ahmedabad,Clothing,Denim Jeans,2,1895.68,0.0,Net Banking,Returned,False,False,3791.36,False
ORD201103,2025-11-19,C2245,Karan Kulkarni,Pune,Electronics,USB-C Cable,2,423.88,15.0,Credit Card,Delivered,False,False,720.6,True
ORD202209,2025-11-19,C1849,Diya Patel,Delhi,Home & Kitchen,Mixer Grinder,2,3472.52,0.0,COD,Delivered,False,False,6945.04,True
ORD201013,2025-11-19,C2017,Vikram Iyer,Delhi,Electronics,Wireless Earbuds,1,2502.05,15.0,UPI,Returned,False,False,2126.74,False
ORD200710,2025-11-19,C1612,Neha Verma,Ahmedabad,Beauty,Moisturiser,1,480.25,10.0,COD,Returned,False,False,432.22,False
ORD204617,2025-11-19,C2198,Neha Sharma,Bengaluru,Beauty,Face Wash,1,236.9,5.0,Debit Card,Delivered,False,False,225.06,True
ORD202061,2025-11-19,C1058,Riya Sharma,Delhi,Books,Comics Set,1,815.84,0.0,UPI,Delivered,False,False,815.84,True
ORD202919,2025-11-19,C1257,Vivaan Singh,Mumbai,Home & Kitchen,Cookware Set,3,3012.67,0.0,UPI,Delivered,False,False,9038.01,True
ORD203857,2025-11-19,C1088,Arjun Patel,Mumbai,Electronics,Power Bank,1,1302.1,0.0,Net Banking,Delivered,False,False,1302.1,True
ORD200896,2025-11-19,C1555,Sneha Kulkarni,Mumbai,Home & Kitchen,Bedsheet Set,1,1367.75,0.0,Net Banking,Cancelled,False,False,1367.75,False
ORD202127,2025-11-19,C1443,Pooja Reddy,Pune,Clothing,Cotton T-Shirt,2,605.38,0.0,Net Banking,Delivered,False,False,1210.76,True
ORD203926,2025-11-19,C1418,Manish Gupta,Bengaluru,Beauty,Face Wash,1,251.93,10.0,UPI,Cancelled,False,False,226.74,False
ORD204390,2025-11-19,C2078,Rahul Joshi,Pune,Beauty,Moisturiser,1,469.13,10.0,Debit Card,Delivered,False,False,422.22,True
ORD201499,2025-11-19,C1587,Aarav Mehta,Bengaluru,Home & Kitchen,Air Fryer,1,4888.73,0.0,UPI,Delivered,False,False,4888.73,True
ORD203061,2025-11-19,C1505,Kavya Verma,Hyderabad,Electronics,Power Bank,3,1363.63,15.0,Credit Card,Cancelled,False,False,3477.26,False
ORD201578,2025-11-19,C1499,Pooja Reddy,Mumbai,Home & Kitchen,Air Fryer,3,5278.08,5.0,UPI,Delivered,False,False,15042.53,True
ORD203419,2025-11-19,C1785,Neha Reddy,Bengaluru,Home & Kitchen,Bedsheet Set,2,1325.77,15.0,Debit Card,Delivered,False,False,2253.81,True
ORD204809,2025-11-19,C2214,Sanjay Kulkarni,Bengaluru,Books,Data Science Primer,4,874.19,15.0,UPI,Cancelled,False,False,2972.25,False
ORD202900,2025-11-19,C1341,Priya Sharma,Delhi,Home & Kitchen,Mixer Grinder,3,3287.03,5.0,UPI,Delivered,False,False,9368.04,True
ORD200541,2025-11-19,C1618,Aarav Joshi,Delhi,Electronics,Bluetooth Speaker,4,1950.94,0.0,Credit Card,Delivered,False,False,7803.76,True
ORD204373,2025-11-19,C1995,Neha Iyer,Kolkata,Books,Exam Guide,2,518.89,10.0,UPI,Returned,False,False,934.0,False
ORD203784,2025-11-20,C1242,Rohan Patel,Mumbai,Books,Data Science Primer,4,968.38,10.0,Credit Card,Delivered,False,False,3486.17,True
ORD200779,2025-11-20,C1893,Manish Iyer,Ahmedabad,Home & Kitchen,Cookware Set,2,2930.23,0.0,Net Banking,Cancelled,False,False,5860.46,False
ORD201020,2025-11-20,C1794,Meera Kulkarni,Kolkata,Beauty,Hair Dryer,2,1540.94,20.0,UPI,Delivered,False,False,2465.5,True
ORD203062,2025-11-20,C1851,Kavya Das,Hyderabad,Clothing,Hoodie,1,1591.36,15.0,COD,Cancelled,False,False,1352.66,False
ORD203385,2025-11-20,C1669,Rahul Verma,Bengaluru,Books,Novel,1,337.5,10.0,Credit Card,Delivered,False,False,303.75,True
ORD204618,2025-11-20,C1806,Sanjay Iyer,Bengaluru,Clothing,Cotton T-Shirt,3,608.03,10.0,UPI,Returned,False,False,1641.68,False
ORD200194,2025-11-20,C2383,Aditya Joshi,Delhi,Beauty,Lipstick,2,386.85,0.0,Credit Card,Delivered,False,False,773.7,True
ORD200296,2025-11-20,C1831,Diya Iyer,Hyderabad,Clothing,Running Shoes,1,3100.28,0.0,Net Banking,Returned,False,False,3100.28,False
ORD201336,2025-11-20,C2293,Arjun Mehta,Pune,Home & Kitchen,Mixer Grinder,2,3444.12,0.0,Credit Card,Cancelled,False,False,6888.24,False
ORD200472,2025-11-20,C1597,Priya Patel,Chennai,Clothing,Cotton T-Shirt,2,612.45,5.0,UPI,Cancelled,False,False,1163.66,False
ORD202405,2025-11-20,C2265,Vikram Reddy,Mumbai,Clothing,Cotton T-Shirt,3,594.04,10.0,Credit Card,Delivered,False,False,1603.91,True
ORD203292,2025-11-20,C2043,Diya Mehta,Bengaluru,Home & Kitchen,Bedsheet Set,3,1331.49,0.0,Net Banking,Delivered,False,False,3994.47,True
ORD204003,2025-11-20,C1185,Isha Nair,Delhi,Electronics,Wireless Earbuds,3,2473.33,10.0,Debit Card,Returned,False,False,6677.99,False
ORD200742,2025-11-20,C2302,Neha Kulkarni,Chennai,Beauty,Face Wash,1,267.99,0.0,Debit Card,Cancelled,False,False,267.99,False
ORD201994,2025-11-20,C1868,Rahul Mehta,Pune,Electronics,Wireless Earbuds,4,2596.27,20.0,UPI,Delivered,False,False,8308.06,True
ORD203961,2025-11-20,C1136,Karan Mehta,Mumbai,Electronics,Wireless Earbuds,2,2536.47,10.0,COD,Delivered,False,False,4565.65,True
ORD202489,2025-11-20,C2294,Aditya Verma,Hyderabad,Books,Novel,1,363.18,0.0,UPI,Delivered,False,False,363.18,True
ORD201789,2025-11-20,C2305,Diya Iyer,Mumbai,Electronics,Power Bank,2,1311.63,0.0,UPI,Returned,False,False,2623.26,False
ORD202118,2025-11-21,C2293,Arjun Mehta,Pune,Beauty,Hair Dryer,1,1596.13,15.0,Net Banking,Delivered,False,False,1356.71,True
ORD204088,2025-11-21,C1739,Sanjay Verma,Bengaluru,Clothing,Cotton T-Shirt,4,589.9,5.0,COD,Delivered,False,False,2241.62,True
ORD203427,2025-11-21,C2182,Riya Kulkarni,Delhi,Home & Kitchen,Air Fryer,4,4875.1,0.0,UPI,Delivered,False,False,19500.4,True
ORD204866,2025-11-21,C1541,Arjun Kulkarni,Chennai,Beauty,Lipstick,4,396.91,0.0,UPI,Delivered,False,False,1587.64,True
ORD203439,2025-11-21,C1938,Manish Iyer,Kolkata,Electronics,USB-C Cable,1,381.09,10.0,UPI,Delivered,False,False,342.98,True
ORD200245,2025-11-21,C1341,Priya Sharma,Delhi,Beauty,Hair Dryer,1,1505.89,0.0,Credit Card,Delivered,False,False,1505.89,True
ORD201870,2025-11-21,C1902,Isha Joshi,Pune,Beauty,Perfume,1,1625.92,0.0,COD,Delivered,False,False,1625.92,True
ORD200055,2025-11-21,C1197,Riya Kulkarni,Chennai,Electronics,Smartwatch,1,6453.6,0.0,Credit Card,Cancelled,False,False,6453.6,False
ORD204019,2025-11-21,C1860,Neha Gupta,Chennai,Clothing,Hoodie,4,1578.62,0.0,UPI,Delivered,False,False,6314.48,True
ORD201947,2025-11-22,C1379,Sanjay Joshi,Chennai,Books,Exam Guide,4,474.51,0.0,Debit Card,Delivered,False,False,1898.04,True
ORD201218,2025-11-22,C1530,Isha Mehta,Delhi,Beauty,Face Wash,1,237.7,0.0,Debit Card,Cancelled,False,False,237.7,False
ORD201253,2025-11-22,C1878,Isha Reddy,Chennai,Electronics,USB-C Cable,4,425.69,10.0,Credit Card,Returned,False,False,1532.48,False
ORD200041,2025-11-22,C2216,Sanjay Joshi,Kolkata,Home & Kitchen,Bedsheet Set,2,1361.41,0.0,Debit Card,Delivered,False,False,2722.82,True
ORD204299,2025-11-22,C2111,Manish Singh,Chennai,Beauty,Perfume,2,1631.85,15.0,Credit Card,Cancelled,False,False,2774.14,False
ORD204238,2025-11-22,C1850,Aarav Das,Chennai,Electronics,Smartwatch,2,5800.31,10.0,Debit Card,Cancelled,False,False,10440.56,False
ORD200731,2025-11-22,C1158,Pooja Nair,Pune,Home & Kitchen,Mixer Grinder,2,3199.1,10.0,Credit Card,Returned,False,False,5758.38,False
ORD202648,2025-11-22,C1683,Vikram Singh,Bengaluru,Electronics,Bluetooth Speaker,1,1989.16,5.0,UPI,Delivered,False,False,1889.7,True
ORD202147,2025-11-22,C1404,Ananya Das,Delhi,Beauty,Moisturiser,1,460.97,5.0,Debit Card,Delivered,False,False,437.92,True
ORD201042,2025-11-22,C1722,Manish Mehta,Pune,Electronics,USB-C Cable,3,423.3,0.0,UPI,Delivered,False,False,1269.9,True
ORD201682,2025-11-22,C1939,Aditya Joshi,Mumbai,Electronics,USB-C Cable,1,381.75,0.0,UPI,Delivered,False,False,381.75,True
ORD204156,2025-11-22,C1436,Vikram Patel,Ahmedabad,Books,Comics Set,3,770.39,0.0,UPI,Delivered,False,False,2311.17,True
ORD203167,2025-11-22,C1576,Karan Mehta,Chennai,Electronics,Bluetooth Speaker,4,2017.14,15.0,COD,Delivered,False,False,6858.28,True
ORD204400,2025-11-22,C1995,Neha Iyer,Kolkata,Electronics,Bluetooth Speaker,1,2047.33,0.0,UPI,Cancelled,False,False,2047.33,False
ORD201347,2025-11-22,C1389,Isha Iyer,Delhi,Clothing,Running Shoes,4,2867.7,10.0,UPI,Returned,False,False,10323.72,False
ORD201437,2025-11-22,C2341,Riya Patel,Pune,Home & Kitchen,Water Bottle,1,481.15,20.0,UPI,Delivered,False,False,384.92,True
ORD204352,2025-11-22,C2258,Pooja Singh,Mumbai,Books,Python Handbook,2,664.5,0.0,Credit Card,Delivered,False,False,1329.0,True
ORD200648,2025-11-22,C1886,Vivaan Patel,Kolkata,Beauty,Hair Dryer,2,1493.66,0.0,Credit Card,Cancelled,False,False,2987.32,False
ORD204078,2025-11-22,C1002,Kavya Gupta,Delhi,Home & Kitchen,Air Fryer,2,4990.24,0.0,UPI,Delivered,False,False,9980.48,True
ORD202092,2025-11-22,C2194,Isha Iyer,Delhi,Beauty,Lipstick,4,410.88,10.0,COD,Delivered,False,False,1479.17,True
ORD201267,2025-11-23,C1905,Pooja Joshi,Pune,Home & Kitchen,Cookware Set,1,2700.58,0.0,Credit Card,Returned,False,False,2700.58,False
ORD200836,2025-11-23,C2107,Arjun Patel,Mumbai,Electronics,Wireless Earbuds,1,2572.66,5.0,COD,Returned,False,False,2444.03,False
ORD201659,2025-11-23,C1312,Aarav Joshi,Hyderabad,Clothing,Denim Jeans,2,1715.02,5.0,COD,Cancelled,False,False,3258.54,False
ORD201354,2025-11-23,C1674,Ananya Gupta,Delhi,Clothing,Denim Jeans,3,1886.48,10.0,Debit Card,Delivered,False,False,5093.5,True
ORD204295,2025-11-23,C1849,Diya Patel,Delhi,Electronics,Smartwatch,4,6050.13,20.0,Debit Card,Cancelled,False,False,19360.42,False
ORD203816,2025-11-23,C1014,Aditya Das,Chennai,Books,Comics Set,4,813.5,0.0,UPI,Returned,False,False,3254.0,False
ORD202259,2025-11-23,C1085,Pooja Singh,Mumbai,Home & Kitchen,Bedsheet Set,1,1253.92,0.0,UPI,Delivered,False,False,1253.92,True
ORD202832,2025-11-23,C1359,Karan Kulkarni,Bengaluru,Electronics,Wireless Earbuds,4,2506.26,0.0,UPI,Delivered,False,False,10025.04,True
ORD200071,2025-11-23,C2184,Meera Joshi,Chennai,Clothing,Cotton T-Shirt,1,615.93,20.0,UPI,Returned,False,False,492.74,False
ORD203434,2025-11-23,C1542,Aarav Das,Chennai,Electronics,USB-C Cable,1,409.3,0.0,Credit Card,Delivered,False,False,409.3,True
ORD200231,2025-11-23,C1151,Manish Kulkarni,Delhi,Books,Exam Guide,1,519.51,5.0,UPI,Delivered,False,False,493.53,True
ORD200399,2025-11-23,C1233,Sanjay Joshi,Delhi,Beauty,Face Wash,2,250.42,0.0,Debit Card,Delivered,False,False,500.84,True
ORD201634,2025-11-23,C1468,Aarav Kulkarni,Mumbai,Books,Exam Guide,4,484.66,20.0,UPI,Delivered,False,False,1550.91,True
ORD200482,2025-11-23,C1797,Manish Gupta,Mumbai,Beauty,Perfume,1,1562.44,0.0,UPI,Delivered,False,False,1562.44,True
ORD202461,2025-11-23,C1498,Aarav Das,Delhi,Electronics,Power Bank,2,1317.74,0.0,UPI,Delivered,False,False,2635.48,True
ORD202034,2025-11-23,C2004,Vivaan Iyer,Delhi,Clothing,Cotton T-Shirt,1,628.59,0.0,UPI,Returned,False,False,628.59,False
ORD204822,2025-11-23,C2211,Ananya Joshi,Mumbai,Electronics,Wireless Earbuds,2,2506.91,15.0,COD,Delivered,False,False,4261.75,True
ORD202978,2025-11-23,C1360,Priya Sharma,Bengaluru,Electronics,Power Bank,4,1377.61,0.0,Credit Card,Delivered,False,False,5510.44,True
ORD200951,2025-11-23,C1539,Manish Mehta,Ahmedabad,Beauty,Perfume,1,1545.77,0.0,Credit Card,Delivered,False,False,1545.77,True
ORD204788,2025-11-23,C1697,Manish Gupta,Chennai,Books,Comics Set,1,841.42,20.0,UPI,Cancelled,False,False,673.14,False
ORD200141,2025-11-23,C2091,Meera Mehta,Bengaluru,Clothing,Hoodie,2,1604.32,0.0,UPI,Returned,False,False,3208.64,False
ORD201146,2025-11-23,C1723,Neha Iyer,Delhi,Clothing,Cotton T-Shirt,2,608.03,0.0,Credit Card,Delivered,True,False,1216.06,True
ORD202892,2025-11-23,C2337,Manish Sharma,Pune,Home & Kitchen,Water Bottle,3,456.56,10.0,Debit Card,Delivered,False,False,1232.71,True
ORD200865,2025-11-23,C2250,Karan Patel,Bengaluru,Clothing,Denim Jeans,1,1773.53,10.0,COD,Delivered,False,False,1596.18,True
ORD204148,2025-11-23,C1000,Rahul Kulkarni,Kolkata,Beauty,Moisturiser,4,461.13,10.0,Net Banking,Delivered,False,False,1660.07,True
ORD202496,2025-11-24,C1412,Vikram Iyer,Chennai,Beauty,Moisturiser,1,437.98,20.0,UPI,Delivered,False,False,350.38,True
ORD203088,2025-11-24,C2000,Priya Das,Mumbai,Home & Kitchen,Air Fryer,1,5281.32,0.0,COD,Cancelled,False,False,5281.32,False
ORD200308,2025-11-24,C2304,Meera Joshi,Ahmedabad,Beauty,Face Wash,1,237.33,5.0,UPI,Delivered,False,False,225.46,True
ORD200434,2025-11-24,C1800,Kavya Iyer,Mumbai,Home & Kitchen,Mixer Grinder,2,3252.07,15.0,UPI,Cancelled,False,False,5528.52,False
ORD204202,2025-11-24,C1450,Vivaan Sharma,Delhi,Home & Kitchen,Cookware Set,4,2817.0299999999997,0.0,COD,Returned,True,False,11268.12,False
ORD201564,2025-11-24,C2114,Aditya Joshi,Pune,Beauty,Face Wash,2,253.74,0.0,Credit Card,Delivered,False,False,507.48,True
ORD202825,2025-11-24,C1481,Sneha Kulkarni,Pune,Books,Python Handbook,2,672.35,15.0,Credit Card,Cancelled,False,False,1143.0,False
ORD201978,2025-11-24,C2136,Sanjay Das,Bengaluru,Beauty,Moisturiser,3,468.37,15.0,COD,Delivered,False,False,1194.34,True
ORD201163,2025-11-24,C2099,Isha Sharma,Kolkata,Beauty,Moisturiser,1,448.21,0.0,UPI,Delivered,False,False,448.21,True
ORD200256,2025-11-24,C1241,Rahul Sharma,Mumbai,Clothing,Cotton T-Shirt,2,636.8,0.0,UPI,Delivered,False,False,1273.6,True
ORD202527,2025-11-24,C1247,Sneha Singh,Chennai,Books,Novel,1,356.41,5.0,Debit Card,Returned,False,False,338.59,False
ORD204645,2025-11-24,C1889,Meera Iyer,Bengaluru,Home & Kitchen,Mixer Grinder,2,3555.73,20.0,UPI,Delivered,False,False,5689.17,True
ORD202768,2025-11-24,C1914,Sanjay Das,Mumbai,Electronics,Bluetooth Speaker,1,2020.47,0.0,UPI,Returned,True,False,2020.47,False
ORD202566,2025-11-24,C1336,Kavya Kulkarni,Delhi,Clothing,Hoodie,2,1499.87,20.0,Net Banking,Delivered,False,False,2399.79,True
ORD203730,2025-11-24,C1193,Vikram Singh,Ahmedabad,Electronics,Bluetooth Speaker,2,2080.86,0.0,Net Banking,Delivered,False,False,4161.72,True
ORD200261,2025-11-25,C1705,Kavya Joshi,Kolkata,Home & Kitchen,Air Fryer,4,5345.21,20.0,UPI,Delivered,False,False,17104.67,True
ORD202683,2025-11-25,C1550,Kavya Sharma,Mumbai,Electronics,Power Bank,4,1346.42,15.0,Net Banking,Returned,False,False,4577.83,False
ORD203302,2025-11-25,C1053,Karan Patel,Chennai,Home & Kitchen,Water Bottle,1,439.46,0.0,UPI,Cancelled,False,False,439.46,False
ORD204342,2025-11-25,C2047,Neha Gupta,Kolkata,Books,Novel,1,334.93,0.0,Net Banking,Delivered,False,False,334.93,True
ORD204965,2025-11-25,C1609,Priya Singh,Bengaluru,Home & Kitchen,Water Bottle,1,471.38,10.0,Debit Card,Delivered,False,False,424.24,True
ORD200510,2025-11-25,C1428,Arjun Patel,Mumbai,Clothing,Hoodie,1,1462.69,0.0,Credit Card,Delivered,False,False,1462.69,True
ORD200785,2025-11-25,C1254,Aarav Sharma,Chennai,Electronics,USB-C Cable,4,397.56,0.0,UPI,Delivered,False,False,1590.24,True
ORD201874,2025-11-25,C1565,Isha Nair,Bengaluru,Electronics,Bluetooth Speaker,2,2113.4,10.0,UPI,Cancelled,False,False,3804.12,False
ORD201847,2025-11-25,C2020,Karan Gupta,Delhi,Beauty,Face Wash,1,260.77,0.0,UPI,Returned,False,False,260.77,False
ORD200620,2025-11-25,C1046,Riya Iyer,Delhi,Electronics,USB-C Cable,1,421.05,0.0,UPI,Delivered,False,False,421.05,True
ORD202666,2025-11-25,C1142,Priya Singh,Bengaluru,Electronics,Wireless Earbuds,2,2657.95,0.0,Credit Card,Returned,False,False,5315.9,False
ORD200155,2025-11-25,C1662,Rohan Nair,Mumbai,Clothing,Hoodie,4,1564.78,0.0,UPI,Returned,False,False,6259.12,False
ORD200554,2025-11-25,C2064,Priya Joshi,Pune,Electronics,Power Bank,3,1352.5,15.0,COD,Delivered,False,False,3448.88,True
ORD201036,2025-11-26,C1874,Arjun Gupta,Chennai,Beauty,Hair Dryer,2,1438.73,0.0,UPI,Delivered,False,False,2877.46,True
ORD204014,2025-11-26,C1701,Riya Das,Delhi,Beauty,Moisturiser,3,464.22,5.0,Credit Card,Delivered,False,False,1323.03,True
ORD201327,2025-11-26,C1878,Isha Reddy,Chennai,Home & Kitchen,Mixer Grinder,1,3312.17,10.0,UPI,Delivered,False,False,2980.95,True
ORD204522,2025-11-26,C1933,Neha Joshi,Delhi,Electronics,Bluetooth Speaker,2,2129.73,20.0,Net Banking,Cancelled,False,False,3407.57,False
ORD201736,2025-11-26,C1984,Ananya Iyer,Kolkata,Clothing,Cap,2,375.87,5.0,Net Banking,Returned,False,False,714.15,False
ORD201277,2025-11-26,C2192,Diya Gupta,Mumbai,Clothing,Hoodie,3,1462.34,0.0,UPI,Delivered,False,False,4387.02,True
ORD202731,2025-11-26,C2188,Vivaan Patel,Delhi,Electronics,USB-C Cable,1,419.14,0.0,COD,Delivered,False,False,419.14,True
ORD203226,2025-11-26,C1359,Karan Kulkarni,Bengaluru,Clothing,Running Shoes,1,3052.49,10.0,Credit Card,Returned,False,False,2747.24,False
ORD200982,2025-11-26,C1042,Rohan Kulkarni,Bengaluru,Beauty,Moisturiser,3,448.5,0.0,UPI,Returned,False,False,1345.5,False
ORD201547,2025-11-26,C1540,Rohan Mehta,Ahmedabad,Home & Kitchen,Bedsheet Set,4,1279.22,5.0,Debit Card,Cancelled,False,False,4861.04,False
ORD203399,2025-11-26,C1540,Rohan Mehta,Ahmedabad,Home & Kitchen,Mixer Grinder,4,3195.49,5.0,Debit Card,Delivered,False,False,12142.86,True
ORD202659,2025-11-26,C1101,Meera Verma,Ahmedabad,Beauty,Moisturiser,1,477.2,0.0,Debit Card,Delivered,False,False,477.2,True
ORD204333,2025-11-26,C1045,Rohan Kulkarni,Mumbai,Clothing,Running Shoes,3,3013.05,0.0,UPI,Delivered,False,False,9039.15,True
ORD200183,2025-11-26,C2342,Ananya Kulkarni,Kolkata,Home & Kitchen,Mixer Grinder,1,3260.4,0.0,COD,Delivered,False,True,3260.4,True
ORD204541,2025-11-26,C1982,Rahul Verma,Delhi,Electronics,Smartwatch,1,6216.75,15.0,COD,Delivered,False,False,5284.24,True
ORD203357,2025-11-26,C1794,Meera Kulkarni,Kolkata,Clothing,Cap,3,336.47,0.0,UPI,Delivered,False,False,1009.41,True
ORD201687,2025-11-26,C1048,Sanjay Patel,Delhi,Beauty,Hair Dryer,1,1491.82,0.0,Net Banking,Delivered,False,False,1491.82,True
ORD203818,2025-11-26,C1299,Rahul Patel,Delhi,Electronics,Power Bank,4,1280.77,5.0,Debit Card,Delivered,False,False,4866.93,True
ORD200859,2025-11-26,C1250,Vivaan Das,Mumbai,Beauty,Perfume,2,1554.27,20.0,Debit Card,Cancelled,False,False,2486.83,False
ORD201951,2025-11-26,C2177,Arjun Kulkarni,Pune,Home & Kitchen,Water Bottle,2,452.87,0.0,UPI,Cancelled,False,False,905.74,False
ORD200923,2025-11-26,C1970,Diya Verma,Mumbai,Home & Kitchen,Water Bottle,2,478.24,0.0,Credit Card,Delivered,False,False,956.48,True
ORD200449,2025-11-26,C2379,Ananya Verma,Bengaluru,Home & Kitchen,Cookware Set,1,2673.14,0.0,Debit Card,Delivered,False,False,2673.14,True
ORD200909,2025-11-26,C2087,Sanjay Joshi,Pune,Home & Kitchen,Bedsheet Set,1,1314.36,0.0,UPI,Delivered,False,False,1314.36,True
ORD203582,2025-11-27,C1394,Arjun Sharma,Mumbai,Electronics,Smartwatch,4,5989.81,15.0,UPI,Delivered,False,False,20365.35,True
ORD200812,2025-11-27,C1742,Isha Gupta,Pune,Home & Kitchen,Mixer Grinder,1,3183.99,0.0,UPI,Returned,False,False,3183.99,False
ORD204367,2025-11-27,C1467,Priya Patel,Bengaluru,Electronics,Bluetooth Speaker,1,2012.75,20.0,UPI,Delivered,False,False,1610.2,True
ORD203170,2025-11-27,C1443,Pooja Reddy,Pune,Books,Novel,1,362.68,0.0,COD,Cancelled,False,False,362.68,False
ORD203411,2025-11-27,C1177,Pooja Reddy,Mumbai,Clothing,Running Shoes,2,2874.64,20.0,Credit Card,Returned,False,False,4599.42,False
ORD200758,2025-11-27,C1007,Riya Kulkarni,Kolkata,Beauty,Moisturiser,1,427.92,0.0,UPI,Delivered,False,False,427.92,True
ORD202982,2025-11-27,C1922,Isha Joshi,Mumbai,Beauty,Lipstick,1,411.84,15.0,UPI,Delivered,False,False,350.06,True
ORD200807,2025-11-27,C1099,Diya Reddy,Bengaluru,Clothing,Hoodie,2,1491.24,5.0,Net Banking,Delivered,False,False,2833.36,True
ORD200804,2025-11-27,C1677,Meera Gupta,Delhi,Clothing,Cotton T-Shirt,3,613.26,0.0,UPI,Delivered,False,True,1839.78,True
ORD204922,2025-11-27,C1435,Riya Mehta,Delhi,Electronics,Wireless Earbuds,2,2610.48,0.0,Net Banking,Delivered,False,False,5220.96,True
ORD204634,2025-11-27,C1867,Diya Iyer,Bengaluru,Clothing,Cotton T-Shirt,1,603.98,0.0,Credit Card,Returned,False,True,603.98,False
ORD202964,2025-11-28,C2323,Riya Reddy,Kolkata,Clothing,Denim Jeans,2,1900.43,0.0,UPI,Delivered,False,False,3800.86,True
ORD200157,2025-11-28,C2168,Arjun Joshi,Ahmedabad,Beauty,Hair Dryer,2,1506.2350000000001,0.0,Debit Card,Delivered,True,False,3012.47,True
ORD200232,2025-11-28,C1204,Manish Verma,Delhi,Beauty,Lipstick,4,387.6,5.0,UPI,Delivered,False,False,1472.88,True
ORD200112,2025-11-28,C1982,Rahul Verma,Delhi,Clothing,Running Shoes,1,3028.95,0.0,Debit Card,Delivered,False,False,3028.95,True
ORD202765,2025-11-28,C2132,Meera Verma,Bengaluru,Beauty,Perfume,2,1634.41,20.0,Net Banking,Delivered,False,False,2615.06,True
ORD201670,2025-11-28,C1160,Vivaan Sharma,Pune,Home & Kitchen,Air Fryer,1,5001.14,0.0,Unknown,Delivered,False,False,5001.14,True
ORD201092,2025-11-28,C1577,Karan Verma,Chennai,Electronics,USB-C Cable,1,423.1,10.0,Debit Card,Delivered,False,False,380.79,True
ORD200152,2025-11-28,C1933,Neha Joshi,Delhi,Clothing,Cotton T-Shirt,3,625.55,5.0,UPI,Returned,False,False,1782.82,False
ORD200436,2025-11-28,C1447,Sanjay Kulkarni,Mumbai,Electronics,Wireless Earbuds,1,2425.07,0.0,UPI,Delivered,False,False,2425.07,True
ORD203462,2025-11-28,C1038,Meera Joshi,Ahmedabad,Clothing,Cotton T-Shirt,3,586.11,10.0,Credit Card,Delivered,False,False,1582.5,True
ORD204240,2025-11-28,C1086,Vivaan Gupta,Mumbai,Beauty,Lipstick,1,383.01,15.0,Credit Card,Delivered,False,False,325.56,True
ORD202197,2025-11-28,C1318,Manish Patel,Ahmedabad,Electronics,Bluetooth Speaker,3,2090.41,5.0,UPI,Delivered,False,False,5957.67,True
ORD201849,2025-11-28,C2385,Ananya Patel,Pune,Electronics,Power Bank,2,1275.46,10.0,UPI,Delivered,False,False,2295.83,True
ORD201980,2025-11-28,C2248,Isha Mehta,Mumbai,Home & Kitchen,Water Bottle,3,456.25,10.0,Net Banking,Cancelled,False,False,1231.88,False
ORD201772,2025-11-28,C1715,Manish Gupta,Mumbai,Beauty,Perfume,3,1628.69,20.0,Debit Card,Delivered,False,False,3908.86,True
ORD201644,2025-11-28,C2369,Meera Patel,Chennai,Books,Data Science Primer,1,922.36,0.0,Credit Card,Delivered,False,False,922.36,True
ORD203143,2025-11-28,C1990,Kavya Reddy,Delhi,Clothing,Cotton T-Shirt,4,598.47,0.0,Credit Card,Returned,False,False,2393.88,False
ORD204255,2025-11-28,C2344,Rohan Mehta,Mumbai,Electronics,Power Bank,1,1392.93,0.0,UPI,Returned,False,False,1392.93,False
ORD203425,2025-11-28,C1498,Aarav Das,Delhi,Clothing,Running Shoes,1,3141.51,0.0,Debit Card,Delivered,False,False,3141.51,True
ORD201960,2025-11-28,C1100,Rahul Singh,Bengaluru,Clothing,Cotton T-Shirt,1,569.17,10.0,Debit Card,Delivered,False,False,512.25,True
ORD204746,2025-11-29,C1545,Diya Patel,Chennai,Electronics,Power Bank,1,1325.66,15.0,Debit Card,Returned,False,False,1126.81,False
ORD201037,2025-11-29,C2027,Meera Gupta,Hyderabad,Clothing,Running Shoes,2,3026.23,15.0,UPI,Delivered,False,False,5144.59,True
ORD201082,2025-11-29,C2120,Aditya Verma,Kolkata,Clothing,Hoodie,1,1596.39,10.0,UPI,Delivered,False,False,1436.75,True
ORD202829,2025-11-29,C1508,Manish Sharma,Hyderabad,Electronics,Bluetooth Speaker,2,1966.96,15.0,Debit Card,Delivered,False,False,3343.83,True
ORD202440,2025-11-29,C2353,Sanjay Iyer,Kolkata,Clothing,Hoodie,3,1596.82,0.0,COD,Delivered,False,False,4790.46,True
ORD202331,2025-11-29,C2110,Isha Das,Delhi,Beauty,Moisturiser,3,432.3,0.0,COD,Returned,False,False,1296.9,False
ORD201211,2025-11-29,C1331,Rahul Das,Hyderabad,Books,Comics Set,1,790.17,5.0,Credit Card,Returned,False,False,750.66,False
ORD201655,2025-11-29,C1570,Kavya Gupta,Kolkata,Beauty,Lipstick,2,387.9,20.0,Credit Card,Cancelled,False,False,620.64,False
ORD200120,2025-11-29,C1614,Neha Gupta,Ahmedabad,Beauty,Moisturiser,4,470.97,10.0,Credit Card,Cancelled,False,False,1695.49,False
ORD203773,2025-11-29,C2352,Aarav Reddy,Bengaluru,Beauty,Lipstick,4,425.76,5.0,Net Banking,Returned,False,False,1617.89,False
ORD200170,2025-11-29,C1103,Kavya Singh,Mumbai,Books,Comics Set,1,779.26,0.0,UPI,Delivered,False,False,779.26,True
ORD200301,2025-11-29,C1151,Manish Kulkarni,Delhi,Clothing,Running Shoes,1,3164.88,0.0,UPI,Cancelled,False,False,3164.88,False
ORD204939,2025-11-29,C1599,Sneha Gupta,Ahmedabad,Home & Kitchen,Air Fryer,4,5186.87,0.0,Credit Card,Returned,False,False,20747.48,False
ORD202114,2025-11-29,C2157,Riya Gupta,Delhi,Beauty,Moisturiser,2,441.02,15.0,COD,Cancelled,False,False,749.73,False
ORD201418,2025-11-29,C1261,Aditya Nair,Mumbai,Electronics,Bluetooth Speaker,1,2051.2,15.0,Debit Card,Cancelled,False,False,1743.52,False
ORD203745,2025-11-29,C1275,Priya Reddy,Delhi,Books,Comics Set,1,786.93,0.0,UPI,Delivered,False,False,786.93,True
ORD201613,2025-11-29,C1099,Diya Reddy,Bengaluru,Beauty,Hair Dryer,4,1544.52,0.0,Credit Card,Delivered,False,False,6178.08,True
ORD201236,2025-11-29,C2147,Sneha Reddy,Bengaluru,Beauty,Moisturiser,1,458.98,0.0,Debit Card,Cancelled,False,False,458.98,False
ORD200451,2025-11-30,C2194,Isha Iyer,Delhi,Electronics,Bluetooth Speaker,2,2045.12,0.0,Net Banking,Delivered,False,False,4090.24,True
ORD203904,2025-11-30,C2149,Neha Das,Mumbai,Beauty,Lipstick,1,421.06,10.0,Credit Card,Delivered,False,False,378.95,True
ORD201316,2025-11-30,C1507,Isha Joshi,Bengaluru,Beauty,Lipstick,2,411.66,20.0,UPI,Cancelled,False,False,658.66,False
ORD203403,2025-11-30,C1582,Neha Das,Hyderabad,Beauty,Perfume,1,1691.28,0.0,Debit Card,Delivered,False,False,1691.28,True
ORD202174,2025-11-30,C1150,Arjun Joshi,Delhi,Clothing,Cap,2,359.92,0.0,UPI,Delivered,False,True,719.84,True
ORD203807,2025-11-30,C2069,Pooja Singh,Delhi,Home & Kitchen,Mixer Grinder,1,3476.38,5.0,Debit Card,Cancelled,False,False,3302.56,False
ORD201787,2025-11-30,C1083,Pooja Singh,Ahmedabad,Electronics,Bluetooth Speaker,1,2109.52,15.0,Net Banking,Delivered,False,False,1793.09,True
ORD204699,2025-11-30,C1789,Aarav Patel,Bengaluru,Clothing,Hoodie,1,1424.06,0.0,COD,Delivered,False,False,1424.06,True
ORD202777,2025-11-30,C1423,Karan Mehta,Bengaluru,Home & Kitchen,Water Bottle,1,477.68,20.0,Debit Card,Delivered,False,False,382.14,True
ORD203245,2025-11-30,C1775,Vikram Das,Kolkata,Home & Kitchen,Mixer Grinder,2,3449.13,5.0,UPI,Delivered,False,False,6553.35,True
ORD201599,2025-11-30,C1643,Vivaan Mehta,Mumbai,Beauty,Perfume,4,1555.14,20.0,UPI,Returned,False,False,4976.45,False
ORD200903,2025-11-30,C1517,Meera Mehta,Pune,Beauty,Moisturiser,1,478.87,15.0,UPI,Cancelled,False,False,407.04,False
ORD203815,2025-11-30,C2139,Rahul Kulkarni,Bengaluru,Electronics,USB-C Cable,4,406.98,20.0,Credit Card,Delivered,False,False,1302.34,True
ORD200946,2025-11-30,C1858,Vikram Nair,Mumbai,Beauty,Perfume,4,1695.56,0.0,Credit Card,Delivered,False,False,6782.24,True
ORD201928,2025-11-30,C1342,Vikram Verma,Bengaluru,Clothing,Hoodie,4,1465.25,0.0,UPI,Delivered,False,False,5861.0,True
ORD200576,2025-11-30,C2116,Neha Patel,Delhi,Home & Kitchen,Bedsheet Set,1,1258.46,5.0,UPI,Delivered,False,False,1195.54,True
ORD200746,2025-11-30,C1860,Neha Gupta,Chennai,Beauty,Face Wash,3,252.3,5.0,Net Banking,Delivered,False,False,719.06,True
ORD200351,2025-11-30,C1098,Aditya Sharma,Mumbai,Books,Exam Guide,1,485.91,15.0,UPI,Returned,False,False,413.02,False
ORD201426,2025-11-30,C1266,Sanjay Iyer,Bengaluru,Electronics,Power Bank,2,1311.3,15.0,Debit Card,Delivered,True,False,2229.21,True
ORD203280,2025-11-30,C2066,Vivaan Sharma,Bengaluru,Clothing,Running Shoes,1,3167.38,20.0,Net Banking,Delivered,False,False,2533.9,True
ORD203106,2025-11-30,C2344,Rohan Mehta,Mumbai,Electronics,USB-C Cable,4,388.34,0.0,Debit Card,Delivered,False,False,1553.36,True
ORD203751,2025-11-30,C2266,Aarav Patel,Ahmedabad,Clothing,Cap,1,371.6,10.0,UPI,Delivered,False,False,334.44,True
ORD202492,2025-11-30,C1288,Rahul Iyer,Kolkata,Clothing,Hoodie,2,1607.13,15.0,Net Banking,Returned,False,False,2732.12,False
ORD204332,2025-12-01,C1147,Vikram Reddy,Chennai,Beauty,Hair Dryer,3,1463.78,5.0,UPI,Delivered,False,False,4171.77,True
ORD203571,2025-12-01,C2397,Rohan Verma,Delhi,Books,Python Handbook,4,726.53,0.0,UPI,Delivered,False,False,2906.12,True
ORD202307,2025-12-01,C1136,Karan Mehta,Mumbai,Electronics,USB-C Cable,1,427.89,0.0,COD,Delivered,False,False,427.89,True
ORD203273,2025-12-01,C1405,Kavya Sharma,Bengaluru,Home & Kitchen,Mixer Grinder,4,3341.85,15.0,Debit Card,Cancelled,False,False,11362.29,False
ORD201197,2025-12-01,C1059,Vivaan Patel,Mumbai,Electronics,Bluetooth Speaker,3,2147.48,15.0,COD,Delivered,False,False,5476.07,True
ORD201295,2025-12-01,C1733,Pooja Singh,Hyderabad,Home & Kitchen,Cookware Set,1,2759.4,0.0,Net Banking,Delivered,False,False,2759.4,True
ORD203839,2025-12-01,C1408,Riya Singh,Bengaluru,Electronics,Bluetooth Speaker,1,2079.15,5.0,Net Banking,Cancelled,False,False,1975.19,False
ORD200730,2025-12-01,C1972,Vikram Patel,Mumbai,Books,Novel,3,353.43,5.0,COD,Delivered,True,False,1007.28,True
ORD204480,2025-12-01,C2178,Isha Mehta,Delhi,Clothing,Cotton T-Shirt,1,635.45,0.0,UPI,Returned,False,False,635.45,False
ORD204670,2025-12-01,C1316,Neha Iyer,Mumbai,Beauty,Moisturiser,3,484.44,20.0,UPI,Cancelled,False,False,1162.66,False
ORD204499,2025-12-01,C1586,Kavya Nair,Chennai,Clothing,Denim Jeans,1,1827.91,0.0,UPI,Returned,True,False,1827.91,False
ORD201542,2025-12-01,C1806,Sanjay Iyer,Bengaluru,Beauty,Lipstick,4,384.12,5.0,Debit Card,Delivered,False,False,1459.66,True
ORD202914,2025-12-01,C1064,Rahul Nair,Bengaluru,Beauty,Moisturiser,1,472.5,15.0,UPI,Returned,False,False,401.62,False
ORD204062,2025-12-01,C1037,Riya Reddy,Ahmedabad,Home & Kitchen,Air Fryer,1,4766.83,0.0,UPI,Delivered,False,True,4766.83,True
ORD200386,2025-12-01,C2048,Arjun Mehta,Kolkata,Home & Kitchen,Bedsheet Set,3,1292.68,20.0,Credit Card,Returned,False,False,3102.43,False
ORD203545,2025-12-01,C2075,Sanjay Sharma,Ahmedabad,Home & Kitchen,Bedsheet Set,1,1400.17,15.0,COD,Delivered,False,False,1190.14,True
ORD200052,2025-12-01,C1379,Sanjay Joshi,Chennai,Beauty,Lipstick,2,409.54,0.0,Net Banking,Delivered,False,False,819.08,True
ORD204322,2025-12-01,C1859,Pooja Das,Chennai,Home & Kitchen,Cookware Set,1,3019.56,15.0,UPI,Delivered,False,False,2566.63,True
ORD200969,2025-12-01,C2266,Aarav Patel,Ahmedabad,Home & Kitchen,Water Bottle,1,461.49,0.0,UPI,Delivered,False,False,461.49,True
ORD202691,2025-12-01,C1249,Isha Nair,Kolkata,Home & Kitchen,Mixer Grinder,1,3480.03,5.0,UPI,Delivered,False,False,3306.03,True
ORD201334,2025-12-01,C1231,Sanjay Iyer,Mumbai,Clothing,Denim Jeans,2,1855.54,20.0,Debit Card,Delivered,False,False,2968.86,True
ORD201038,2025-12-02,C2064,Priya Joshi,Pune,Books,Python Handbook,1,692.7,0.0,COD,Delivered,False,False,692.7,True
ORD201373,2025-12-02,C1708,Isha Mehta,Bengaluru,Books,Data Science Primer,1,917.53,0.0,Net Banking,Delivered,False,False,917.53,True
ORD201617,2025-12-02,C1656,Rahul Singh,Chennai,Books,Data Science Primer,1,965.82,15.0,UPI,Delivered,False,False,820.95,True
ORD200216,2025-12-02,C1685,Vivaan Sharma,Pune,Electronics,Smartwatch,2,6079.73,0.0,UPI,Delivered,False,False,12159.46,True
ORD201341,2025-12-02,C1244,Rahul Verma,Delhi,Home & Kitchen,Water Bottle,1,434.06,10.0,Net Banking,Returned,False,False,390.65,False
ORD204755,2025-12-02,C1395,Pooja Patel,Pune,Electronics,Bluetooth Speaker,3,1913.41,0.0,UPI,Delivered,False,False,5740.23,True
ORD204836,2025-12-02,C1218,Meera Patel,Bengaluru,Home & Kitchen,Air Fryer,1,4981.75,0.0,UPI,Cancelled,False,False,4981.75,False
ORD204921,2025-12-02,C1716,Neha Verma,Mumbai,Clothing,Running Shoes,1,3205.85,20.0,Credit Card,Delivered,False,False,2564.68,True
ORD200778,2025-12-02,C2317,Riya Gupta,Delhi,Beauty,Face Wash,4,253.22,20.0,Credit Card,Delivered,False,False,810.3,True
ORD203005,2025-12-02,C1562,Kavya Patel,Chennai,Home & Kitchen,Air Fryer,1,5336.13,10.0,Net Banking,Returned,False,False,4802.52,False
ORD202163,2025-12-02,C1636,Riya Singh,Pune,Home & Kitchen,Mixer Grinder,2,3518.24,0.0,COD,Cancelled,False,False,7036.48,False
ORD202407,2025-12-02,C1047,Rohan Das,Bengaluru,Home & Kitchen,Cookware Set,2,2699.55,0.0,UPI,Delivered,False,False,5399.1,True
ORD202185,2025-12-02,C2229,Riya Iyer,Bengaluru,Electronics,Bluetooth Speaker,1,2124.35,20.0,UPI,Delivered,False,False,1699.48,True
ORD203244,2025-12-02,C2375,Manish Singh,Mumbai,Home & Kitchen,Mixer Grinder,2,3489.43,0.0,Debit Card,Delivered,False,False,6978.86,True
ORD203228,2025-12-02,C1715,Manish Gupta,Mumbai,Beauty,Lipstick,2,385.97,15.0,UPI,Returned,False,False,656.15,False
ORD202023,2025-12-03,C1486,Vikram Iyer,Bengaluru,Electronics,Power Bank,4,1389.06,20.0,Debit Card,Delivered,False,False,4444.99,True
ORD204749,2025-12-03,C2302,Neha Kulkarni,Chennai,Electronics,Power Bank,1,1366.67,15.0,Debit Card,Delivered,False,False,1161.67,True
ORD202334,2025-12-03,C1117,Diya Joshi,Kolkata,Clothing,Cap,3,334.67,15.0,Credit Card,Cancelled,False,False,853.41,False
ORD203128,2025-12-03,C2237,Isha Sharma,Chennai,Home & Kitchen,Water Bottle,1,455.56,5.0,UPI,Delivered,False,False,432.78,True
ORD204311,2025-12-03,C1587,Aarav Mehta,Bengaluru,Clothing,Cap,1,354.69,15.0,UPI,Returned,False,False,301.49,False
ORD200323,2025-12-03,C2311,Sneha Verma,Hyderabad,Clothing,Cotton T-Shirt,2,606.12,15.0,Credit Card,Delivered,False,False,1030.4,True
ORD203521,2025-12-03,C1376,Priya Kulkarni,Chennai,Electronics,Wireless Earbuds,2,2601.88,0.0,Debit Card,Returned,False,True,5203.76,False
ORD201420,2025-12-03,C1950,Neha Kulkarni,Delhi,Clothing,Hoodie,2,1567.64,15.0,Net Banking,Delivered,False,False,2664.99,True
ORD202916,2025-12-03,C1043,Neha Das,Bengaluru,Home & Kitchen,Air Fryer,1,5352.43,15.0,UPI,Delivered,False,False,4549.57,True
ORD201061,2025-12-03,C1937,Manish Mehta,Hyderabad,Beauty,Perfume,1,1538.69,0.0,Credit Card,Delivered,False,False,1538.69,True
ORD204275,2025-12-03,C1892,Diya Singh,Mumbai,Clothing,Cotton T-Shirt,2,644.27,20.0,COD,Delivered,False,False,1030.83,True
ORD202971,2025-12-03,C1566,Neha Kulkarni,Delhi,Beauty,Perfume,1,1582.9,10.0,COD,Delivered,False,False,1424.61,True
ORD201000,2025-12-03,C1655,Manish Nair,Delhi,Beauty,Perfume,3,1634.01,5.0,UPI,Delivered,False,False,4656.93,True
ORD202094,2025-12-03,C1817,Priya Patel,Chennai,Beauty,Perfume,4,1540.51,10.0,UPI,Returned,False,False,5545.84,False
ORD201502,2025-12-03,C2273,Vivaan Patel,Hyderabad,Electronics,Bluetooth Speaker,4,2076.04,0.0,Credit Card,Delivered,False,False,8304.16,True
ORD200088,2025-12-03,C2067,Rohan Reddy,Delhi,Beauty,Perfume,1,1653.87,10.0,Credit Card,Delivered,False,False,1488.48,True
ORD203110,2025-12-03,C1058,Riya Sharma,Delhi,Home & Kitchen,Water Bottle,2,461.02,0.0,Credit Card,Delivered,False,False,922.04,True
ORD202464,2025-12-03,C1376,Priya Kulkarni,Chennai,Electronics,Wireless Earbuds,3,2436.15,0.0,Net Banking,Delivered,False,False,7308.45,True
ORD204992,2025-12-03,C2262,Ananya Nair,Pune,Clothing,Cotton T-Shirt,1,615.66,20.0,UPI,Delivered,False,False,492.53,True
ORD201814,2025-12-03,C1239,Riya Patel,Mumbai,Clothing,Hoodie,4,1526.505,0.0,Credit Card,Delivered,True,True,6106.02,True
ORD203038,2025-12-03,C2098,Vikram Patel,Hyderabad,Home & Kitchen,Water Bottle,3,466.09,0.0,Debit Card,Cancelled,False,False,1398.27,False
ORD203726,2025-12-03,C1390,Diya Reddy,Delhi,Books,Data Science Primer,2,866.89,0.0,COD,Delivered,False,False,1733.78,True
ORD201160,2025-12-03,C1425,Pooja Gupta,Chennai,Beauty,Lipstick,1,389.36,0.0,Debit Card,Delivered,False,False,389.36,True
ORD202184,2025-12-03,C2279,Aarav Das,Delhi,Clothing,Cotton T-Shirt,2,603.27,5.0,Credit Card,Delivered,False,False,1146.21,True
ORD200102,2025-12-03,C1160,Vivaan Sharma,Pune,Clothing,Cap,1,348.97,20.0,Debit Card,Delivered,False,False,279.18,True
ORD203382,2025-12-03,C1157,Sneha Das,Mumbai,Home & Kitchen,Water Bottle,2,429.98,0.0,Net Banking,Delivered,False,False,859.96,True
ORD200233,2025-12-03,C1984,Ananya Iyer,Kolkata,Home & Kitchen,Mixer Grinder,2,3535.4,0.0,COD,Cancelled,False,False,7070.8,False
ORD202796,2025-12-03,C1622,Meera Gupta,Mumbai,Beauty,Lipstick,3,385.24,0.0,Debit Card,Cancelled,False,False,1155.72,False
ORD201019,2025-12-03,C1164,Vivaan Mehta,Bengaluru,Electronics,USB-C Cable,2,408.19,0.0,Debit Card,Delivered,False,False,816.38,True
ORD200808,2025-12-04,C1150,Arjun Joshi,Delhi,Beauty,Moisturiser,2,455.95,0.0,UPI,Delivered,True,False,911.9,True
ORD200490,2025-12-04,C2300,Neha Singh,Mumbai,Clothing,Denim Jeans,1,1805.54,20.0,Credit Card,Returned,False,False,1444.43,False
ORD202007,2025-12-04,C1593,Karan Iyer,Ahmedabad,Beauty,Moisturiser,1,441.41,0.0,Debit Card,Delivered,False,False,441.41,True
ORD204331,2025-12-04,C1036,Diya Patel,Delhi,Clothing,Running Shoes,1,3222.52,0.0,UPI,Delivered,False,False,3222.52,True
ORD204996,2025-12-04,C2120,Aditya Verma,Kolkata,Beauty,Hair Dryer,1,1445.48,5.0,UPI,Delivered,False,False,1373.21,True
ORD201611,2025-12-04,C2374,Kavya Patel,Mumbai,Home & Kitchen,Air Fryer,2,4753.63,0.0,Net Banking,Delivered,False,False,9507.26,True
ORD200642,2025-12-04,C1025,Priya Singh,Hyderabad,Electronics,Power Bank,1,1283.78,10.0,Debit Card,Returned,False,False,1155.4,False
ORD200042,2025-12-04,C1717,Sneha Mehta,Delhi,Clothing,Hoodie,1,1460.95,0.0,UPI,Delivered,False,False,1460.95,True
ORD203619,2025-12-04,C2156,Rohan Das,Chennai,Clothing,Denim Jeans,1,1871.06,5.0,Debit Card,Delivered,False,False,1777.51,True
ORD203797,2025-12-04,C1069,Meera Das,Mumbai,Beauty,Face Wash,2,253.03,0.0,COD,Returned,False,False,506.06,False
ORD204567,2025-12-04,C1485,Karan Nair,Mumbai,Books,Exam Guide,4,516.08,15.0,COD,Delivered,False,False,1754.67,True
ORD202565,2025-12-05,C2219,Manish Iyer,Hyderabad,Electronics,Wireless Earbuds,1,2505.51,0.0,UPI,Delivered,False,False,2505.51,True
ORD202911,2025-12-05,C1141,Sneha Joshi,Mumbai,Books,Comics Set,2,811.12,0.0,UPI,Delivered,False,False,1622.24,True
ORD200018,2025-12-05,C1420,Rahul Das,Delhi,Home & Kitchen,Mixer Grinder,4,3559.1,10.0,Debit Card,Delivered,False,False,12812.76,True
ORD204274,2025-12-05,C1745,Ananya Nair,Pune,Electronics,Bluetooth Speaker,4,2067.21,0.0,UPI,Cancelled,False,False,8268.84,False
ORD203597,2025-12-05,C1060,Manish Nair,Mumbai,Clothing,Cotton T-Shirt,1,645.21,10.0,UPI,Delivered,False,False,580.69,True
ORD202656,2025-12-05,C1058,Riya Sharma,Delhi,Home & Kitchen,Cookware Set,1,2815.91,20.0,UPI,Delivered,False,False,2252.73,True
ORD203503,2025-12-05,C1214,Rahul Gupta,Mumbai,Beauty,Face Wash,1,249.26,10.0,UPI,Delivered,False,False,224.33,True
ORD201673,2025-12-05,C1728,Aarav Mehta,Hyderabad,Home & Kitchen,Cookware Set,3,2697.76,20.0,UPI,Delivered,False,False,6474.62,True
ORD200734,2025-12-05,C2103,Kavya Singh,Delhi,Beauty,Lipstick,1,389.09,5.0,Debit Card,Delivered,False,False,369.64,True
ORD203377,2025-12-05,C2272,Isha Nair,Kolkata,Books,Python Handbook,4,747.28,20.0,COD,Cancelled,False,False,2391.3,False
ORD201645,2025-12-05,C1623,Neha Gupta,Delhi,Books,Comics Set,4,813.39,0.0,UPI,Returned,False,True,3253.56,False
ORD204777,2025-12-05,C1831,Diya Iyer,Hyderabad,Clothing,Hoodie,3,1609.74,20.0,UPI,Cancelled,False,False,3863.38,False
ORD200784,2025-12-05,C2167,Isha Singh,Mumbai,Electronics,Wireless Earbuds,1,2465.02,0.0,Debit Card,Delivered,False,False,2465.02,True
ORD203391,2025-12-05,C1621,Diya Verma,Bengaluru,Electronics,Wireless Earbuds,2,2636.27,0.0,Credit Card,Returned,False,False,5272.54,False
ORD202329,2025-12-05,C1661,Vikram Patel,Bengaluru,Electronics,Smartwatch,2,6400.72,0.0,UPI,Returned,False,False,12801.44,False
ORD202570,2025-12-06,C1689,Riya Mehta,Kolkata,Home & Kitchen,Cookware Set,1,2920.72,0.0,Credit Card,Delivered,False,False,2920.72,True
ORD200367,2025-12-06,C1304,Aditya Reddy,Pune,Electronics,Bluetooth Speaker,2,2029.65,10.0,COD,Delivered,False,False,3653.37,True
ORD204523,2025-12-06,C1091,Arjun Reddy,Delhi,Clothing,Cap,1,349.76,10.0,UPI,Delivered,False,False,314.78,True
ORD201046,2025-12-06,C1044,Vivaan Kulkarni,Bengaluru,Books,Data Science Primer,2,880.28,20.0,COD,Delivered,False,False,1408.45,True
ORD201425,2025-12-06,C2001,Arjun Joshi,Chennai,Electronics,Smartwatch,2,6280.69,15.0,Credit Card,Returned,False,False,10677.17,False
ORD203155,2025-12-06,C1990,Kavya Reddy,Delhi,Beauty,Lipstick,2,390.54,0.0,UPI,Delivered,False,False,781.08,True
ORD203028,2025-12-06,C1858,Vikram Nair,Mumbai,Clothing,Running Shoes,1,3051.77,20.0,UPI,Cancelled,False,False,2441.42,False
ORD202444,2025-12-06,C2151,Isha Das,Mumbai,Books,Exam Guide,1,482.82,10.0,Debit Card,Returned,False,False,434.54,False
ORD203785,2025-12-06,C1539,Manish Mehta,Ahmedabad,Beauty,Moisturiser,4,433.29,15.0,Credit Card,Delivered,False,False,1473.19,True
ORD200629,2025-12-06,C1214,Rahul Gupta,Mumbai,Books,Exam Guide,1,510.14,0.0,UPI,Cancelled,False,False,510.14,False
ORD200564,2025-12-06,C2333,Manish Verma,Bengaluru,Books,Exam Guide,3,494.46,20.0,Debit Card,Delivered,False,False,1186.7,True
ORD201225,2025-12-06,C2019,Rahul Joshi,Mumbai,Home & Kitchen,Bedsheet Set,3,1338.21,20.0,Credit Card,Delivered,False,False,3211.7,True
ORD202987,2025-12-06,C1462,Rohan Iyer,Bengaluru,Home & Kitchen,Bedsheet Set,3,1315.33,0.0,Credit Card,Returned,False,False,3945.99,False
ORD200970,2025-12-06,C1963,Vivaan Nair,Kolkata,Electronics,Bluetooth Speaker,1,2014.77,20.0,UPI,Delivered,False,False,1611.82,True
ORD203600,2025-12-06,C2177,Arjun Kulkarni,Pune,Home & Kitchen,Water Bottle,2,482.74,0.0,UPI,Returned,False,True,965.48,False
ORD202071,2025-12-06,C1079,Vivaan Iyer,Mumbai,Electronics,USB-C Cable,3,380.45,0.0,UPI,Returned,False,True,1141.35,False
ORD203792,2025-12-07,C1547,Isha Joshi,Mumbai,Beauty,Face Wash,1,263.99,0.0,COD,Delivered,False,True,263.99,True
ORD203151,2025-12-07,C2177,Arjun Kulkarni,Pune,Beauty,Moisturiser,1,433.73,0.0,UPI,Delivered,False,False,433.73,True
ORD204971,2025-12-07,C1098,Aditya Sharma,Mumbai,Beauty,Perfume,1,1664.7,0.0,Credit Card,Delivered,False,False,1664.7,True
ORD203461,2025-12-07,C1266,Sanjay Iyer,Bengaluru,Home & Kitchen,Mixer Grinder,1,3148.92,10.0,UPI,Returned,False,False,2834.03,False
ORD202741,2025-12-07,C1362,Vivaan Nair,Hyderabad,Electronics,Wireless Earbuds,2,2441.85,0.0,UPI,Delivered,False,False,4883.7,True
ORD202009,2025-12-07,C1402,Priya Nair,Kolkata,Home & Kitchen,Air Fryer,1,5375.86,10.0,Debit Card,Delivered,False,False,4838.27,True
ORD204092,2025-12-07,C1146,Isha Sharma,Bengaluru,Electronics,Smartwatch,2,6206.45,0.0,COD,Cancelled,False,False,12412.9,False
ORD201985,2025-12-07,C2200,Pooja Verma,Bengaluru,Electronics,Power Bank,1,1272.05,0.0,UPI,Delivered,False,False,1272.05,True
ORD204626,2025-12-07,C1219,Aarav Joshi,Chennai,Home & Kitchen,Water Bottle,3,438.76,0.0,Unknown,Delivered,False,False,1316.28,True
ORD203739,2025-12-07,C1753,Vivaan Gupta,Bengaluru,Home & Kitchen,Bedsheet Set,1,1393.73,15.0,COD,Delivered,False,False,1184.67,True
ORD204431,2025-12-07,C1360,Priya Sharma,Bengaluru,Electronics,Bluetooth Speaker,2,2020.47,20.0,Credit Card,Delivered,True,False,3232.75,True
ORD203133,2025-12-07,C1529,Ananya Verma,Hyderabad,Books,Novel,1,341.95,15.0,COD,Delivered,False,False,290.66,True
ORD202531,2025-12-07,C1777,Vivaan Singh,Pune,Beauty,Lipstick,1,411.87,20.0,UPI,Cancelled,False,False,329.5,False
ORD200473,2025-12-07,C1873,Rahul Sharma,Chennai,Beauty,Perfume,1,1626.26,0.0,UPI,Returned,True,False,1626.26,False
ORD204666,2025-12-07,C2317,Riya Gupta,Delhi,Books,Novel,4,334.62,0.0,Net Banking,Delivered,False,False,1338.48,True
ORD201953,2025-12-07,C2208,Sanjay Patel,Mumbai,Home & Kitchen,Water Bottle,1,460.69,5.0,UPI,Returned,False,False,437.66,False
ORD202110,2025-12-07,C1675,Priya Singh,Mumbai,Clothing,Cap,2,372.68,0.0,Credit Card,Delivered,False,False,745.36,True
ORD201766,2025-12-08,C1667,Neha Reddy,Chennai,Beauty,Face Wash,2,251.43,0.0,UPI,Delivered,False,False,502.86,True
ORD202980,2025-12-08,C1897,Priya Das,Kolkata,Beauty,Moisturiser,1,428.97,20.0,Net Banking,Delivered,False,False,343.18,True
ORD203791,2025-12-08,C1269,Priya Sharma,Bengaluru,Electronics,Bluetooth Speaker,1,1980.8,0.0,Credit Card,Delivered,False,False,1980.8,True
ORD200577,2025-12-08,C1880,Arjun Das,Delhi,Books,Novel,1,343.14,0.0,UPI,Cancelled,False,False,343.14,False
ORD203695,2025-12-08,C1501,Manish Kulkarni,Bengaluru,Electronics,USB-C Cable,1,418.7,0.0,UPI,Delivered,False,False,418.7,True
ORD203925,2025-12-08,C1885,Sneha Iyer,Mumbai,Electronics,Bluetooth Speaker,1,1975.09,0.0,COD,Delivered,False,False,1975.09,True
ORD202474,2025-12-08,C1225,Sanjay Verma,Delhi,Clothing,Cap,4,340.5,0.0,Debit Card,Delivered,False,False,1362.0,True
ORD204739,2025-12-08,C1780,Aarav Sharma,Ahmedabad,Electronics,Smartwatch,1,5769.66,15.0,UPI,Delivered,False,False,4904.21,True
ORD201747,2025-12-08,C1045,Rohan Kulkarni,Mumbai,Books,Novel,3,353.43,10.0,UPI,Delivered,True,False,954.26,True
ORD202819,2025-12-08,C1873,Rahul Sharma,Chennai,Clothing,Cotton T-Shirt,3,582.35,0.0,UPI,Delivered,False,False,1747.05,True
ORD201512,2025-12-08,C2153,Vikram Das,Mumbai,Electronics,Wireless Earbuds,1,2487.43,10.0,COD,Returned,False,False,2238.69,False
ORD203514,2025-12-08,C1429,Sneha Sharma,Chennai,Beauty,Hair Dryer,2,1437.2,0.0,UPI,Delivered,False,False,2874.4,True
ORD204752,2025-12-08,C2067,Rohan Reddy,Delhi,Clothing,Cap,1,362.45,15.0,Credit Card,Delivered,False,False,308.08,True
ORD200530,2025-12-08,C1158,Pooja Nair,Pune,Home & Kitchen,Water Bottle,1,465.68,0.0,Debit Card,Delivered,False,False,465.68,True
ORD200438,2025-12-08,C1317,Kavya Mehta,Mumbai,Home & Kitchen,Cookware Set,4,2852.2,0.0,UPI,Delivered,False,False,11408.8,True
ORD204978,2025-12-08,C2012,Arjun Reddy,Ahmedabad,Electronics,Power Bank,1,1311.3,0.0,COD,Delivered,True,False,1311.3,True
ORD204512,2025-12-08,C1406,Kavya Mehta,Mumbai,Home & Kitchen,Air Fryer,1,5143.62,10.0,UPI,Delivered,False,False,4629.26,True
ORD201646,2025-12-09,C1681,Rohan Sharma,Chennai,Electronics,Wireless Earbuds,4,2538.21,20.0,UPI,Delivered,False,False,8122.27,True
ORD201993,2025-12-09,C1315,Priya Mehta,Chennai,Electronics,Bluetooth Speaker,1,2020.47,5.0,Debit Card,Delivered,True,False,1919.45,True
ORD202320,2025-12-09,C1621,Diya Verma,Bengaluru,Beauty,Lipstick,2,380.28,15.0,COD,Delivered,False,False,646.48,True
ORD204368,2025-12-09,C1797,Manish Gupta,Mumbai,Home & Kitchen,Air Fryer,1,5266.91,0.0,UPI,Cancelled,False,False,5266.91,False
ORD204671,2025-12-09,C1903,Diya Kulkarni,Kolkata,Home & Kitchen,Air Fryer,1,5362.54,0.0,Credit Card,Delivered,False,False,5362.54,True
ORD200393,2025-12-09,C2326,Diya Das,Bengaluru,Home & Kitchen,Water Bottle,1,456.7,0.0,COD,Cancelled,True,False,456.7,False
ORD200204,2025-12-09,C1409,Priya Iyer,Bengaluru,Books,Data Science Primer,4,891.51,5.0,UPI,Delivered,False,False,3387.74,True
ORD204450,2025-12-09,C1183,Priya Iyer,Kolkata,Electronics,USB-C Cable,3,405.64,0.0,COD,Delivered,False,False,1216.92,True
ORD202859,2025-12-09,C2364,Karan Kulkarni,Hyderabad,Beauty,Face Wash,1,244.57,15.0,Credit Card,Delivered,False,False,207.88,True
ORD204784,2025-12-09,C2066,Vivaan Sharma,Bengaluru,Electronics,Bluetooth Speaker,1,2017.02,5.0,UPI,Cancelled,False,False,1916.17,False
ORD204233,2025-12-09,C1382,Pooja Patel,Delhi,Electronics,Power Bank,2,1334.85,15.0,Net Banking,Delivered,False,False,2269.24,True
ORD204639,2025-12-09,C1881,Vivaan Verma,Bengaluru,Beauty,Hair Dryer,1,1503.37,20.0,Debit Card,Delivered,False,False,1202.7,True
ORD200826,2025-12-09,C2316,Manish Mehta,Mumbai,Books,Python Handbook,4,673.72,10.0,UPI,Cancelled,False,False,2425.39,False
ORD202394,2025-12-09,C1808,Pooja Gupta,Mumbai,Clothing,Hoodie,4,1449.14,0.0,Credit Card,Delivered,False,False,5796.56,True
ORD204641,2025-12-09,C1094,Riya Sharma,Mumbai,Home & Kitchen,Air Fryer,1,5158.85,5.0,UPI,Returned,False,False,4900.91,False
ORD204652,2025-12-09,C2029,Ananya Joshi,Mumbai,Electronics,Power Bank,3,1243.81,15.0,UPI,Delivered,False,False,3171.72,True
ORD203276,2025-12-10,C1555,Sneha Kulkarni,Mumbai,Beauty,Lipstick,1,426.33,0.0,COD,Cancelled,False,False,426.33,False
ORD201794,2025-12-10,C2014,Vikram Nair,Ahmedabad,Clothing,Cap,3,361.67,0.0,COD,Returned,False,False,1085.01,False
ORD203898,2025-12-10,C2309,Arjun Mehta,Bengaluru,Beauty,Perfume,4,1719.19,5.0,UPI,Returned,False,False,6532.92,False
ORD202261,2025-12-10,C1976,Riya Singh,Bengaluru,Books,Python Handbook,3,748.52,0.0,Credit Card,Delivered,False,False,2245.56,True
ORD202000,2025-12-10,C2383,Aditya Joshi,Delhi,Electronics,Power Bank,2,1304.64,0.0,UPI,Delivered,False,False,2609.28,True
ORD201619,2025-12-10,C1031,Ananya Singh,Ahmedabad,Clothing,Denim Jeans,1,1826.69,20.0,Debit Card,Returned,False,False,1461.35,False
ORD203525,2025-12-10,C1147,Vikram Reddy,Chennai,Clothing,Hoodie,2,1584.21,5.0,Debit Card,Cancelled,False,False,3010.0,False
ORD203658,2025-12-10,C1238,Ananya Sharma,Pune,Home & Kitchen,Water Bottle,2,442.38,15.0,Credit Card,Delivered,False,False,752.05,True
ORD203457,2025-12-10,C2315,Rohan Kulkarni,Bengaluru,Electronics,Smartwatch,4,5816.01,20.0,Debit Card,Cancelled,False,False,18611.23,False
ORD201150,2025-12-10,C1613,Manish Reddy,Delhi,Beauty,Moisturiser,1,464.73,0.0,UPI,Delivered,False,False,464.73,True
ORD203436,2025-12-10,C1133,Rohan Kulkarni,Delhi,Beauty,Perfume,1,1535.3,15.0,UPI,Delivered,False,False,1305.0,True
ORD201804,2025-12-10,C1498,Aarav Das,Delhi,Beauty,Lipstick,2,425.89,10.0,UPI,Delivered,False,False,766.6,True
ORD204660,2025-12-10,C2340,Sneha Gupta,Mumbai,Books,Comics Set,1,764.48,5.0,UPI,Delivered,False,False,726.26,True
ORD203767,2025-12-10,C1246,Vivaan Nair,Bengaluru,Home & Kitchen,Air Fryer,1,4795.81,5.0,UPI,Cancelled,False,False,4556.02,False
ORD202192,2025-12-10,C1588,Priya Reddy,Pune,Electronics,Wireless Earbuds,1,2602.89,0.0,UPI,Delivered,False,False,2602.89,True
ORD201154,2025-12-10,C1670,Karan Singh,Delhi,Home & Kitchen,Water Bottle,1,444.09,0.0,Unknown,Delivered,False,False,444.09,True
ORD201836,2025-12-10,C2269,Isha Reddy,Kolkata,Electronics,Bluetooth Speaker,1,2081.37,10.0,Credit Card,Delivered,False,False,1873.23,True
ORD201582,2025-12-10,C1770,Sneha Patel,Mumbai,Home & Kitchen,Water Bottle,4,437.32,10.0,UPI,Delivered,False,False,1574.35,True
ORD200247,2025-12-10,C1942,Pooja Iyer,Delhi,Clothing,Hoodie,3,1609.05,10.0,UPI,Delivered,False,False,4344.43,True
ORD201034,2025-12-10,C1489,Sanjay Sharma,Bengaluru,Clothing,Cotton T-Shirt,1,639.87,15.0,Credit Card,Delivered,False,False,543.89,True
ORD201017,2025-12-10,C2380,Aditya Patel,Chennai,Home & Kitchen,Bedsheet Set,1,1259.01,0.0,COD,Returned,False,False,1259.01,False
ORD200306,2025-12-10,C1464,Vivaan Sharma,Chennai,Clothing,Cap,3,366.62,0.0,COD,Delivered,False,False,1099.86,True
ORD204462,2025-12-10,C1405,Kavya Sharma,Bengaluru,Beauty,Moisturiser,4,455.95,20.0,UPI,Delivered,True,False,1459.04,True
ORD204717,2025-12-10,C1498,Aarav Das,Delhi,Beauty,Hair Dryer,2,1547.97,0.0,Credit Card,Cancelled,False,False,3095.94,False
ORD204936,2025-12-10,C1390,Diya Reddy,Delhi,Electronics,Wireless Earbuds,4,2577.92,0.0,Debit Card,Delivered,False,False,10311.68,True
ORD202779,2025-12-10,C1731,Sneha Joshi,Delhi,Electronics,USB-C Cable,4,405.64,0.0,COD,Delivered,True,False,1622.56,True
ORD202925,2025-12-11,C1276,Priya Sharma,Delhi,Home & Kitchen,Bedsheet Set,2,1308.61,0.0,UPI,Delivered,False,False,2617.22,True
ORD201137,2025-12-11,C1283,Vivaan Verma,Chennai,Electronics,USB-C Cable,2,419.65,5.0,UPI,Delivered,False,False,797.33,True
ORD204870,2025-12-11,C1722,Manish Mehta,Pune,Clothing,Running Shoes,1,3006.89,20.0,UPI,Delivered,False,False,2405.51,True
ORD203279,2025-12-11,C1448,Sneha Mehta,Hyderabad,Books,Comics Set,4,788.24,10.0,UPI,Returned,False,False,2837.66,False
ORD200334,2025-12-11,C2149,Neha Das,Mumbai,Clothing,Running Shoes,4,3171.32,0.0,UPI,Delivered,False,False,12685.28,True
ORD200603,2025-12-11,C2188,Vivaan Patel,Delhi,Electronics,Smartwatch,2,6119.445,0.0,Credit Card,Returned,True,False,12238.89,False
ORD201364,2025-12-11,C1304,Aditya Reddy,Pune,Electronics,Power Bank,1,1287.65,0.0,Debit Card,Cancelled,False,False,1287.65,False
ORD200880,2025-12-11,C1779,Isha Gupta,Bengaluru,Electronics,Wireless Earbuds,2,2457.63,0.0,UPI,Delivered,False,False,4915.26,True
ORD200706,2025-12-11,C2193,Arjun Joshi,Ahmedabad,Clothing,Cap,2,369.86,0.0,COD,Delivered,False,False,739.72,True
ORD203359,2025-12-11,C1179,Sanjay Singh,Kolkata,Books,Python Handbook,2,743.09,0.0,Credit Card,Delivered,False,False,1486.18,True
ORD202485,2025-12-11,C1968,Neha Joshi,Mumbai,Clothing,Cotton T-Shirt,1,590.4,0.0,UPI,Delivered,False,False,590.4,True
ORD200337,2025-12-11,C1687,Manish Kulkarni,Hyderabad,Electronics,Bluetooth Speaker,3,2022.49,0.0,UPI,Delivered,False,False,6067.47,True
ORD201043,2025-12-11,C2352,Aarav Reddy,Bengaluru,Clothing,Cap,2,355.28999999999996,0.0,COD,Delivered,True,False,710.58,True
ORD200927,2025-12-11,C1736,Arjun Das,Delhi,Clothing,Cap,2,371.44,0.0,Net Banking,Returned,False,False,742.88,False
ORD201262,2025-12-11,C1200,Kavya Kulkarni,Pune,Beauty,Hair Dryer,4,1508.17,5.0,Debit Card,Delivered,False,False,5731.05,True
ORD201395,2025-12-11,C2050,Kavya Joshi,Pune,Clothing,Running Shoes,4,2910.13,5.0,Credit Card,Returned,False,False,11058.49,False
ORD202315,2025-12-11,C1504,Rahul Singh,Mumbai,Books,Novel,1,356.53,0.0,COD,Cancelled,False,False,356.53,False
ORD201226,2025-12-11,C1387,Neha Singh,Bengaluru,Books,Novel,1,370.81,0.0,UPI,Delivered,False,False,370.81,True
ORD204779,2025-12-11,C2196,Vivaan Joshi,Pune,Books,Exam Guide,4,534.49,0.0,UPI,Delivered,False,False,2137.96,True
ORD203253,2025-12-11,C1790,Sneha Mehta,Pune,Clothing,Cotton T-Shirt,1,641.54,20.0,Debit Card,Delivered,False,False,513.23,True
ORD202431,2025-12-11,C1940,Manish Patel,Delhi,Clothing,Denim Jeans,4,1891.6,10.0,UPI,Cancelled,False,False,6809.76,False
ORD201313,2025-12-11,C1075,Rohan Patel,Hyderabad,Clothing,Hoodie,4,1548.32,0.0,UPI,Delivered,False,False,6193.28,True
ORD200044,2025-12-11,C1351,Ananya Gupta,Hyderabad,Home & Kitchen,Air Fryer,3,5070.19,20.0,COD,Delivered,False,False,12168.46,True
ORD203971,2025-12-11,C1309,Arjun Reddy,Mumbai,Clothing,Cotton T-Shirt,3,640.11,15.0,Debit Card,Delivered,False,False,1632.28,True
ORD200789,2025-12-11,C1931,Diya Iyer,Delhi,Home & Kitchen,Mixer Grinder,1,3166.28,15.0,Credit Card,Delivered,False,False,2691.34,True
ORD202317,2025-12-12,C1358,Riya Reddy,Delhi,Home & Kitchen,Bedsheet Set,2,1319.55,0.0,UPI,Delivered,False,False,2639.1,True
ORD201504,2025-12-12,C2344,Rohan Mehta,Mumbai,Clothing,Hoodie,2,1470.15,0.0,UPI,Delivered,False,False,2940.3,True
ORD203193,2025-12-12,C1204,Manish Verma,Delhi,Electronics,Bluetooth Speaker,1,2035.48,0.0,COD,Returned,False,True,2035.48,False
ORD202742,2025-12-12,C2120,Aditya Verma,Kolkata,Beauty,Hair Dryer,1,1506.2350000000001,0.0,COD,Delivered,True,False,1506.24,True
ORD201041,2025-12-12,C1474,Manish Sharma,Pune,Home & Kitchen,Cookware Set,1,2735.8,5.0,UPI,Delivered,False,False,2599.01,True
ORD204417,2025-12-12,C1366,Arjun Sharma,Kolkata,Clothing,Running Shoes,3,3121.46,15.0,Credit Card,Cancelled,False,False,7959.72,False
ORD201748,2025-12-12,C1891,Vivaan Singh,Ahmedabad,Clothing,Cap,1,363.16,15.0,Debit Card,Delivered,False,False,308.69,True
ORD202815,2025-12-12,C1900,Arjun Sharma,Hyderabad,Electronics,Power Bank,2,1338.34,15.0,UPI,Cancelled,False,False,2275.18,False
ORD202256,2025-12-12,C1827,Ananya Patel,Ahmedabad,Books,Python Handbook,1,741.35,10.0,Debit Card,Delivered,False,False,667.22,True
ORD202376,2025-12-12,C1841,Pooja Iyer,Bengaluru,Beauty,Moisturiser,1,462.37,0.0,Credit Card,Delivered,False,False,462.37,True
ORD200347,2025-12-12,C2090,Pooja Gupta,Bengaluru,Electronics,Smartwatch,2,6469.52,0.0,Credit Card,Cancelled,False,False,12939.04,False
ORD203804,2025-12-12,C2360,Neha Das,Bengaluru,Home & Kitchen,Air Fryer,2,4933.62,10.0,UPI,Delivered,False,False,8880.52,True
ORD202604,2025-12-12,C1942,Pooja Iyer,Delhi,Books,Comics Set,3,802.47,20.0,UPI,Delivered,False,False,1925.93,True
ORD202785,2025-12-12,C1593,Karan Iyer,Ahmedabad,Books,Comics Set,1,796.35,0.0,Debit Card,Delivered,False,False,796.35,True
ORD204538,2025-12-12,C1591,Riya Singh,Ahmedabad,Electronics,Wireless Earbuds,3,2566.05,0.0,Net Banking,Delivered,False,False,7698.15,True
ORD202217,2025-12-12,C2064,Priya Joshi,Pune,Clothing,Cotton T-Shirt,1,579.26,10.0,UPI,Cancelled,False,False,521.33,False
ORD200360,2025-12-12,C2055,Rahul Kulkarni,Mumbai,Electronics,Wireless Earbuds,1,2397.83,10.0,UPI,Delivered,False,False,2158.05,True
ORD203704,2025-12-12,C1305,Priya Mehta,Bengaluru,Home & Kitchen,Water Bottle,1,436.85,0.0,Credit Card,Cancelled,False,False,436.85,False
ORD203469,2025-12-12,C1521,Manish Kulkarni,Bengaluru,Home & Kitchen,Bedsheet Set,2,1380.95,0.0,Credit Card,Delivered,False,False,2761.9,True
ORD200187,2025-12-12,C1653,Vikram Kulkarni,Delhi,Books,Novel,1,372.87,20.0,UPI,Returned,False,False,298.3,False
ORD202771,2025-12-12,C2252,Pooja Singh,Pune,Clothing,Cap,3,343.5,10.0,Credit Card,Delivered,False,False,927.45,True
ORD201554,2025-12-12,C1877,Isha Joshi,Kolkata,Electronics,Smartwatch,1,5749.77,0.0,Debit Card,Delivered,False,False,5749.77,True
ORD202729,2025-12-12,C2314,Sanjay Das,Hyderabad,Home & Kitchen,Cookware Set,1,2857.27,0.0,Net Banking,Delivered,False,False,2857.27,True
ORD204638,2025-12-12,C1508,Manish Sharma,Hyderabad,Beauty,Perfume,1,1707.98,0.0,Debit Card,Cancelled,False,False,1707.98,False
ORD201003,2025-12-12,C1422,Sneha Verma,Chennai,Electronics,Power Bank,2,1354.03,0.0,UPI,Delivered,False,False,2708.06,True
ORD200738,2025-12-13,C1108,Arjun Iyer,Chennai,Beauty,Face Wash,4,246.84,5.0,UPI,Delivered,False,False,937.99,True
ORD203944,2025-12-13,C2049,Diya Verma,Bengaluru,Electronics,Power Bank,1,1290.77,5.0,UPI,Delivered,False,False,1226.23,True
ORD202632,2025-12-13,C1335,Isha Mehta,Delhi,Electronics,Wireless Earbuds,2,2491.72,0.0,UPI,Cancelled,False,False,4983.44,False
ORD203390,2025-12-13,C1211,Ananya Kulkarni,Bengaluru,Electronics,USB-C Cable,2,430.13,0.0,Credit Card,Returned,False,False,860.26,False
ORD201902,2025-12-13,C2070,Ananya Patel,Hyderabad,Clothing,Denim Jeans,1,1834.96,10.0,UPI,Delivered,False,False,1651.46,True
ORD201132,2025-12-13,C1315,Priya Mehta,Chennai,Electronics,Smartwatch,1,5786.82,20.0,Net Banking,Delivered,False,False,4629.46,True
ORD200389,2025-12-13,C1478,Rahul Das,Delhi,Clothing,Cap,1,343.86,20.0,Credit Card,Delivered,False,False,275.09,True
ORD201501,2025-12-13,C1425,Pooja Gupta,Chennai,Home & Kitchen,Cookware Set,2,2807.94,0.0,Credit Card,Delivered,False,False,5615.88,True
ORD204169,2025-12-13,C1268,Vikram Mehta,Hyderabad,Clothing,Hoodie,3,1508.91,20.0,Debit Card,Delivered,False,False,3621.38,True
ORD203051,2025-12-13,C1391,Karan Gupta,Mumbai,Clothing,Cotton T-Shirt,4,580.88,0.0,UPI,Returned,False,False,2323.52,False
ORD204263,2025-12-13,C1230,Priya Nair,Bengaluru,Books,Exam Guide,2,517.11,0.0,UPI,Delivered,False,False,1034.22,True
ORD204853,2025-12-13,C1139,Meera Joshi,Bengaluru,Books,Exam Guide,4,476.79,5.0,Debit Card,Delivered,False,False,1811.8,True
ORD201755,2025-12-13,C1646,Aditya Gupta,Ahmedabad,Clothing,Cotton T-Shirt,2,621.28,10.0,UPI,Delivered,False,False,1118.3,True
ORD201833,2025-12-13,C1640,Karan Sharma,Bengaluru,Beauty,Face Wash,1,255.69,0.0,Credit Card,Delivered,False,False,255.69,True
ORD204571,2025-12-13,C1697,Manish Gupta,Chennai,Clothing,Running Shoes,2,2989.83,0.0,Debit Card,Delivered,False,False,5979.66,True
ORD203625,2025-12-13,C1762,Rohan Joshi,Mumbai,Home & Kitchen,Bedsheet Set,3,1240.02,0.0,COD,Delivered,False,False,3720.06,True
ORD203269,2025-12-13,C1548,Arjun Kulkarni,Ahmedabad,Electronics,Wireless Earbuds,1,2415.06,0.0,UPI,Delivered,False,False,2415.06,True
ORD203179,2025-12-13,C2237,Isha Sharma,Chennai,Clothing,Cotton T-Shirt,3,623.6,0.0,UPI,Delivered,False,False,1870.8,True
ORD202695,2025-12-13,C2097,Neha Kulkarni,Kolkata,Home & Kitchen,Mixer Grinder,1,3441.67,15.0,Debit Card,Delivered,False,False,2925.42,True
ORD204923,2025-12-14,C2122,Aarav Das,Ahmedabad,Electronics,Smartwatch,4,6195.6,0.0,Credit Card,Delivered,False,False,24782.4,True
ORD204999,2025-12-14,C1127,Sneha Verma,Unknown,Beauty,Moisturiser,1,453.8,0.0,UPI,Delivered,False,False,453.8,True
ORD203623,2025-12-14,C1520,Manish Gupta,Chennai,Electronics,Bluetooth Speaker,2,1944.8,5.0,Debit Card,Delivered,False,False,3695.12,True
ORD201477,2025-12-14,C1121,Arjun Patel,Bengaluru,Clothing,Hoodie,3,1594.66,10.0,UPI,Cancelled,False,False,4305.58,False
ORD203718,2025-12-14,C1631,Riya Gupta,Kolkata,Beauty,Hair Dryer,1,1514.38,20.0,UPI,Delivered,False,False,1211.5,True
ORD200083,2025-12-14,C1147,Vikram Reddy,Chennai,Electronics,Bluetooth Speaker,2,2097.32,5.0,UPI,Cancelled,False,False,3984.91,False
ORD202328,2025-12-14,C2128,Priya Verma,Mumbai,Home & Kitchen,Water Bottle,3,459.67,0.0,UPI,Delivered,False,False,1379.01,True
ORD203900,2025-12-14,C1723,Neha Iyer,Delhi,Books,Python Handbook,1,680.25,0.0,Credit Card,Delivered,False,False,680.25,True
ORD204535,2025-12-14,C2292,Diya Nair,Ahmedabad,Beauty,Face Wash,1,237.38,10.0,COD,Delivered,False,False,213.64,True
ORD202196,2025-12-14,C1468,Aarav Kulkarni,Mumbai,Electronics,Power Bank,1,1377.71,0.0,COD,Returned,False,False,1377.71,False
ORD200548,2025-12-14,C2176,Sanjay Joshi,Chennai,Electronics,Power Bank,2,1318.09,0.0,Credit Card,Cancelled,False,False,2636.18,False
ORD203630,2025-12-14,C1684,Sneha Singh,Mumbai,Beauty,Lipstick,2,380.57,20.0,Debit Card,Cancelled,False,False,608.91,False
ORD204022,2025-12-14,C1511,Rohan Kulkarni,Kolkata,Electronics,Wireless Earbuds,4,2405.16,10.0,UPI,Delivered,False,False,8658.58,True
ORD202954,2025-12-14,C1946,Rahul Das,Hyderabad,Clothing,Denim Jeans,4,1887.71,0.0,UPI,Delivered,False,False,7550.84,True
ORD202306,2025-12-14,C1471,Ananya Gupta,Hyderabad,Home & Kitchen,Air Fryer,2,5395.5,20.0,Credit Card,Delivered,False,False,8632.8,True
ORD204264,2025-12-15,C1779,Isha Gupta,Bengaluru,Beauty,Moisturiser,1,461.69,0.0,UPI,Delivered,False,False,461.69,True
ORD200198,2025-12-15,C2392,Aditya Mehta,Bengaluru,Home & Kitchen,Mixer Grinder,1,3250.39,0.0,COD,Delivered,False,False,3250.39,True
ORD203794,2025-12-15,C2319,Karan Patel,Pune,Electronics,Wireless Earbuds,4,2403.26,0.0,UPI,Delivered,False,False,9613.04,True
ORD204396,2025-12-15,C1989,Priya Das,Mumbai,Home & Kitchen,Air Fryer,1,5381.2,0.0,UPI,Delivered,False,False,5381.2,True
ORD202875,2025-12-15,C2093,Diya Reddy,Mumbai,Beauty,Perfume,4,1561.82,15.0,Credit Card,Returned,False,False,5310.19,False
ORD204430,2025-12-15,C2064,Priya Joshi,Pune,Electronics,Wireless Earbuds,2,2478.52,10.0,UPI,Delivered,False,False,4461.34,True
ORD202051,2025-12-15,C1856,Diya Kulkarni,Delhi,Beauty,Perfume,4,1712.96,0.0,COD,Delivered,False,False,6851.84,True
ORD200154,2025-12-15,C1754,Vivaan Das,Chennai,Home & Kitchen,Mixer Grinder,4,3254.82,15.0,COD,Delivered,False,False,11066.39,True
ORD202472,2025-12-15,C1374,Ananya Mehta,Pune,Beauty,Face Wash,4,262.79,20.0,Unknown,Returned,False,False,840.93,False
ORD201084,2025-12-15,C1781,Diya Sharma,Delhi,Books,Novel,4,340.6,5.0,UPI,Returned,False,False,1294.28,False
ORD202298,2025-12-15,C1825,Manish Joshi,Bengaluru,Electronics,Smartwatch,4,6400.49,5.0,Credit Card,Delivered,False,False,24321.86,True
ORD200593,2025-12-15,C1723,Neha Iyer,Delhi,Clothing,Hoodie,2,1498.23,10.0,Net Banking,Returned,False,False,2696.81,False
ORD202593,2025-12-15,C1548,Arjun Kulkarni,Ahmedabad,Beauty,Moisturiser,2,482.85,0.0,Net Banking,Delivered,False,False,965.7,True
ORD202778,2025-12-15,C2269,Isha Reddy,Kolkata,Electronics,Smartwatch,2,6395.13,5.0,Net Banking,Cancelled,False,False,12150.75,False
ORD200361,2025-12-15,C1710,Sanjay Gupta,Delhi,Clothing,Cotton T-Shirt,1,608.03,20.0,UPI,Delivered,True,False,486.42,True
ORD202062,2025-12-15,C2319,Karan Patel,Pune,Home & Kitchen,Cookware Set,2,2896.81,0.0,UPI,Cancelled,False,False,5793.62,False
ORD202511,2025-12-15,C1253,Aditya Verma,Delhi,Beauty,Hair Dryer,1,1499.92,0.0,Credit Card,Delivered,False,False,1499.92,True
ORD203013,2025-12-15,C1363,Priya Mehta,Delhi,Clothing,Cap,3,365.68,0.0,Credit Card,Cancelled,False,False,1097.04,False
ORD201674,2025-12-15,C1247,Sneha Singh,Chennai,Electronics,USB-C Cable,1,400.65,10.0,COD,Delivered,False,False,360.58,True
ORD203643,2025-12-15,C1454,Sanjay Patel,Bengaluru,Home & Kitchen,Cookware Set,4,2707.32,10.0,Debit Card,Delivered,False,False,9746.35,True
ORD203491,2025-12-15,C1660,Vivaan Mehta,Delhi,Beauty,Face Wash,1,250.67,15.0,Credit Card,Cancelled,False,False,213.07,False
ORD202420,2025-12-15,C1229,Vikram Singh,Ahmedabad,Electronics,Bluetooth Speaker,1,1914.75,5.0,Debit Card,Delivered,False,False,1819.01,True
ORD203451,2025-12-15,C1413,Sneha Joshi,Chennai,Home & Kitchen,Cookware Set,2,2879.72,15.0,UPI,Delivered,False,False,4895.52,True
ORD200133,2025-12-15,C1772,Vivaan Kulkarni,Kolkata,Electronics,Smartwatch,3,6119.445,0.0,Debit Card,Cancelled,True,False,18358.34,False
ORD203610,2025-12-15,C1919,Arjun Kulkarni,Delhi,Electronics,Wireless Earbuds,1,2664.05,0.0,UPI,Delivered,False,False,2664.05,True
ORD202424,2025-12-16,C1821,Sneha Reddy,Chennai,Clothing,Running Shoes,1,3050.7349999999997,0.0,UPI,Cancelled,True,False,3050.73,False
ORD204773,2025-12-16,C1995,Neha Iyer,Kolkata,Clothing,Denim Jeans,2,1909.5,0.0,Net Banking,Delivered,False,False,3819.0,True
ORD203090,2025-12-16,C1596,Aditya Iyer,Chennai,Electronics,Smartwatch,4,5886.45,0.0,COD,Cancelled,False,False,23545.8,False
ORD202938,2025-12-16,C2344,Rohan Mehta,Mumbai,Clothing,Cotton T-Shirt,4,605.81,10.0,Net Banking,Delivered,False,False,2180.92,True
ORD200478,2025-12-16,C1287,Manish Patel,Mumbai,Beauty,Face Wash,3,255.71,15.0,UPI,Delivered,False,False,652.06,True
ORD204730,2025-12-16,C2303,Manish Singh,Ahmedabad,Beauty,Face Wash,1,255.39,20.0,Credit Card,Delivered,False,False,204.31,True
ORD201806,2025-12-16,C2123,Pooja Singh,Hyderabad,Electronics,Smartwatch,1,5962.05,0.0,Debit Card,Delivered,False,False,5962.05,True
ORD202521,2025-12-16,C1725,Arjun Iyer,Hyderabad,Beauty,Face Wash,1,263.65,5.0,Net Banking,Returned,False,False,250.47,False
ORD202171,2025-12-16,C2288,Rohan Singh,Bengaluru,Clothing,Hoodie,1,1573.02,20.0,UPI,Delivered,False,False,1258.42,True
ORD202186,2025-12-16,C1166,Riya Nair,Pune,Home & Kitchen,Bedsheet Set,4,1259.14,10.0,Net Banking,Returned,False,False,4532.9,False
ORD201559,2025-12-16,C1912,Priya Gupta,Bengaluru,Books,Comics Set,1,817.33,5.0,UPI,Returned,False,False,776.46,False
ORD201221,2025-12-16,C1973,Aarav Das,Kolkata,Books,Novel,4,372.05,0.0,UPI,Cancelled,False,False,1488.2,False
ORD200107,2025-12-16,C1177,Pooja Reddy,Mumbai,Electronics,Smartwatch,1,6036.21,15.0,UPI,Delivered,False,False,5130.78,True
ORD202383,2025-12-16,C2230,Rahul Kulkarni,Chennai,Electronics,USB-C Cable,1,391.25,0.0,Credit Card,Delivered,False,False,391.25,True
ORD204841,2025-12-16,C2373,Aditya Reddy,Chennai,Electronics,Wireless Earbuds,3,2444.94,15.0,Debit Card,Delivered,False,False,6234.6,True
ORD202388,2025-12-16,C1925,Aarav Nair,Delhi,Electronics,USB-C Cable,2,380.56,0.0,UPI,Delivered,False,False,761.12,True
ORD204780,2025-12-16,C1711,Karan Nair,Delhi,Electronics,USB-C Cable,1,424.13,0.0,Debit Card,Delivered,False,False,424.13,True
ORD204969,2025-12-16,C1576,Karan Mehta,Chennai,Beauty,Face Wash,3,265.24,10.0,Debit Card,Delivered,False,False,716.15,True
ORD201803,2025-12-16,C1579,Kavya Patel,Bengaluru,Clothing,Cotton T-Shirt,1,619.72,0.0,Credit Card,Delivered,False,False,619.72,True
ORD202333,2025-12-17,C1143,Diya Gupta,Hyderabad,Clothing,Hoodie,2,1502.32,5.0,COD,Cancelled,False,False,2854.41,False
ORD201349,2025-12-17,C2261,Rohan Patel,Mumbai,Beauty,Hair Dryer,2,1528.67,10.0,Credit Card,Cancelled,False,False,2751.61,False
ORD201476,2025-12-17,C1827,Ananya Patel,Ahmedabad,Books,Novel,2,350.57,10.0,UPI,Returned,False,False,631.03,False
ORD201440,2025-12-17,C1647,Rohan Patel,Ahmedabad,Beauty,Moisturiser,4,483.75,10.0,Debit Card,Cancelled,False,False,1741.5,False
ORD200243,2025-12-17,C1753,Vivaan Gupta,Bengaluru,Clothing,Cap,2,341.2,10.0,UPI,Delivered,False,False,614.16,True
ORD201314,2025-12-17,C1061,Rohan Joshi,Chennai,Electronics,Power Bank,3,1297.32,10.0,Net Banking,Delivered,False,False,3502.76,True
ORD203130,2025-12-17,C2371,Diya Kulkarni,Kolkata,Clothing,Hoodie,1,1541.03,20.0,UPI,Cancelled,False,False,1232.82,False
ORD202053,2025-12-17,C2227,Diya Singh,Hyderabad,Clothing,Hoodie,1,1526.505,0.0,Credit Card,Delivered,True,False,1526.5,True
ORD201319,2025-12-17,C1021,Ananya Gupta,Mumbai,Electronics,USB-C Cable,2,412.81,15.0,UPI,Delivered,False,False,701.78,True
ORD201873,2025-12-17,C1363,Priya Mehta,Delhi,Beauty,Moisturiser,1,461.87,10.0,Credit Card,Cancelled,False,False,415.68,False
ORD202251,2025-12-17,C1614,Neha Gupta,Ahmedabad,Home & Kitchen,Mixer Grinder,1,3254.3,0.0,Credit Card,Delivered,False,False,3254.3,True
ORD201972,2025-12-17,C1323,Manish Gupta,Mumbai,Electronics,Smartwatch,1,5817.24,10.0,UPI,Returned,False,False,5235.52,False
ORD202170,2025-12-17,C1949,Arjun Verma,Pune,Clothing,Denim Jeans,1,1735.6,5.0,UPI,Delivered,False,False,1648.82,True
ORD201647,2025-12-17,C1617,Aarav Verma,Delhi,Clothing,Denim Jeans,4,1811.97,10.0,UPI,Cancelled,False,False,6523.09,False
ORD200075,2025-12-17,C2323,Riya Reddy,Kolkata,Home & Kitchen,Bedsheet Set,3,1380.76,0.0,UPI,Delivered,False,False,4142.28,True
ORD204065,2025-12-17,C1160,Vivaan Sharma,Pune,Electronics,USB-C Cable,1,406.67,0.0,COD,Delivered,False,False,406.67,True
ORD204039,2025-12-17,C1364,Diya Gupta,Mumbai,Electronics,Wireless Earbuds,2,2662.11,10.0,Debit Card,Delivered,False,False,4791.8,True
ORD201704,2025-12-18,C1360,Priya Sharma,Bengaluru,Books,Novel,4,347.35,15.0,Credit Card,Delivered,False,False,1180.99,True
ORD202284,2025-12-18,C1148,Riya Joshi,Mumbai,Clothing,Running Shoes,2,2875.9,15.0,Credit Card,Delivered,False,False,4889.03,True
ORD202500,2025-12-18,C1329,Sneha Das,Pune,Home & Kitchen,Bedsheet Set,1,1308.65,10.0,Credit Card,Delivered,False,False,1177.79,True
ORD202479,2025-12-18,C1717,Sneha Mehta,Delhi,Electronics,Power Bank,1,1248.16,0.0,Credit Card,Delivered,False,False,1248.16,True
ORD203189,2025-12-18,C1489,Sanjay Sharma,Hyderabad,Books,Novel,1,332.9,20.0,UPI,Delivered,False,False,266.32,True
ORD201050,2025-12-18,C1736,Arjun Das,Delhi,Electronics,Power Bank,1,1354.03,0.0,Debit Card,Returned,False,True,1354.03,False
ORD204740,2025-12-18,C1864,Vivaan Das,Kolkata,Books,Exam Guide,2,515.36,0.0,UPI,Delivered,False,False,1030.72,True
ORD203617,2025-12-18,C2376,Karan Sharma,Delhi,Electronics,USB-C Cable,3,405.64,0.0,Debit Card,Delivered,True,False,1216.92,True
ORD200824,2025-12-18,C1904,Meera Iyer,Chennai,Clothing,Denim Jeans,1,1921.78,10.0,COD,Returned,False,False,1729.6,False
ORD202226,2025-12-18,C2265,Vikram Reddy,Mumbai,Clothing,Denim Jeans,3,1822.6,0.0,Net Banking,Delivered,False,False,5467.8,True
ORD201903,2025-12-18,C1557,Vikram Kulkarni,Bengaluru,Beauty,Perfume,1,1631.33,20.0,UPI,Delivered,False,False,1305.06,True
ORD204552,2025-12-18,C1536,Isha Kulkarni,Hyderabad,Electronics,Bluetooth Speaker,2,2103.22,0.0,UPI,Delivered,False,False,4206.44,True
ORD200600,2025-12-18,C1705,Kavya Joshi,Kolkata,Home & Kitchen,Bedsheet Set,4,1356.56,20.0,Net Banking,Returned,False,False,4340.99,False
ORD203458,2025-12-18,C1067,Karan Nair,Bengaluru,Books,Novel,3,335.23,0.0,Debit Card,Delivered,False,False,1005.69,True
ORD204915,2025-12-18,C1065,Pooja Gupta,Pune,Home & Kitchen,Air Fryer,2,4948.76,0.0,COD,Delivered,False,False,9897.52,True
ORD200338,2025-12-18,C1513,Vikram Gupta,Ahmedabad,Electronics,Wireless Earbuds,1,2614.23,10.0,Debit Card,Delivered,False,False,2352.81,True
ORD201640,2025-12-18,C2398,Sneha Verma,Kolkata,Electronics,Bluetooth Speaker,1,2123.11,0.0,UPI,Delivered,False,False,2123.11,True
ORD202607,2025-12-18,C1091,Arjun Reddy,Delhi,Electronics,Bluetooth Speaker,2,1940.2,15.0,Credit Card,Delivered,False,False,3298.34,True
ORD202299,2025-12-18,C1392,Isha Das,Kolkata,Home & Kitchen,Bedsheet Set,1,1306.35,0.0,COD,Delivered,False,False,1306.35,True
ORD204221,2025-12-18,C1013,Sneha Reddy,Ahmedabad,Electronics,Smartwatch,2,6437.22,0.0,UPI,Delivered,False,False,12874.44,True
ORD202599,2025-12-18,C1136,Karan Mehta,Mumbai,Clothing,Hoodie,2,1526.505,0.0,Debit Card,Delivered,True,False,3053.01,True
ORD201230,2025-12-19,C2226,Aditya Reddy,Hyderabad,Electronics,Power Bank,2,1377.55,20.0,Credit Card,Returned,False,False,2204.08,False
ORD203175,2025-12-19,C1259,Arjun Patel,Pune,Home & Kitchen,Air Fryer,2,4796.49,0.0,Credit Card,Delivered,False,False,9592.98,True
ORD201011,2025-12-19,C1167,Pooja Singh,Delhi,Clothing,Hoodie,4,1597.38,20.0,Credit Card,Cancelled,False,False,5111.62,False
ORD201872,2025-12-19,C1216,Aarav Reddy,Mumbai,Home & Kitchen,Cookware Set,1,2678.98,20.0,Credit Card,Delivered,False,False,2143.18,True
ORD203969,2025-12-19,C2335,Isha Singh,Hyderabad,Electronics,Bluetooth Speaker,3,2157.45,0.0,UPI,Returned,False,False,6472.35,False
ORD204642,2025-12-19,C1146,Isha Sharma,Bengaluru,Electronics,Smartwatch,2,6082.41,15.0,UPI,Delivered,False,False,10340.1,True
ORD202667,2025-12-19,C1377,Kavya Das,Mumbai,Electronics,Power Bank,1,1389.7,15.0,UPI,Delivered,False,False,1181.25,True
ORD204344,2025-12-19,C2059,Sneha Kulkarni,Mumbai,Home & Kitchen,Air Fryer,4,5137.06,0.0,Credit Card,Cancelled,False,False,20548.24,False
ORD202016,2025-12-19,C1329,Sneha Das,Bengaluru,Clothing,Cap,1,348.97,0.0,UPI,Delivered,False,False,348.97,True
ORD201593,2025-12-19,C1195,Kavya Verma,Mumbai,Books,Exam Guide,1,500.05,15.0,COD,Delivered,False,False,425.04,True
ORD202020,2025-12-19,C1697,Manish Gupta,Chennai,Home & Kitchen,Water Bottle,2,483.74,5.0,UPI,Delivered,False,False,919.11,True
ORD204715,2025-12-19,C1369,Riya Gupta,Mumbai,Home & Kitchen,Water Bottle,2,481.69,5.0,Credit Card,Delivered,False,False,915.21,True
ORD203073,2025-12-19,C1316,Neha Iyer,Mumbai,Electronics,Bluetooth Speaker,1,2023.77,20.0,COD,Delivered,False,False,1619.02,True
ORD203410,2025-12-20,C1614,Neha Gupta,Ahmedabad,Books,Data Science Primer,1,942.66,10.0,Net Banking,Returned,False,False,848.39,False
ORD203549,2025-12-20,C1056,Priya Verma,Mumbai,Electronics,Smartwatch,1,6125.66,20.0,Credit Card,Delivered,False,False,4900.53,True
ORD203899,2025-12-20,C1434,Ananya Reddy,Chennai,Books,Comics Set,4,833.5,20.0,UPI,Cancelled,False,False,2667.2,False
ORD203248,2025-12-20,C1390,Diya Reddy,Delhi,Clothing,Hoodie,1,1429.5,0.0,COD,Delivered,False,False,1429.5,True
ORD201474,2025-12-20,C1925,Aarav Nair,Delhi,Electronics,Smartwatch,1,6126.53,0.0,UPI,Delivered,False,False,6126.53,True
ORD203202,2025-12-20,C1672,Manish Sharma,Pune,Electronics,Wireless Earbuds,1,2683.72,5.0,Credit Card,Delivered,False,False,2549.53,True
ORD204392,2025-12-20,C1926,Vikram Nair,Delhi,Electronics,USB-C Cable,1,388.07,0.0,Net Banking,Delivered,False,False,388.07,True
ORD200311,2025-12-20,C1647,Rohan Patel,Ahmedabad,Beauty,Hair Dryer,2,1544.33,0.0,Debit Card,Returned,False,False,3088.66,False
ORD202585,2025-12-20,C2182,Riya Kulkarni,Delhi,Clothing,Denim Jeans,3,1729.39,0.0,Credit Card,Delivered,False,False,5188.17,True
ORD204580,2025-12-20,C1829,Manish Verma,Mumbai,Home & Kitchen,Cookware Set,4,2670.22,15.0,UPI,Delivered,False,False,9078.75,True
ORD203024,2025-12-20,C1522,Aarav Kulkarni,Bengaluru,Electronics,Power Bank,4,1341.46,0.0,COD,Delivered,False,False,5365.84,True
ORD203435,2025-12-20,C1797,Manish Gupta,Mumbai,Electronics,Wireless Earbuds,3,2662.01,20.0,Debit Card,Cancelled,False,False,6388.82,False
ORD200813,2025-12-20,C2325,Riya Joshi,Delhi,Electronics,Smartwatch,3,6281.91,0.0,Debit Card,Delivered,False,False,18845.73,True
ORD202692,2025-12-20,C1005,Kavya Verma,Ahmedabad,Beauty,Face Wash,1,258.27,0.0,Debit Card,Returned,False,False,258.27,False
ORD204349,2025-12-20,C1309,Arjun Reddy,Mumbai,Electronics,Bluetooth Speaker,2,2078.3,15.0,UPI,Cancelled,False,False,3533.11,False
ORD200926,2025-12-20,C1753,Vivaan Gupta,Bengaluru,Electronics,Smartwatch,3,6475.91,0.0,UPI,Delivered,False,False,19427.73,True
ORD204319,2025-12-20,C2204,Karan Reddy,Hyderabad,Home & Kitchen,Mixer Grinder,2,3425.03,0.0,Credit Card,Cancelled,False,False,6850.06,False
ORD204067,2025-12-21,C2060,Arjun Singh,Bengaluru,Clothing,Cap,4,353.63,5.0,Debit Card,Delivered,False,False,1343.79,True
ORD203309,2025-12-21,C2368,Neha Kulkarni,Mumbai,Electronics,Bluetooth Speaker,3,2020.47,0.0,UPI,Returned,True,False,6061.41,False
ORD202258,2025-12-21,C1153,Aditya Patel,Hyderabad,Books,Python Handbook,2,688.42,5.0,UPI,Delivered,False,False,1308.0,True
ORD202286,2025-12-21,C1996,Priya Sharma,Hyderabad,Clothing,Cotton T-Shirt,2,613.56,5.0,COD,Delivered,False,False,1165.76,True
ORD203460,2025-12-21,C1234,Sneha Gupta,Kolkata,Electronics,Bluetooth Speaker,2,1974.98,0.0,Credit Card,Delivered,False,False,3949.96,True
ORD201891,2025-12-21,C1406,Kavya Mehta,Mumbai,Beauty,Perfume,1,1540.45,10.0,COD,Returned,False,False,1386.4,False
ORD204649,2025-12-21,C1350,Kavya Verma,Ahmedabad,Home & Kitchen,Cookware Set,4,3001.63,0.0,COD,Delivered,False,False,12006.52,True
ORD204607,2025-12-21,C1075,Rohan Patel,Hyderabad,Home & Kitchen,Water Bottle,3,454.44,5.0,UPI,Delivered,False,False,1295.15,True
ORD202764,2025-12-21,C1980,Priya Das,Mumbai,Electronics,Smartwatch,2,5972.1,0.0,Net Banking,Delivered,False,False,11944.2,True
ORD202884,2025-12-21,C1718,Aditya Das,Delhi,Beauty,Hair Dryer,1,1578.41,10.0,UPI,Delivered,False,False,1420.57,True
ORD201423,2025-12-21,C2132,Meera Verma,Bengaluru,Electronics,USB-C Cable,2,381.31,10.0,COD,Returned,False,False,686.36,False
ORD204968,2025-12-21,C1669,Rahul Verma,Bengaluru,Books,Comics Set,1,847.91,20.0,Credit Card,Delivered,False,False,678.33,True
ORD202087,2025-12-21,C1986,Meera Verma,Delhi,Home & Kitchen,Cookware Set,1,2696.82,0.0,UPI,Delivered,False,False,2696.82,True
ORD203444,2025-12-21,C2027,Meera Gupta,Hyderabad,Electronics,Power Bank,1,1298.36,10.0,UPI,Delivered,False,False,1168.52,True
ORD204199,2025-12-21,C1585,Rahul Iyer,Bengaluru,Home & Kitchen,Water Bottle,1,435.86,5.0,UPI,Delivered,False,False,414.07,True
ORD200713,2025-12-21,C1820,Manish Patel,Chennai,Electronics,Power Bank,1,1368.96,0.0,UPI,Delivered,False,False,1368.96,True
ORD203968,2025-12-21,C1425,Pooja Gupta,Chennai,Electronics,Smartwatch,2,6119.445,0.0,Net Banking,Delivered,True,False,12238.89,True
ORD202668,2025-12-21,C1708,Isha Mehta,Bengaluru,Electronics,Power Bank,4,1309.78,0.0,Credit Card,Cancelled,False,False,5239.12,False
ORD204103,2025-12-21,C1355,Sanjay Reddy,Pune,Books,Comics Set,1,782.61,0.0,Credit Card,Delivered,False,False,782.61,True
ORD200844,2025-12-21,C1203,Kavya Das,Kolkata,Home & Kitchen,Cookware Set,1,2696.49,5.0,Debit Card,Delivered,False,False,2561.67,True
ORD201889,2025-12-21,C1426,Sanjay Verma,Delhi,Beauty,Hair Dryer,4,1462.88,0.0,Debit Card,Delivered,False,False,5851.52,True
ORD201908,2025-12-21,C2339,Neha Mehta,Chennai,Clothing,Hoodie,2,1434.37,0.0,Credit Card,Returned,False,False,2868.74,False
ORD200260,2025-12-21,C1354,Kavya Reddy,Mumbai,Electronics,Power Bank,2,1265.94,20.0,Credit Card,Delivered,False,False,2025.5,True
ORD201372,2025-12-21,C1836,Kavya Joshi,Delhi,Electronics,USB-C Cable,2,421.64,0.0,Credit Card,Returned,False,False,843.28,False
ORD204575,2025-12-22,C1160,Vivaan Sharma,Pune,Home & Kitchen,Water Bottle,4,461.13,0.0,UPI,Delivered,False,False,1844.52,True
ORD203908,2025-12-22,C1365,Rahul Sharma,Delhi,Home & Kitchen,Air Fryer,2,5051.06,10.0,Debit Card,Delivered,False,False,9091.91,True
ORD200628,2025-12-22,C1007,Riya Kulkarni,Kolkata,Home & Kitchen,Air Fryer,4,5391.44,0.0,UPI,Delivered,False,False,21565.76,True
ORD202639,2025-12-22,C1141,Sneha Joshi,Mumbai,Beauty,Hair Dryer,3,1485.23,0.0,UPI,Cancelled,False,False,4455.69,False
ORD203568,2025-12-22,C1497,Manish Gupta,Bengaluru,Beauty,Face Wash,4,263.71,0.0,COD,Cancelled,False,False,1054.84,False
ORD200637,2025-12-22,C1976,Riya Singh,Bengaluru,Electronics,Bluetooth Speaker,1,1932.16,20.0,COD,Cancelled,False,False,1545.73,False
ORD202155,2025-12-22,C1840,Manish Sharma,Chennai,Books,Data Science Primer,2,953.53,10.0,Credit Card,Delivered,False,False,1716.35,True
ORD200150,2025-12-22,C2153,Vikram Das,Mumbai,Clothing,Cotton T-Shirt,1,606.76,15.0,UPI,Delivered,False,False,515.75,True
ORD203271,2025-12-22,C1207,Rahul Verma,Bengaluru,Clothing,Hoodie,1,1514.16,0.0,Debit Card,Returned,False,False,1514.16,False
ORD202160,2025-12-22,C1746,Isha Iyer,Delhi,Books,Comics Set,1,808.92,0.0,Debit Card,Delivered,False,False,808.92,True
ORD201774,2025-12-22,C2321,Rohan Mehta,Delhi,Books,Novel,3,340.82,15.0,Net Banking,Delivered,False,False,869.09,True
ORD201508,2025-12-22,C1026,Vikram Singh,Mumbai,Home & Kitchen,Bedsheet Set,2,1381.42,5.0,Credit Card,Delivered,False,False,2624.7,True
ORD203234,2025-12-22,C2170,Sneha Gupta,Hyderabad,Books,Data Science Primer,1,914.44,0.0,Net Banking,Delivered,False,False,914.44,True
ORD202696,2025-12-22,C1739,Sanjay Verma,Bengaluru,Home & Kitchen,Air Fryer,3,5332.16,20.0,Debit Card,Delivered,False,False,12797.18,True
ORD201573,2025-12-22,C1029,Aarav Sharma,Hyderabad,Beauty,Lipstick,2,421.66,5.0,Credit Card,Returned,False,False,801.15,False
ORD201695,2025-12-22,C1141,Sneha Joshi,Mumbai,Electronics,USB-C Cable,1,386.83,0.0,Credit Card,Delivered,False,False,386.83,True
ORD201657,2025-12-22,C2130,Manish Verma,Delhi,Electronics,Power Bank,1,1335.15,10.0,UPI,Cancelled,False,False,1201.64,False
ORD204536,2025-12-22,C1017,Manish Sharma,Delhi,Electronics,USB-C Cable,3,416.44,15.0,UPI,Delivered,False,False,1061.92,True
ORD202699,2025-12-22,C1333,Ananya Verma,Pune,Home & Kitchen,Water Bottle,1,432.04,20.0,Credit Card,Cancelled,False,False,345.63,False
ORD203141,2025-12-22,C2116,Neha Patel,Delhi,Home & Kitchen,Water Bottle,2,479.6,10.0,Credit Card,Delivered,False,False,863.28,True
ORD200344,2025-12-22,C1754,Vivaan Das,Chennai,Home & Kitchen,Cookware Set,1,2961.61,10.0,Net Banking,Delivered,False,False,2665.45,True
ORD202248,2025-12-22,C2174,Riya Joshi,Ahmedabad,Books,Python Handbook,3,685.32,15.0,UPI,Delivered,False,False,1747.57,True
ORD204824,2025-12-22,C1622,Meera Gupta,Mumbai,Clothing,Denim Jeans,4,1902.23,0.0,UPI,Delivered,False,False,7608.92,True
ORD203524,2025-12-23,C1346,Sanjay Patel,Mumbai,Clothing,Hoodie,4,1470.49,0.0,COD,Delivered,False,False,5881.96,True
ORD200199,2025-12-23,C1834,Pooja Iyer,Delhi,Home & Kitchen,Bedsheet Set,2,1372.65,5.0,COD,Delivered,False,False,2608.04,True
ORD203659,2025-12-23,C2006,Karan Nair,Chennai,Electronics,USB-C Cable,2,397.0,0.0,Credit Card,Delivered,False,False,794.0,True
ORD203848,2025-12-23,C1431,Kavya Sharma,Delhi,Books,Python Handbook,1,712.84,10.0,UPI,Delivered,False,False,641.56,True
ORD203120,2025-12-23,C1393,Ananya Verma,Mumbai,Clothing,Hoodie,1,1430.6,10.0,Debit Card,Delivered,False,False,1287.54,True
ORD200691,2025-12-23,C2048,Arjun Mehta,Kolkata,Clothing,Cap,4,357.89,0.0,UPI,Delivered,False,False,1431.56,True
ORD203184,2025-12-23,C1657,Rohan Singh,Kolkata,Clothing,Running Shoes,4,3114.51,0.0,UPI,Delivered,False,False,12458.04,True
ORD202377,2025-12-23,C2306,Ananya Mehta,Kolkata,Beauty,Face Wash,1,264.79,20.0,Debit Card,Delivered,False,False,211.83,True
ORD204757,2025-12-23,C2206,Vivaan Mehta,Mumbai,Books,Comics Set,1,838.72,5.0,Credit Card,Returned,False,False,796.78,False
ORD200558,2025-12-23,C1995,Neha Iyer,Kolkata,Electronics,Smartwatch,4,6375.43,10.0,Debit Card,Delivered,False,False,22951.55,True
ORD200669,2025-12-23,C1129,Kavya Singh,Delhi,Beauty,Moisturiser,3,472.0,15.0,UPI,Delivered,False,False,1203.6,True
ORD202346,2025-12-23,C1042,Rohan Kulkarni,Bengaluru,Clothing,Cap,1,376.17,15.0,Credit Card,Delivered,False,False,319.74,True
ORD204601,2025-12-23,C1128,Riya Sharma,Mumbai,Clothing,Cap,1,334.14,20.0,UPI,Returned,False,False,267.31,False
ORD201594,2025-12-23,C2051,Aarav Nair,Pune,Home & Kitchen,Water Bottle,3,438.81,0.0,Credit Card,Delivered,False,False,1316.43,True
ORD200825,2025-12-23,C2032,Aditya Joshi,Delhi,Clothing,Cotton T-Shirt,1,596.64,20.0,UPI,Delivered,False,False,477.31,True
ORD204198,2025-12-23,C2194,Isha Iyer,Delhi,Books,Exam Guide,2,497.0,0.0,Debit Card,Cancelled,False,False,994.0,False
ORD202725,2025-12-23,C1135,Karan Reddy,Kolkata,Electronics,Wireless Earbuds,1,2497.94,20.0,Debit Card,Returned,False,False,1998.35,False
ORD203841,2025-12-23,C1500,Neha Nair,Bengaluru,Beauty,Hair Dryer,1,1563.06,20.0,Credit Card,Delivered,False,False,1250.45,True
ORD200936,2025-12-23,C1637,Ananya Verma,Ahmedabad,Electronics,Smartwatch,1,6462.7,0.0,UPI,Returned,False,False,6462.7,False
ORD201356,2025-12-23,C1177,Pooja Reddy,Mumbai,Home & Kitchen,Water Bottle,1,440.75,0.0,Credit Card,Cancelled,False,False,440.75,False
ORD203404,2025-12-24,C1695,Aarav Gupta,Chennai,Electronics,Smartwatch,1,6029.21,20.0,UPI,Delivered,False,False,4823.37,True
ORD204028,2025-12-24,C1328,Neha Singh,Chennai,Clothing,Cotton T-Shirt,2,573.25,10.0,UPI,Cancelled,False,False,1031.85,False
ORD203163,2025-12-24,C1811,Ananya Sharma,Delhi,Books,Comics Set,3,819.68,0.0,UPI,Returned,False,False,2459.04,False
ORD202882,2025-12-24,C2300,Neha Singh,Mumbai,Home & Kitchen,Air Fryer,1,4922.11,0.0,UPI,Delivered,False,False,4922.11,True
ORD201834,2025-12-24,C1906,Riya Nair,Chennai,Beauty,Lipstick,1,388.77,0.0,UPI,Returned,False,False,388.77,False
ORD200144,2025-12-24,C1328,Neha Singh,Bengaluru,Electronics,Wireless Earbuds,1,2591.21,20.0,Credit Card,Returned,False,False,2072.97,False
ORD203563,2025-12-24,C1286,Pooja Reddy,Bengaluru,Clothing,Cotton T-Shirt,3,623.56,0.0,COD,Cancelled,False,False,1870.68,False
ORD201027,2025-12-24,C1549,Ananya Singh,Bengaluru,Home & Kitchen,Mixer Grinder,1,3206.28,20.0,Debit Card,Cancelled,False,False,2565.02,False
ORD204726,2025-12-24,C1486,Vikram Iyer,Bengaluru,Clothing,Running Shoes,1,3020.77,0.0,UPI,Delivered,False,False,3020.77,True
ORD200210,2025-12-24,C1853,Manish Mehta,Mumbai,Home & Kitchen,Cookware Set,4,2855.12,0.0,COD,Delivered,False,False,11420.48,True
ORD201595,2025-12-24,C1167,Pooja Singh,Delhi,Home & Kitchen,Mixer Grinder,2,3457.43,0.0,Debit Card,Delivered,False,False,6914.86,True
ORD201778,2025-12-24,C1123,Vivaan Sharma,Pune,Home & Kitchen,Air Fryer,1,5215.78,5.0,UPI,Delivered,False,False,4954.99,True
ORD203442,2025-12-24,C2291,Riya Patel,Hyderabad,Electronics,Power Bank,1,1401.95,5.0,Net Banking,Delivered,False,False,1331.85,True
ORD202345,2025-12-24,C1939,Aditya Joshi,Mumbai,Beauty,Face Wash,2,240.22,20.0,COD,Cancelled,False,False,384.35,False
ORD201653,2025-12-24,C1720,Karan Reddy,Bengaluru,Books,Data Science Primer,2,908.7,5.0,UPI,Delivered,False,False,1726.53,True
ORD203415,2025-12-24,C1905,Pooja Joshi,Pune,Beauty,Perfume,2,1600.61,0.0,UPI,Delivered,False,True,3201.22,True
ORD203632,2025-12-24,C2092,Sanjay Nair,Pune,Beauty,Moisturiser,3,455.95,0.0,Debit Card,Cancelled,True,False,1367.85,False
ORD202276,2025-12-25,C1865,Rohan Sharma,Mumbai,Electronics,Bluetooth Speaker,4,2122.81,0.0,Credit Card,Delivered,False,False,8491.24,True
ORD200116,2025-12-25,C1969,Rahul Joshi,Chennai,Home & Kitchen,Air Fryer,1,4948.61,0.0,Net Banking,Delivered,False,False,4948.61,True
ORD204504,2025-12-25,C1547,Isha Joshi,Mumbai,Home & Kitchen,Bedsheet Set,3,1326.48,20.0,COD,Delivered,False,False,3183.55,True
ORD200244,2025-12-25,C1953,Neha Singh,Ahmedabad,Home & Kitchen,Water Bottle,3,441.4,10.0,UPI,Delivered,False,False,1191.78,True
ORD201822,2025-12-25,C1703,Vikram Das,Mumbai,Clothing,Running Shoes,3,3064.82,5.0,Net Banking,Returned,False,False,8734.74,False
ORD203296,2025-12-25,C1148,Riya Joshi,Mumbai,Clothing,Hoodie,1,1577.25,0.0,UPI,Delivered,False,False,1577.25,True
ORD200016,2025-12-25,C1655,Manish Nair,Delhi,Clothing,Running Shoes,4,3050.7349999999997,0.0,COD,Cancelled,True,False,12202.94,False
ORD200646,2025-12-25,C1114,Kavya Singh,Mumbai,Home & Kitchen,Air Fryer,2,4964.84,0.0,UPI,Delivered,False,False,9929.68,True
ORD203621,2025-12-25,C1066,Aarav Kulkarni,Delhi,Electronics,Smartwatch,4,5997.28,0.0,Net Banking,Delivered,False,False,23989.12,True
ORD200619,2025-12-25,C2257,Kavya Sharma,Delhi,Books,Data Science Primer,2,900.99,5.0,UPI,Delivered,False,False,1711.88,True
ORD204397,2025-12-25,C2161,Neha Kulkarni,Delhi,Clothing,Cotton T-Shirt,2,617.67,0.0,UPI,Cancelled,False,True,1235.34,False
ORD201990,2025-12-25,C1480,Diya Gupta,Mumbai,Home & Kitchen,Mixer Grinder,4,3161.4,10.0,COD,Delivered,False,False,11381.04,True
ORD203190,2025-12-25,C2244,Karan Gupta,Ahmedabad,Beauty,Face Wash,1,267.69,15.0,Credit Card,Delivered,False,False,227.54,True
ORD204080,2025-12-25,C2124,Aditya Joshi,Delhi,Beauty,Face Wash,4,245.68,10.0,UPI,Delivered,False,False,884.45,True
ORD203612,2025-12-25,C1539,Manish Mehta,Ahmedabad,Clothing,Cotton T-Shirt,1,612.38,5.0,UPI,Cancelled,False,False,581.76,False
ORD203353,2025-12-25,C1674,Ananya Gupta,Delhi,Electronics,Wireless Earbuds,4,2669.53,0.0,UPI,Delivered,False,True,10678.12,True
ORD201963,2025-12-25,C1681,Rohan Sharma,Chennai,Electronics,Power Bank,1,1311.3,5.0,UPI,Delivered,True,False,1245.73,True
ORD204492,2025-12-25,C1533,Diya Singh,Mumbai,Electronics,Smartwatch,2,6119.445,0.0,UPI,Delivered,True,False,12238.89,True
ORD201028,2025-12-26,C1142,Priya Singh,Delhi,Electronics,USB-C Cable,1,423.45,0.0,Net Banking,Delivered,False,False,423.45,True
ORD203708,2025-12-26,C1436,Vikram Patel,Ahmedabad,Beauty,Moisturiser,1,445.55,5.0,Net Banking,Returned,False,False,423.27,False
ORD200747,2025-12-26,C1270,Priya Singh,Kolkata,Clothing,Cap,1,355.28999999999996,15.0,UPI,Delivered,True,False,302.0,True
ORD200318,2025-12-26,C2374,Kavya Patel,Mumbai,Books,Data Science Primer,1,896.19,10.0,Credit Card,Returned,False,False,806.57,False
ORD200370,2025-12-26,C2133,Kavya Gupta,Delhi,Clothing,Cotton T-Shirt,1,631.68,20.0,UPI,Delivered,False,False,505.34,True
ORD204503,2025-12-26,C1660,Vivaan Mehta,Delhi,Home & Kitchen,Air Fryer,1,4875.22,10.0,Debit Card,Delivered,False,False,4387.7,True
ORD200714,2025-12-26,C1159,Manish Gupta,Mumbai,Electronics,Bluetooth Speaker,1,2086.45,5.0,Net Banking,Delivered,False,False,1982.13,True
ORD203703,2025-12-26,C1784,Kavya Sharma,Mumbai,Electronics,Smartwatch,1,6283.66,15.0,Debit Card,Cancelled,False,False,5341.11,False
ORD202909,2025-12-26,C1995,Neha Iyer,Kolkata,Home & Kitchen,Bedsheet Set,3,1314.61,15.0,COD,Delivered,False,False,3352.26,True
ORD202045,2025-12-26,C1936,Vivaan Iyer,Bengaluru,Electronics,Smartwatch,1,5779.92,15.0,UPI,Delivered,False,False,4912.93,True
ORD201893,2025-12-26,C1606,Kavya Kulkarni,Delhi,Clothing,Cotton T-Shirt,2,599.86,10.0,UPI,Returned,False,False,1079.75,False
ORD203879,2025-12-26,C1458,Vikram Nair,Pune,Home & Kitchen,Mixer Grinder,1,3482.56,10.0,UPI,Delivered,False,False,3134.3,True
ORD200633,2025-12-26,C1983,Isha Iyer,Bengaluru,Books,Comics Set,1,784.83,0.0,UPI,Delivered,False,False,784.83,True
ORD204796,2025-12-26,C1312,Aarav Joshi,Hyderabad,Books,Data Science Primer,1,894.56,20.0,Credit Card,Returned,False,False,715.65,False
ORD202548,2025-12-26,C1100,Rahul Singh,Bengaluru,Clothing,Denim Jeans,3,1874.04,0.0,Net Banking,Cancelled,False,False,5622.12,False
ORD200453,2025-12-26,C1674,Ananya Gupta,Delhi,Beauty,Hair Dryer,4,1478.32,20.0,UPI,Delivered,False,False,4730.62,True
ORD201247,2025-12-26,C1687,Manish Kulkarni,Hyderabad,Beauty,Hair Dryer,3,1495.82,0.0,Credit Card,Delivered,False,False,4487.46,True
ORD200572,2025-12-26,C2308,Diya Patel,Chennai,Clothing,Denim Jeans,4,1909.55,20.0,UPI,Delivered,False,False,6110.56,True
ORD200299,2025-12-26,C1222,Aarav Mehta,Kolkata,Home & Kitchen,Bedsheet Set,1,1261.06,15.0,Credit Card,Cancelled,False,False,1071.9,False
ORD200594,2025-12-26,C1450,Vivaan Sharma,Delhi,Clothing,Denim Jeans,1,1856.28,0.0,UPI,Delivered,False,False,1856.28,True
ORD203414,2025-12-26,C1503,Vivaan Kulkarni,Ahmedabad,Beauty,Face Wash,2,254.63,20.0,UPI,Delivered,False,False,407.41,True
ORD201159,2025-12-26,C2197,Sanjay Das,Bengaluru,Beauty,Hair Dryer,3,1506.65,15.0,Credit Card,Returned,False,False,3841.96,False
ORD201246,2025-12-26,C2149,Neha Das,Mumbai,Home & Kitchen,Bedsheet Set,4,1379.19,20.0,Net Banking,Cancelled,False,False,4413.41,False
ORD202159,2025-12-27,C2375,Manish Singh,Mumbai,Books,Novel,4,364.77,10.0,UPI,Cancelled,False,False,1313.17,False
ORD203406,2025-12-27,C1150,Arjun Joshi,Delhi,Electronics,Wireless Earbuds,4,2528.86,0.0,Net Banking,Returned,False,False,10115.44,False
ORD203456,2025-12-27,C1060,Manish Nair,Mumbai,Electronics,USB-C Cable,1,419.16,0.0,COD,Delivered,False,False,419.16,True
ORD203519,2025-12-27,C2054,Karan Sharma,Mumbai,Electronics,Power Bank,1,1277.47,5.0,Debit Card,Delivered,False,False,1213.6,True
ORD201518,2025-12-27,C1689,Riya Mehta,Kolkata,Electronics,Smartwatch,1,6119.445,15.0,UPI,Returned,True,False,5201.53,False
ORD200168,2025-12-27,C1303,Manish Iyer,Delhi,Books,Novel,2,353.43,0.0,UPI,Delivered,True,False,706.86,True
ORD204375,2025-12-27,C1123,Vivaan Sharma,Pune,Home & Kitchen,Air Fryer,1,5265.68,0.0,UPI,Delivered,False,False,5265.68,True
ORD201258,2025-12-27,C1085,Pooja Singh,Mumbai,Home & Kitchen,Water Bottle,1,473.87,10.0,COD,Delivered,False,False,426.48,True
ORD202480,2025-12-27,C2029,Ananya Joshi,Mumbai,Clothing,Cotton T-Shirt,1,569.27,10.0,UPI,Delivered,False,False,512.34,True
ORD200866,2025-12-27,C1821,Sneha Reddy,Chennai,Electronics,Bluetooth Speaker,1,2150.32,0.0,Net Banking,Delivered,False,False,2150.32,True
ORD202456,2025-12-27,C2355,Ananya Verma,Pune,Books,Novel,4,373.07,0.0,Net Banking,Delivered,False,False,1492.28,True
ORD204209,2025-12-27,C1511,Rohan Kulkarni,Kolkata,Electronics,Wireless Earbuds,2,2528.86,10.0,COD,Cancelled,True,False,4551.95,False
ORD201581,2025-12-27,C1335,Isha Mehta,Delhi,Electronics,Power Bank,2,1385.58,20.0,Credit Card,Delivered,False,False,2216.93,True
ORD204673,2025-12-27,C1015,Aarav Kulkarni,Hyderabad,Clothing,Denim Jeans,3,1753.61,0.0,Unknown,Returned,False,False,5260.83,False
ORD202154,2025-12-27,C2286,Riya Nair,Mumbai,Home & Kitchen,Water Bottle,2,442.22,5.0,Debit Card,Delivered,False,False,840.22,True
ORD202534,2025-12-27,C2243,Sneha Reddy,Hyderabad,Electronics,Bluetooth Speaker,2,1912.73,20.0,UPI,Delivered,False,False,3060.37,True
ORD200767,2025-12-27,C1721,Vikram Gupta,Bengaluru,Clothing,Cap,2,338.54,0.0,UPI,Returned,False,False,677.08,False
ORD201245,2025-12-27,C1311,Meera Reddy,Kolkata,Home & Kitchen,Cookware Set,1,2758.77,20.0,Debit Card,Cancelled,False,False,2207.02,False
ORD203372,2025-12-27,C2110,Isha Das,Delhi,Electronics,Smartwatch,1,6178.28,0.0,Net Banking,Cancelled,False,False,6178.28,False
ORD200884,2025-12-28,C2356,Ananya Das,Ahmedabad,Clothing,Cotton T-Shirt,2,586.89,0.0,UPI,Delivered,False,False,1173.78,True
ORD201433,2025-12-28,C2236,Pooja Iyer,Mumbai,Beauty,Moisturiser,4,455.95,15.0,UPI,Returned,True,False,1550.23,False
ORD203191,2025-12-28,C1637,Ananya Verma,Ahmedabad,Electronics,Wireless Earbuds,3,2453.51,0.0,COD,Delivered,False,False,7360.53,True
ORD204828,2025-12-28,C2219,Manish Iyer,Hyderabad,Clothing,Cotton T-Shirt,3,596.96,0.0,Credit Card,Returned,False,False,1790.88,False
ORD201118,2025-12-28,C1939,Aditya Joshi,Mumbai,Beauty,Perfume,4,1549.82,20.0,UPI,Delivered,False,False,4959.42,True
ORD204027,2025-12-28,C2199,Priya Nair,Mumbai,Clothing,Hoodie,2,1533.71,0.0,UPI,Delivered,False,False,3067.42,True
ORD204110,2025-12-28,C2365,Manish Verma,Chennai,Electronics,Smartwatch,2,6120.17,20.0,UPI,Delivered,False,False,9792.27,True
ORD200480,2025-12-28,C1798,Karan Patel,Delhi,Electronics,Bluetooth Speaker,1,2017.89,10.0,Net Banking,Cancelled,False,False,1816.1,False
ORD201298,2025-12-28,C1396,Neha Joshi,Bengaluru,Beauty,Lipstick,1,412.44,5.0,UPI,Cancelled,False,False,391.82,False
ORD202373,2025-12-28,C1769,Kavya Gupta,Bengaluru,Home & Kitchen,Bedsheet Set,2,1339.7,0.0,UPI,Delivered,False,False,2679.4,True
ORD202352,2025-12-29,C1510,Sanjay Patel,Ahmedabad,Electronics,Wireless Earbuds,1,2405.48,20.0,Credit Card,Delivered,False,False,1924.38,True
ORD200021,2025-12-29,C1984,Ananya Iyer,Kolkata,Beauty,Hair Dryer,4,1458.73,0.0,UPI,Delivered,False,True,5834.92,True
ORD203512,2025-12-29,C1038,Meera Joshi,Ahmedabad,Books,Data Science Primer,2,964.52,5.0,Net Banking,Delivered,False,False,1832.59,True
ORD203714,2025-12-29,C1490,Karan Nair,Mumbai,Clothing,Running Shoes,2,3211.38,0.0,UPI,Delivered,False,False,6422.76,True
ORD204197,2025-12-29,C1496,Manish Reddy,Mumbai,Beauty,Lipstick,4,405.11,15.0,UPI,Cancelled,False,False,1377.37,False
ORD204805,2025-12-29,C1688,Diya Iyer,Delhi,Home & Kitchen,Mixer Grinder,3,3319.55,0.0,Credit Card,Delivered,False,False,9958.65,True
ORD200551,2025-12-29,C1221,Isha Das,Pune,Home & Kitchen,Cookware Set,2,2854.18,20.0,Debit Card,Delivered,False,False,4566.69,True
ORD203769,2025-12-29,C1108,Arjun Iyer,Chennai,Clothing,Hoodie,2,1491.99,0.0,UPI,Returned,False,False,2983.98,False
ORD203894,2025-12-29,C1728,Aarav Mehta,Hyderabad,Clothing,Hoodie,1,1598.87,5.0,COD,Returned,False,False,1518.93,False
ORD203506,2025-12-29,C1312,Aarav Joshi,Hyderabad,Electronics,Wireless Earbuds,2,2657.39,0.0,UPI,Delivered,False,True,5314.78,True
ORD201355,2025-12-29,C1634,Manish Singh,Chennai,Electronics,USB-C Cable,3,389.6,0.0,UPI,Delivered,False,False,1168.8,True
ORD203964,2025-12-29,C1329,Sneha Das,Pune,Electronics,Smartwatch,2,5813.34,0.0,COD,Returned,False,False,11626.68,False
ORD202769,2025-12-29,C2156,Rohan Das,Chennai,Clothing,Hoodie,1,1424.36,5.0,UPI,Delivered,False,False,1353.14,True
ORD202926,2025-12-29,C1178,Sneha Reddy,Mumbai,Electronics,USB-C Cable,1,390.49,10.0,UPI,Delivered,False,False,351.44,True
ORD200295,2025-12-29,C1284,Sanjay Mehta,Ahmedabad,Electronics,Smartwatch,2,6119.445,5.0,UPI,Delivered,True,False,11626.95,True
ORD202439,2025-12-30,C2334,Riya Singh,Kolkata,Electronics,Smartwatch,3,5978.98,5.0,Debit Card,Delivered,False,False,17040.09,True
ORD203657,2025-12-30,C2220,Arjun Singh,Delhi,Clothing,Denim Jeans,2,1853.46,20.0,COD,Cancelled,False,False,2965.54,False
ORD201155,2025-12-30,C1542,Aarav Das,Chennai,Books,Exam Guide,2,517.49,0.0,Debit Card,Delivered,False,False,1034.98,True
ORD204508,2025-12-30,C1459,Riya Patel,Mumbai,Beauty,Face Wash,1,260.89,5.0,UPI,Delivered,False,False,247.85,True
ORD201865,2025-12-30,C1997,Diya Gupta,Mumbai,Books,Novel,4,359.24,0.0,Net Banking,Returned,False,False,1436.96,False
ORD202868,2025-12-30,C1054,Rahul Verma,Kolkata,Home & Kitchen,Mixer Grinder,4,3466.6,0.0,COD,Delivered,False,False,13866.4,True
ORD202782,2025-12-30,C2259,Diya Iyer,Chennai,Electronics,Bluetooth Speaker,2,2097.46,10.0,Net Banking,Delivered,False,False,3775.43,True
ORD201703,2025-12-30,C1224,Sneha Reddy,Mumbai,Clothing,Cotton T-Shirt,4,583.44,5.0,UPI,Delivered,False,False,2217.07,True
ORD203278,2025-12-30,C1968,Neha Joshi,Mumbai,Electronics,Wireless Earbuds,2,2574.67,0.0,UPI,Delivered,False,False,5149.34,True
ORD201141,2025-12-30,C1126,Karan Iyer,Delhi,Home & Kitchen,Water Bottle,1,474.74,0.0,UPI,Returned,False,True,474.74,False
ORD202151,2025-12-30,C1840,Manish Sharma,Chennai,Electronics,Bluetooth Speaker,4,1989.67,0.0,UPI,Delivered,False,False,7958.68,True
ORD200425,2025-12-30,C1364,Diya Gupta,Mumbai,Beauty,Hair Dryer,2,1572.39,15.0,COD,Delivered,False,False,2673.06,True
ORD203285,2025-12-30,C1666,Kavya Sharma,Chennai,Electronics,USB-C Cable,1,393.99,0.0,Debit Card,Delivered,False,False,393.99,True
ORD202965,2025-12-30,C1825,Manish Joshi,Bengaluru,Home & Kitchen,Air Fryer,4,5364.69,5.0,UPI,Delivered,False,False,20385.82,True
ORD204747,2025-12-30,C2353,Sanjay Iyer,Kolkata,Clothing,Hoodie,1,1612.47,0.0,UPI,Delivered,False,False,1612.47,True
ORD200420,2025-12-30,C1920,Isha Mehta,Hyderabad,Electronics,Wireless Earbuds,2,2499.48,20.0,Net Banking,Cancelled,False,False,3999.17,False
ORD202803,2025-12-30,C1811,Ananya Sharma,Delhi,Books,Novel,2,347.68,0.0,Credit Card,Delivered,False,False,695.36,True
ORD204590,2025-12-30,C1322,Rahul Joshi,Hyderabad,Home & Kitchen,Mixer Grinder,3,3164.95,20.0,Credit Card,Returned,False,False,7595.88,False
ORD204395,2025-12-30,C1761,Vivaan Das,Pune,Clothing,Denim Jeans,2,1913.55,0.0,UPI,Delivered,False,False,3827.1,True
ORD204298,2025-12-31,C1251,Isha Gupta,Delhi,Electronics,Wireless Earbuds,1,2603.06,0.0,Debit Card,Delivered,False,False,2603.06,True
ORD204630,2025-12-31,C2114,Aditya Joshi,Pune,Beauty,Hair Dryer,1,1481.5,0.0,UPI,Delivered,False,False,1481.5,True
ORD203606,2025-12-31,C1447,Sanjay Kulkarni,Mumbai,Electronics,Bluetooth Speaker,1,2102.75,10.0,Net Banking,Cancelled,False,False,1892.48,False
ORD204305,2025-12-31,C1407,Karan Kulkarni,Delhi,Home & Kitchen,Cookware Set,4,2947.43,10.0,Debit Card,Delivered,False,False,10610.75,True
ORD204414,2025-12-31,C1164,Vivaan Mehta,Bengaluru,Beauty,Perfume,1,1532.47,0.0,UPI,Delivered,False,False,1532.47,True
ORD204455,2025-12-31,C1832,Sneha Gupta,Kolkata,Electronics,Smartwatch,1,6264.96,10.0,Credit Card,Delivered,False,False,5638.46,True
ORD200091,2025-12-31,C1980,Priya Das,Mumbai,Electronics,USB-C Cable,3,415.67,0.0,Credit Card,Delivered,False,False,1247.01,True
ORD203432,2025-12-31,C1011,Meera Joshi,Delhi,Beauty,Face Wash,3,265.06,0.0,UPI,Delivered,False,False,795.18,True
ORD203483,2025-12-31,C1955,Rahul Mehta,Delhi,Electronics,Power Bank,3,1264.48,15.0,UPI,Delivered,False,False,3224.42,True
ORD204188,2025-12-31,C2393,Vivaan Joshi,Pune,Home & Kitchen,Mixer Grinder,1,3543.28,15.0,UPI,Delivered,False,False,3011.79,True
ORD203922,2025-12-31,C1711,Karan Nair,Delhi,Books,Exam Guide,2,538.32,0.0,Net Banking,Returned,False,False,1076.64,False
ORD204473,2025-12-31,C2081,Aditya Das,Delhi,Electronics,Wireless Earbuds,2,2514.38,15.0,UPI,Returned,False,False,4274.45,False
ORD203850,2025-12-31,C1508,Manish Sharma,Hyderabad,Books,Comics Set,1,765.58,0.0,Debit Card,Delivered,False,False,765.58,True
ORD203037,2025-12-31,C1804,Meera Joshi,Pune,Home & Kitchen,Cookware Set,3,2741.1,0.0,UPI,Returned,False,False,8223.3,False
ORD200142,2025-12-31,C1317,Kavya Mehta,Mumbai,Home & Kitchen,Mixer Grinder,2,3380.22,5.0,COD,Returned,False,False,6422.42,False
ORD204657,2025-12-31,C1209,Diya Das,Mumbai,Books,Comics Set,1,796.0,15.0,Credit Card,Delivered,False,False,676.6,True
ORD200384,2025-12-31,C1091,Arjun Reddy,Delhi,Beauty,Face Wash,1,264.62,0.0,UPI,Delivered,False,False,264.62,True
