order_id,order_date,customer_id,customer_name,city,category,product,quantity,unit_price,discount_pct,payment_method,order_status
ORD201882,03-Oct-25,C1596,Aditya Iyer,Chennai,Home & Kitchen,Water Bottle,1,480.47,15,Debit Card,Cancelled
ORD201204,17-10-2025,C1169,Aditya Sharma,Hyderabad,Home & Kitchen,Water Bottle,1,468.79,20,UPI,Delivered
ORD201464,14-03-2025,C1316,Neha Iyer,Mumbai,Home & Kitchen  ,Cookware Set,4,2962.6,0,UPI,Delivered
ORD203126,15-10-2025,C2394,Diya Kulkarni,Bengaluru,HOME & KITCHEN,Bedsheet Set,1,1306.92,20,Debit Card,Delivered
ORD201808,29-10-2025,C2047,Neha Gupta,Bangalore,HOME & KITCHEN,Air Fryer,2,5274.89,0,UPI,Delivered
ORD201036,26-11-2025,C1874,Arjun Gupta,Chennai  ,Beauty,Hair Dryer,2,1438.73,0,UPI,Delivered
ORD202426,11-02-2025,C1105,Priya Reddy,MUMBAI, Clothing ,Cotton T-Shirt,1,641.16,0,COD,Delivered
ORD201470,03-27-2025,C1900,Arjun Sharma,Hyderabad,clothing,Cap,3,374.88,0,Credit Card,Returned
ORD202827,08-03-2025,C1950,Neha Kulkarni,Delhi,Beauty,Lipstick,1,420.92,0,Net Banking,Delivered
ORD202930,16-Oct-25,C2382,Rohan Verma,Delhi, Electronics ,Smartwatch,4,5704.59,0,UPI,Delivered
ORD202073,23-10-2025,C1450,Vivaan Sharma, Delhi ,Beauty,Perfume,1,1656.13,0,UPI,Delivered
ORD202983,12-Oct-25,C1240,Priya Patel,Pune,Clothing,Hoodie,1,1503.01,5,Net Banking,Delivered
ORD200528,23-01-2025,C1778,Karan Kulkarni,Mumbai,books,Exam Guide,2,,150,UPI,Returned
ORD204909,07-05-2025,C1495,Vikram Patel,,Clothing,Denim Jeans,2,1760,0,COD,Delivered
ORD200261,25-Nov-25,C1705,Kavya Joshi,Kolkata,Home & Kitchen,Air Fryer,4,5345.21,20,UPI,Delivered
ORD202516,04-11-2025,C1904,Meera Iyer,Chennai,Clothing,Cap,1,357.33,15,Debit Card,Delivered
ORD204980,31-07-2025,C1031,Ananya Singh,Ahmedabad, Beauty ,Perfume,4,1626.26,5,UPI,Delivered
ORD200057,02-07-2025,C1413,Sneha Joshi, Chennai ,Electronics,Smartwatch,3,5894.21,5,UPI,Cancelled
ORD204935,08-07-2025,C1611,Sneha Sharma,Hyderabad,Electronics,Power Bank,2,1302.08,0,UPI,Returned
ORD204298,31-12-2025,C1251,Isha Gupta,Delhi,Electronics,Wireless Earbuds,1,2603.06,0,Debit Card,Delivered
ORD201704,12-18-2025,C1360,Priya Sharma,Bengaluru,Books,Novel,4,347.35,15,Credit Card,Delivered
ORD203209,17-Jan-25,C1363,Priya Mehta,Delhi,Home & Kitchen,Cookware Set,4,2723.75,20,UPI,Delivered
ORD204831,30-04-2025,C1577,Karan Verma, Chennai , Electronics ,USB-C Cable,1,417.28,0,COD,Returned
ORD204977,16-05-2025,C1223,Meera Gupta, Mumbai ,Home & Kitchen,Water Bottle,1,434.63,0,UPI,Delivered
ORD202352,29-12-2025,C1510,Sanjay Patel,Ahmedabad,Electronics,Wireless Earbuds,1,2405.48,20,Credit Card,Delivered
ORD204014,26-11-2025,C1701,Riya Das,Delhi,Beauty,Moisturiser,3,464.22,5,Credit Card,Delivered
ORD202937,26-Jun-25,C2205,Vivaan Verma,Kolkata,Home & Kitchen  ,Mixer Grinder,2,3502.32,20,Debit Card,Delivered
ORD204135,24-10-2025,C1894,Sneha Mehta, Delhi , Clothing ,Cotton T-Shirt,1,602.78,15,UPI,Cancelled
ORD201860,16-08-2025,C1775,Vikram Das,Kolkata,Home & Kitchen,Mixer Grinder,1,3261.26,0,Credit Card,Returned
ORD204285,07-11-2025,C1951,Neha Gupta,Delhi,Home & Kitchen,Bedsheet Set,1,1296.87,0,Debit Card,Delivered
ORD202702,02-04-2025,C1304,Aditya Reddy,Pune,Beauty,Moisturiser,1,462.61,0,UPI,Delivered
ORD202434,10-04-2025,C1124,Arjun Sharma,Pune,Electronics,Wireless Earbuds,1,2418.12,15,Debit Card,Delivered
ORD200940,01-03-2025,C1858,Vikram Nair,Mumbai,Beauty,Lipstick,1,414.01,20,Credit Card,Returned
ORD202404,22-05-2025,C2329,Karan Mehta,Chennai,Electronics,Smartwatch,1,5971.29,5,,Delivered
ORD204832,08-04-2025,C1479,Isha Mehta,Mumbai,Beauty,Face Wash,2,253.78,0,UPI,Delivered
ORD203951,18-Jun-25,C2294,Aditya Verma,Hyderabad,BEAUTY,Hair Dryer,1,1536.52,20,Net Banking,Returned
ORD201238,07-04-2025,C1111,Vivaan Iyer,Mumbai,home & kitchen,Mixer Grinder,4,3404.48,0,UPI,Delivered
ORD201735,16-11-2025,C2054,,MUMBAI,Electronics,USB-C Cable,2,428.99,0,COD,Delivered
ORD200213,14-09-2025,C2365,Manish Verma,,Clothing,Cotton T-Shirt,2,0,10,Net Banking,Cancelled
ORD200569,14-11-2025,C1222,Aarav Mehta,Kolkata,Electronics,Bluetooth Speaker,1,2082.06,15,UPI,Delivered
ORD201185,05-28-2025,C2023,Ananya Verma,,Electronics,USB-C Cable,2,388.46,0,UPI,Delivered
ORD200111,16-06-2025,C1098,Aditya Sharma,mumbai,Beauty,Perfume,3,1709.64,20,UPI,Delivered
ORD203829,27-01-2025,C2241,Meera Kulkarni,mumbai,Home & Kitchen  ,Cookware Set,2,2848.9,,Credit Card,Cancelled
ORD202946,02-06-2025,C1675,Priya Singh,Mumbai,Books,Python Handbook,1,736.93,20,Net Banking,Cancelled
ORD204746,29-Nov-25,C1545,Diya Patel,Chennai, Electronics ,Power Bank,1,1325.66,15,Debit Card,Returned
ORD201799,09-10-2025,C2349,Aarav Verma,Pune,Clothing,Running Shoes,1,3030.04,5,UPI,Cancelled
ORD200626,15-09-2025,C1253,Aditya Verma,delhi,Electronics,Power Bank,2,1243.96,15,Credit Card,Delivered
ORD200534,11-09-2025,C2237,Isha Sharma,,Electronics,Smartwatch,2,5836.44,0,UPI,Returned
ORD201187,31-08-2025,C1534,Manish Reddy,Pune,Books,Exam Guide,1,524.44,0,UPI,Delivered
ORD201231,09-11-2025,C2230,Rahul Kulkarni, Chennai ,Electronics,Wireless Earbuds,1,2591.56,5,UPI,Cancelled
ORD202565,05-12-2025,C2219,Manish Iyer,Hyderabad,Electronics,Wireless Earbuds,1,2505.51,0,UPI,Delivered
ORD200285,19-09-2025,C1299,Rahul Patel,Delhi,Clothing,Hoodie,3,1489.95,5,COD,Delivered
ORD202964,28-Nov-25,C2323,Riya Reddy,Kolkata,Clothing,Denim Jeans,2,1900.43,0,UPI,Delivered
ORD202424,16-12-2025,C1821,Sneha Reddy,Chennai,Clothing,Running Shoes,1,0,0,UPI,Cancelled
ORD201976,20-04-2025,C1654,Manish Verma,Chennai, Clothing ,Cap,1,347.55,0,UPI,Delivered
ORD202202,07-04-2025,C1401,Priya Kulkarni,Kolkata, Electronics ,Smartwatch,1,6289.81,20,Debit Card,Delivered
ORD201230,19-12-2025,C2226,Aditya Reddy,Hyderabad,Electronics,Power Bank,2,1377.55,20,Credit Card,Returned
ORD203047,03-09-2025,C1905,Pooja Joshi, Pune , Electronics ,Bluetooth Speaker,1,1978.96,0,COD,Delivered
ORD200241,21-08-2025,C1234,Sneha Gupta,Kolkata,Clothing,Cotton T-Shirt,1,603.64,0,UPI,Delivered
ORD203565,11-01-2025,C1683,Vikram Singh,Bengaluru,Home & Kitchen,Air Fryer,1,5039.44,0,Credit Card,Cancelled
ORD200023,29-09-2025,C1856,Diya Kulkarni,DELHI,Clothing  ,Denim Jeans,3,1746.56,20,UPI,Cancelled
ORD200021,29-12-2025,C1984,Ananya Iyer,KOLKATA,Beauty,Hair Dryer,4,1458.73,,UPI,Delivered
ORD202004,14-01-2025,C1972,Vikram Patel,Mumbai,Electronics,Power Bank,2,1275.36,10,Credit Card,Returned
ORD203574,09-10-2025,C1651,Riya Das,Hyderabad,electronics,USB-C Cable,1,396.64,5,UPI,Delivered
ORD204868,16-08-2025,C1374,Ananya Mehta,Pune,Home & Kitchen,Air Fryer,3,5066.08,0,Debit Card,Delivered
ORD204913,11-05-2025,C1665,Aditya Gupta,KOLKATA,CLOTHING,Cap,4,342.7,20,UPI,Delivered
ORD204927,25-03-2025,C1188,Manish Nair,Ahmedabad  ,Clothing,Cotton T-Shirt,4,589.16,0,Credit Card,Delivered
ORD203792,07-12-2025,C1547,Isha Joshi,mumbai,Beauty,Face Wash,1,263.99,,COD,Delivered
ORD204291,28-03-2025,C1278,Vikram Nair,Pune,Clothing,Hoodie,1,1502.54,20,UPI,Delivered
ORD201766,08-12-2025,C1667,Neha Reddy,Chennai,Beauty,Face Wash,2,251.43,0,UPI,Delivered
ORD202848,07-17-2025,C1580,Arjun Singh,Bengaluru,Beauty,Face Wash,1,241.67,0,Credit Card,Delivered
ORD202980,08-12-2025,C1897,Priya Das,Kolkata,Beauty,Moisturiser,1,428.97,20,Net Banking,Delivered
ORD203536,23-10-2025,C1113,Arjun Kulkarni,Ahmedabad,Beauty,Lipstick,3,410.53,10,Credit Card,Returned
ORD204293,07-08-2025,C2234,Kavya Verma,Bengaluru,Home & Kitchen,Mixer Grinder,4,3417.48,0,UPI,Cancelled
ORD204042,23-01-2025,C1241,Rahul Sharma,Mumbai,Home & Kitchen,Air Fryer,1,4762.27,0,Credit Card,Delivered
ORD200538,03-05-2025,C2239,,Bengaluru,Home & Kitchen,Air Fryer,1,5112.33,0,UPI,Delivered
ORD203387,18-11-2025,C1026,Vikram Singh,Mumbai,Beauty,Hair Dryer,1,1464.14,0,Debit Card,Delivered
ORD201875,18-05-2025,C2373,Aditya Reddy,,Electronics,Bluetooth Speaker,2,1952.93,0,Net Banking,Delivered
ORD200020,01-02-2025,C2020,Karan Gupta,Delhi,Beauty,Perfume,3,1574.92,15,COD,Cancelled
ORD201871,22-07-2025,C2019,Rahul Joshi,Mumbai,Beauty,Moisturiser,4,430.43,20,COD,Cancelled
ORD204133,26-09-2025,C1195,,Mumbai,Electronics,Power Bank,1,1335.74,0,UPI,Delivered
ORD200934,28-10-2025,C1040,Aditya Singh,Delhi,Home & Kitchen,Mixer Grinder,4,3344.54,0,UPI,Delivered
ORD202316,07-03-2025,C2098,Vikram Patel,Hyderabad  ,Electronics,USB-C Cable,2,383.29,0,UPI,Delivered
ORD201681,07-09-2025,C1656,,Chennai,Home & Kitchen,Mixer Grinder,1,3210.43,0,Credit Card,Delivered
ORD203042,26-04-2025,C2305,Diya Iyer,Mumbai  ,Beauty  ,Moisturiser,2,461.45,10,COD,Delivered
ORD202897,17-Oct-25,C1915,Sanjay Kulkarni,Mumbai,Books,Novel,2,334.43,15,COD,Returned
ORD204361,28-Feb-25,C1432,Karan Singh,mumbai,Clothing,Denim Jeans,1,1921.63,10,COD,Returned
ORD202915,31-10-2025,C1373,Arjun Reddy,Delhi,Books,Data Science Primer,2,930.14,15,COD,Delivered
ORD203853,17-Oct-25,C1021,Ananya Gupta, Mumbai ,Clothing,Denim Jeans,4,1793.08,15,Net Banking,Delivered
ORD204846,29-03-2025,C2300,Neha Singh,Mumbai,Electronics,Wireless Earbuds,1,2464.29,0,COD,Returned
ORD201867,06-02-2025,C1098,Aditya Sharma,Mumbai,Home & Kitchen,Bedsheet Set,1,1261.23,0,UPI,Delivered
ORD200894,03-11-2025,C2075,Sanjay Sharma,Ahmedabad,HOME & KITCHEN,Mixer Grinder,1,3441.27,0,Credit Card,Delivered
ORD204230,09-01-2025,C1910,Sneha Verma,MUMBAI,Electronics,Wireless Earbuds,2,2469.15,0,COD,Returned
ORD200590,24-09-2025,C2099,Isha Sharma,Kolkata,Electronics,Bluetooth Speaker,1,2048,10,COD,Delivered
ORD202175,10-08-2025,C1052,Kavya Das,Pune,Beauty,Face Wash,4,249.89,10,UPI,Delivered
ORD202425,17-12-2025,C1571,Ananya Singh,Mumbai,Electronics,Wireless Earbuds,0,2477.93,0,UPI,Delivered
ORD204435,25-10-2025,C1441,Vikram Gupta,Bangalore, Clothing ,Cotton T-Shirt,3,598.33,20,Net Banking,Returned
ORD201417,18-10-2025,C1490,Karan Nair,Mumbai,Clothing,Hoodie,3,,0,Credit Card,Delivered
ORD204208,06-Nov-25,C1713,Rahul Nair,Mumbai,Beauty,Hair Dryer,4,1517.51,0,UPI,Delivered
ORD200898,13-10-2025,C1934,Neha Das,Mumbai  ,Home & Kitchen,Cookware Set,4,2893.08,10,Debit Card,Cancelled
ORD201188,11-Nov-25,C2257,Kavya Sharma,Bangalore,Books,Python Handbook,4,752.08,10,Credit Card,Delivered
ORD202019,06-11-2025,C2357,Priya Mehta,Ahmedabad,Books,Data Science Primer,4,881.35,15,UPI,Delivered
ORD200418,19-10-2025,C1231,Sanjay Iyer,Mumbai,ELECTRONICS,Bluetooth Speaker,2,2056.86,10,UPI,Returned
ORD201934,08-05-2025,C2266,Aarav Patel,Ahmedabad,Electronics,Power Bank,3,1380.32,15,Credit Card,Cancelled
ORD201094,13-06-2025,C2239,Ananya Reddy,Bengaluru,Electronics,Smartwatch,2,6286.13,,UPI,Delivered
ORD201533,04-05-2025,C1703,Vikram Das,Mumbai,BEAUTY,Lipstick,2,403.08,15,UPI,Cancelled
ORD201463,18-05-2025,C2281,Kavya Iyer,Mumbai,Electronics,USB-C Cable,1,385.94,15,Debit Card,Delivered
ORD200977,25-01-2025,C2024,Diya Patel,Kolkata,Electronics,Smartwatch,1,6104.39,0,COD,Returned
ORD204527,05-09-2025,C1966,Kavya Singh,Mumbai,Books  ,Novel,4,332.2,20,UPI,Delivered
ORD203276,10-12-2025,C1555,Sneha Kulkarni,MUMBAI,Beauty,Lipstick,1,426.33,0,COD,Cancelled
ORD200009,02-01-2025,C1963,Vivaan Nair,Kolkata,Clothing,Cotton T-Shirt,-1,622.53,15,UPI,Delivered
ORD204496,16-09-2025,C2177,Arjun Kulkarni,PUNE,Electronics  ,Bluetooth Speaker,1,2135.02,10,UPI,Delivered
ORD202014,17-07-2025,C1630,Meera Mehta,Hyderabad,Electronics,Bluetooth Speaker,1,2134.16,5,UPI,Cancelled
ORD203418,17-07-2025,C1121,Arjun Patel,BENGALURU,Beauty,Lipstick,0,403.13,0,UPI,Delivered
ORD203784,20-11-2025,C1242,Rohan Patel,Mumbai,Books,Data Science Primer,4,968.38,10,Credit Card,Delivered
ORD204101,23-04-2025,C1282,Arjun Singh,Bengaluru, Electronics ,Smartwatch,1,6470.95,0,UPI,Delivered
ORD204087,30-Oct-25,C1006,Priya Nair,Delhi,Books,Data Science Primer,2,899.26,10,Debit Card,Delivered
ORD203987,13-01-2025,C2009,Aarav Mehta,Mumbai,CLOTHING,Cap,3,363.55,0,UPI,Delivered
ORD204956,31-07-2025,C2196,Vivaan Joshi,Pune,Beauty,Face Wash,2,242.78,20,UPI,Delivered
ORD201267,23-11-2025,C1905,Pooja Joshi,Pune,Home & Kitchen,Cookware Set,1,2700.58,0,Credit Card,Returned
ORD203360,22-06-2025,C1431,Kavya Sharma,Delhi,Home & Kitchen,Bedsheet Set,3,1291.52,0,UPI,Delivered
ORD204942,23-08-2025,C1335,Isha Mehta,Delhi,Electronics,USB-C Cable,3,423.69,0,UPI,Returned
ORD204264,15-12-2025,C1779,Isha Gupta,Bengaluru,Beauty,Moisturiser,1,461.69,0,UPI,Delivered
ORD200281,17-02-2025,C1688,Diya Iyer,Delhi,Clothing,Denim Jeans,4,1825.07,10,UPI,Returned
ORD202487,08-09-2025,C2395,Neha Joshi,Chennai,Electronics,USB-C Cable,2,388.26,15,Net Banking,Delivered
ORD203660,08-02-2025,C1369,Riya Gupta,MUMBAI,Books,Data Science Primer,2,949.19,20,Credit Card,Returned
ORD203644,05-06-2025,C1066,Aarav Kulkarni,Delhi,Books,Data Science Primer,3,870.29,0,Debit Card,Delivered
ORD203255,15-01-2025,C1516,Kavya Singh,Kolkata,CLOTHING,Hoodie,1,1425.72,10,UPI,Delivered
ORD204310,27-06-2025,C2068,Karan Iyer,Hyderabad,Electronics,Bluetooth Speaker,1,2095.23,15,UPI,Returned
ORD201999,06-10-2025,C2322,Aditya Nair,Bengaluru,Electronics,Bluetooth Speaker,3,1917.89,15,Credit Card,Returned
ORD201327,26-11-2025,C1878,Isha Reddy,Chennai,home & kitchen,Mixer Grinder,1,3312.17,10,UPI,Delivered
ORD203791,08-12-2025,C1269,Priya Sharma,Bengaluru,Electronics,Bluetooth Speaker,1,1980.8,0,Credit Card,Delivered
ORD204821,20-05-2025,C1044,Vivaan Kulkarni, Bengaluru ,Electronics,Bluetooth Speaker,4,2053.23,15,Debit Card,Delivered
ORD202102,26-09-2025,C1308,Karan Nair,Chennai,Clothing,Cap,1,370.26,0,Debit Card,Returned
ORD200811,17-10-2025,C1294,Aarav Nair, Kolkata ,Home & Kitchen,Bedsheet Set,1,1294,15,UPI,Cancelled
ORD201370,01-06-2025,C1797,Manish Gupta,Mumbai,ELECTRONICS,Power Bank,1,1341.02,5,UPI,Delivered
ORD204297,28-06-2025,C1985,Neha Singh,Pune, Electronics ,Smartwatch,1,6204.36,5,Debit Card,Delivered
ORD200567,12-09-2025,C1979,Riya Reddy,Delhi, Clothing ,Hoodie,1,1536.04,10,UPI,Cancelled
ORD201270,13-09-2025,C2121,Aditya Das,Hyderabad, Home & Kitchen ,Air Fryer,1,5105.17,15,UPI,Delivered
ORD200971,15-09-2025,C1763,Karan Gupta,Bengaluru,Clothing,Running Shoes,1,2958.84,5,Debit Card,Cancelled
ORD200809,25-03-2025,C2088,Neha Sharma,Mumbai,Electronics,Wireless Earbuds,1,2524.97,0,Credit Card,Delivered
ORD204592,06-Oct-25,C1427,Pooja Verma,Pune,Books,Novel,4,342.76,0,Credit Card,Delivered
ORD202630,04-05-2025,C2367,Pooja Gupta,Ahmedabad,Electronics,USB-C Cable,2,387.01,20,UPI,Delivered
ORD200145,18-Oct-25,C1486,Vikram Iyer,Bengaluru  ,Home & Kitchen,Cookware Set,1,2893.88,0,Net Banking,Returned
ORD200838,10-01-2025,C1883,Rohan Patel, Mumbai ,Electronics  ,Smartwatch,2,6461.97,5,UPI,Delivered
ORD202794,08-03-2025,C1973,Aarav Das,Kolkata,BOOKS,Python Handbook,1,723.93,5,Net Banking,Delivered
ORD202225,18-04-2025,C1032,Meera Verma,Hyderabad,Clothing,Cap,1,347.17,20,UPI,Delivered
ORD201541,17-10-2025,C2307,Ananya Nair,Mumbai,Home & Kitchen  ,Mixer Grinder,4,3157.64,0,UPI,Delivered
ORD203112,13-01-2025,C2254,Pooja Nair,Mumbai,Home & Kitchen,Water Bottle,3,453.17,10,Credit Card,Delivered
ORD201944,02-11-2025,C1402,Priya Nair,Kolkata,Beauty,Moisturiser,2,442.29,10,UPI,Delivered
ORD200577,08-12-2025,C1880,Arjun Das,DELHI,Books,Novel,1,343.14,0,UPI,Cancelled
ORD201890,28-06-2025,C1893,Manish Iyer,Ahmedabad,Beauty,Face Wash,1,265.76,5,UPI,Delivered
ORD202867,17-07-2025,C1611,Sneha Sharma,Hyderabad,Beauty,Perfume,1,1630.81,0,UPI,Delivered
ORD204525,13-06-2025,C1678,Vikram Patel,Mumbai,Beauty,Face Wash,1,247.08,0,Credit Card,Delivered
ORD201240,16-07-2025,C2379,Ananya Verma,Bengaluru,Electronics,USB-C Cable,1,380.68,0,Debit Card,Delivered
ORD204544,28-01-2025,C1359,Karan Kulkarni, Bengaluru ,Home & Kitchen,Mixer Grinder,1,3174.21,15,Debit Card,Cancelled
ORD202918,22-01-2025,C1112,Kavya Gupta,Ahmedabad,books,Novel,1,340.99,0,UPI,Delivered
ORD201429,01-10-2025,C1293,Manish Reddy,Pune,Home & Kitchen,Water Bottle,2,461.54,5,COD,Delivered
ORD200236,07-10-2025,C1265,Isha Das, Bengaluru ,Electronics,Power Bank,3,1384.51,5,Debit Card,Delivered
ORD200966,05-08-2025,C1214,Rahul Gupta,Mumbai, Beauty ,Moisturiser,1,436.43,5,UPI,Returned
ORD200024,14-10-2025,C1278,Vikram Nair,Pune,Clothing,Cap,3,,0,Credit Card,Delivered
ORD202264,11-03-2025,C1882,Riya Das,Delhi,beauty,Face Wash,2,267.75,20,Credit Card,Delivered
ORD200954,29-Aug-25,C1499,Pooja Reddy,Mumbai,Home & Kitchen,Air Fryer,4,4776.94,20,Credit Card,Delivered
ORD202570,06-Dec-25,C1689,Riya Mehta,Kolkata,Home & Kitchen,Cookware Set,1,2920.72,0,Credit Card,Delivered
ORD200660,28-10-2025,C1181,Vivaan Sharma,Hyderabad,Home & Kitchen,Mixer Grinder,2,3328.42,0,UPI,Delivered
ORD200557,24-Jan-25,C2300,Neha Singh,Mumbai,Electronics,Wireless Earbuds,3,2667.58,20,Credit Card,Delivered
ORD200367,06-Dec-25,C1304,Aditya Reddy,Pune,Electronics,Bluetooth Speaker,2,2029.65,10,COD,Delivered
ORD200670,08-10-2025,C2167,Isha Singh, Mumbai ,Clothing,Denim Jeans,4,1800.55,0,UPI,Delivered
ORD201731,02-10-2025,C1592,Arjun Gupta,Bengaluru,Clothing,Hoodie,1,1582.21,15,UPI,Delivered
ORD201912,25-10-2025,C1260,Vivaan Nair,Chennai, Home & Kitchen ,Air Fryer,1,4769.24,0,UPI,Delivered
ORD200904,07-04-2025,C1096,Isha Iyer,,Home & Kitchen  ,Cookware Set,4,2739.06,5,Credit Card,Delivered
ORD200924,05-05-2025,C1731,Sneha Joshi,Delhi,Home & Kitchen,Bedsheet Set,2,1354.59,5,UPI,Delivered
ORD202333,17-Dec-25,C1143,Diya Gupta,Hyderabad,Clothing,Hoodie,2,1502.32,5,COD,Cancelled
ORD202661,17-Apr-25,C1417,Arjun Das,Bengaluru,Clothing,Denim Jeans,1,1728.9,0,Credit Card,Delivered
ORD200762,03-10-2025,C1091,Arjun Reddy,Delhi,Electronics,Wireless Earbuds,2,2642.36,10,UPI,Delivered
ORD204114,30-10-2025,C2375,Manish Singh,Mumbai, Beauty ,Moisturiser,2,451.34,0,COD,Returned
ORD200209,10-08-2025,C2092,Sanjay Nair,Pune,Electronics  ,Power Bank,1,1253.82,0,Net Banking,Delivered
ORD203833,04-08-2025,C1539,Manish Mehta,Ahmedabad,Beauty,Lipstick,1,379.53,0,Debit Card,Cancelled
ORD203408,07-02-2025,C1272,Aditya Das,delhi,Beauty,Perfume,1,1700.96,0,Credit Card,Delivered
ORD200433,01-07-2025,C1024,,Hyderabad,Books,Novel,2,353.34,5,Net Banking,Returned
ORD203582,27-11-2025,C1394,Arjun Sharma,Mumbai,Electronics,Smartwatch,4,5989.81,15,UPI,Delivered
ORD200033,22-07-2025,C2115,Priya Mehta,Bengaluru,Electronics,Wireless Earbuds,3,2396.86,0,UPI,Delivered
ORD203085,16-01-2025,C1438,Rahul Nair,Mumbai,Clothing,Cotton T-Shirt,2,636.05,10,COD,Cancelled
ORD204612,15-02-2025,C1778,Karan Kulkarni,Mumbai,CLOTHING,Cap,2,367.72,5,Credit Card,Delivered
ORD200544,04-09-2025,C1584,Vivaan Gupta,Chennai,Home & Kitchen,Bedsheet Set,4,1247.57,,Debit Card,Cancelled
ORD204067,21-12-2025,C2060,Arjun Singh,Bengaluru,Clothing,Cap,4,353.63,5,Debit Card,Delivered
ORD204250,19-01-2025,C2270,Vivaan Verma,Chennai,Books,Data Science Primer,1,947.51,20,Debit Card,Delivered
ORD200781,11-10-2025,C1846,Pooja Reddy,Mumbai,Electronics,Smartwatch,1,6428.78,0,COD,Delivered
ORD201259,12-11-2025,C2283,Aarav Joshi,Pune,Electronics,Wireless Earbuds,2,2629.23,10,UPI,Cancelled
ORD202925,11-12-2025,C1276,Priya Sharma,DELHI,Home & Kitchen,Bedsheet Set,2,1308.61,0,UPI,Delivered
ORD203870,05-07-2025,C1613,Manish Reddy,,Electronics,Power Bank,1,1311.27,0,Debit Card,Returned
ORD203852,16-Nov-25,C1208,Riya Iyer,Pune,Beauty,Face Wash,1,259.28,10,UPI,Delivered
ORD202715,19-03-2025,C1368,Priya Das,Ahmedabad,ELECTRONICS,Wireless Earbuds,2,2521.59,5,UPI,Delivered
ORD201404,27-03-2025,C1136,Karan Mehta,Mumbai,Home & Kitchen,Mixer Grinder,2,3362.78,0,UPI,Delivered
ORD201622,28-05-2025,C2170,Sneha Gupta,Hyderabad, Home & Kitchen ,Air Fryer,4,5365.65,10,Debit Card,Delivered
ORD201171,18-01-2025,C1993,Diya Patel,DELHI, Electronics ,Power Bank,1,1266.15,10,Net Banking,Delivered
ORD203796,17-04-2025,C1715,Manish Gupta,Mumbai,beauty,Perfume,3,1716.63,15,Net Banking,Delivered
ORD201794,10-12-2025,C2014,Vikram Nair,,CLOTHING,Cap,3,361.67,0,COD,Returned
ORD201675,30-09-2025,C2062,Rohan Sharma,Hyderabad,clothing,Cap,2,355.13,20,UPI,Cancelled
ORD203915,03-06-2025,C1273,Meera Mehta, Mumbai ,Clothing,Hoodie,1,1538.66,0,Net Banking,Returned
ORD204630,31-Dec-25,C2114,Aditya Joshi, Pune ,Beauty,Hair Dryer,1,1481.5,0,UPI,Delivered
ORD201120,12-Jan-25,C2350,Sanjay Kulkarni,Mumbai,home & kitchen,Air Fryer,1,4827.22,0,Credit Card,Delivered
ORD200853,01-10-2025,C1099,Diya Reddy,Bengaluru,Home & Kitchen,Cookware Set,1,2676.71,15,Net Banking,Delivered
ORD203410,20-12-2025,C1614,Neha Gupta,Ahmedabad,Books,Data Science Primer,1,942.66,10,Net Banking,Returned
ORD203932,22-02-2025,C1568,Rahul Iyer,Ahmedabad,ELECTRONICS,USB-C Cable,1,427.86,0,UPI,Delivered
ORD201235,08-07-2025,C1751,Manish Das,pune,Home & Kitchen,Cookware Set,1,2889.52,0,Debit Card,Delivered
ORD202284,18-Dec-25,C1148,Riya Joshi,Mumbai,Clothing,Running Shoes,2,2875.9,15,Credit Card,Delivered
ORD200698,30-09-2025,C1711,Karan Nair,Delhi,Electronics,Smartwatch,1,6199.1,0,UPI,Returned
ORD201529,15-06-2025,C1437,Vikram Iyer,Chennai,BEAUTY,Hair Dryer,1,1504.7,10,UPI,Delivered
ORD200800,05-Apr-25,C1899,Priya Gupta,Pune, Books ,Data Science Primer,2,905.68,0,Net Banking,Delivered
ORD202767,07-04-2025,C2322,Aditya Nair,BENGALURU,Clothing,Cap,2,358.21,5,Debit Card,Delivered
ORD201947,22-11-2025,C1379,Sanjay Joshi,Chennai,Books,Exam Guide,4,474.51,0,Debit Card,Delivered
ORD203222,07-30-2025,C1156,Ananya Mehta,Mumbai,Books,Exam Guide,1,519.79,10,Net Banking,Delivered
ORD201920,26-Oct-25,C1667,Neha Reddy,Chennai,HOME & KITCHEN,Bedsheet Set,2,1334.1,20,COD,Delivered
ORD200279,16-May-25,C2266,Aarav Patel,Ahmedabad,Beauty,Lipstick,2,407.31,15,UPI,Delivered
ORD202591,03-30-2025,C1659,Manish Patel,Chennai,Beauty,Perfume,4,1719.44,5,Debit Card,Delivered
ORD201979,28-03-2025,C2318,Riya Singh,Mumbai,Electronics,Smartwatch,2,5979.26,15,UPI,Cancelled
ORD204516,24-02-2025,C1406,Kavya Mehta,Mumbai,Clothing,Denim Jeans,2,1817.53,20,COD,Cancelled
ORD203995,10-10-2025,C1983,Isha Iyer,Bengaluru,Books,Python Handbook,2,721.4,10,UPI,Delivered
ORD203524,23-12-2025,C1346,Sanjay Patel,Mumbai,Clothing,Hoodie,4,1470.49,0,COD,Delivered
ORD203171,31-05-2025,C1811,Ananya Sharma,Delhi,Electronics,USB-C Cable,1,405.45,20,UPI,Delivered
ORD203027,10-29-2025,C1167,Pooja Singh,Delhi,beauty,Face Wash,2,253.15,15,Credit Card,Delivered
ORD200531,20-02-2025,C1737,Priya Patel,Delhi, Books ,Novel,1,337.12,0,Credit Card,Delivered
ORD204362,27-06-2025,C1592,Arjun Gupta,BENGALURU,Home & Kitchen  ,Air Fryer,1,5032.56,20,Debit Card,Cancelled
ORD203860,01-06-2025,C2313,,,Beauty,Face Wash,3,246.83,5,UPI,Delivered
ORD203286,07-27-2025,C1005,Kavya Verma,Ahmedabad,Home & Kitchen,Water Bottle,1,468.6,0,Net Banking,Delivered
ORD203502,25-07-2025,C1305,Priya Mehta,Bengaluru,Clothing  ,Denim Jeans,1,1804.76,20,Net Banking,Cancelled
ORD202454,17-11-2025,C2247,Meera Verma,Chennai  ,Clothing,Denim Jeans,1,1827.48,5,Credit Card,Delivered
ORD204252,05-22-2025,C1781,Diya Sharma,Delhi,Electronics,Smartwatch,2,6452.5,10,UPI,Cancelled
ORD203590,06-02-2025,C1412,Vikram Iyer,Chennai,Beauty,Lipstick,4,405.28,5,COD,Delivered
ORD202459,13-02-2025,C1047,Rohan Das,Bengaluru,Electronics,Power Bank,1,1291.06,0,Credit Card,Delivered
ORD202911,05-12-2025,C1141,Sneha Joshi,Mumbai  ,Books,Comics Set,2,811.12,0,UPI,Delivered
ORD201998,12-08-2025,C1996,Priya Sharma,Hyderabad,Beauty,Lipstick,2,405.89,20,COD,Returned
ORD204041,10-04-2025,C2222,Vivaan Das,CHENNAI,Beauty,Hair Dryer,1,1595.73,0,Debit Card,Delivered
ORD203627,09-02-2025,C2326,Diya Das,BENGALURU,Electronics,Wireless Earbuds,1,2389.89,0,COD,Delivered
ORD202471,19-Sep-25,C2139,Rahul Kulkarni,Bengaluru,Beauty,Lipstick,4,426.68,0,UPI,Cancelled
ORD202023,03-12-2025,C1486,Vikram Iyer,Bengaluru,Electronics,Power Bank,4,1389.06,20,Debit Card,Delivered
ORD201349,17-Dec-25,C2261,Rohan Patel,mumbai,Beauty,Hair Dryer,2,1528.67,10,Credit Card,Cancelled
ORD203056,13-03-2025,C1112,Kavya Gupta,Ahmedabad,home & kitchen,Air Fryer,1,5042.62,10,UPI,Delivered
ORD204236,27-05-2025,C1372,Sanjay Nair,,Clothing,Cap,1,353.98,20,Credit Card,Delivered
ORD204560,07-04-2025,C1461,Kavya Patel,Delhi,Home & Kitchen,Mixer Grinder,1,3360.95,15,Credit Card,Cancelled
ORD201878,03-10-2025,C1066,Aarav Kulkarni,Delhi,Clothing,Cap,1,366.17,20,Net Banking,Delivered
ORD201862,04-08-2025,C1993,Diya Patel,Delhi,CLOTHING,Cap,2,,0,COD,Returned
ORD203700,05-04-2025,C1175,Aditya Nair,Kolkata,Electronics,Smartwatch,1,5842.56,10,COD,Delivered
ORD202103,02-01-2025,C1089,Manish Das,Delhi,CLOTHING,Hoodie,1,1531.76,10,Credit Card,Delivered
ORD202922,22-08-2025,C2102,Sneha Mehta, Chennai ,beauty,Hair Dryer,1,1504.26,5,UPI,Delivered
ORD200346,16-03-2025,C1608,Rohan Singh,Mumbai,Electronics  ,Power Bank,3,1305.28,15,Credit Card,Delivered
ORD200821,07-04-2025,C2212,Karan Mehta,,Beauty,Face Wash,1,263.84,0,COD,Cancelled
ORD201162,13-Jan-25,C1192,Vikram Singh,Pune,Home & Kitchen,Mixer Grinder,4,3329.95,20,Debit Card,Returned
ORD201360,22-09-2025,C2112,Isha Das,DELHI,Books,Comics Set,1,822.39,5,COD,Cancelled
ORD203759,06-09-2025,C2240,Aditya Joshi,Bengaluru,Electronics,USB-C Cable,1,402.62,0,Credit Card,Delivered
ORD204377,17-04-2025,C1036,Diya Patel,Delhi,Books,Data Science Primer,1,892.06,0,Credit Card,Delivered
ORD204327,07-Oct-25,C1252,Arjun Sharma,Kolkata,Electronics,USB-C Cable,1,410.13,0,UPI,Returned
ORD200322,09-Aug-25,C1319,Kavya Kulkarni,Delhi,Electronics,USB-C Cable,2,383.02,0,UPI,Cancelled
ORD204380,07-04-2025,C1724,Manish Singh,Chennai,Electronics,Wireless Earbuds,1,2529.36,0,UPI,Delivered
ORD204294,09-07-2025,C2334,Riya Singh,Kolkata,Electronics,Wireless Earbuds,1,2523.02,15,COD,Cancelled
ORD200350,30-03-2025,C2109,Rohan Sharma,Mumbai,Beauty,Face Wash,3,264.12,15,UPI,Delivered
ORD203882,09-10-2025,C2342,Ananya Kulkarni,kolkata,Beauty,Face Wash,1,237.57,15,COD,Delivered
ORD204943,06-09-2025,C1684,Sneha Singh,Mumbai,Electronics,Smartwatch,4,6018.64,0,Net Banking,Returned
ORD203423,17-09-2025,C2355,Ananya Verma,pune,Electronics,Bluetooth Speaker,1,2042.89,0,UPI,Cancelled
ORD200471,30-03-2025,C1269,Priya Sharma,BENGALURU,Home & Kitchen,Air Fryer,2,5234.26,0,UPI,Delivered
ORD204766,05-Jan-25,C1799,Aditya Mehta,Bangalore,Beauty,Perfume,2,1687.21,0,UPI,Delivered
ORD203309,21-12-2025,C2368,Neha Kulkarni,Mumbai,electronics,Bluetooth Speaker,3,,0,UPI,Returned
ORD200777,08-04-2025,C2223,Ananya Das,Bangalore,ELECTRONICS,Wireless Earbuds,2,2454.94,5,Debit Card,Delivered
ORD203404,24-12-2025,C1695,Aarav Gupta,Chennai,Electronics  ,Smartwatch,1,6029.21,20,UPI,Delivered
ORD204097,19-03-2025,C1995,Neha Iyer,Kolkata,Home & Kitchen,Cookware Set,1,2983.65,0,UPI,Delivered
ORD202189,02-08-2025,C2197,Sanjay Das,Bengaluru,Clothing,Running Shoes,2,3104.64,15,Debit Card,Delivered
ORD200445,19-11-2025,C1896,Ananya Kulkarni,Pune,Home & Kitchen,Cookware Set,1,2769.92,0,Debit Card,Returned
ORD201134,29-01-2025,C2345,Vivaan Iyer,Ahmedabad,Electronics,Bluetooth Speaker,1,1997.92,0,Debit Card,Cancelled
ORD202241,10-11-2025,C2315,Rohan Kulkarni,Bengaluru,Clothing,Denim Jeans,2,1745.17,15,UPI,Delivered
ORD201983,17-10-2025,C1592,Arjun Gupta, Bengaluru ,Beauty,Face Wash,4,238.15,0,Net Banking,Delivered
ORD204007,23-10-2025,C2185,Aditya Mehta,bengaluru,Clothing,Cotton T-Shirt,1,600.8,0,Credit Card,Delivered
ORD202421,18-11-2025,C2347,Aarav Kulkarni,Delhi,Clothing,Cotton T-Shirt,3,596.87,20,Debit Card,Delivered
ORD200979,10-05-2025,C1317,Kavya Mehta,Mumbai,electronics,Bluetooth Speaker,1,1928.55,0,UPI,Cancelled
ORD204852,27-03-2025,C1354,Kavya Reddy,Mumbai,Electronics,Bluetooth Speaker,2,1913.56,0,Debit Card,Delivered
ORD204964,17-Aug-25,C1378,Pooja Das,Kolkata,Beauty,Moisturiser,2,457.31,5,Credit Card,Returned
ORD203350,10-09-2025,C1589,Manish Kulkarni, Hyderabad ,HOME & KITCHEN,Cookware Set,4,2673.56,0,UPI,Returned
ORD204719,27-02-2025,C2303,Manish Singh, Ahmedabad ,Electronics,Bluetooth Speaker,2,1924.92,15,Debit Card,Cancelled
ORD200331,09-07-2025,C1480,Diya Gupta,,Home & Kitchen  ,Mixer Grinder,2,3468.2,5,Debit Card,Delivered
ORD201746,21-10-2025,C1875,Diya Verma,Delhi,Home & Kitchen,Air Fryer,1,5015.75,0,Debit Card,Delivered
ORD201233,07-11-2025,C1460,Rahul Mehta, Kolkata ,Electronics,Power Bank,2,1352.94,,UPI,Returned
ORD200671,22-04-2025,C1212,Isha Mehta,bengaluru,Beauty,Hair Dryer,4,1486.53,0,Debit Card,Delivered
ORD203219,01-10-2025,C1023,Meera Kulkarni,Kolkata,Electronics,Wireless Earbuds,1,2683.07,15,UPI,Delivered
ORD200115,03-26-2025,C1530,Isha Mehta, Delhi ,Clothing,Cap,2,352.66,5,,Delivered
ORD201051,01-03-2025,C1101,Meera Verma,Ahmedabad,Clothing,Denim Jeans,2,1755.09,10,UPI,Delivered
ORD202503,30-04-2025,C1775,Vikram Das, Kolkata ,Electronics,Smartwatch,2,5920.49,0,UPI,Delivered
ORD200158,09-11-2025,C1215,Isha Kulkarni,Mumbai,Home & Kitchen,Mixer Grinder,1,3481.81,20,UPI,Returned
ORD201561,07-10-2025,C2064,Priya Joshi,, Clothing ,Denim Jeans,1,1767.26,15,UPI,Cancelled
ORD204923,14-12-2025,C2122,Aarav Das,,Electronics,Smartwatch,4,6195.6,0,Credit Card,Delivered
ORD202658,22-07-2025,C1440,Rahul Singh,MUMBAI,Electronics,Bluetooth Speaker,2,1995.25,5,UPI,Delivered
ORD200017,22-04-2025,C2257,Kavya Sharma,Delhi,beauty,Face Wash,1,239.42,20,Credit Card,Cancelled
ORD201100,03-Jan-25,C1463,Manish Joshi,Hyderabad,Books,Python Handbook,2,680.99,15,Net Banking,Delivered
ORD204532,02-10-2025,C2206,Vivaan Mehta,Mumbai,Home & Kitchen,Water Bottle,2,480.97,10,UPI,Delivered
ORD202624,11-04-2025,C1735,Isha Gupta,Mumbai,Beauty,Hair Dryer,3,1474.96,5,UPI,Delivered
ORD203638,18-11-2025,C1314,Priya Das,delhi,Home & Kitchen,Cookware Set,2,2824.96,15,UPI,Cancelled
ORD202500,18-12-2025,C1329,Sneha Das,Pune,Home & Kitchen,Bedsheet Set,1,1308.65,10,Credit Card,Delivered
ORD204598,20-06-2025,C1588,Priya Reddy,Bangalore,Clothing,Cap,1,363.62,0,UPI,Delivered
ORD200198,15-12-2025,C2392,Aditya Mehta,Bengaluru,Home & Kitchen,Mixer Grinder,1,3250.39,0,COD,Delivered
ORD201409,22-08-2025,C1121,Arjun Patel,Bengaluru,Electronics,Smartwatch,4,5918.88,0,COD,Delivered
ORD203695,08-12-2025,C1501,Manish Kulkarni, Bengaluru ,Electronics,USB-C Cable,1,418.7,0,UPI,Delivered
ORD202408,06-09-2025,C1349,Priya Nair,Bengaluru,clothing,Cotton T-Shirt,2,598.46,0,COD,Delivered
ORD201839,27-02-2025,C1970,Diya Verma,Mumbai,Electronics  ,Smartwatch,1,5870.83,20,Credit Card,Returned
ORD200666,02-03-2025,C2087,Sanjay Joshi,Pune,Clothing,Hoodie,1,1484.16,0,Credit Card,Delivered
ORD204158,23-02-2025,C1004,Vivaan Mehta,Mumbai,HOME & KITCHEN,Air Fryer,1,5367.03,0,UPI,Delivered
ORD204904,25-03-2025,C1759,Vivaan Verma,Bengaluru,Clothing,Cap,4,334.02,5,Credit Card,Delivered
ORD203649,20-09-2025,C1976,Riya Singh,Bengaluru,Books,Comics Set,1,799.77,0,UPI,Cancelled
ORD204910,25-03-2025,C1875,Diya Verma,Delhi,Beauty,Lipstick,1,417.7,0,UPI,Delivered
ORD201361,28-09-2025,C2393,Vivaan Joshi,Pune,Beauty,Face Wash,1,264.91,0,Net Banking,Cancelled
ORD200715,31-01-2025,C2074,Vikram Mehta,BENGALURU,Clothing,Cotton T-Shirt,2,618.84,5,Credit Card,Delivered
ORD204100,05-Oct-25,C1975,, Delhi ,electronics,Smartwatch,1,,0,COD,Delivered
ORD204054,29-Sep-25,C2298,Neha Mehta,Pune,Electronics,Smartwatch,4,6026.63,10,UPI,Returned
ORD201218,22-11-2025,C1530,Isha Mehta,Delhi,beauty,Face Wash,1,237.7,0,Debit Card,Cancelled
ORD201129,08-01-2025,C1437,,Chennai,Clothing,Hoodie,1,1507.26,10,Credit Card,Returned
ORD202237,08-02-2025,C1857,Sneha Joshi,Chennai,Home & Kitchen,Cookware Set,2,3005.75,15,Debit Card,Returned
ORD203674,29-05-2025,C1283,Vivaan Verma,Chennai, Electronics ,USB-C Cable,1,420.36,20,Debit Card,Delivered
ORD202374,09-08-2025,C2082,Manish Kulkarni, Chennai ,Books,Comics Set,1,835.2,20,COD,Delivered
ORD203522,15-10-2025,C1363,Priya Mehta,Delhi,Home & Kitchen,Bedsheet Set,1,1392.44,10,Net Banking,Delivered
ORD201071,14-05-2025,C2135,Riya Iyer,Ahmedabad,BEAUTY,Perfume,1,1653.36,10,UPI,Returned
ORD203196,05-May-25,C1779,Isha Gupta,Bangalore,Electronics,Bluetooth Speaker,1,2092.94,20,COD,Delivered
ORD201282,22-08-2025,C2269,Isha Reddy,Kolkata,Books,Comics Set,2,763.87,,UPI,Delivered
ORD203034,25-09-2025,C2209,Arjun Verma,Bengaluru,Home & Kitchen,Water Bottle,4,,0,UPI,Delivered
ORD200958,08-07-2025,C2382,Rohan Verma,Delhi,Home & Kitchen,Water Bottle,4,481.46,5,UPI,Delivered
ORD204925,27-Jan-25,C2041,Sneha Joshi,Mumbai,Clothing,Running Shoes,4,2965.29,0,Debit Card,Delivered
ORD202165,05-May-25,C2036,Meera Reddy,chennai,Clothing,Cotton T-Shirt,2,629.11,10,Credit Card,Delivered
ORD202467,21-10-2025,C1641,Sneha Verma,Mumbai, Home & Kitchen ,Mixer Grinder,1,3274.12,20,COD,Delivered
ORD200915,16-04-2025,C1560,Meera Patel,Ahmedabad,Beauty,Perfume,2,1597.34,0,UPI,Delivered
ORD202802,01-11-2025,C2181,Riya Verma,Kolkata,electronics,USB-C Cable,3,422.86,20,UPI,Delivered
ORD204522,11-26-2025,C1933,Neha Joshi,Delhi,Electronics,Bluetooth Speaker,2,2129.73,20,Net Banking,Cancelled
ORD203917,04-06-2025,C1174,Pooja Joshi,Mumbai,Home & Kitchen,Air Fryer,1,5359.7,0,Debit Card,Delivered
ORD203822,20-04-2025,C1110,Vivaan Das,CHENNAI,Electronics,Smartwatch,4,5919.27,0,UPI,Delivered
ORD202332,16-05-2025,C1466,Sneha Reddy,Bengaluru,HOME & KITCHEN,Mixer Grinder,1,3558.31,0,Debit Card,Delivered
ORD200529,29-09-2025,C1631,Riya Gupta,kolkata,Home & Kitchen,Bedsheet Set,1,1395.55,5,COD,Delivered
ORD200500,17-03-2025,C2250,,Bengaluru,HOME & KITCHEN,Mixer Grinder,1,3427.94,20,UPI,Delivered
ORD202036,18-10-2025,C1624,Arjun Sharma,Ahmedabad,Home & Kitchen,Water Bottle,1,449.21,5,COD,Cancelled
ORD202188,13-02-2025,C1970,Diya Verma,Mumbai,clothing,Cap,4,365.01,0,UPI,Returned
ORD201315,03-Jun-25,C2371,Diya Kulkarni,Kolkata,Electronics,Power Bank,1,1294.49,0,UPI,Cancelled
ORD202674,04-Aug-25,C1861,Diya Kulkarni,Chennai,Beauty,Hair Dryer,1,1434.97,5,UPI,Cancelled
ORD203970,05-Oct-25,C1139,Meera Joshi,Bengaluru,Home & Kitchen,Water Bottle,2,452.41,10,Credit Card,Delivered
ORD201585,23-02-2025,C1070,Pooja Das,Hyderabad,Electronics,Power Bank,1,1273.37,,UPI,Delivered
ORD202317,12-12-2025,C1358,Riya Reddy,Delhi,Home & Kitchen,Bedsheet Set,2,1319.55,0,UPI,Delivered
ORD204326,04-06-2025,C2147,Sneha Reddy,Bengaluru,Books,Novel,3,355.41,15,UPI,Delivered
ORD203452,24-07-2025,C1385,Priya Reddy,Delhi,Electronics,Smartwatch,1,5917.08,0,UPI,Delivered
ORD204773,16-Dec-25,C1995,Neha Iyer,kolkata,Clothing,Denim Jeans,2,1909.5,0,Net Banking,Delivered
ORD204708,16-09-2025,C2281,Kavya Iyer,mumbai,electronics,Wireless Earbuds,1,2597.78,0,COD,Returned
ORD201504,12-12-2025,C2344,Rohan Mehta,Mumbai,Clothing,Hoodie,2,1470.15,0,UPI,Delivered
ORD204332,01-12-2025,C1147,Vikram Reddy,Chennai  ,Beauty,Hair Dryer,3,1463.78,5,UPI,Delivered
ORD202054,27-06-2025,C1378,Pooja Das,Kolkata,Home & Kitchen,Cookware Set,1,2921.14,0,Debit Card,Delivered
ORD203594,30-07-2025,C1343,Neha Sharma,Mumbai,Beauty,Moisturiser,1,434.06,5,UPI,Delivered
ORD200439,12-11-2025,C1068,Neha Joshi,Ahmedabad  ,electronics,Bluetooth Speaker,2,1950.77,0,Debit Card,Returned
ORD203368,29-04-2025,C1407,Karan Kulkarni,delhi,Electronics,Smartwatch,2,6374.09,10,Credit Card,Delivered
ORD203407,02-09-2025,C2204,Karan Reddy,hyderabad,Electronics,Smartwatch,3,6164.02,0,UPI,Delivered
ORD200006,08-05-2025,C1882,Riya Das,Delhi,Books,Comics Set,1,816.67,15,COD,Cancelled
ORD203152,05-Nov-25,C2371,Diya Kulkarni,Kolkata  ,Clothing,Hoodie,3,1444.37,0,UPI,Delivered
ORD201757,24-May-25,C1416,Rahul Mehta,Mumbai,Clothing,Cotton T-Shirt,2,592.88,5,UPI,Delivered
ORD204265,01-Oct-25,C1896,Ananya Kulkarni,Pune,HOME & KITCHEN,Bedsheet Set,2,1323.69,0,UPI,Delivered
ORD200203,07-Oct-25,C2222,Vivaan Das,Chennai,Home & Kitchen,Air Fryer,1,5143.1,15,COD,Delivered
ORD203099,03-Oct-25,C1358,Riya Reddy, Delhi ,Electronics,USB-C Cable,1,405.01,20,UPI,Delivered
ORD200601,01-07-2025,C1641,Sneha Verma,Mumbai,Home & Kitchen,Mixer Grinder,1,3550.62,5,UPI,Cancelled
ORD201038,02-12-2025,C2064,Priya Joshi,Pune,Books,Python Handbook,1,692.7,0,COD,Delivered
ORD202898,09-02-2025,C2063,Sneha Reddy,CHENNAI,CLOTHING,Denim Jeans,1,1750.12,0,UPI,Delivered
ORD202657,08-03-2025,C2023,Ananya Verma,,Home & Kitchen,Air Fryer,1,5359.21,0,UPI,Delivered
ORD201074,06-08-2025,C1056,Priya Verma,Mumbai,Beauty,Lipstick,2,425.93,0,COD,Delivered
ORD203252,25-06-2025,C1469,Manish Gupta,Mumbai,Books,Novel,1,342.92,10,Net Banking,Delivered
ORD201482,30-06-2025,C2001,Arjun Joshi,Chennai,Home & Kitchen,Bedsheet Set,1,0,5,Credit Card,Delivered
ORD204928,25-05-2025,C1230,Priya Nair,Bengaluru,Clothing,Hoodie,3,1573.33,15,COD,Cancelled
ORD204682,10-11-2025,C1864,Vivaan Das,Kolkata,BOOKS,Data Science Primer,1,856.76,0,UPI,Cancelled
ORD202496,24-11-2025,C1412,Vikram Iyer,Chennai,BEAUTY,Moisturiser,1,437.98,20,UPI,Delivered
ORD200199,23-12-2025,C1834,Pooja Iyer,Delhi, Home & Kitchen ,Bedsheet Set,2,1372.65,5,COD,Delivered
ORD203912,14-04-2025,C1177,Pooja Reddy,Mumbai  ,BEAUTY,Hair Dryer,2,1444.12,0,COD,Delivered
ORD202439,30-12-2025,C2334,Riya Singh,Kolkata,Electronics,Smartwatch,3,5978.98,5,Debit Card,Delivered
ORD204196,03-06-2025,C2219,Manish Iyer,Hyderabad, Electronics ,Bluetooth Speaker,1,2096.26,0,COD,Returned
ORD201207,15-11-2025,C1254,Aarav Sharma,Chennai,Home & Kitchen,Mixer Grinder,3,3485.92,5,UPI,Delivered
ORD204112,31-01-2025,C1773,Vivaan Nair,Mumbai, Electronics ,Bluetooth Speaker,1,2069.01,20,Net Banking,Returned
ORD201176,23-02-2025,C1556,Aditya Sharma,Mumbai,Beauty,Hair Dryer,1,1608.38,15,UPI,Cancelled
ORD200832,11-08-2025,C1535,Meera Nair,AHMEDABAD,CLOTHING,Denim Jeans,1,1891.05,20,Credit Card,Delivered
ORD201253,22-11-2025,C1878,Isha Reddy,Chennai,Electronics,USB-C Cable,4,425.69,10,Credit Card,Returned
ORD204448,04-03-2025,C2041,Sneha Joshi,Mumbai,Home & Kitchen,Mixer Grinder,1,3469.42,0,UPI,Cancelled
ORD200738,13-12-2025,C1108,Arjun Iyer,Chennai,Beauty,Face Wash,4,246.84,5,UPI,Delivered
ORD202403,02-10-2025,C2350,Sanjay Kulkarni,Mumbai,Clothing,Running Shoes,3,3132.53,20,Debit Card,Delivered
ORD204200,01-08-2025,C1260,Vivaan Nair,Chennai,Clothing,Hoodie,4,1532.45,15,Credit Card,Delivered
ORD203312,10-07-2025,C1912,Priya Gupta,Bengaluru,Electronics,Smartwatch,4,6367.4,0,UPI,Delivered
ORD204442,05-11-2025,C1552,Vivaan Nair,bengaluru,Home & Kitchen,Bedsheet Set,2,1373.06,15,UPI,Delivered
ORD201300,22-01-2025,C1222,Aarav Mehta,Kolkata,Electronics,USB-C Cable,1,381.14,5,UPI,Delivered
ORD203193,12-12-2025,C1204,Manish Verma,Delhi,Electronics,Bluetooth Speaker,1,2035.48,,COD,Returned
ORD201032,27-07-2025,C1018,Priya Joshi,Hyderabad,books,Exam Guide,3,483.13,15,Debit Card,Delivered
ORD202770,14-01-2025,C2168,Arjun Joshi,Ahmedabad,Books,Novel,2,336.09,0,,Delivered
ORD204557,30-09-2025,C1420,Rahul Das,Delhi,ELECTRONICS,USB-C Cable,1,387.69,5,UPI,Delivered
ORD203229,17-02-2025,C1459,Riya Patel,Mumbai,Beauty,Moisturiser,2,438.22,0,Net Banking,Delivered
ORD201736,26-Nov-25,C1984,Ananya Iyer,Kolkata,clothing,Cap,2,375.87,5,Net Banking,Returned
ORD202633,27-07-2025,C2334,Riya Singh,Kolkata,Books,Novel,1,364.39,10,Debit Card,Delivered
ORD201708,17-11-2025,C1903,,Kolkata,Electronics,Wireless Earbuds,3,2458.76,10,COD,Delivered
ORD202258,21-12-2025,C1153,Aditya Patel,Hyderabad,Books  ,Python Handbook,2,688.42,5,UPI,Delivered
ORD201901,03-09-2025,C1501,Manish Kulkarni,Bengaluru,Clothing,Hoodie,1,1526.09,10,Net Banking,Delivered
ORD202512,15-06-2025,C1818,Pooja Mehta,Kolkata,electronics,Smartwatch,1,5749.32,0,upi,Cancelled
ORD204972,02-19-2025,C1749,Aditya Verma,Pune,Clothing,Cap,3,364.33,0,Credit Card,Returned
ORD203207,29-07-2025,C2191,Rahul Sharma,Hyderabad,Books,Python Handbook,1,745.33,15,Credit Card,Delivered
ORD200205,02-Mar-25,C1748,Diya Verma,Hyderabad,Beauty,Lipstick,4,415.82,0,Credit Card,Delivered
ORD203678,14-08-2025,C1236,Riya Kulkarni,DELHI,Home & Kitchen,Air Fryer,1,4776.1,5,Debit Card,Delivered
ORD200379,18-May-25,C1814,Rahul Mehta,Chennai,Clothing,Cotton T-Shirt,1,580.94,15,Net Banking,Returned
ORD201602,11-08-2025,C1333,Ananya Verma,Pune,ELECTRONICS,USB-C Cable,2,397.3,15,Net Banking,Delivered
ORD202055,03-08-2025,C2308,Diya Patel,Chennai, Books ,Exam Guide,1,537.87,5,Debit Card,Delivered
ORD203103,18-08-2025,C2059,Sneha Kulkarni,Mumbai,Electronics,Power Bank,4,1312.26,0,UPI,Delivered
ORD202095,31-01-2025,C2214,Sanjay Kulkarni,Bengaluru,CLOTHING,Denim Jeans,1,1921.64,0,Credit Card,Delivered
ORD201796,19-04-2025,C1373,Arjun Reddy,Delhi,HOME & KITCHEN,Water Bottle,3,456.03,0,UPI,Returned
ORD202760,06-03-2025,C2111,Manish Singh,Chennai,Clothing,Cap,3,334.57,0,Credit Card,Delivered
ORD201530,13-Mar-25,C1163,Sneha Singh,Hyderabad,Home & Kitchen,Bedsheet Set,2,1384.93,0,UPI,Returned
ORD201091,18-06-2025,C2206,Vivaan Mehta,Mumbai,Electronics,USB-C Cable,1,397.2,0,UPI,Delivered
ORD204778,07-04-2025,C1820,Manish Patel,Chennai,Electronics,Smartwatch,4,6454.44,0,UPI,Delivered
ORD201621,23-08-2025,C1473,Meera Patel,Pune,clothing,Running Shoes,1,3103.56,15,Credit Card,Delivered
ORD201344,30-09-2025,C1235,Ananya Das,Ahmedabad,Electronics,Power Bank,3,1394.26,10,COD,Cancelled
ORD201959,13-Oct-25,C1777,Vivaan Singh,Pune,Electronics,Wireless Earbuds,1,,20,UPI,Delivered
ORD202041,06-05-2025,C1369,Riya Gupta,Mumbai,Home & Kitchen,Cookware Set,1,2883.34,0,COD,Returned
ORD202821,16-07-2025,C2250,Karan Patel,Bengaluru,Books,Python Handbook,1,667.46,5,COD,Cancelled
ORD204646,25-01-2025,C1458,Vikram Nair,Pune,Home & Kitchen,Mixer Grinder,1,3430.17,15,UPI,Delivered
ORD202270,06-03-2025,C1668,Aditya Das,Delhi  ,Clothing,Cap,2,353.09,10,UPI,Cancelled
ORD201771,12-09-2025,C1070,Pooja Das,Hyderabad,Home & Kitchen,Mixer Grinder,3,3207.34,0,COD,Cancelled
ORD203016,05-07-2025,C1119,,Bengaluru,home & kitchen,Mixer Grinder,2,3291.63,20,UPI,Delivered
ORD202640,04-Mar-25,C1781,Diya Sharma,Delhi, Books ,Data Science Primer,4,878.29,0,Credit Card,Delivered
ORD203898,10-12-2025,C2309,Arjun Mehta,Bangalore,Beauty,Perfume,4,1719.19,5,UPI,Returned
ORD202724,18-05-2025,C2102,Sneha Mehta, Chennai ,Clothing,Denim Jeans,3,1930.25,0,COD,Delivered
ORD202990,03-11-2025,C1356,Vikram Iyer,MUMBAI,Clothing,Denim Jeans,1,1811.17,20,COD,Delivered
ORD202606,23-03-2025,C2037,Kavya Mehta,Pune,Clothing,Cotton T-Shirt,1,569.37,10,COD,Delivered
ORD201196,25-10-2025,C2374,Kavya Patel,Mumbai,Electronics,Wireless Earbuds,1,2671.32,10,Credit Card,Cancelled
ORD204748,16-05-2025,C2064,Priya Joshi,Pune,Electronics,Smartwatch,1,5974.67,5,Credit Card,Delivered
ORD200961,02-11-2025,C2180,Riya Reddy,Bengaluru,beauty,Perfume,1,1629.12,0,Debit Card,Delivered
ORD201037,29-Nov-25,C2027,Meera Gupta,HYDERABAD,Clothing,Running Shoes,2,3026.23,15,UPI,Delivered
ORD202742,12-Dec-25,C2120,Aditya Verma,Kolkata,Beauty,Hair Dryer,1,0,0,COD,Delivered
ORD203274,03-10-2025,C2142,Vikram Joshi,Mumbai,Home & Kitchen,Water Bottle,4,469.57,0,Debit Card,Delivered
ORD200240,04-07-2025,C1299,Rahul Patel,Delhi,Electronics,Power Bank,1,1295.91,0,upi,Delivered
ORD201297,10-11-2025,C1221,Isha Das,Pune, Clothing ,Cap,3,349.8,20,Debit Card,Delivered
ORD202497,03-04-2025,C1044,Vivaan Kulkarni,Bengaluru,beauty,Moisturiser,2,476.49,0,UPI,Delivered
ORD202541,10-28-2025,C1512,Ananya Joshi,pune,Clothing,Cotton T-Shirt,2,580.63,0,UPI,Cancelled
ORD200229,20-Feb-25,C1960,Sneha Verma,Chennai,Clothing,Cotton T-Shirt,3,618.7,5,COD,Delivered
ORD201830,12-08-2025,C2185,Aditya Mehta,Bengaluru,Beauty  ,Moisturiser,1,479.9,0,UPI,Cancelled
ORD204048,06-09-2025,C2101,Diya Gupta,PUNE, Home & Kitchen ,Water Bottle,1,436.01,20,UPI,Cancelled
ORD203999,15-Nov-25,C2316,Manish Mehta,Mumbai,Electronics,USB-C Cable,1,419.17,10,Net Banking,Delivered
ORD203389,11-05-2025,C1085,Pooja Singh,Mumbai,Home & Kitchen,Air Fryer,2,4776.48,0,Debit Card,Cancelled
ORD200451,30-11-2025,C2194,Isha Iyer,Delhi,ELECTRONICS,Bluetooth Speaker,2,2045.12,0,Net Banking,Delivered
ORD203040,24-10-2025,C2111,Manish Singh,Chennai,Clothing,Hoodie,2,1608.29,0,Credit Card,Delivered
ORD201503,10-01-2025,C1641,Sneha Verma,Mumbai,Home & Kitchen,Air Fryer,1,4795.43,0,UPI,Delivered
ORD202058,27-04-2025,C1555,Sneha Kulkarni,Mumbai, Home & Kitchen ,Air Fryer,2,4800.84,5,Net Banking,Delivered
ORD201497,09-Jul-25,C1721,Vikram Gupta,Bengaluru,Beauty,Lipstick,3,402.01,20,COD,Delivered
ORD200893,08-07-2025,C1980,Priya Das,Mumbai,Electronics,Smartwatch,4,5900.89,0,UPI,Delivered
ORD200983,02-04-2025,C1616,Pooja Verma,Delhi  ,Beauty,Moisturiser,3,439.65,15,UPI,Cancelled
ORD201028,26-12-2025,C1142,Priya Singh,delhi,Electronics,USB-C Cable,1,423.45,0,Net Banking,Delivered
ORD202996,03-02-2025,C1223,Meera Gupta,Mumbai,Electronics,Wireless Earbuds,1,2450.48,10,UPI,Delivered
ORD204364,29-Apr-25,C1872,Vikram Verma,Mumbai,Books,Comics Set,4,759.17,0,Debit Card,Delivered
ORD200192,20-Aug-25,C2091,Meera Mehta,Bengaluru,Clothing,Cotton T-Shirt,2,,0,Debit Card,Delivered
ORD201831,07-03-2025,C1537,Sneha Patel,Ahmedabad,Electronics,USB-C Cable,1,415.3,5,Credit Card,Returned
ORD202740,08-10-2025,C2272,Isha Nair,KOLKATA,Clothing,Running Shoes,1,3179.46,15,COD,Delivered
ORD201073,07-11-2025,C1316,Neha Iyer,Mumbai,Home & Kitchen,Air Fryer,1,4831.28,0,UPI,Cancelled
ORD203430,08-09-2025,C1412,Vikram Iyer,Chennai,Electronics,USB-C Cable,4,389.93,0,Debit Card,Delivered
ORD203341,08-02-2025,C1369,Riya Gupta,Mumbai,Beauty,Hair Dryer,1,1484.39,0,UPI,Delivered
ORD200615,14-Mar-25,C2308,Diya Patel,Chennai,Home & Kitchen,Air Fryer,1,5047.07,0,COD,Returned
ORD203977,26-May-25,C1957,Pooja Gupta,Bengaluru,Books  ,Novel,3,347.92,0,Debit Card,Delivered
ORD201386,16-07-2025,C2228,Ananya Iyer,Mumbai,Beauty,Face Wash,4,237.43,10,Debit Card,Delivered
ORD203645,29-03-2025,C2399,Arjun Sharma,Hyderabad, Home & Kitchen ,Air Fryer,1,5055.7,15,Net Banking,Delivered
ORD200550,24-07-2025,C1511,Rohan Kulkarni,kolkata,Books,Data Science Primer,1,903.94,0,UPI,Delivered
ORD203371,15-05-2025,C1375,Manish Nair,Mumbai,Beauty,Face Wash,1,247.01,20,UPI,Cancelled
ORD202852,13-Nov-25,C2141,Rohan Kulkarni,Mumbai,Home & Kitchen,Air Fryer,-1,4750.63,20,UPI,Delivered
ORD201620,14-01-2025,C2343,Sneha Gupta,Kolkata,electronics,Power Bank,4,1268.81,0,Net Banking,Delivered
ORD203413,12-02-2025,C2156,,Chennai,Electronics  ,Smartwatch,2,6439.4,10,COD,Delivered
ORD201506,14-11-2025,C1118,Pooja Gupta,Chennai  ,Clothing,Hoodie,2,1539.11,20,UPI,Returned
ORD200022,25-09-2025,C1408,Riya Singh,Bengaluru,Electronics,Power Bank,2,1252.06,0,UPI,Delivered
ORD204864,07-08-2025,C1493,Sanjay Gupta,Kolkata,Books,Exam Guide,1,508.83,0,COD,Delivered
ORD200521,26-02-2025,C1097,Isha Joshi,CHENNAI,Clothing,Cotton T-Shirt,2,607.25,0,Net Banking,Delivered
ORD200796,09-05-2025,C2208,Sanjay Patel, Mumbai ,Books,Python Handbook,1,,20,UPI,Delivered
ORD203980,12-11-2025,C1269,Priya Sharma,Bengaluru,Home & Kitchen,Water Bottle,1,458.55,0,Debit Card,Delivered
ORD201137,11-Dec-25,C1283,Vivaan Verma,Chennai,Electronics,USB-C Cable,2,419.65,5,UPI,Delivered
ORD203640,01-06-2025,C1758,Priya Gupta,delhi,Home & Kitchen,Air Fryer,2,5094.9,20,COD,Delivered
ORD204028,24-12-2025,C1328,Neha Singh,Chennai, Clothing ,Cotton T-Shirt,2,573.25,10,UPI,Cancelled
ORD202991,01-10-2025,C1996,Priya Sharma,HYDERABAD,Home & Kitchen,Air Fryer,3,5124.73,0,Debit Card,Delivered
ORD201935,28-02-2025,C1484,Neha Reddy,Hyderabad,Electronics,Bluetooth Speaker,1,2044.31,5,UPI,Delivered
ORD204434,16-06-2025,C1503,Vivaan Kulkarni,Ahmedabad,Clothing,Denim Jeans,1,1780.96,10,COD,Delivered
ORD200836,23-11-2025,C2107,Arjun Patel,Mumbai,Electronics,Wireless Earbuds,1,2572.66,5,COD,Returned
ORD203599,25-10-2025,C1802,Rahul Gupta,Chennai,ELECTRONICS,Smartwatch,4,6187.75,15,Credit Card,Cancelled
ORD204350,12-Feb-25,C1973,Aarav Das,Kolkata,Clothing,Cotton T-Shirt,1,570.91,0,Credit Card,Cancelled
ORD201970,21-10-2025,C2398,Sneha Verma,Kolkata,Home & Kitchen,Mixer Grinder,1,3187.52,10,COD,Delivered
ORD203652,24-09-2025,C2223,Ananya Das,delhi,Beauty,Perfume,4,1660.2,0,UPI,Cancelled
ORD202993,23-Aug-25,C1563,Neha Gupta,Ahmedabad,Beauty,Hair Dryer,4,1564.75,0,Credit Card,Returned
ORD202326,20-02-2025,C1468,Aarav Kulkarni,mumbai,Beauty,Moisturiser,2,456.15,15,COD,Delivered
ORD200779,20-11-2025,C1893,Manish Iyer,Ahmedabad,Home & Kitchen,Cookware Set,2,2930.23,0,Net Banking,Cancelled
ORD203657,30-12-2025,C2220,Arjun Singh,Delhi,Clothing,Denim Jeans,2,1853.46,20,COD,Cancelled
ORD200015,12-04-2025,C1479,,MUMBAI,Beauty,Moisturiser,2,455.52,10,Credit Card,Cancelled
ORD202118,21-11-2025,C2293,Arjun Mehta,Pune,Beauty,Hair Dryer,1,1596.13,15,Net Banking,Delivered
ORD200029,12-08-2025,C1101,Meera Verma,Ahmedabad,Books,Novel,4,355.75,5,Net Banking,Delivered
ORD201691,28-07-2025,C1179,Sanjay Singh,,Clothing,Cap,4,370.55,0,Credit Card,Delivered
ORD200437,01-Aug-25,C1669,Rahul Verma,Bengaluru,Electronics,USB-C Cable,2,422.33,15,UPI,Delivered
ORD204870,11-12-2025,C1722,Manish Mehta,Pune,Clothing,Running Shoes,1,3006.89,20,UPI,Delivered
ORD201825,13-Nov-25,C1449,Priya Reddy,Delhi,Electronics,Smartwatch,2,6210.51,0,COD,Cancelled
ORD201274,26-02-2025,C2098,Vikram Patel,Hyderabad,BEAUTY,Face Wash,1,242.88,0,UPI,Delivered
ORD204523,06-12-2025,C1091,Arjun Reddy,Delhi,clothing,Cap,1,349.76,10,UPI,Delivered
ORD202477,23-04-2025,C2236,Pooja Iyer,Mumbai,Clothing,Running Shoes,2,3127.78,20,UPI,Cancelled
ORD203596,27-01-2025,C1196,Isha Patel,Delhi,Home & Kitchen  ,Cookware Set,2,2807.77,0,UPI,Delivered
ORD204436,03-06-2025,C2323,Riya Reddy, Kolkata ,Clothing,Cap,1,336.95,10,UPI,Cancelled
ORD204434,16-06-2025,C1503,Vivaan Kulkarni,Ahmedabad,Clothing,Denim Jeans,1,1780.96,10,COD,Delivered
ORD204957,23-05-2025,C1871,Meera Sharma,MUMBAI,Clothing,Cotton T-Shirt,4,640.54,15,Credit Card,Cancelled
ORD201168,05-Aug-25,C1528,Priya Gupta,,Home & Kitchen,Water Bottle,4,455.97,5,Debit Card,Cancelled
ORD200850,07-05-2025,C2360,Neha Das,Bengaluru,Home & Kitchen,Bedsheet Set,1,1268.4,0,UPI,Cancelled
ORD202159,27-12-2025,C2375,Manish Singh,Mumbai,Books,Novel,4,364.77,10,UPI,Cancelled
ORD202452,01-02-2025,C2106,Ananya Sharma,Bengaluru,Electronics,Power Bank,3,1328.49,15,Debit Card,Delivered
ORD203240,18-09-2025,C2333,Manish Verma, Bengaluru , Books ,Novel,1,364.61,0,COD,Delivered
ORD200456,20-02-2025,C2347,Aarav Kulkarni,Delhi,Electronics,Smartwatch,4,6464.13,0,Debit Card,Delivered
ORD204959,26-04-2025,C2008,Priya Gupta,Kolkata,Home & Kitchen,Water Bottle,1,452.39,0,UPI,Returned
ORD203251,29-06-2025,C1569,Sneha Sharma,Bengaluru,clothing,Hoodie,1,1460.27,0,UPI,Cancelled
ORD202775,01-02-2025,C2210,Aditya Joshi, Hyderabad ,Beauty,Lipstick,3,0,10,Debit Card,Cancelled
ORD204919,09-10-2025,C1541,Arjun Kulkarni,Chennai,Electronics,Bluetooth Speaker,1,1903.47,0,Debit Card,Delivered
ORD203446,30-08-2025,C1207,Rahul Verma,BENGALURU,Home & Kitchen,Water Bottle,1,443.6,0,Credit Card,Delivered
ORD204750,31-10-2025,C2305,Diya Iyer,,Clothing,Running Shoes,1,3144.8,0,Net Banking,Delivered
ORD204389,04-07-2025,C2035,Sanjay Nair,,Books,Exam Guide,1,498.35,20,COD,Cancelled
ORD200766,06-10-2025,C2269,Isha Reddy,KOLKATA,Beauty,Lipstick,3,403.85,0,UPI,Delivered
ORD200349,24-07-2025,C1420,Rahul Das,Delhi,Beauty,Lipstick,1,381.27,5,COD,Delivered
ORD203392,26-09-2025,C2268,Kavya Joshi, Delhi ,Clothing,Cotton T-Shirt,4,626.43,20,UPI,Returned
ORD202181,06-02-2025,C1658,Priya Joshi,Pune,Home & Kitchen,Mixer Grinder,2,3470.85,0,Credit Card,Returned
ORD204575,22-12-2025,C1160,Vivaan Sharma,Pune,home & kitchen,Water Bottle,4,461.13,0,UPI,Delivered
ORD200818,27-04-2025,C1911,Isha Patel,Mumbai,Beauty,Lipstick,3,419,10,UPI,Delivered
ORD204815,03-09-2025,C2122,Aarav Das,Ahmedabad,Electronics,Wireless Earbuds,2,2375.95,5,Net Banking,Delivered
ORD203151,07-12-2025,C2177,Arjun Kulkarni,Pune,Beauty,Moisturiser,1,433.73,0,UPI,Delivered
ORD202195,28-09-2025,C2065,Arjun Kulkarni,Hyderabad,Clothing,Denim Jeans,2,1710.78,0,Credit Card,Cancelled
ORD200929,11-02-2025,C1030,Sanjay Reddy,Delhi,Clothing,Running Shoes,3,3038.67,20,Debit Card,Cancelled
ORD204121,05-01-2025,C1747,Priya Reddy,Ahmedabad,Books,Data Science Primer,1,944.25,20,Credit Card,Delivered
ORD201373,02-12-2025,C1708,Isha Mehta,Bengaluru,books,Data Science Primer,1,917.53,0,Net Banking,Delivered
ORD201046,06-12-2025,C1044,Vivaan Kulkarni,BENGALURU,books,Data Science Primer,2,880.28,20,COD,Delivered
ORD200873,22-07-2025,C2348,Rohan Kulkarni,Hyderabad,Home & Kitchen,Mixer Grinder,2,3429.48,,COD,Returned
ORD202942,14-Feb-25,C1593,Karan Iyer,Bangalore,Clothing,Cap,2,366.42,0,UPI,Delivered
ORD200848,28-04-2025,C1704,Sanjay Joshi,HYDERABAD,Clothing,Cap,2,358.42,0,UPI,Delivered
ORD200424,11-02-2025,C1771,Sanjay Sharma,Hyderabad,Beauty,Face Wash,2,,5,UPI,Delivered
ORD203929,11-10-2025,C1292,Riya Verma,Bengaluru,Electronics,Smartwatch,2,6063.54,15,Net Banking,Delivered
ORD203518,22-03-2025,C2184,Meera Joshi,Chennai,Clothing,Cap,1,350.93,0,UPI,Delivered
ORD200591,26-Mar-25,C1882,Riya Das,Delhi,Electronics,Power Bank,1,,0,Debit Card,Cancelled
ORD201776,11-10-2025,C1470,Aditya Das,hyderabad,Beauty,Hair Dryer,2,1609.35,0,UPI,Delivered
ORD200031,24-04-2025,C1540,Rohan Mehta,Ahmedabad,Clothing,Running Shoes,4,2870.35,0,UPI,Returned
ORD204244,05-20-2025,C2044,Meera Nair,chennai,Electronics,Power Bank,1,1366.85,0,Debit Card,Cancelled
ORD204412,17-Feb-25,C1020,Sneha Mehta,Delhi,Beauty,Perfume,4,1569.63,15,UPI,Cancelled
ORD204794,06-10-2025,C1348,Diya Nair,Delhi,Home & Kitchen,Water Bottle,1,432.05,0,Credit Card,Delivered
ORD203741,12-06-2025,C1849,Diya Patel,Delhi,Beauty,Lipstick,2,424.3,10,Debit Card,Returned
ORD203257,26-Jun-25,C1515,Rahul Verma,Delhi,Books,Exam Guide,2,499.93,0,UPI,Delivered
ORD201816,21-10-2025,C2095,Priya Gupta,Ahmedabad,Books,Python Handbook,2,706.76,20,Credit Card,Delivered
ORD202287,06-08-2025,C1114,Kavya Singh,Mumbai,Clothing,Running Shoes,2,2972.01,20,UPI,Returned
ORD202795,09-03-2025,C1267,Diya Verma,Ahmedabad,Electronics  ,Bluetooth Speaker,2,1940.89,0,Credit Card,Delivered
ORD200018,05-12-2025,C1420,Rahul Das,Delhi,Home & Kitchen,Mixer Grinder,4,3559.1,10,Debit Card,Delivered
ORD200447,03-06-2025,C1519,Pooja Verma,Chennai,Beauty,Face Wash,2,255.19,10,Credit Card,Delivered
ORD202889,17-05-2025,C2147,Sneha Reddy,Bengaluru,Electronics,Power Bank,4,1236.28,0,Credit Card,Delivered
ORD202360,18-04-2025,C1587,Aarav Mehta,Bengaluru,Clothing,Cap,4,372.09,20,UPI,Delivered
ORD200151,04-07-2025,C1817,Priya Patel,Chennai, Clothing ,Hoodie,4,1539.55,5,UPI,Delivered
ORD201624,27-04-2025,C1978,Kavya Verma,Kolkata,Electronics,Smartwatch,1,6422.75,0,Debit Card,Delivered
ORD202798,01-11-2025,C2125,Ananya Joshi,Bengaluru,Electronics,Smartwatch,2,6444.08,20,Credit Card,Returned
ORD202193,26-02-2025,C1764,Kavya Kulkarni,DELHI,ELECTRONICS,Smartwatch,1,6388.85,0,UPI,Delivered
ORD204303,13-09-2025,C1626,Rahul Mehta,Delhi,Clothing,Running Shoes,1,3091.84,0,Credit Card,Delivered
ORD202261,10-12-2025,C1976,Riya Singh,Bengaluru,Books,Python Handbook,3,748.52,0,Credit Card,Delivered
ORD203237,07-Mar-25,C2341,Riya Patel,Pune  , Beauty ,Moisturiser,2,468.13,10,UPI,Delivered
ORD203406,12-27-2025,C1150,Arjun Joshi,Delhi,Electronics,Wireless Earbuds,4,2528.86,0,Net Banking,Returned
ORD204098,23-07-2025,C1026,Vikram Singh,,Clothing,Denim Jeans,1,1930.74,0,Net Banking,Returned
ORD201081,13-05-2025,C1143,Diya Gupta,Hyderabad,Clothing,Running Shoes,3,2987.92,15,Net Banking,Delivered
ORD204585,31-10-2025,C1574,Priya Iyer,Mumbai,Books,Exam Guide,2,538.02,15,UPI,Delivered
ORD200533,23-Sep-25,C1762,Rohan Joshi,mumbai,Clothing,Denim Jeans,4,1905.31,0,Debit Card,Delivered
ORD201394,22-10-2025,C1929,Vivaan Das,Bengaluru,Home & Kitchen,Air Fryer,1,4781.56,10,UPI,Delivered
ORD201659,23-11-2025,C1312,Aarav Joshi,Hyderabad,Clothing,Denim Jeans,2,1715.02,5,COD,Cancelled
ORD203272,20-06-2025,C1035,Karan Mehta,Mumbai,Clothing,Hoodie,3,1617.74,5,UPI,Delivered
ORD200967,10-30-2025,C1679,Aditya Patel, Kolkata ,Clothing,Cotton T-Shirt,1,582.81,5,Net Banking,Delivered
ORD202539,06-05-2025,C2073,Meera Gupta,bengaluru,Home & Kitchen,Mixer Grinder,1,3240.71,15,Net Banking,Delivered
ORD204700,02-11-2025,C1426,Sanjay Verma,Delhi,clothing,Running Shoes,2,3041.97,10,COD,Delivered
ORD202537,30-06-2025,C1168,Meera Iyer,Delhi,Clothing,Denim Jeans,1,1716.39,0,COD,Delivered
ORD203060,16-Feb-25,C1550,Kavya Sharma,Mumbai,electronics,Power Bank,2,1302.27,,Debit Card,Delivered
ORD201391,29-06-2025,C1484,Neha Reddy,Hyderabad,Electronics,USB-C Cable,1,414.03,0,UPI,Returned
ORD201821,04-02-2025,C1239,Riya Patel,Mumbai,Clothing,Denim Jeans,1,1925.45,10,Credit Card,Delivered
ORD202581,28-05-2025,C1050,Rahul Patel,Mumbai,Electronics,Wireless Earbuds,4,2672.27,20,COD,Delivered
ORD200038,25-09-2025,C1396,Neha Joshi,bengaluru, Clothing ,Cotton T-Shirt,2,594.21,15,UPI,Returned
ORD202820,11-02-2025,C1898,Aditya Gupta,Bengaluru,Books,Python Handbook,4,729.44,,Debit Card,Delivered
ORD202933,31-08-2025,C2343,,kolkata,ELECTRONICS,Wireless Earbuds,4,2637.96,0,UPI,Delivered
ORD204529,29-09-2025,C1924,Riya Gupta,Mumbai,electronics,Wireless Earbuds,1,2535.68,0,COD,Delivered
ORD204971,07-12-2025,C1098,Aditya Sharma,Mumbai,Beauty,Perfume,1,1664.7,0,Credit Card,Delivered
ORD201056,30-01-2025,C2087,Sanjay Joshi,Pune,Home & Kitchen,Air Fryer,3,5211.45,0,Credit Card,Returned
ORD204082,24-10-2025,C1662,Rohan Nair,Mumbai,BEAUTY,Hair Dryer,3,1609.49,0,Credit Card,Delivered
ORD204619,20-10-2025,C1582,Neha Das,Hyderabad,Home & Kitchen,Air Fryer,3,5121.26,0,COD,Cancelled
ORD200939,14-05-2025,C1195,Kavya Verma,Mumbai  ,Electronics,Smartwatch,2,,10,Credit Card,Returned
ORD204406,29-03-2025,C1395,Pooja Patel,Pune,Beauty,Moisturiser,1,428.73,15,Credit Card,Delivered
ORD203204,25-06-2025,C1862,Diya Iyer,,Beauty,Moisturiser,1,437.55,20,Debit Card,Cancelled
ORD203163,24-12-2025,C1811,Ananya Sharma,Delhi,Books,Comics Set,3,819.68,0,UPI,Returned
ORD204572,22-09-2025,C1553,Sanjay Nair,Ahmedabad,Books,Python Handbook,2,754.61,0,Net Banking,Cancelled
ORD204947,06-Feb-25,C2331,Priya Singh,Mumbai,Electronics,Power Bank,1,1285.97,,COD,Cancelled
ORD202943,21-Apr-25,C2168,Arjun Joshi,Ahmedabad,Beauty,Perfume,3,1707.48,20,COD,Delivered
ORD202688,31-03-2025,C2250,Karan Patel,BENGALURU,Electronics,Bluetooth Speaker,2,1914.47,0,UPI,Returned
ORD204336,30-05-2025,C1339,Priya Sharma,CHENNAI,HOME & KITCHEN,Cookware Set,-1,2686.97,20,Debit Card,Cancelled
ORD200380,30-08-2025,C2331,Priya Singh,Mumbai,Clothing,Running Shoes,2,2922.93,0,UPI,Delivered
ORD203088,24-11-2025,C2000,Priya Das,Mumbai,Home & Kitchen  ,Air Fryer,1,5281.32,0,COD,Cancelled
ORD200869,08-04-2025,C1202,Arjun Kulkarni,Ahmedabad  ,Clothing,Cap,2,360.46,20,Debit Card,Delivered
ORD201157,02-09-2025,C1404,Ananya Das,delhi,ELECTRONICS,Wireless Earbuds,2,2642.16,5,COD,Cancelled
ORD202274,06-07-2025,C2354,Diya Gupta,Mumbai,Beauty,Hair Dryer,1,1445.17,0,Net Banking,Delivered
ORD200812,27-11-2025,C1742,Isha Gupta,Pune,Home & Kitchen,Mixer Grinder,1,3183.99,0,UPI,Returned
ORD200922,14-10-2025,C1949,Arjun Verma,Pune,Home & Kitchen,Bedsheet Set,1,1237.51,5,Debit Card,Returned
ORD204999,14-Dec-25,C1127,Sneha Verma,,Beauty,Moisturiser,1,453.8,0,UPI,Delivered
ORD202395,21-10-2025,C1631,Riya Gupta,Kolkata, Beauty ,Face Wash,2,264.76,0,Net Banking,Delivered
ORD203046,10-Jan-25,C1433,Neha Nair,Mumbai,books,Data Science Primer,1,959.46,5,UPI,Cancelled
ORD200899,07-03-2025,C1785,Neha Reddy,Bengaluru,Electronics,Wireless Earbuds,1,2658.56,5,UPI,Delivered
ORD200649,22-08-2025,C1625,Pooja Reddy,Kolkata,Home & Kitchen,Air Fryer,1,4828.84,0,UPI,Delivered
ORD202286,21-Dec-25,C1996,Priya Sharma,Hyderabad,Clothing,Cotton T-Shirt,2,613.56,5,COD,Delivered
ORD201522,02-26-2025,C1937,Manish Mehta,Hyderabad,Beauty,Lipstick,4,380.86,15,Credit Card,Delivered
ORD201303,14-07-2025,C1028,Pooja Gupta,Mumbai,electronics,Smartwatch,1,6038.27,20,UPI,Delivered
ORD204677,26-10-2025,C1015,Aarav Kulkarni,Hyderabad  ,Home & Kitchen,Cookware Set,3,2748.11,0,Debit Card,Delivered
ORD201861,08-07-2025,C1880,Arjun Das,Delhi,Clothing  ,Hoodie,1,1435.19,5,UPI,Returned
ORD203416,19-01-2025,C1314,Priya Das,Delhi,Clothing,Denim Jeans,1,1839.11,0,Credit Card,Cancelled
ORD203606,31-12-2025,C1447,Sanjay Kulkarni,Mumbai, Electronics ,Bluetooth Speaker,1,2102.75,10,Net Banking,Cancelled
ORD200308,24-11-2025,C2304,Meera Joshi,Ahmedabad,Beauty,Face Wash,1,237.33,5,UPI,Delivered
ORD204998,27-04-2025,C1346,Sanjay Patel,Mumbai,Clothing,Cap,1,373.19,5,UPI,Delivered
ORD203401,26-Sep-25,C1056,Priya Verma,,Clothing,Cap,4,349.71,15,COD,Delivered
ORD204817,13-07-2025,C1201,Meera Verma,Mumbai,Home & Kitchen,Water Bottle,4,476.17,0,UPI,Cancelled
ORD201376,14-09-2025,C2369,Meera Patel,Chennai,Clothing,Cotton T-Shirt,1,,0,COD,Delivered
ORD201727,03-11-2025,C2071,Neha Kulkarni,Mumbai,home & kitchen,Water Bottle,2,467.52,0,UPI,Returned
ORD200454,07-03-2025,C1421,Pooja Nair,Mumbai, Clothing ,Cotton T-Shirt,1,633.94,,Debit Card,Delivered
ORD200519,19-10-2025,C2152,Ananya Patel,bengaluru,Books,Novel,3,341.91,0,UPI,Returned
ORD202285,05-05-2025,C1242,Rohan Patel,mumbai,Clothing,Hoodie,1,1604.5,15,Credit Card,Cancelled
ORD203708,26-12-2025,C1436,Vikram Patel,Ahmedabad,beauty,Moisturiser,1,445.55,5,Net Banking,Returned
ORD201263,27-05-2025,C1082,Neha Patel,Mumbai,Books,Exam Guide,1,519.89,15,UPI,Delivered
ORD201332,30-05-2025,C2015,Karan Sharma,Ahmedabad,Beauty,Face Wash,1,245.24,0,Net Banking,Delivered
ORD202008,13-01-2025,C1529,Ananya Verma,Hyderabad,Books,Comics Set,4,818.3,0,UPI,Cancelled
ORD203794,15-12-2025,C2319,Karan Patel,Pune,Electronics,Wireless Earbuds,4,2403.26,0,UPI,Delivered
ORD202676,24-03-2025,C1193,Vikram Singh, Ahmedabad ,Home & Kitchen,Mixer Grinder,2,3267.3,0,UPI,Delivered
ORD201577,11-01-2025,C1574,Priya Iyer,Mumbai,clothing,Running Shoes,4,2957.87,15,Net Banking,Cancelled
ORD204749,03-12-2025,C2302,Neha Kulkarni,Chennai,Electronics,Power Bank,1,1366.67,15,Debit Card,Delivered
ORD201374,13-01-2025,C1745,Ananya Nair,pune,Beauty,Perfume,2,1613.33,5,UPI,Delivered
ORD200549,13-04-2025,C1078,Arjun Joshi,Mumbai,Beauty  ,Lipstick,1,396.87,15,COD,Delivered
ORD202628,24-03-2025,C2209,Arjun Verma,,Home & Kitchen,Bedsheet Set,-1,1271.86,0,Debit Card,Delivered
ORD201201,27-04-2025,C2116,Neha Patel,Delhi,Electronics,Smartwatch,1,5778.33,0,COD,Delivered
ORD200879,23-01-2025,C1579,Kavya Patel,Bengaluru,CLOTHING,Denim Jeans,3,1831.33,0,UPI,Delivered
ORD201281,19-10-2025,C1293,Manish Reddy, Pune ,Beauty,Perfume,1,1571.73,20,Debit Card,Cancelled
ORD203461,07-Dec-25,C1266,Sanjay Iyer,Bengaluru,Home & Kitchen,Mixer Grinder,1,3148.92,10,UPI,Returned
ORD201206,12-05-2025,C2277,Diya Sharma,Mumbai,Electronics,USB-C Cable,2,391.52,0,UPI,Delivered
ORD201453,06-06-2025,C1168,Meera Iyer,Delhi  ,Clothing,Denim Jeans,1,1851.8,5,UPI,Delivered
ORD201841,30-Oct-25,C2019,Rahul Joshi,Mumbai,Beauty,Lipstick,2,412.97,5,UPI,Delivered
ORD204584,07-04-2025,C1412,Vikram Iyer,Chennai, Beauty ,Hair Dryer,3,1475.53,20,COD,Delivered
ORD200641,27-05-2025,C2365,Manish Verma,,Electronics,Wireless Earbuds,2,2588.2,0,Credit Card,Delivered
ORD200312,03-07-2025,C1385,Priya Reddy,Delhi,beauty,Lipstick,3,397.8,5,Debit Card,Delivered
ORD200157,28-11-2025,C2168,Arjun Joshi,Ahmedabad, Beauty ,Hair Dryer,2,,0,Debit Card,Delivered
ORD200195,23-04-2025,C1284,Sanjay Mehta,Ahmedabad,Books,Data Science Primer,1,881.98,15,Debit Card,Delivered
ORD203615,03-09-2025,C2036,Meera Reddy,Chennai,Beauty,Moisturiser,1,444.48,10,UPI,Returned
ORD201277,26-11-2025,C2192,Diya Gupta,Mumbai,Clothing,Hoodie,3,1462.34,0,UPI,Delivered
ORD203925,08-12-2025,C1885,Sneha Iyer,Mumbai,Electronics,Bluetooth Speaker,1,1975.09,0,COD,Delivered
ORD200761,28-05-2025,C1395,Pooja Patel,Pune,Electronics,Bluetooth Speaker,1,2133.11,10,UPI,Cancelled
ORD201631,06-05-2025,C2125,Ananya Joshi,Bengaluru,Clothing,Denim Jeans,3,1795.57,0,Net Banking,Returned
ORD200272,18-10-2025,C1632,Aditya Nair,pune,Clothing,Cap,1,362.47,5,UPI,Cancelled
ORD203149,02-09-2025,C1350,Kavya Verma,ahmedabad,Electronics,Power Bank,2,1254.16,10,COD,Cancelled
ORD200685,25-04-2025,C1684,Sneha Singh,mumbai,Electronics,USB-C Cable,2,422.51,20,Net Banking,Delivered
ORD202786,23-04-2025,C1425,Pooja Gupta,Chennai,Home & Kitchen,Air Fryer,1,5285.08,10,UPI,Delivered
ORD201272,08-06-2025,C1350,Kavya Verma,Ahmedabad,beauty,Lipstick,1,405.76,0,Debit Card,Delivered
ORD202870,29-03-2025,C1481,Sneha Kulkarni,Pune,Electronics  ,USB-C Cable,4,425.95,15,UPI,Delivered
ORD204447,30-Aug-25,C1335,Isha Mehta,Delhi,Home & Kitchen,Water Bottle,4,0,10,Credit Card,Delivered
ORD204001,09-11-2025,C2333,Manish Verma,Bengaluru,beauty,Perfume,4,1670.79,15,COD,Delivered
ORD201863,15-01-2025,C1301,Vikram Verma,Bengaluru, Electronics ,Wireless Earbuds,1,2426.26,10,UPI,Delivered
ORD203812,03-04-2025,C2285,Neha Sharma,Mumbai,Electronics,USB-C Cable,1,423.9,0,COD,Cancelled
ORD203659,23-Dec-25,C2006,Karan Nair,Chennai,Electronics,USB-C Cable,2,397,0,Credit Card,Delivered
ORD204674,10-11-2025,C2028,Ananya Singh,Bengaluru,Electronics  ,Wireless Earbuds,3,2483.48,10,Debit Card,Cancelled
ORD201734,16-01-2025,C2285,Neha Sharma,Mumbai,Electronics,Wireless Earbuds,4,2526.99,15,Debit Card,Delivered
ORD204728,27-10-2025,C1549,Ananya Singh,Bengaluru,Clothing,Denim Jeans,1,1888.82,5,Credit Card,Cancelled
ORD201123,01-08-2025,C1412,Vikram Iyer,Chennai,Home & Kitchen,Air Fryer,1,5045.43,0,UPI,Delivered
ORD200375,19-10-2025,C1134,Diya Sharma,Mumbai,Books,Exam Guide,1,502.13,0,Credit Card,Delivered
ORD201886,12-11-2025,C1009,Aditya Singh,Pune,Beauty,Moisturiser,1,472.31,0,Net Banking,Delivered
ORD200676,19-11-2025,C1675,Priya Singh,Mumbai,Electronics,Bluetooth Speaker,3,1974.37,0,COD,Delivered
ORD202120,09-May-25,C1627,Manish Joshi,,Clothing,Cap,2,338.18,20,UPI,Delivered
ORD201119,16-06-2025,C1414,Sneha Verma,Pune,Electronics,Wireless Earbuds,1,2498.77,0,UPI,Delivered
ORD202046,27-09-2025,C2263,, Hyderabad ,Electronics,Smartwatch,2,5925.95,0,Credit Card,Cancelled
ORD201203,01-03-2025,C1842,Neha Reddy,Delhi,Electronics,Bluetooth Speaker,1,1951.5,15,UPI,Cancelled
ORD200920,03-04-2025,C1020,Sneha Mehta,Delhi,Home & Kitchen,Mixer Grinder,4,3515.88,15,Debit Card,Delivered
ORD200617,15-08-2025,C1199,Kavya Joshi, Ahmedabad ,Beauty,Hair Dryer,2,1469.33,20,Net Banking,Delivered
ORD203175,19-12-2025,C1259,Arjun Patel,Pune,Home & Kitchen,Air Fryer,2,4796.49,0,Credit Card,Delivered
ORD202289,02-10-2025,C1863,Vikram Iyer,Bengaluru,Home & Kitchen,Mixer Grinder,2,3368.3,0,UPI,Returned
ORD203979,21-10-2025,C1727,Aarav Gupta, Mumbai , Books ,Python Handbook,1,714.7,0,UPI,Delivered
ORD201087,29-Apr-25,C1953,Neha Singh,Bangalore,Electronics,Bluetooth Speaker,3,2104.02,0,Net Banking,Delivered
ORD200611,03-05-2025,C2279,Aarav Das,Delhi,clothing,Hoodie,2,1520.72,0,UPI,Delivered
ORD204386,11-19-2025,C1526,Vivaan Sharma,Hyderabad,Beauty,Hair Dryer,4,,15,UPI,Delivered
ORD204118,07-24-2025,C1013,Sneha Reddy,Ahmedabad,Electronics  ,Power Bank,4,1306.98,20,Credit Card,Delivered
ORD201866,15-05-2025,C2355,Ananya Verma,Pune,Clothing,Hoodie,1,1594.15,15,Debit Card,Delivered
ORD204064,04-05-2025,C1734,Rohan Iyer,Hyderabad,Home & Kitchen,Bedsheet Set,1,1255.5,5,COD,Returned
ORD200849,16-10-2025,C1728,Aarav Mehta,Hyderabad,Home & Kitchen,Air Fryer,1,5044.01,10,UPI,Returned
ORD203890,12-03-2025,C1320,Ananya Nair,Bengaluru,Electronics,Bluetooth Speaker,1,2097.26,5,UPI,Delivered
ORD203571,01-12-2025,C2397,Rohan Verma,Delhi  ,Books,Python Handbook,4,726.53,0,UPI,Delivered
ORD204962,06-09-2025,C1091,Arjun Reddy,Delhi,Home & Kitchen,Mixer Grinder,1,,20,UPI,Delivered
ORD200128,23-06-2025,C1238,Ananya Sharma,Pune,Clothing,Cotton T-Shirt,4,615.38,10,UPI,Delivered
ORD200668,12-01-2025,C2022,Diya Patel,Pune,Clothing,Denim Jeans,2,1809.76,0,Net Banking,Delivered
ORD202731,26-11-2025,C2188,Vivaan Patel, Delhi ,Electronics,USB-C Cable,1,419.14,0,COD,Delivered
ORD203723,26-03-2025,C1601,Rahul Das,Mumbai,Beauty,Hair Dryer,3,1590.1,0,Credit Card,Cancelled
ORD200377,21-02-2025,C1613,Manish Reddy,Delhi,Electronics,Smartwatch,4,,0,COD,Cancelled
ORD202650,07-01-2025,C2012,Arjun Reddy,Ahmedabad,Beauty,Perfume,1,1693.75,10,Debit Card,Delivered
ORD203748,03-01-2025,C1950,Neha Kulkarni,Delhi,Electronics,Smartwatch,2,,0,Net Banking,Returned
ORD204005,12-10-2025,C1040,Aditya Singh,DELHI,Electronics,USB-C Cable,1,400.36,0,UPI,Cancelled
ORD202741,07-12-2025,C1362,Vivaan Nair,Hyderabad,Electronics,Wireless Earbuds,2,2441.85,0,UPI,Delivered
ORD203396,12-03-2025,C1572,Arjun Sharma, Hyderabad ,Electronics,Power Bank,2,1268.76,0,Credit Card,Delivered
ORD200292,19-11-2025,C1490,Karan Nair,mumbai,Clothing,Hoodie,4,1444.52,20,UPI,Delivered
ORD204187,26-06-2025,C1274,Manish Kulkarni,hyderabad,Electronics,USB-C Cable,3,381.16,10,UPI,Returned
ORD203079,01-05-2025,C1348,Diya Nair,Delhi,HOME & KITCHEN,Bedsheet Set,0,1381.15,0,UPI,Cancelled
ORD204546,19-05-2025,C2289,Meera Mehta,Chennai,Books,Exam Guide,1,530.06,0,UPI,Delivered
ORD203226,26-11-2025,C1359,Karan Kulkarni,Bengaluru,Clothing,Running Shoes,1,3052.49,10,Credit Card,Returned
ORD202842,01-11-2025,C1775,Vikram Das,Kolkata,Clothing  ,Cotton T-Shirt,4,,10,UPI,Delivered
ORD203264,18-Aug-25,C1261,,Mumbai,Home & Kitchen,Cookware Set,3,2790.54,10,COD,Cancelled
ORD204088,21-11-2025,C1739,Sanjay Verma,Bengaluru,Clothing,Cotton T-Shirt,4,589.9,5,COD,Delivered
ORD202908,15-07-2025,C1596,Aditya Iyer,Chennai,Home & Kitchen,Mixer Grinder,1,3173.76,20,COD,Returned
ORD203014,20-02-2025,C2314,Sanjay Das,Hyderabad,CLOTHING,Denim Jeans,1,1827.61,0,COD,Delivered
ORD203770,06-04-2025,C2234,Kavya Verma,Bengaluru,Clothing,Running Shoes,2,2937.27,20,Net Banking,Cancelled
ORD203456,27-12-2025,C1060,Manish Nair,Mumbai,Electronics,USB-C Cable,1,419.16,0,COD,Delivered
ORD201969,20-07-2025,C1932,Diya Nair,Mumbai,Home & Kitchen,Water Bottle,2,250000,0,Credit Card,Delivered
ORD204367,27-11-2025,C1467,Priya Patel,Bengaluru,Electronics,Bluetooth Speaker,1,2012.75,20,UPI,Delivered
ORD200463,01-Jan-25,C1782,Rohan Singh,Mumbai,Clothing,Denim Jeans,1,1913.73,15,UPI,Delivered
ORD203081,01-07-2025,C1488,Arjun Verma,Delhi,Clothing,Cotton T-Shirt,3,610.75,20,UPI,Delivered
ORD201914,11-10-2025,C1598,Priya Reddy,Kolkata,Electronics,USB-C Cable,2,421.6,20,UPI,Delivered
ORD204321,09-10-2025,C2254,Pooja Nair,Mumbai,Home & Kitchen,Water Bottle,3,467.96,5,UPI,Delivered
ORD202835,11-03-2025,C2322,Aditya Nair,Bengaluru,electronics,USB-C Cable,4,393.06,10,Debit Card,Returned
ORD203519,27-12-2025,C2054,Karan Sharma,Mumbai,electronics,Power Bank,1,1277.47,5,Debit Card,Delivered
ORD202776,03-11-2025,C1268,Vikram Mehta,Hyderabad,Electronics,Power Bank,1,1292.03,0,Credit Card,Delivered
ORD200246,04-06-2025,C1494,,Mumbai,Electronics,Wireless Earbuds,2,2564.43,0,Debit Card,Delivered
ORD202753,30-10-2025,C1587,Aarav Mehta,Bengaluru,Clothing,Denim Jeans,3,0,0,COD,Delivered
ORD202985,04-Jan-25,C1650,Pooja Singh,Chennai,Beauty,Face Wash,1,256.77,0,UPI,Returned
ORD201173,27-01-2025,C1691,Aarav Mehta,Kolkata  ,Books,Exam Guide,2,520.65,10,Debit Card,Cancelled
ORD200138,27-09-2025,C2161,Neha Kulkarni,Delhi,Electronics,Smartwatch,1,6331.89,10,Debit Card,Delivered
ORD203986,14-06-2025,C2190,Rahul Singh,Chennai,Clothing,Running Shoes,4,3116.1,5,Credit Card,Delivered
ORD201742,08-06-2025,C2391,Ananya Verma,Mumbai,Beauty,Hair Dryer,1,1537.05,0,UPI,Cancelled
ORD201155,30-12-2025,C1542,Aarav Das,Chennai,Books,Exam Guide,2,517.49,0,Debit Card,Delivered
ORD201583,19-02-2025,C1921,Isha Mehta,Hyderabad,Clothing,Cotton T-Shirt,1,637.42,0,UPI,Delivered
ORD200686,14-02-2025,C1022,Priya Patel,Mumbai,clothing,Running Shoes,3,3208.16,0,UPI,Delivered
ORD201140,28-05-2025,C1088,Arjun Patel,Mumbai,Home & Kitchen,Mixer Grinder,3,3560.2,15,UPI,Delivered
ORD200125,27-03-2025,C1786,Karan Sharma,Chennai,Electronics,Wireless Earbuds,2,2564.91,0,Debit Card,Delivered
ORD201489,14-Sep-25,C2026,Manish Nair,Hyderabad,Electronics,Bluetooth Speaker,4,2064.81,20,UPI,Returned
ORD203066,15-Mar-25,C1577,Karan Verma,Chennai, Electronics ,USB-C Cable,2,407.65,10,Net Banking,Delivered
ORD203471,07-01-2025,C1053,,Chennai,Clothing,Denim Jeans,1,1869.66,15,Debit Card,Delivered
ORD202294,19-01-2025,C1267,Diya Verma, Ahmedabad ,BOOKS,Comics Set,2,805.97,15,Debit Card,Delivered
ORD203117,28-10-2025,C1651,Riya Das,Hyderabad,Beauty,Face Wash,4,244.05,10,Debit Card,Delivered
ORD203157,04-06-2025,C1134,Diya Sharma,Mumbai,Clothing,Running Shoes,2,2870.91,5,UPI,Cancelled
ORD204339,06-04-2025,C2112,Isha Das, Delhi ,Electronics,USB-C Cable,2,388,0,UPI,Delivered
ORD204916,12-09-2025,C1028,Pooja Gupta,Mumbai,Electronics,Smartwatch,2,5765.74,0,COD,Returned
ORD203845,19-11-2025,C2224,Pooja Iyer,Ahmedabad,Clothing,Denim Jeans,2,1895.68,0,Net Banking,Returned
ORD201308,06-Nov-25,C1242,Rohan Patel,Mumbai, Clothing ,Denim Jeans,1,1756.67,20,UPI,Cancelled
ORD204663,22-05-2025,C1946,Rahul Das,Hyderabad,Beauty,Lipstick,2,411.71,0,Net Banking,Cancelled
ORD202519,29-05-2025,C1212,Isha Mehta,Bengaluru,beauty,Hair Dryer,1,1606.04,15,UPI,Delivered
ORD204920,19-Feb-25,C1985,Neha Singh,Pune,CLOTHING,Running Shoes,1,3080.65,0,Credit Card,Delivered
ORD201679,20-03-2025,C1946,Rahul Das,Hyderabad,Beauty,Moisturiser,4,447.92,5,Debit Card,Delivered
ORD202522,14-10-2025,C1787,Rohan Joshi,Bengaluru,Electronics,Smartwatch,1,6334.04,0,UPI,Delivered
ORD204266,24-09-2025,C1731,Sneha Joshi,Delhi,Beauty,Face Wash,2,254.81,0,UPI,Cancelled
ORD204308,12-02-2025,C1385,Priya Reddy,,Beauty,Hair Dryer,3,1453.81,20,UPI,Delivered
ORD204554,04-14-2025,C1238,,Pune,clothing,Cotton T-Shirt,3,607.36,15,UPI,Delivered
ORD203017,11-10-2025,C2031,Arjun Das,Pune,Electronics,Wireless Earbuds,1,2660.35,5,Credit Card,Delivered
ORD202117,18-03-2025,C1137,Aditya Gupta,Bengaluru,Beauty,Moisturiser,2,429.56,5,UPI,Cancelled
ORD204081,13-10-2025,C1285,Vivaan Patel,Bengaluru,CLOTHING,Hoodie,1,1524.9,0,UPI,Delivered
ORD202238,10-07-2025,C1166,Riya Nair,Pune,Clothing,Cap,1,338.8,0,UPI,Delivered
ORD202517,08-19-2025,C1174,Pooja Joshi,Mumbai,Beauty,Moisturiser,2,477.35,5,Credit Card,Delivered
ORD204613,14-09-2025,C1469,Manish Gupta,Mumbai,CLOTHING,Cap,1,367.33,10,UPI,Returned
ORD200232,28-11-2025,C1204,Manish Verma,delhi,Beauty,Lipstick,4,387.6,5,UPI,Delivered
ORD203908,22-12-2025,C1365,Rahul Sharma,Delhi,HOME & KITCHEN,Air Fryer,2,5051.06,10,Debit Card,Delivered
ORD201617,02-Dec-25,C1656,Rahul Singh,Chennai,Books,Data Science Primer,1,965.82,15,UPI,Delivered
ORD204315,07-02-2025,C1521,Manish Kulkarni,Bengaluru,Electronics,USB-C Cable,2,426.6,10,UPI,Delivered
ORD204459,29-07-2025,C1837,Kavya Singh,Bangalore,beauty,Perfume,4,1702.89,0,UPI,Returned
ORD201044,09-11-2025,C1194,Meera Verma,Delhi,Beauty,Moisturiser,3,475.65,0,UPI,Delivered
ORD200933,25-04-2025,C2135,Riya Iyer,Ahmedabad,Clothing,Running Shoes,1,3026.17,0,UPI,Cancelled
ORD203904,30-11-2025,C2149,Neha Das,Mumbai,Beauty,Lipstick,1,421.06,10,Credit Card,Delivered
ORD204550,14-03-2025,C1169,Aditya Sharma, Hyderabad ,BOOKS,Comics Set,1,856.52,5,UPI,Cancelled
ORD202245,20-06-2025,C2301,Arjun Reddy,Pune, Home & Kitchen ,Mixer Grinder,2,3153.7,0,UPI,Cancelled
ORD200303,15-09-2025,C2135,Riya Iyer,Ahmedabad,Clothing,Denim Jeans,2,1863.15,0,UPI,Delivered
ORD204084,28-01-2025,C2319,Karan Patel,PUNE,Books,Exam Guide,2,512.52,150,Debit Card,Delivered
ORD203876,27-04-2025,C1373,Arjun Reddy, Delhi ,Beauty,Hair Dryer,1,,0,UPI,Returned
ORD202337,08-07-2025,C2223,Ananya Das,Delhi,Books,Novel,2,332.65,0,UPI,Delivered
ORD200288,04-02-2025,C1113,Arjun Kulkarni,Ahmedabad,Books,Exam Guide,3,475.9,0,Debit Card,Returned
ORD203840,06-11-2025,C1968,Neha Joshi,Mumbai,Clothing,Cotton T-Shirt,1,630.98,5,COD,Cancelled
ORD200808,04-12-2025,C1150,Arjun Joshi,Delhi,Beauty,Moisturiser,2,,0,UPI,Delivered
ORD203579,14-06-2025,C1192,Vikram Singh,PUNE,Home & Kitchen,Air Fryer,1,5261.21,20,COD,Delivered
ORD202491,17-11-2025,C1553,Sanjay Nair,Ahmedabad,Home & Kitchen,Cookware Set,1,2967.07,0,Debit Card,Delivered
ORD200255,13-06-2025,C1955,,Delhi,Clothing,Cotton T-Shirt,3,581.73,0,UPI,Delivered
ORD201082,29-11-2025,C2120,Aditya Verma,Kolkata,Clothing,Hoodie,1,1596.39,10,UPI,Delivered
ORD201678,30-04-2025,C1897,Priya Das,Kolkata,Clothing,Running Shoes,1,3221.3,0,Credit Card,Cancelled
ORD202276,25-12-2025,C1865,Rohan Sharma,Mumbai,ELECTRONICS,Bluetooth Speaker,4,2122.81,0,Credit Card,Delivered
ORD202940,05-11-2025,C1838,Priya Singh,Hyderabad,Home & Kitchen,Air Fryer,3,5379.1,5,UPI,Delivered
ORD200820,04-27-2025,C1712,Neha Patel,Pune,Books,Data Science Primer,1,877.2,15,Credit Card,Delivered
ORD202834,11-06-2025,C2263,Arjun Patel,Hyderabad,Books,Data Science Primer,2,903.3,15,UPI,Cancelled
ORD202134,04-05-2025,C1644,Priya Sharma,Delhi, Beauty ,Moisturiser,1,438.89,5,Credit Card,Cancelled
ORD204819,01-Apr-25,C1080,Isha Sharma,Bengaluru  ,Clothing,Cotton T-Shirt,2,596.01,5,Debit Card,Delivered
ORD203504,15-09-2025,C1163,Sneha Singh,HYDERABAD,CLOTHING,Cap,2,373.11,0,COD,Cancelled
ORD201208,21-02-2025,C1510,Sanjay Patel,Ahmedabad,Clothing,Cap,2,368.7,0,UPI,Cancelled
ORD200490,04-12-2025,C2300,Neha Singh,Mumbai,Clothing,Denim Jeans,1,1805.54,20,Credit Card,Returned
ORD204487,08-05-2025,C1366,Arjun Sharma, Kolkata , Books ,Python Handbook,4,671.85,,UPI,Delivered
ORD203150,05-01-2025,C1951,Neha Gupta,Delhi,Clothing,Cap,1,352.82,0,COD,Delivered
ORD204096,04-01-2025,C1554,Rohan Das,Chennai,Electronics,Bluetooth Speaker,2,,20,UPI,Cancelled
ORD204897,13-10-2025,C1055,Neha Gupta,Delhi,Clothing,Running Shoes,4,3088.57,15,UPI,Delivered
ORD203262,05-08-2025,C2261,Rohan Patel,Mumbai,Home & Kitchen,Cookware Set,1,2777.59,10,COD,Returned
ORD200086,14-08-2025,C1180,Ananya Gupta,Mumbai, Home & Kitchen ,Mixer Grinder,2,3335.22,0,UPI,Cancelled
ORD203422,05-03-2025,C2262,Ananya Nair,Pune,Electronics,Bluetooth Speaker,2,2150.81,0,UPI,Delivered
ORD203549,20-Dec-25,C1056,Priya Verma,Mumbai,Electronics,Smartwatch,1,6125.66,20,Credit Card,Delivered
ORD203740,13-03-2025,C2064,Priya Joshi,Pune,Books,Comics Set,3,857.25,15,UPI,Delivered
ORD203750,01-06-2025,C1523,Manish Patel,Chennai,clothing,Cap,3,351.08,10,Net Banking,Cancelled
ORD202979,05-08-2025,C1494,Ananya Kulkarni,mumbai,CLOTHING,Denim Jeans,4,1854.6,0,Debit Card,Delivered
ORD203279,11-12-2025,C1448,Sneha Mehta,Hyderabad,BOOKS,Comics Set,4,788.24,10,UPI,Returned
ORD200037,13-04-2025,C2345,Vivaan Iyer,Ahmedabad  ,Books,Exam Guide,1,499.38,0,Credit Card,Cancelled
ORD204683,20-03-2025,C1780,Aarav Sharma,AHMEDABAD,Electronics,Power Bank,1,1269.91,20,UPI,Delivered
ORD202230,02-Sep-25,C2277,Diya Sharma,mumbai,Beauty,Hair Dryer,2,1583.28,20,Credit Card,Delivered
ORD201182,01-10-2025,C2138,Aditya Patel,Pune,Beauty,Hair Dryer,1,1443.16,15,UPI,Delivered
ORD201939,02-10-2025,C1792,Vivaan Reddy,Mumbai,Electronics,Smartwatch,1,6105.22,10,UPI,Returned
ORD201407,23-04-2025,C2363,Rohan Gupta,KOLKATA,Electronics,Smartwatch,2,,10,Debit Card,Cancelled
ORD203667,16-02-2025,C1433,Neha Nair,Mumbai,Books,Novel,3,365.26,20,COD,Cancelled
ORD201011,19-Dec-25,C1167,Pooja Singh,Delhi,Clothing,Hoodie,4,1597.38,20,Credit Card,Cancelled
ORD202462,12-05-2025,C2131,Neha Singh,Bengaluru,home & kitchen,Water Bottle,1,434.41,0,Net Banking,Cancelled
ORD203090,12-16-2025,C1596,Aditya Iyer,Chennai, Electronics ,Smartwatch,4,5886.45,0,COD,Cancelled
ORD202479,18-12-2025,C1717,Sneha Mehta,Delhi,Electronics,Power Bank,1,1248.16,0,Credit Card,Delivered
ORD202380,21-07-2025,C2131,Neha Singh,Bengaluru,Books,Novel,3,336.46,10,Debit Card,Delivered
ORD202355,13-11-2025,C1246,Vivaan Nair,Bengaluru,Electronics,Smartwatch,4,6359.65,0,COD,Delivered
ORD202334,03-12-2025,C1117,Diya Joshi,Kolkata,Clothing,Cap,3,334.67,15,Credit Card,Cancelled
ORD201292,25-10-2025,C1864,Vivaan Das,Kolkata,Electronics,Bluetooth Speaker,1,1899.6,15,Debit Card,Delivered
ORD203566,12-01-2025,C1030,Sanjay Reddy,delhi,Electronics,Bluetooth Speaker,1,1946.81,10,Credit Card,Delivered
ORD200932,21-12-2025,C1816,Pooja Nair,Bengaluru, Home & Kitchen ,Cookware Set,0,2839.73,5,UPI,Delivered
ORD200981,23-07-2025,C1572,Arjun Sharma,Hyderabad,Clothing,Cap,3,347,0,UPI,Cancelled
ORD204764,19-Mar-25,C1218,Meera Patel, Bengaluru ,Clothing,Running Shoes,3,2987.87,0,,Delivered
ORD204517,08-05-2025,C2090,Pooja Gupta,,Books,Comics Set,1,841.47,0,COD,Cancelled
ORD201275,02-02-2025,C1184,Aarav Mehta,Kolkata,home & kitchen,Water Bottle,1,464.1,0,Credit Card,Cancelled
ORD201921,25-07-2025,C1092,Sanjay Reddy,Pune,Clothing,Denim Jeans,1,1909.34,15,Debit Card,Cancelled
ORD204565,16-10-2025,C2041,Sneha Joshi, Mumbai ,Books  ,Exam Guide,1,510.79,10,Credit Card,Delivered
ORD201824,14-09-2025,C1472,Diya Das,Delhi,Beauty,Moisturiser,2,0,0,UPI,Delivered
ORD200602,13-11-2025,C2341,Riya Patel, Pune ,Clothing,Hoodie,1,1546.92,5,UPI,Delivered
ORD201354,23-11-2025,C1674,Ananya Gupta,Delhi,Clothing,Denim Jeans,3,1886.48,10,Debit Card,Delivered
ORD200737,19-06-2025,C1679,Aditya Patel,Kolkata,books,Novel,2,336.85,15,Credit Card,Delivered
ORD204467,28-06-2025,C1903,Diya Kulkarni,Kolkata,Electronics,Smartwatch,1,6440,0,Net Banking,Delivered
ORD200725,14-Nov-25,C2399,Arjun Sharma,Hyderabad,Clothing,Cotton T-Shirt,3,630.37,0,Debit Card,Cancelled
ORD200406,05-09-2025,C1661,,Bengaluru,Electronics,Smartwatch,1,6202.82,0,Credit Card,Delivered
ORD204396,15-Dec-25,C1989,Priya Das,Mumbai,HOME & KITCHEN,Air Fryer,1,5381.2,0,UPI,Delivered
ORD203735,20-04-2025,C1098,Aditya Sharma,Mumbai,Home & Kitchen,Mixer Grinder,2,3544.59,15,Credit Card,Delivered
ORD201229,23-08-2025,C1428,Arjun Patel,Mumbai, Electronics ,Power Bank,1,1360.41,10,UPI,Delivered
ORD202645,04-10-2025,C2180,Riya Reddy,Bengaluru,Clothing,Cotton T-Shirt,4,638.66,0,COD,Delivered
ORD204295,23-11-2025,C1849,Diya Patel,Delhi,Electronics,Smartwatch,4,6050.13,20,Debit Card,Cancelled
ORD202307,01-12-2025,C1136,Karan Mehta,Mumbai,ELECTRONICS,USB-C Cable,1,427.89,0,COD,Delivered
ORD202438,14-Mar-25,C1250,Vivaan Das,Mumbai,Electronics,Power Bank,1,1389.61,20,COD,Delivered
ORD201059,17-05-2025,C1931,Diya Iyer,Delhi,Home & Kitchen,Mixer Grinder,-1,3494.57,0,UPI,Delivered
ORD203795,11-10-2025,C1739,Sanjay Verma,Bengaluru,Books,Novel,2,353.27,15,Debit Card,Delivered
ORD201586,18-11-2025,C2292,Diya Nair,Ahmedabad,Electronics,Smartwatch,1,6250.81,15,UPI,Cancelled
ORD204949,10-05-2025,C2228,Ananya Iyer,Mumbai,Electronics,Bluetooth Speaker,3,1964.78,10,Credit Card,Delivered
ORD201723,27-04-2025,C1665,Aditya Gupta,Kolkata, Electronics ,USB-C Cable,1,379.62,0,Credit Card,Delivered
ORD200226,17-06-2025,C1857,Sneha Joshi,Chennai,Home & Kitchen,Cookware Set,4,2818.15,5,UPI,Delivered
ORD203180,05-08-2025,C1497,,Bengaluru,Home & Kitchen,Air Fryer,1,5300.91,20,UPI,Delivered
ORD203919,17-Jan-25,C1791,Diya Reddy,PUNE,Home & Kitchen,Bedsheet Set,1,1318.29,0,Credit Card,Delivered
ORD204742,10-01-2025,C1725,Arjun Iyer,Hyderabad,Clothing,Hoodie,2,1459.23,10,Net Banking,Cancelled
ORD203673,11-10-2025,C1694,Meera Nair,AHMEDABAD,Books,Comics Set,1,797.35,10,UPI,Returned
ORD204647,23-Jan-25,C1517,Meera Mehta,Pune,Electronics,Smartwatch,1,6285.76,10,UPI,Cancelled
ORD204142,17-11-2025,C1377,Kavya Das,Mumbai,clothing,Denim Jeans,2,1882.54,5,COD,Delivered
ORD200434,24-11-2025,C1800,Kavya Iyer,Mumbai,Home & Kitchen  ,Mixer Grinder,2,3252.07,15,UPI,Cancelled
ORD200382,28-05-2025,C1055,Neha Gupta,Delhi,Clothing,Cap,2,372.61,20,UPI,Delivered
ORD200628,22-12-2025,C1007,Riya Kulkarni,Kolkata,Home & Kitchen,Air Fryer,4,5391.44,0,UPI,Delivered
ORD203639,07-02-2025,C2003,Riya Mehta,Hyderabad,electronics,USB-C Cable,0,382.15,0,COD,Delivered
ORD203429,03-06-2025,C1198,Priya Patel,Bangalore,Electronics,USB-C Cable,1,383.69,5,Credit Card,Cancelled
ORD200994,06-10-2025,C1251,Isha Gupta,Delhi,CLOTHING,Cotton T-Shirt,1,576.89,5,COD,Delivered
ORD201476,17-12-2025,C1827,Ananya Patel,Ahmedabad,Books,Novel,2,350.57,10,UPI,Returned
ORD203816,23-11-2025,C1014,Aditya Das,Chennai, Books ,Comics Set,4,813.5,0,UPI,Returned
ORD202829,29-11-2025,C1508,Manish Sharma,Hyderabad,Electronics,Bluetooth Speaker,2,1966.96,15,Debit Card,Delivered
ORD204359,13-03-2025,C1133,Rohan Kulkarni,Delhi,HOME & KITCHEN,Water Bottle,2,441.89,0,COD,Delivered
ORD201440,17-12-2025,C1647,Rohan Patel,ahmedabad,Beauty,Moisturiser,4,483.75,10,Debit Card,Cancelled
ORD204018,22-06-2025,C1202,Arjun Kulkarni,Ahmedabad,Electronics,USB-C Cable,3,388.1,5,Credit Card,Delivered
ORD200325,29-Jul-25,C1205,Vikram Das,Bangalore,Electronics,Power Bank,1,1296.17,0,UPI,Delivered
ORD200747,26-Dec-25,C1270,Priya Singh,Kolkata,Clothing  ,Cap,1,,15,UPI,Delivered
ORD203856,10-03-2025,C1958,Meera Das,Bengaluru, Home & Kitchen ,Mixer Grinder,3,3397.12,20,COD,Returned
ORD202375,02-10-2025,C1693,Vivaan Kulkarni,Kolkata, Clothing ,Denim Jeans,4,1777.16,10,Debit Card,Delivered
ORD204850,28-Jan-25,C1988,Karan Das,Bengaluru,Electronics,Power Bank,1,1281.4,10,UPI,Delivered
ORD204366,26-10-2025,C1289,Vikram Singh,Mumbai,Beauty,Face Wash,1,245.07,15,UPI,Delivered
ORD203861,29-01-2025,C1823,Isha Iyer,Kolkata,Books,Exam Guide,1,502.57,5,Credit Card,Delivered
ORD203194,11-09-2025,C1918,Ananya Verma,Kolkata,Electronics,Bluetooth Speaker,1,2108.79,0,Credit Card,Delivered
ORD203512,29-12-2025,C1038,Meera Joshi,Ahmedabad,Books,Data Science Primer,2,964.52,5,Net Banking,Delivered
ORD204451,10-30-2025,C1244,Rahul Verma,Delhi,Home & Kitchen,Cookware Set,1,2723.62,5,UPI,Delivered
ORD204165,04-Mar-25,C1815,Vivaan Singh,Hyderabad,Clothing  ,Hoodie,3,1506.53,0,UPI,Delivered
ORD203145,16-06-2025,C1777,Vivaan Singh,Pune,Beauty,Moisturiser,2,471.48,15,UPI,Delivered
ORD202951,05-05-2025,C2340,Sneha Gupta,Mumbai,Beauty,Lipstick,4,418.99,10,Debit Card,Cancelled
ORD200636,23-05-2025,C1033,Meera Joshi,Mumbai,Books,Comics Set,2,810.81,10,UPI,Delivered
ORD204622,10-Jan-25,C1119,Sneha Mehta,Bengaluru,Clothing,Running Shoes,4,3044.93,0,Credit Card,Delivered
ORD204304,21-05-2025,C2370,Sneha Nair,ahmedabad,Clothing,Cotton T-Shirt,1,571.57,0,UPI,Delivered
ORD200743,02-05-2025,C2295,Priya Patel,Mumbai,Beauty,Hair Dryer,2,1462.12,15,Net Banking,Cancelled
ORD200997,17-06-2025,C1950,Neha Kulkarni,Delhi,beauty,Moisturiser,2,433.58,10,Debit Card,Delivered
ORD202875,15-12-2025,C2093,Diya Reddy,Mumbai,Beauty,Perfume,4,1561.82,15,Credit Card,Returned
ORD204274,05-12-2025,C1745,Ananya Nair, Pune ,Electronics,Bluetooth Speaker,4,2067.21,0,UPI,Cancelled
ORD203637,12-05-2025,C2369,Meera Patel,Chennai,Electronics  ,Wireless Earbuds,1,2665.02,0,UPI,Delivered
ORD204382,11-05-2025,C1441,Vikram Gupta,Chennai,Home & Kitchen,Cookware Set,1,2963.2,10,Credit Card,Cancelled
ORD200077,23-04-2025,C1428,Arjun Patel,mumbai,Electronics,Wireless Earbuds,3,2598.12,15,Credit Card,Returned
ORD203273,01-12-2025,C1405,Kavya Sharma,Bengaluru,Home & Kitchen,Mixer Grinder,4,3341.85,15,Debit Card,Cancelled
ORD201021,25-01-2025,C2070,Ananya Patel,Hyderabad,Electronics,Power Bank,1,1337.72,0,UPI,Delivered
ORD200072,10-11-2025,C1716,Neha Verma,MUMBAI,Clothing,Cap,1,375.08,0,UPI,Cancelled
ORD204318,18-04-2025,C2253,Isha Das,Delhi,Home & Kitchen,Mixer Grinder,4,3257.24,20,Debit Card,Cancelled
ORD203982,21-Aug-25,C1900,Arjun Sharma,Hyderabad  ,Home & Kitchen,Bedsheet Set,2,1363.43,20,UPI,Cancelled
ORD201884,24-Sep-25,C1302,Vikram Gupta,Ahmedabad,Electronics,USB-C Cable,1,387.26,0,Debit Card,Delivered
ORD202597,12-09-2025,C1138,Meera Nair,Chennai,Beauty,Hair Dryer,2,1500.39,5,Net Banking,Delivered
ORD201491,03-11-2025,C1441,Vikram Gupta,Chennai,electronics,Bluetooth Speaker,2,2111.65,0,Debit Card,Delivered
ORD201425,06-12-2025,C2001,Arjun Joshi,Chennai,Electronics  ,Smartwatch,2,6280.69,15,Credit Card,Returned
ORD203169,04-01-2025,C2172,Sanjay Gupta,Pune,Electronics,Smartwatch,2,6068.57,0,Debit Card,Delivered
ORD200841,16-02-2025,C1519,Pooja Verma,Chennai,Electronics,USB-C Cable,1,429.53,20,UPI,Cancelled
ORD204986,16-10-2025,C2189,Rahul Nair,Bengaluru,Books,Data Science Primer,1,970.13,20,COD,Returned
ORD203802,26-06-2025,C1637,Ananya Verma,Ahmedabad,Books,Novel,2,356.12,10,UPI,Cancelled
ORD203921,14-11-2025,C1958,Meera Das,Bengaluru,BEAUTY,Hair Dryer,1,1490.86,0,UPI,Delivered
ORD204975,26-02-2025,C1752,Isha Reddy,Chennai,Home & Kitchen,Bedsheet Set,1,1272.4,0,Credit Card,Delivered
ORD203091,21-10-2025,C1754,Vivaan Das,Chennai  ,Clothing,Denim Jeans,2,1848.76,0,Credit Card,Returned
ORD204801,11-06-2025,C1141,Sneha Joshi,Mumbai,Electronics,USB-C Cable,1,396.62,15,Credit Card,Cancelled
ORD202973,18-Jul-25,C1012,Vikram Joshi,Delhi,Books,Exam Guide,1,524.83,,Debit Card,Returned
ORD200696,29-10-2025,C1057,Riya Joshi,Bengaluru,Home & Kitchen,Water Bottle,1,470.79,20,Net Banking,Cancelled
ORD202437,27-02-2025,C1451,Ananya Reddy,Mumbai,Books,Novel,2,372.3,0,Debit Card,Delivered
ORD204816,08-Jun-25,C2281,Kavya Iyer,Mumbai,Home & Kitchen,Mixer Grinder,1,3164.58,0,COD,Delivered
ORD204502,12-11-2025,C1837,Kavya Singh, Hyderabad ,Books,Exam Guide,2,530.34,0,UPI,Delivered
ORD202639,22-12-2025,C1141,Sneha Joshi,Mumbai,Beauty,Hair Dryer,3,1485.23,0,UPI,Cancelled
ORD204763,29-08-2025,C2075,Sanjay Sharma,ahmedabad,Home & Kitchen,Water Bottle,3,477.33,5,COD,Delivered
ORD204271,05-11-2025,C1722,Manish Mehta,pune,Beauty,Face Wash,1,266.54,0,,Delivered
ORD201400,04-Mar-25,C1946,Rahul Das,Hyderabad,Beauty,Face Wash,1,256.44,20,UPI,Delivered
ORD204249,06-01-2025,C1045,Rohan Kulkarni,Mumbai,Home & Kitchen,Cookware Set,2,2964.49,0,Credit Card,Delivered
ORD203944,13-Dec-25,C2049,Diya Verma,Bengaluru, Electronics ,Power Bank,1,1290.77,5,UPI,Delivered
ORD202586,15-02-2025,C1553,Sanjay Nair,AHMEDABAD,Clothing,Running Shoes,2,3211.7,,UPI,Cancelled
ORD200387,05-05-2025,C2083,Isha Joshi, Chennai ,Home & Kitchen,Water Bottle,4,455.96,5,UPI,Returned
ORD200581,05-11-2025,C2073,Meera Gupta,,Home & Kitchen,Water Bottle,2,472.25,5,Credit Card,Delivered
ORD201041,12-12-2025,C1474,Manish Sharma,Pune,Home & Kitchen,Cookware Set,1,2735.8,5,UPI,Delivered
ORD204393,09-09-2025,C2274,, Delhi ,Electronics,Bluetooth Speaker,2,2152.45,20,Debit Card,Delivered
ORD203448,19-Jan-25,C1514,Sneha Mehta,Ahmedabad  ,Electronics,Wireless Earbuds,3,2496.45,15,UPI,Returned
ORD201197,01-12-2025,C1059,Vivaan Patel,,Electronics,Bluetooth Speaker,3,2147.48,15,COD,Delivered
ORD203666,05-11-2025,C1963,Vivaan Nair,Kolkata,Beauty,Face Wash,2,254.08,0,UPI,Returned
ORD203511,07-09-2025,C1578,Kavya Mehta,Hyderabad,Home & Kitchen,Water Bottle,4,463.53,15,Net Banking,Returned
ORD203623,14-12-2025,C1520,Manish Gupta,Chennai,Electronics,Bluetooth Speaker,2,1944.8,5,Debit Card,Delivered
ORD200618,08-10-2025,C1974,Manish Gupta,Chennai,Clothing,Cap,4,333.17,10,UPI,Delivered
ORD204508,30-12-2025,C1459,Riya Patel,Mumbai,Beauty,Face Wash,1,260.89,5,UPI,Delivered
ORD201868,08-04-2025,C1759,Vivaan Verma,Bengaluru,Clothing,Denim Jeans,3,1773.95,0,UPI,Delivered
ORD204452,01-07-2025,C1094,Riya Sharma,Mumbai,Beauty,Lipstick,1,395.48,0,UPI,Delivered
ORD200566,19-07-2025,C1161,Karan Singh, Bengaluru ,Home & Kitchen,Cookware Set,1,2713.49,15,Credit Card,Delivered
ORD203952,06-01-2025,C2185,Aditya Mehta,,Home & Kitchen,Bedsheet Set,2,1347.67,0,UPI,Delivered
ORD204690,23-01-2025,C2150,Arjun Mehta,,Electronics,Power Bank,2,1301.47,0,UPI,Delivered
ORD202030,11-09-2025,C1031,Ananya Singh,Ahmedabad,Home & Kitchen,Air Fryer,2,5049.47,0,UPI,Cancelled
ORD203232,09-09-2025,C1938,Manish Iyer, Kolkata ,CLOTHING,Running Shoes,2,3100.86,0,UPI,Delivered
ORD201295,01-12-2025,C1733,Pooja Singh,Hyderabad,Home & Kitchen,Cookware Set,1,2759.4,0,Net Banking,Delivered
ORD204154,10-10-2025,C1535,Meera Nair,Ahmedabad,Electronics,Power Bank,1,1381.39,0,Net Banking,Delivered
ORD202683,25-11-2025,C1550,Kavya Sharma,Mumbai,Electronics,Power Bank,4,1346.42,15,Net Banking,Returned
ORD201724,31-Oct-25,C1255,Aarav Joshi,MUMBAI,Home & Kitchen,Bedsheet Set,3,1303.12,10,UPI,Cancelled
ORD202814,24-07-2025,C1809,Priya Kulkarni,MUMBAI,Electronics,Bluetooth Speaker,4,1992.78,20,UPI,Delivered
ORD200460,24-07-2025,C1294,Aarav Nair,Kolkata,Clothing,Hoodie,1,1529.59,5,Debit Card,Cancelled
ORD201228,13-May-25,C1848,Meera Iyer,Bengaluru,BOOKS,Exam Guide,1,500.39,15,Debit Card,Delivered
ORD202693,10-11-2025,C1806,Sanjay Iyer,BENGALURU,Books,Python Handbook,2,745.19,15,Credit Card,Delivered
ORD200469,07-09-2025,C2049,Diya Verma,Bengaluru,Beauty,Perfume,2,1526.27,15,Net Banking,Delivered
ORD201543,20-06-2025,C2041,Sneha Joshi,Mumbai,Clothing,Cotton T-Shirt,2,620.44,,Credit Card,Returned
ORD203254,10-06-2025,C1975,Pooja Iyer,Delhi,Home & Kitchen,Water Bottle,1,430.11,5,Credit Card,Delivered
ORD200751,28-02-2025,C1663,Arjun Reddy,Mumbai,Clothing,Cotton T-Shirt,2,643.71,10,Credit Card,Delivered
ORD202009,07-12-2025,C1402,Priya Nair,Kolkata,Home & Kitchen,Air Fryer,1,5375.86,10,Debit Card,Delivered
ORD202799,28-02-2025,C2075,Sanjay Sharma,Ahmedabad,HOME & KITCHEN,Mixer Grinder,1,3391.68,0,COD,Cancelled
ORD202878,08-06-2025,C1440,Rahul Singh,Mumbai, Books ,Exam Guide,2,481.83,0,COD,Delivered
ORD203930,02-11-2025,C1018,Priya Joshi, Hyderabad ,Beauty,Perfume,2,,5,Credit Card,Delivered
ORD202259,23-11-2025,C1085,Pooja Singh,Mumbai,Home & Kitchen  ,Bedsheet Set,1,1253.92,0,UPI,Delivered
ORD203774,16-Sep-25,C1271,Manish Patel,Delhi,Electronics,Bluetooth Speaker,1,2079.71,0,UPI,Delivered
ORD202963,30-06-2025,C1584,Vivaan Gupta,Chennai,clothing,Denim Jeans,2,1723.11,0,UPI,Returned
ORD201213,11-Jun-25,C1571,Ananya Singh,mumbai,Beauty,Hair Dryer,2,1580.9,0,UPI,Delivered
ORD204224,13-04-2025,C1463,Manish Joshi,Hyderabad,Electronics,Power Bank,3,1238.38,10,UPI,Delivered
ORD200741,20-08-2025,C1183,Priya Iyer,Kolkata,Books,Data Science Primer,1,968.44,,UPI,Delivered
ORD202445,02-Apr-25,C1393,Ananya Verma,Mumbai,Clothing,Hoodie,1,1436.71,5,Credit Card,Returned
ORD202643,19-05-2025,C1349,Priya Nair,Bengaluru,ELECTRONICS,Smartwatch,3,5967.23,0,Debit Card,Delivered
ORD203542,20-03-2025,C1084,Vikram Das,Kolkata,Books,Python Handbook,1,735,0,UPI,Delivered
ORD200687,09-02-2025,C1769,,Bengaluru,Clothing,Denim Jeans,1,1894.45,20,Credit Card,Returned
ORD203972,27-Mar-25,C2294,Aditya Verma,Hyderabad,beauty,Moisturiser,2,433.13,20,COD,Delivered
ORD202939,09-16-2025,C1234,Sneha Gupta,Kolkata,Electronics,Wireless Earbuds,4,2474.95,5,UPI,Delivered
ORD201224,12-08-2025,C1289,Vikram Singh,Mumbai,Electronics  ,Power Bank,2,1239.77,15,Debit Card,Returned
ORD201569,06-10-2025,C2063,Sneha Reddy,Chennai,beauty,Face Wash,4,250.22,15,Debit Card,Returned
ORD200334,11-12-2025,C2149,,Mumbai,Clothing,Running Shoes,4,3171.32,0,UPI,Delivered
ORD201103,19-11-2025,C2245,Karan Kulkarni,Pune,Electronics,USB-C Cable,2,423.88,15,Credit Card,Delivered
ORD202470,03-01-2025,C2315,Rohan Kulkarni,Bengaluru,Clothing,Cotton T-Shirt,4,,15,COD,Delivered
ORD200575,09-10-2025,C2187,Karan Reddy,Mumbai,Books,Comics Set,3,861.86,0,Net Banking,Cancelled
ORD204610,13-Mar-25,C2090,Pooja Gupta,Bengaluru,Clothing,Running Shoes,4,3221.52,10,Credit Card,Delivered
ORD201627,21-10-2025,C1878,Isha Reddy,Chennai,Electronics,Bluetooth Speaker,1,1920.41,150,Net Banking,Returned
ORD202100,05-08-2025,C1657,Rohan Singh,kolkata,Beauty,Lipstick,1,426.36,10,COD,Returned
ORD204628,07-08-2025,C1650,Pooja Singh,Chennai,Electronics,Wireless Earbuds,4,2523.69,0,COD,Delivered
ORD203466,29-Sep-25,C1530,Isha Mehta,Delhi,Home & Kitchen,Cookware Set,3,2759.57,0,COD,Delivered
ORD202448,18-04-2025,C1688,Diya Iyer,,Clothing,Cotton T-Shirt,1,599.9,5,Net Banking,Cancelled
ORD204982,03-Nov-25,C1158,Pooja Nair,Pune,Clothing,Cap,3,356.12,0,UPI,Returned
ORD201316,30-Nov-25,C1507,Isha Joshi,bengaluru,Beauty,Lipstick,2,411.66,20,UPI,Cancelled
ORD201269,11-10-2025,C2398,Sneha Verma,Kolkata,Clothing,Cap,3,338.8,5,UPI,Delivered
ORD201161,07-11-2025,C1896,Ananya Kulkarni, Pune ,Books,Python Handbook,1,752.26,5,Net Banking,Delivered
ORD203714,29-12-2025,C1490,Karan Nair,Mumbai,Clothing,Running Shoes,2,3211.38,0,UPI,Delivered
ORD204124,28-08-2025,C2374,Kavya Patel,Mumbai,beauty,Face Wash,4,267.47,5,Debit Card,Returned
ORD201054,26-01-2025,C1511,Rohan Kulkarni,Kolkata,Electronics,USB-C Cable,3,420.36,0,UPI,Returned
ORD200960,06-01-2025,C1607,Manish Gupta,Pune,Home & Kitchen,Air Fryer,4,4837.46,10,Debit Card,Returned
ORD201925,15-May-25,C1814,Rahul Mehta,Chennai,Books,Novel,-1,362.17,0,Net Banking,Delivered
ORD204256,28-05-2025,C1138,Meera Nair,Chennai,Electronics,Power Bank,2,1241.98,0,Debit Card,Delivered
ORD200884,28-12-2025,C2356,Ananya Das,Ahmedabad,Clothing,Cotton T-Shirt,2,586.89,0,UPI,Delivered
ORD201646,09-12-2025,C1681,Rohan Sharma,Chennai,Electronics,Wireless Earbuds,4,2538.21,20,UPI,Delivered
ORD203460,21-12-2025,C1234,Sneha Gupta, Kolkata ,Electronics,Bluetooth Speaker,2,1974.98,0,Credit Card,Delivered
ORD203331,12-07-2025,C2309,Arjun Mehta,Bengaluru,Electronics,Smartwatch,3,6439.2,0,Credit Card,Delivered
ORD203026,10-11-2025,C1206,Rahul Patel,Bangalore,Home & Kitchen,Mixer Grinder,4,3488.71,15,COD,Delivered
ORD202021,14-03-2025,C1912,Priya Gupta,Bengaluru,Electronics,Bluetooth Speaker,2,2026.85,20,UPI,Delivered
ORD200413,10-02-2025,C1750,Riya Sharma,Ahmedabad,BOOKS,Python Handbook,1,664.09,20,Credit Card,Delivered
ORD204678,10-10-2025,C1911,Isha Patel,Mumbai,Electronics,Power Bank,1,1250.7,20,UPI,Cancelled
ORD202105,14-08-2025,C1232,Meera Sharma,Chennai,Electronics  ,Power Bank,1,1320.49,0,UPI,Cancelled
ORD201070,26-10-2025,C2317,Riya Gupta, Delhi ,Home & Kitchen,Cookware Set,1,3016.94,0,UPI,Delivered
ORD201740,25-10-2025,C1156,Ananya Mehta,Mumbai,Clothing,Hoodie,2,1503.52,0,Credit Card,Delivered
ORD203128,03-12-2025,C2237,,Chennai,Home & Kitchen,Water Bottle,1,455.56,5,UPI,Delivered
ORD203302,25-11-2025,C1053,Karan Patel, Chennai ,Home & Kitchen,Water Bottle,1,439.46,0,UPI,Cancelled
ORD204623,11-04-2025,C1330,Diya Kulkarni,Delhi,Clothing,Denim Jeans,4,1744.7,20,UPI,Delivered
ORD201762,08-08-2025,C1478,Rahul Das,Delhi,Clothing,Running Shoes,2,3190.4,150,UPI,Cancelled
ORD204201,04-10-2025,C1147,Vikram Reddy, Chennai ,Electronics,Smartwatch,2,6442.65,0,Credit Card,Returned
ORD200173,23-02-2025,C2041,Sneha Joshi,Mumbai,CLOTHING,Hoodie,2,1512.62,0,UPI,Delivered
ORD203830,30-09-2025,C1786,Karan Sharma,Chennai,Books,Data Science Primer,2,882.07,5,UPI,Delivered
ORD203203,27-May-25,C2223,Ananya Das,delhi,Books,Python Handbook,3,707.74,0,UPI,Delivered
ORD200852,28-01-2025,C1965,Karan Nair,Mumbai,Electronics,Smartwatch,4,6401.96,15,UPI,Cancelled
ORD200184,16-05-2025,C1099,Diya Reddy,Bengaluru,Electronics,USB-C Cable,2,393.28,0,UPI,Cancelled
ORD203449,06-11-2025,C2062,Rohan Sharma,Hyderabad,Books,Comics Set,4,793.39,15,Credit Card,Delivered
ORD201174,04-11-2025,C1151,Manish Kulkarni,Delhi,Clothing,Hoodie,2,1579.52,0,upi,Delivered
ORD200498,22-Nov-25,C2203,Vivaan Verma,Kolkata,Beauty,Face Wash,-1,239.53,15,Credit Card,Delivered
ORD201227,12-02-2025,C1655,Manish Nair,Delhi,Clothing,Cotton T-Shirt,2,609.39,0,Net Banking,Delivered
ORD202052,05-Mar-25,C1647,Rohan Patel,Ahmedabad,Electronics,Bluetooth Speaker,4,1979.28,15,COD,Delivered
ORD202871,26-06-2025,C1430,Aarav Gupta,Chennai,Electronics,USB-C Cable,1,395.41,0,UPI,Returned
ORD202440,11-29-2025,C2353,Sanjay Iyer,Kolkata,Clothing,Hoodie,3,1596.82,0,COD,Delivered
ORD200739,08-07-2025,C1651,Riya Das,Hyderabad,ELECTRONICS,Power Bank,1,1296.57,0,Credit Card,Cancelled
ORD201720,07-06-2025,C1069,Meera Das,Mumbai,Books,Python Handbook,1,728.01,0,Debit Card,Delivered
ORD202530,05-04-2025,C1065,Pooja Gupta,Pune,CLOTHING,Cap,1,350.6,0,UPI,Returned
ORD201668,08-Mar-25,C1932,Diya Nair,Mumbai,Clothing,Cap,1,366.47,0,Credit Card,Cancelled
ORD204070,06-03-2025,C2084,Riya Singh,Pune,clothing,Cotton T-Shirt,1,631.44,0,UPI,Delivered
ORD203568,22-12-2025,C1497,Manish Gupta,Bengaluru,Beauty,Face Wash,4,263.71,0,COD,Cancelled
ORD203997,22-08-2025,C1480,Diya Gupta,Mumbai,Electronics,Bluetooth Speaker,1,2120.47,0,COD,Delivered
ORD204010,11-08-2025,C2338,Meera Gupta,, Home & Kitchen ,Mixer Grinder,3,3287.33,0,UPI,Delivered
ORD200094,20-07-2025,C2241,Meera Kulkarni,Mumbai,Electronics,Smartwatch,-1,5810.5,0,UPI,Delivered
ORD202305,12-05-2025,C1724,Manish Singh,Chennai,Home & Kitchen,Air Fryer,1,4971.91,,UPI,Cancelled
ORD201414,26-04-2025,C1084,Vikram Das,Kolkata,Clothing,Cap,4,336.05,0,UPI,Delivered
ORD203220,14-11-2025,C1008,Neha Kulkarni,Pune, Clothing ,Cotton T-Shirt,1,626.97,0,Credit Card,Delivered
ORD203421,21-07-2025,C1237,Riya Iyer,Kolkata,Beauty,Lipstick,-1,390.22,15,Credit Card,Delivered
ORD201410,12-07-2025,C1902,Isha Joshi,Pune,Clothing,Cotton T-Shirt,1,643.56,5,Debit Card,Delivered
ORD201597,12-08-2025,C2131,Neha Singh,Bengaluru,Beauty,Face Wash,1,,5,Debit Card,Delivered
ORD203217,06-11-2025,C1263,Ananya Iyer,Mumbai,Books  ,Comics Set,1,836.63,20,Debit Card,Delivered
ORD204707,31-10-2025,C1475,Riya Joshi,Bengaluru,Electronics,Bluetooth Speaker,2,1900.8,0,UPI,Delivered
ORD200701,13-02-2025,C1963,Vivaan Nair,Kolkata,Home & Kitchen,Bedsheet Set,4,1275.57,20,UPI,Delivered
ORD202252,04-07-2025,C1499,Pooja Reddy,Mumbai,Clothing,Cap,3,342.07,20,Debit Card,Cancelled
ORD200928,26-Aug-25,C1190,Vikram Iyer,Ahmedabad,Books,Exam Guide,1,526.59,0,Debit Card,Delivered
ORD204342,25-11-2025,C2047,Neha Gupta, Kolkata ,Books,Novel,1,334.93,0,Net Banking,Delivered
ORD204614,26-Mar-25,C2318,Riya Singh,MUMBAI,Home & Kitchen,Bedsheet Set,2,1255.55,5,UPI,Delivered
ORD201922,28-03-2025,C2120,Aditya Verma,Kolkata,Beauty,Lipstick,1,430.78,15,UPI,Cancelled
ORD203165,09-07-2025,C1136,Karan Mehta,mumbai,Books,Data Science Primer,1,885.88,0,UPI,Delivered
ORD200603,11-12-2025,C2188,Vivaan Patel,Delhi,Electronics,Smartwatch,2,0,0,Credit Card,Returned
ORD204851,03-02-2025,C2019,Rahul Joshi,Mumbai,Beauty,Face Wash,1,247.39,0,Credit Card,Delivered
ORD200273,04-15-2025,C1292,Riya Verma,Bengaluru  ,Clothing,Hoodie,1,1577.65,5,UPI,Delivered
ORD202678,22-Jun-25,C2149,Neha Das,Mumbai,Electronics,Wireless Earbuds,1,2686.81,5,Credit Card,Delivered
ORD203365,04-04-2025,C1260,Vivaan Nair,Chennai,BOOKS,Data Science Primer,3,964.68,20,Credit Card,Delivered
ORD202686,15-02-2025,C1428,Arjun Patel,Mumbai,Beauty,Hair Dryer,2,1485.8,0,Credit Card,Cancelled
ORD201496,03-10-2025,C1213,Priya Singh,Chennai,Electronics,Power Bank,3,1337.54,15,Credit Card,Delivered
ORD201291,24-09-2025,C1986,Meera Verma,DELHI,Clothing,Cotton T-Shirt,4,600.02,20,Net Banking,Delivered
ORD202817,13-11-2025,C1303,Manish Iyer,Delhi,Books,Python Handbook,1,724.27,0,UPI,Delivered
ORD202033,02-10-2025,C1782,Rohan Singh,Mumbai, Electronics ,USB-C Cable,2,425.67,0,Credit Card,Cancelled
ORD203433,23-10-2025,C2364,Karan Kulkarni,Hyderabad,Beauty,Perfume,3,,0,COD,Delivered
ORD200116,25-12-2025,C1969,Rahul Joshi,Chennai,Home & Kitchen,Air Fryer,1,4948.61,0,Net Banking,Delivered
ORD204845,05-10-2025,C2315,Rohan Kulkarni,Bengaluru,Books,Data Science Primer,4,917.31,0,UPI,Delivered
ORD204311,03-Dec-25,C1587,Aarav Mehta,Bengaluru,Clothing,Cap,1,354.69,15,UPI,Returned
ORD202584,26-09-2025,C1212,Isha Mehta,Bengaluru, Books ,Novel,2,363.82,5,UPI,Cancelled
ORD204799,30-06-2025,C1235,Ananya Das,Ahmedabad,Electronics,Smartwatch,1,6372.99,15,Credit Card,Delivered
ORD201377,24-10-2025,C1902,Isha Joshi,Pune,Beauty,Hair Dryer,2,1504.97,20,upi,Delivered
ORD202335,09-03-2025,C1871,Meera Sharma,Mumbai,Electronics,Wireless Earbuds,2,2440.89,0,Credit Card,Delivered
ORD203978,28-Sep-25,C1764,Kavya Kulkarni,Delhi,Home & Kitchen,Air Fryer,3,5180.34,5,UPI,Delivered
ORD200112,28-11-2025,C1982,Rahul Verma,Delhi,Clothing,Running Shoes,1,3028.95,0,Debit Card,Delivered
ORD201069,31-Jan-25,C1379,Sanjay Joshi,Chennai,Beauty,Lipstick,2,399.29,15,COD,Cancelled
ORD203910,10-01-2025,C2369,Meera Patel,Chennai, Electronics ,Power Bank,1,1315.06,20,Debit Card,Cancelled
ORD202610,29-05-2025,C1300,Pooja Nair,Hyderabad,Beauty,Hair Dryer,2,1535.29,0,UPI,Delivered
ORD200486,05-Oct-25,C2329,,Chennai,Home & Kitchen,Bedsheet Set,3,1302.03,20,COD,Cancelled
ORD200876,18-09-2025,C1519,Pooja Verma, Chennai ,Beauty,Lipstick,1,386.16,15,Debit Card,Delivered
ORD201891,21-12-2025,C1406,Kavya Mehta,Mumbai,Beauty,Perfume,1,1540.45,10,COD,Returned
ORD204952,03-05-2025,C2254,Pooja Nair,Mumbai,Electronics,Smartwatch,3,6445.86,20,UPI,Delivered
ORD204629,26-01-2025,C1199,Kavya Joshi,Ahmedabad,Clothing,Cap,4,342.82,10,Credit Card,Cancelled
ORD204057,31-05-2025,C1398,Kavya Kulkarni,Chennai,Electronics,Smartwatch,3,250000,10,Debit Card,Delivered
ORD201012,31-07-2025,C2343,Sneha Gupta,Kolkata,Home & Kitchen,Mixer Grinder,1,3359.29,10,Credit Card,Delivered
ORD202809,02-20-2025,C1577,Karan Verma,Chennai,Clothing,Hoodie,3,1487.84,0,UPI,Cancelled
ORD202845,11-08-2025,C1141,Sneha Joshi, Mumbai ,Beauty,Perfume,4,1670.96,0,Credit Card,Cancelled
ORD200680,29-08-2025,C2279,Aarav Das,Delhi,Home & Kitchen,Cookware Set,3,2854.51,10,COD,Returned
ORD204724,12-09-2025,C1375,Manish Nair,Mumbai,Clothing,Cap,3,347.43,10,Net Banking,Delivered
ORD204305,31-12-2025,C1407,Karan Kulkarni,Delhi,Home & Kitchen,Cookware Set,4,2947.43,10,Debit Card,Delivered
ORD202877,13-11-2025,C1326,Karan Patel, Bengaluru ,Home & Kitchen,Water Bottle,1,476.24,20,Credit Card,Delivered
ORD204713,22-04-2025,C1187,Kavya Nair,, Clothing ,Cap,3,373.13,0,UPI,Delivered
ORD200509,01-09-2025,C2365,Manish Verma,Chennai  ,Home & Kitchen,Cookware Set,3,2672.61,0,Debit Card,Delivered
ORD204960,09-09-2025,C1890,Sanjay Sharma,KOLKATA,Clothing,Running Shoes,1,3196.34,0,COD,Returned
ORD203965,23-09-2025,C1260,Vivaan Nair,Chennai,Electronics,USB-C Cable,1,384.6,5,Debit Card,Cancelled
ORD204649,21-12-2025,C1350,Kavya Verma,Ahmedabad,Home & Kitchen,Cookware Set,4,3001.63,0,COD,Delivered
ORD202601,09-Aug-25,C1287,Manish Patel,Mumbai  ,Electronics,Wireless Earbuds,3,2624.77,0,COD,Cancelled
ORD201009,17-01-2025,C1827,Ananya Patel,Ahmedabad,Books,Comics Set,1,789.1,20,Credit Card,Returned
ORD200388,13-10-2025,C1842,Neha Reddy,Delhi,Clothing,Running Shoes,1,2873.42,0,COD,Cancelled
ORD202921,29-03-2025,C1377,Kavya Das,mumbai, Electronics ,Bluetooth Speaker,4,2133.82,0,UPI,Delivered
ORD203537,20-01-2025,C1709,Neha Gupta,,Electronics,USB-C Cable,1,411.98,15,UPI,Delivered
ORD202093,03-02-2025,C1794,Meera Kulkarni,Kolkata,Clothing,Cap,4,350.43,5,Credit Card,Delivered
ORD200328,23-03-2025,C1719,Diya Gupta, Ahmedabad ,Electronics,Wireless Earbuds,4,2654.29,0,UPI,Delivered
ORD200160,01-01-2025,C2110,Isha Das,Delhi,Beauty,Face Wash,2,264.89,5,UPI,Delivered
ORD200982,26-Nov-25,C1042,Rohan Kulkarni,Bengaluru,beauty,Moisturiser,3,448.5,0,UPI,Returned
ORD204102,27-09-2025,C1102,Karan Kulkarni,Mumbai,Beauty,Face Wash,1,244.67,15,Credit Card,Returned
ORD204879,08-03-2025,C1878,Isha Reddy,Chennai,electronics,Bluetooth Speaker,4,2029.12,15,Credit Card,Delivered
ORD200810,12-02-2025,C1789,Aarav Patel,Bengaluru,Beauty,Hair Dryer,4,1481.53,0,UPI,Cancelled
ORD200938,15-Oct-25,C2172,Sanjay Gupta,Pune,Home & Kitchen  ,Mixer Grinder,3,3218.52,20,UPI,Delivered
ORD204758,22-09-2025,C1129,Kavya Singh,Delhi,BEAUTY,Perfume,4,1594.36,0,Credit Card,Delivered
ORD200323,03-12-2025,C2311,Sneha Verma,HYDERABAD,Clothing,Cotton T-Shirt,2,606.12,15,Credit Card,Delivered
ORD202190,28-10-2025,C2230,Rahul Kulkarni,Chennai,Electronics,Bluetooth Speaker,2,2038.49,15,Credit Card,Returned
ORD204195,11-11-2025,C2376,Karan Sharma,Delhi,Electronics,USB-C Cable,2,398.43,15,COD,Returned
ORD204202,24-11-2025,C1450,Vivaan Sharma,Delhi  , Home & Kitchen ,Cookware Set,4,,0,COD,Returned
ORD200795,10-08-2025,C2356,Ananya Das,AHMEDABAD,Electronics,Smartwatch,2,6261.71,0,Credit Card,Cancelled
ORD202632,12-13-2025,C1335,Isha Mehta,Delhi,Electronics,Wireless Earbuds,2,2491.72,0,UPI,Cancelled
ORD204965,25-11-2025,C1609,Priya Singh,Bengaluru,Home & Kitchen,Water Bottle,1,471.38,10,Debit Card,Delivered
ORD202365,15-05-2025,C1378,Pooja Das,KOLKATA,Clothing,Cotton T-Shirt,3,614.45,5,UPI,Delivered
ORD204107,20-08-2025,C2397,Rohan Verma,Delhi,Beauty,Hair Dryer,1,1493.4,0,Credit Card,Cancelled
ORD200254,11-01-2025,C1948,Kavya Mehta,Chennai,Home & Kitchen,Water Bottle,1,443.92,15,UPI,Delivered
ORD203275,06-16-2025,C2257,,Delhi,Electronics,Wireless Earbuds,3,2678.19,20,UPI,Returned
ORD201126,20-06-2025,C1905,Pooja Joshi,Pune,Home & Kitchen,Mixer Grinder,1,3398.95,0,Debit Card,Delivered
ORD203826,07-05-2025,C1719,Diya Gupta,Ahmedabad,Books,Novel,1,356.85,5,UPI,Delivered
ORD201065,11-10-2025,C2348,Rohan Kulkarni,HYDERABAD,Electronics,Power Bank,1,1328.23,15,UPI,Returned
ORD200041,22-11-2025,C2216,Sanjay Joshi,Kolkata,Home & Kitchen,Bedsheet Set,2,1361.41,0,Debit Card,Delivered
ORD201364,11-12-2025,C1304,Aditya Reddy,Pune,Electronics,Power Bank,1,1287.65,0,Debit Card,Cancelled
ORD202822,04-19-2025,C1508,Manish Sharma,Hyderabad,Clothing,Cap,2,346.16,0,UPI,Cancelled
ORD202797,05-02-2025,C1156,Ananya Mehta,Mumbai,Beauty,Face Wash,1,,0,UPI,Delivered
ORD204032,21-02-2025,C1659,Manish Patel,Chennai,Electronics,Bluetooth Speaker,2,1931.68,15,Credit Card,Returned
ORD204892,20-10-2025,C1153,Aditya Patel,Hyderabad,Electronics,USB-C Cable,3,388.62,10,UPI,Delivered
ORD202882,24-12-2025,C2300,Neha Singh,mumbai,Home & Kitchen,Air Fryer,1,4922.11,0,UPI,Delivered
ORD200891,08-06-2025,C1616,Pooja Verma,Delhi,Home & Kitchen,Air Fryer,1,4847.62,0,UPI,Delivered
ORD201117,09-11-2025,C2334,Riya Singh,Kolkata,Electronics,USB-C Cable,1,413.37,15,UPI,Delivered
ORD200876,18-09-2025,C1519,Pooja Verma, Chennai ,Beauty,Lipstick,1,386.16,15,Debit Card,Delivered
ORD201125,21-09-2025,C1799,Aditya Mehta,Pune,Electronics,Bluetooth Speaker,2,2061.77,0,UPI,Delivered
ORD201099,19-09-2025,C2190,Rahul Singh,Chennai,electronics,Wireless Earbuds,1,2446.48,20,Credit Card,Returned
ORD200719,08-10-2025,C1050,Rahul Patel,Mumbai,CLOTHING,Hoodie,2,1546.63,10,UPI,Cancelled
ORD201793,11-Apr-25,C2356,Ananya Das,Ahmedabad,Home & Kitchen,Cookware Set,1,2673.03,15,UPI,Delivered
ORD201212,01-07-2025,C2370,Sneha Nair,Ahmedabad,Home & Kitchen,Cookware Set,1,2931.89,,Credit Card,Delivered
ORD200718,04-12-2025,C1244,Rahul Verma,delhi,books,Comics Set,-1,778.32,10,COD,Cancelled
ORD203188,21-10-2025,C2169,Aditya Verma,Delhi,Clothing,Cap,2,374.36,10,UPI,Returned
ORD203261,14-02-2025,C1727,Aarav Gupta,Mumbai,Clothing,Running Shoes,2,2868.35,0,Debit Card,Delivered
ORD203007,09-02-2025,C1359,Karan Kulkarni, Bengaluru ,ELECTRONICS,Smartwatch,2,6469.06,0,UPI,Returned
ORD201865,30-12-2025,C1997,Diya Gupta,Mumbai,Books,Novel,4,359.24,0,Net Banking,Returned
ORD202509,29-Aug-25,C2045,Meera Kulkarni,Mumbai,Books,Python Handbook,3,724.44,10,UPI,Delivered
ORD201801,06-10-2025,C2373,Aditya Reddy,Chennai,Clothing,Denim Jeans,1,1937.17,20,Debit Card,Delivered
ORD202216,02-03-2025,C1955,Rahul Mehta,Delhi,Clothing,Running Shoes,1,2964.13,10,Debit Card,Delivered
ORD204351,13-10-2025,C1732,Pooja Mehta,Pune,Clothing,Cap,1,344.16,15,Debit Card,Delivered
ORD203884,29-Sep-25,C2148,,Hyderabad,ELECTRONICS,Power Bank,2,1311.92,10,UPI,Returned
ORD203021,15-01-2025,C1009,Aditya Singh,Pune,Electronics,USB-C Cable,2,396.77,0,UPI,Delivered
ORD204197,12-29-2025,C1496,Manish Reddy,Mumbai,Beauty  ,Lipstick,4,405.11,15,UPI,Cancelled
ORD202735,28-04-2025,C1038,Meera Joshi,Ahmedabad,Books,Python Handbook,2,748.12,20,Net Banking,Delivered
ORD203824,20-08-2025,C1031,Ananya Singh,Ahmedabad,Clothing,Hoodie,1,1473.56,0,Net Banking,Delivered
ORD204812,04-08-2025,C1463,Manish Joshi,hyderabad,Books,Data Science Primer,4,954.44,0,UPI,Delivered
ORD202832,23-11-2025,C1359,Karan Kulkarni,Bengaluru,Electronics,Wireless Earbuds,4,2506.26,0,UPI,Delivered
ORD204138,28-Apr-25,C1939,Aditya Joshi,,Clothing,Cap,2,372.86,10,Net Banking,Delivered
ORD202532,15-11-2025,C1491,Pooja Mehta,Delhi,Electronics,Wireless Earbuds,1,2623.45,5,Net Banking,Delivered
ORD203189,18-12-2025,C1489,Sanjay Sharma,Hyderabad,Books,Novel,1,332.9,20,UPI,Delivered
ORD204550,14-03-2025,C1169,Aditya Sharma, Hyderabad ,BOOKS,Comics Set,1,856.52,5,UPI,Cancelled
ORD202831,02-10-2025,C1119,Sneha Mehta,Bengaluru,Beauty,Moisturiser,2,429.35,15,Net Banking,Delivered
ORD201547,26-11-2025,C1540,Rohan Mehta,Ahmedabad,HOME & KITCHEN,Bedsheet Set,4,1279.22,5,Debit Card,Cancelled
ORD203803,13-07-2025,C1333,Ananya Verma,Pune,Books,Comics Set,2,855.73,20,UPI,Returned
ORD201563,05-10-2025,C2220,Arjun Singh,Delhi,Electronics,Power Bank,2,1235.94,0,Net Banking,Returned
ORD204888,13-10-2025,C2108,Priya Joshi,MUMBAI, Beauty ,Hair Dryer,1,1580.5,15,Credit Card,Delivered
ORD202224,20-07-2025,C1179,Sanjay Singh,,Clothing,Hoodie,4,1585.89,0,,Returned
ORD204299,22-11-2025,C2111,Manish Singh,chennai,Beauty,Perfume,2,1631.85,15,Credit Card,Cancelled
ORD202708,22-08-2025,C1549,Ananya Singh,Bengaluru,books,Exam Guide,3,531.59,0,Net Banking,Delivered
ORD200175,03-11-2025,C2357,Priya Mehta,Ahmedabad,Home & Kitchen,Air Fryer,2,5011.86,10,UPI,Delivered
ORD201518,27-12-2025,C1689,Riya Mehta,,Electronics,Smartwatch,1,0,15,UPI,Returned
ORD200495,14-03-2025,C1311,Meera Reddy,Kolkata,books,Python Handbook,2,688.21,5,UPI,Delivered
ORD202644,26-02-2025,C1408,Riya Singh,Bengaluru,Beauty,Hair Dryer,-1,1449.07,20,Net Banking,Returned
ORD201741,26-04-2025,C1604,Ananya Kulkarni,Mumbai,Clothing,Denim Jeans,1,1730.26,0,Credit Card,Delivered
ORD204354,20-10-2025,C1630,Meera Mehta,Hyderabad,Books,Exam Guide,3,487.9,10,UPI,Delivered
ORD200318,26-12-2025,C2374,Kavya Patel,Mumbai,Books,Data Science Primer,1,896.19,10,Credit Card,Returned
ORD203781,15-10-2025,C1973,Aarav Das,KOLKATA,Electronics,Power Bank,3,1248.54,10,Net Banking,Delivered
ORD200992,10-09-2025,C2250,Karan Patel,Bengaluru,Electronics,USB-C Cable,3,391.77,10,Debit Card,Returned
ORD202746,19-07-2025,C1631,Riya Gupta,Kolkata,Clothing  ,Cotton T-Shirt,1,615.9,10,upi,Delivered
ORD201777,14-04-2025,C2191,Rahul Sharma, Hyderabad ,ELECTRONICS,Bluetooth Speaker,2,2047.64,0,UPI,Delivered
ORD200008,31-07-2025,C2077,,Bengaluru,Clothing,Running Shoes,3,2944.54,0,Debit Card,Cancelled
ORD200071,23-Nov-25,C2184,Meera Joshi,Chennai,Clothing,Cotton T-Shirt,1,615.93,20,UPI,Returned
ORD204686,29-06-2025,C1406,,Mumbai,Clothing,Denim Jeans,2,0,0,UPI,Returned
ORD200637,22-12-2025,C1976,Riya Singh,Bengaluru,Electronics,Bluetooth Speaker,1,1932.16,20,COD,Cancelled
ORD201218,22-11-2025,C1530,Isha Mehta,Delhi,beauty,Face Wash,1,237.7,0,Debit Card,Cancelled
ORD202366,13-Jan-25,C1296,Manish Gupta,Mumbai,Clothing,Cap,1,349.5,20,Credit Card,Delivered
ORD203390,13-12-2025,C1211,,Bengaluru,Electronics,USB-C Cable,2,430.13,0,Credit Card,Returned
ORD202625,11-01-2025,C1966,Kavya Singh,Mumbai,Beauty,Moisturiser,3,449.48,0,Credit Card,Delivered
ORD200228,31-Aug-25,C1006,Priya Nair,Delhi,home & kitchen,Air Fryer,2,4915.83,5,UPI,Delivered
ORD202811,16-02-2025,C2361,Vivaan Singh,Chennai,Home & Kitchen  ,Water Bottle,1,433.75,15,UPI,Delivered
ORD200801,13-Jul-25,C1989,Priya Das,Mumbai,Electronics,Bluetooth Speaker,1,2077.67,5,UPI,Cancelled
ORD203322,02-21-2025,C2202,Kavya Mehta,Delhi,Home & Kitchen,Bedsheet Set,1,1296.04,10,Credit Card,Returned
ORD203737,21-Oct-25,C2268,Kavya Joshi,Delhi,HOME & KITCHEN,Water Bottle,2,442.28,0,UPI,Delivered
ORD203118,06-02-2025,C1289,Vikram Singh,,Electronics,Wireless Earbuds,3,2507.57,10,UPI,Returned
ORD202072,24-02-2025,C1943,Priya Verma,Mumbai,Beauty,Lipstick,1,387.97,20,Debit Card,Returned
ORD200140,06-01-2025,C2117,Rahul Iyer,Bengaluru,Clothing,Denim Jeans,2,1929.12,0,COD,Returned
ORD204906,01-04-2025,C1513,Vikram Gupta,Ahmedabad,Books,Data Science Primer,1,933.46,,Debit Card,Delivered
ORD201637,24-10-2025,C2114,Aditya Joshi,pune,Beauty,Lipstick,3,383.85,5,UPI,Delivered
ORD201260,24-10-2025,C2260,Aarav Gupta,Pune,Home & Kitchen,Cookware Set,2,2923.39,5,UPI,Delivered
ORD202868,30-12-2025,C1054,Rahul Verma,Kolkata,Home & Kitchen,Mixer Grinder,4,3466.6,0,COD,Delivered
ORD202242,03-04-2025,C2162,Vivaan Kulkarni,Kolkata,Electronics,Wireless Earbuds,1,2443.33,5,COD,Delivered
ORD200536,01-04-2025,C1925,Aarav Nair,Delhi,Electronics,USB-C Cable,1,422.9,0,Debit Card,Delivered
ORD200409,15-06-2025,C2330,Pooja Mehta,Mumbai,Electronics,Wireless Earbuds,2,2513,0,Net Banking,Cancelled
ORD204504,25-12-2025,C1547,Isha Joshi,mumbai,Home & Kitchen,Bedsheet Set,3,1326.48,20,COD,Delivered
ORD204162,26-07-2025,C2042,Vikram Sharma,Bengaluru,Clothing,Running Shoes,1,3112.64,0,Debit Card,Delivered
ORD202278,12-08-2025,C1424,Isha Nair,hyderabad,Home & Kitchen,Air Fryer,1,4799.77,0,,Cancelled
ORD204606,09-10-2025,C1307,Arjun Mehta,Bengaluru,Home & Kitchen,Air Fryer,3,4859.46,10,Credit Card,Delivered
ORD204229,18-03-2025,C1818,Pooja Mehta,Kolkata,Books,Novel,3,373.17,0,Net Banking,Delivered
ORD201312,29-08-2025,C2032,Aditya Joshi, Delhi ,electronics,USB-C Cable,1,430.33,0,Credit Card,Delivered
ORD203258,20-05-2025,C2026,Manish Nair,Hyderabad,Clothing,Cotton T-Shirt,2,597.06,0,Credit Card,Delivered
ORD204782,07-08-2025,C2053,Isha Gupta,Pune,Electronics,Bluetooth Speaker,1,2147.29,20,UPI,Delivered
ORD204860,03-29-2025,C1176,Vikram Verma,bengaluru,Home & Kitchen,Mixer Grinder,1,3159.35,5,UPI,Returned
ORD201992,22-10-2025,C1823,Isha Iyer,KOLKATA,Electronics,USB-C Cable,1,390.01,0,COD,Delivered
ORD202757,10-06-2025,C1722,Manish Mehta,Pune,Electronics,Smartwatch,1,6147.51,15,UPI,Returned
ORD203955,24-06-2025,C1534,Manish Reddy,Pune,Beauty,Lipstick,2,409.3,,UPI,Delivered
ORD201199,13-08-2025,C1327,Manish Kulkarni, Kolkata ,Home & Kitchen,Mixer Grinder,1,3370.18,0,UPI,Delivered
ORD200835,31-Jul-25,C1523,Manish Patel,Chennai,Home & Kitchen,Water Bottle,2,478.19,10,Debit Card,Delivered
ORD200563,03-11-2025,C1903,Diya Kulkarni,Kolkata,Clothing,Denim Jeans,4,1898.66,0,Debit Card,Delivered
ORD204232,16-01-2025,C1355,Sanjay Reddy,Pune,Home & Kitchen,Water Bottle,1,465.65,0,Credit Card,Delivered
ORD202397,01-06-2025,C1506,Ananya Mehta,Bengaluru,Beauty,Hair Dryer,1,1441.47,10,UPI,Delivered
ORD203479,16-11-2025,C1366,Arjun Sharma,Kolkata,Electronics  ,Bluetooth Speaker,2,2065.52,5,Debit Card,Delivered
ORD203690,04-11-2025,C1693,Vivaan Kulkarni,KOLKATA,CLOTHING,Running Shoes,1,3225.09,0,Debit Card,Delivered
ORD204607,21-12-2025,C1075,Rohan Patel,Hyderabad,Home & Kitchen,Water Bottle,3,454.44,5,UPI,Delivered
ORD204172,08-10-2025,C1308,Karan Nair,Chennai,books,Novel,1,346.19,10,UPI,Delivered
ORD204600,05-08-2025,C2335,Isha Singh,Bangalore,Clothing,Cotton T-Shirt,4,614.91,15,Net Banking,Returned
ORD204539,24-Jul-25,C1431,Kavya Sharma,Delhi,Clothing,Hoodie,4,1584.83,20,UPI,Delivered
ORD204958,12-06-2025,C1466,Sneha Reddy,Bengaluru  ,Home & Kitchen,Bedsheet Set,4,1266.91,15,COD,Delivered
ORD204056,01-Jul-25,C2102,Sneha Mehta,Chennai,Electronics,Wireless Earbuds,1,2412.41,20,UPI,Returned
ORD204895,16-10-2025,C1401,Priya Kulkarni,Kolkata,Clothing,Running Shoes,1,2872.37,15,UPI,Delivered
ORD202850,08-11-2025,C1841,Pooja Iyer,Bengaluru,Beauty,Face Wash,1,249.1,0,COD,Delivered
ORD200441,04-09-2025,C2081,Aditya Das,Delhi,Home & Kitchen,Air Fryer,1,5369.53,15,COD,Delivered
ORD200264,12-02-2025,C2149,Neha Das,Mumbai,Beauty,Face Wash,2,244.28,5,COD,Delivered
ORD202920,13-03-2025,C1231,Sanjay Iyer, Mumbai , Books ,Exam Guide,1,512.87,15,Credit Card,Delivered
ORD201965,09-03-2025,C1680,Rahul Reddy,Mumbai,Beauty,Face Wash,1,248.4,0,Credit Card,Delivered
ORD203084,11-07-2025,C1637,Ananya Verma,Ahmedabad,Beauty,Face Wash,1,264.83,0,Debit Card,Delivered
ORD202764,21-12-2025,C1980,Priya Das,MUMBAI,Electronics,Smartwatch,2,5972.1,0,Net Banking,Delivered
ORD200062,05-Jan-25,C1896,Ananya Kulkarni, Pune ,Books,Novel,1,374.19,20,UPI,Delivered
ORD202474,08-Dec-25,C1225,Sanjay Verma,Delhi,Clothing,Cap,4,340.5,0,Debit Card,Delivered
ORD202135,18-11-2025,C2256,Pooja Iyer,Chennai,Electronics,Smartwatch,3,6033.63,15,Net Banking,Delivered
ORD200870,01-Aug-25,C1212,Isha Mehta,Bengaluru,Beauty,Hair Dryer,2,1506.58,10,COD,Delivered
ORD204951,19-05-2025,C1601,Rahul Das,Mumbai, Electronics ,Bluetooth Speaker,3,2033.21,0,Debit Card,Delivered
ORD200716,16-01-2025,C1130,Neha Nair,PUNE,Electronics,USB-C Cable,3,415.75,0,COD,Delivered
ORD200724,24-05-2025,C2055,Rahul Kulkarni,Mumbai,Home & Kitchen,Air Fryer,2,5075.3,20,UPI,Cancelled
ORD201834,24-12-2025,C1906,Riya Nair,Chennai,Beauty,Lipstick,1,388.77,0,UPI,Returned
ORD202621,09-Jul-25,C1556,Aditya Sharma,Mumbai,ELECTRONICS,Bluetooth Speaker,1,1984.25,0,Debit Card,Returned
ORD203155,06-12-2025,C1990,Kavya Reddy, Delhi ,Beauty,Lipstick,2,390.54,0,UPI,Delivered
ORD204289,06-06-2025,C1105,Priya Reddy,MUMBAI,Clothing,Running Shoes,1,3150.72,20,Net Banking,Delivered
ORD201993,09-12-2025,C1315,Priya Mehta,Chennai,Electronics,Bluetooth Speaker,1,,5,Debit Card,Delivered
ORD202235,25-07-2025,C1794,Meera Kulkarni,Kolkata,Home & Kitchen,Bedsheet Set,1,1397.64,0,Net Banking,Delivered
ORD201455,01-07-2025,C1815,Vivaan Singh,Hyderabad, Books ,Novel,1,343.73,0,Credit Card,Cancelled
ORD203403,30-11-2025,C1582,Neha Das,Hyderabad,Beauty,Perfume,1,1691.28,0,Debit Card,Delivered
ORD201962,19-10-2025,C1426,Sanjay Verma,Delhi,Electronics,Bluetooth Speaker,4,1929.14,10,Credit Card,Cancelled
ORD200908,07-09-2025,C1811,Ananya Sharma,Delhi,Electronics,Wireless Earbuds,1,2410.1,15,UPI,Delivered
ORD203547,22-10-2025,C1320,Ananya Nair,Bengaluru,Electronics,USB-C Cable,4,414.15,0,UPI,Delivered
ORD203070,04-01-2025,C2373,Aditya Reddy,Chennai,Home & Kitchen,Air Fryer,1,5238.64,0,Credit Card,Delivered
ORD200019,25-10-2025,C2160,Riya Gupta,Bengaluru,electronics,Smartwatch,4,5828.09,15,UPI,Delivered
ORD204270,29-Sep-25,C1924,Riya Gupta,Mumbai  ,Electronics,Wireless Earbuds,4,2617.91,20,Credit Card,Delivered
ORD200749,30-03-2025,C2355,Ananya Verma,pune,Books,Data Science Primer,4,869.82,0,UPI,Returned
ORD200314,22-08-2025,C1349,Priya Nair,Bengaluru,Electronics,Smartwatch,1,5941.26,0,UPI,Delivered
ORD200625,21-04-2025,C2061,Kavya Reddy,Bengaluru,Clothing,Running Shoes,1,3049.7,0,UPI,Delivered
ORD204484,11-01-2025,C1861,Diya Kulkarni,Chennai,Electronics,Smartwatch,3,6022.47,20,Credit Card,Delivered
ORD204819,01-Apr-25,C1080,Isha Sharma,Bengaluru  ,Clothing,Cotton T-Shirt,2,596.01,5,Debit Card,Delivered
ORD203129,24-Aug-25,C2334,Riya Singh,Kolkata,Clothing,Denim Jeans,3,1864.38,5,UPI,Delivered
ORD203113,01-10-2025,C2316,Manish Mehta,Mumbai,Home & Kitchen,Cookware Set,2,2972.45,15,UPI,Cancelled
ORD203482,05-11-2025,C1998,Manish Mehta,Bengaluru,Clothing,Cotton T-Shirt,1,620.4,10,,Returned
ORD202075,09-08-2025,C1966,Kavya Singh,Mumbai,Beauty,Moisturiser,2,434.43,0,Net Banking,Cancelled
ORD201918,06-01-2025,C2097,Neha Kulkarni,kolkata,Beauty,Hair Dryer,1,1520.52,0,UPI,Delivered
ORD201567,10-11-2025,C1770,Sneha Patel,Mumbai,electronics,Power Bank,2,1310.97,5,UPI,Returned
ORD200134,26-10-2025,C1895,Aditya Iyer,Hyderabad,Electronics  ,Wireless Earbuds,1,2527.73,15,Debit Card,Delivered
ORD204555,21-06-2025,C2251,Neha Iyer,Delhi,Home & Kitchen,Water Bottle,1,479.86,20,Debit Card,Delivered
ORD202314,03-02-2025,C1986,Meera Verma,Delhi,Electronics  ,Power Bank,1,1358.82,5,Credit Card,Delivered
ORD200243,17-12-2025,C1753,Vivaan Gupta,Bengaluru,CLOTHING,Cap,2,341.2,10,UPI,Delivered
ORD204883,22-02-2025,C1836,Kavya Joshi,Delhi,Electronics  ,Bluetooth Speaker,1,2023.58,0,Credit Card,Delivered
ORD203159,27-Aug-25,C1352,Pooja Verma,hyderabad,Clothing,Cotton T-Shirt,1,615.14,15,Net Banking,Delivered
ORD201050,18-Dec-25,C1736,Arjun Das,Delhi,ELECTRONICS,Power Bank,1,1354.03,,Debit Card,Returned
ORD201947,22-11-2025,C1379,Sanjay Joshi,Chennai,Books,Exam Guide,4,474.51,0,Debit Card,Delivered
ORD202684,14-04-2025,C2043,Diya Mehta,Bengaluru  ,Beauty,Hair Dryer,4,1478.85,15,UPI,Delivered
ORD202000,10-12-2025,C2383,Aditya Joshi,Delhi,Electronics,Power Bank,2,1304.64,0,UPI,Delivered
ORD201142,04-04-2025,C1349,Priya Nair,Bengaluru,Books,Data Science Primer,2,886.19,0,UPI,Delivered
ORD201127,10-Feb-25,C2078,Rahul Joshi,Pune, Electronics ,USB-C Cable,2,414,0,UPI,Delivered
ORD202549,02-Feb-25,C1846,Pooja Reddy,Mumbai  ,Beauty,Perfume,1,1719.15,0,Credit Card,Cancelled
ORD200123,20-03-2025,C1484,Neha Reddy,Hyderabad,Beauty,Lipstick,2,405.25,10,UPI,Delivered
ORD202209,19-11-2025,C1849,Diya Patel,Delhi,HOME & KITCHEN,Mixer Grinder,2,3472.52,0,COD,Delivered
ORD202824,24-09-2025,C2095,Priya Gupta,Ahmedabad,clothing,Denim Jeans,4,1771.11,20,Credit Card,Delivered
ORD200407,09-Jun-25,C1334,Pooja Iyer,Hyderabad,Home & Kitchen,Bedsheet Set,2,1358,0,Net Banking,Returned
ORD201234,31-08-2025,C2300,Neha Singh,mumbai,home & kitchen,Air Fryer,1,5205.79,10,Net Banking,Delivered
ORD200880,11-12-2025,C1779,Isha Gupta,Bengaluru,ELECTRONICS,Wireless Earbuds,2,2457.63,0,UPI,Delivered
ORD201466,25-07-2025,C1232,Meera Sharma,Chennai,Electronics,Power Bank,4,250000,10,Debit Card,Returned
ORD201876,26-01-2025,C2047,Neha Gupta,Kolkata,Clothing,Cotton T-Shirt,3,580.35,5,UPI,Delivered
ORD200202,06-Mar-25,C2349,Aarav Verma,Pune,ELECTRONICS,Power Bank,4,1257.14,0,UPI,Delivered
ORD200028,12-11-2025,C2067,Rohan Reddy,,Home & Kitchen,Water Bottle,2,459.16,5,UPI,Delivered
ORD201285,12-07-2025,C1150,Arjun Joshi,Delhi,Electronics,Power Bank,2,1332.02,0,UPI,Delivered
ORD202364,16-Jul-25,C1822,Diya Sharma,Pune,Books,Python Handbook,1,740.19,5,COD,Delivered
ORD202846,18-10-2025,C1701,Riya Das,Delhi,Beauty,Moisturiser,2,466.61,5,UPI,Delivered
ORD203004,30-Oct-25,C2193,Arjun Joshi,ahmedabad,beauty,Face Wash,4,254.95,10,UPI,Returned
ORD203814,07-06-2025,C2175,Ananya Sharma,Delhi,Beauty,Lipstick,1,429.67,15,COD,Cancelled
ORD201278,15-10-2025,C2176,Sanjay Joshi,Chennai,Electronics,USB-C Cable,1,412,0,Net Banking,Returned
ORD203486,15-09-2025,C1271,Manish Patel,Delhi,Beauty,Face Wash,1,260,0,Credit Card,Cancelled
ORD204414,31-12-2025,C1164,Vivaan Mehta,Bengaluru,Beauty,Perfume,1,1532.47,0,UPI,Delivered
ORD204918,03-06-2025,C1688,Diya Iyer,Delhi,Books,Novel,1,373.66,0,UPI,Delivered
ORD200911,04-06-2025,C1570,Kavya Gupta,kolkata,Home & Kitchen,Cookware Set,1,2730.6,0,Net Banking,Delivered
ORD204775,13-03-2025,C1007,Riya Kulkarni,Kolkata,BOOKS,Novel,2,352.21,15,COD,Delivered
ORD202466,28-Mar-25,C2120,Aditya Verma,Kolkata,Home & Kitchen,Mixer Grinder,1,3450.8,15,Credit Card,Cancelled
ORD204238,22-Nov-25,C1850,Aarav Das,Chennai,Electronics,Smartwatch,2,5800.31,10,Debit Card,Cancelled
ORD204026,05-07-2025,C1445,Sneha Iyer,Mumbai,Books,Exam Guide,3,481.88,10,Debit Card,Delivered
ORD204930,02-11-2025,C2087,Sanjay Joshi,Pune,beauty,Face Wash,2,238.24,15,UPI,Delivered
ORD201090,05-Jul-25,C2005,Pooja Singh,Delhi,clothing,Running Shoes,1,3112.8,0,Credit Card,Delivered
ORD202884,21-12-2025,C1718,Aditya Das,Delhi,Beauty,Hair Dryer,1,1578.41,10,UPI,Delivered
ORD204991,26-10-2025,C1808,Pooja Gupta,,Beauty,Face Wash,3,243.47,10,COD,Delivered
ORD203762,28-10-2025,C2122,Aarav Das,Ahmedabad,Electronics,Bluetooth Speaker,3,1996.78,20,Net Banking,Delivered
ORD200964,03-03-2025,C2109,Rohan Sharma,Mumbai,Electronics,USB-C Cable,1,422.45,20,UPI,Delivered
ORD200542,22-Feb-25,C1760,Diya Sharma,Chennai,CLOTHING,Denim Jeans,1,1935.1,5,UPI,Delivered
ORD203620,18-01-2025,C1373,Arjun Reddy,Delhi, Electronics ,USB-C Cable,2,395.86,0,COD,Cancelled
ORD200914,13-11-2025,C2130,Manish Verma, Delhi ,Books,Novel,2,333.26,0,Debit Card,Cancelled
ORD202260,31-Mar-25,C1147,Vikram Reddy,chennai,Clothing,Cap,1,363.85,5,UPI,Delivered
ORD201444,14-Jul-25,C2140,Aarav Reddy,Delhi,Home & Kitchen,Mixer Grinder,4,3546.51,0,Debit Card,Returned
ORD203899,20-12-2025,C1434,,chennai,Books,Comics Set,4,833.5,20,UPI,Cancelled
ORD204640,11-02-2025,C1465,Pooja Gupta,CHENNAI,Electronics,Power Bank,3,1315.23,0,Credit Card,Returned
ORD200458,15-09-2025,C1418,Manish Gupta,Bengaluru,Clothing,Cotton T-Shirt,2,,15,Credit Card,Delivered
ORD201905,19-Jun-25,C2352,Aarav Reddy, Bengaluru ,Home & Kitchen,Water Bottle,2,451.7,20,UPI,Delivered
ORD204454,29-07-2025,C1787,Rohan Joshi,Bengaluru,Beauty,Hair Dryer,2,1592.91,15,Debit Card,Delivered
ORD201526,14-03-2025,C2224,Pooja Iyer,Ahmedabad  ,Electronics,Power Bank,4,,15,UPI,Returned
ORD201656,04-08-2025,C1655,Manish Nair,Delhi,Books,Python Handbook,2,729.46,5,Debit Card,Delivered
ORD201773,25-10-2025,C1788,Kavya Nair, Delhi ,clothing,Hoodie,4,1450.8,0,Credit Card,Cancelled
ORD204740,18-12-2025,C1864,Vivaan Das,Kolkata, Books ,Exam Guide,2,515.36,0,UPI,Delivered
ORD203344,30-Apr-25,C1438,Rahul Nair,Mumbai,Electronics,USB-C Cable,1,405.81,0,Debit Card,Returned
ORD202938,16-12-2025,C2344,Rohan Mehta,Mumbai,Clothing,Cotton T-Shirt,4,605.81,10,Net Banking,Delivered
ORD203943,06-04-2025,C1580,Arjun Singh,Bengaluru,Electronics  ,Wireless Earbuds,2,2650.92,0,Debit Card,Returned
ORD203597,05-12-2025,C1060,Manish Nair,Mumbai,Clothing,Cotton T-Shirt,1,645.21,10,UPI,Delivered
ORD202730,28-03-2025,C2229,Riya Iyer,Bengaluru,BEAUTY,Moisturiser,3,462.86,0,Net Banking,Cancelled
ORD201340,25-09-2025,C1025,Priya Singh, Hyderabad ,Electronics,Power Bank,3,1320.14,0,UPI,Delivered
ORD203761,02-10-2025,C1874,Arjun Gupta,Chennai,Electronics,Bluetooth Speaker,1,2050.63,5,Net Banking,Delivered
ORD203555,09-11-2025,C1494,Ananya Kulkarni, Mumbai ,ELECTRONICS,Power Bank,1,1402.5,0,UPI,Delivered
ORD202665,26-10-2025,C1402,Priya Nair,Kolkata,Home & Kitchen,Bedsheet Set,4,1321.55,10,COD,Delivered
ORD201461,22-08-2025,C1690,Kavya Singh, Delhi ,Clothing,Cotton T-Shirt,2,645.11,5,UPI,Delivered
ORD202457,29-06-2025,C1386,Ananya Iyer,delhi,Beauty,Moisturiser,3,472.96,15,UPI,Delivered
ORD202382,03-02-2025,C1736,Arjun Das,Delhi,Beauty,Perfume,3,1552.82,10,UPI,Cancelled
ORD204475,17-10-2025,C1337,Sanjay Patel, Pune ,Beauty,Moisturiser,1,476.22,0,Credit Card,Delivered
ORD201326,29-Jan-25,C1143,Diya Gupta,Hyderabad, Home & Kitchen ,Mixer Grinder,2,,10,UPI,Delivered
ORD202805,25-06-2025,C1386,Ananya Iyer,Delhi,Books,Comics Set,1,790.27,5,COD,Cancelled
ORD204149,20-05-2025,C2152,,Bengaluru,beauty,Perfume,1,1569.5,20,Debit Card,Delivered
ORD202687,02-03-2025,C1578,Kavya Mehta,Hyderabad,Books,Python Handbook,4,728.15,0,UPI,Delivered
ORD201423,21-12-2025,C2132,Meera Verma,Bengaluru,Electronics,USB-C Cable,2,381.31,10,COD,Returned
ORD202223,23-10-2025,C1824,Manish Mehta,Delhi,Home & Kitchen,Bedsheet Set,1,1375.23,15,Net Banking,Delivered
ORD204086,07-04-2025,C1681,Rohan Sharma,Chennai, Beauty ,Perfume,1,1638.48,20,UPI,Delivered
ORD202227,25-04-2025,C1381,Ananya Sharma,Delhi,Books,Exam Guide,1,503.38,0,Net Banking,Delivered
ORD204917,22-03-2025,C1617,Aarav Verma,Delhi,Books,Comics Set,3,840.22,0,UPI,Cancelled
ORD202486,06-07-2025,C2137,Ananya Patel,Pune,Home & Kitchen,Bedsheet Set,4,1290.04,0,UPI,Cancelled
ORD202091,18-02-2025,C2160,Riya Gupta,Bengaluru,Clothing,Running Shoes,1,3039.34,0,UPI,Delivered
ORD200278,03-01-2025,C2183,Manish Nair,,Clothing,Running Shoes,2,3074.29,0,UPI,Delivered
ORD203490,21-10-2025,C2146,Pooja Das,Pune,CLOTHING,Cap,2,,20,Credit Card,Delivered
ORD201623,12-05-2025,C2369,Meera Patel,Chennai,BOOKS,Python Handbook,2,752.7,5,UPI,Cancelled
ORD200692,08-07-2025,C1030,,Delhi, Home & Kitchen ,Air Fryer,4,4855.82,5,Debit Card,Delivered
ORD202413,03-07-2025,C1333,Ananya Verma,Pune,Clothing,Cotton T-Shirt,1,578.41,0,upi,Delivered
ORD201169,31-08-2025,C2119,Aarav Mehta,MUMBAI,Clothing,Denim Jeans,2,1859.09,20,Net Banking,Delivered
ORD203685,12-07-2025,C1779,Isha Gupta,Bengaluru,Books,Python Handbook,2,676.41,20,COD,Cancelled
ORD201365,09-Apr-25,C1861,Diya Kulkarni,Chennai,Beauty  ,Moisturiser,1,480.02,15,Debit Card,Delivered
ORD201416,23-07-2025,C2177,Arjun Kulkarni,Pune,Clothing,Cap,2,372.65,15,Debit Card,Delivered
ORD201967,12-Nov-25,C2145,Rahul Reddy,Mumbai,Clothing,Hoodie,3,1617.47,10,Debit Card,Delivered
ORD204472,17-Jun-25,C1233,Sanjay Joshi,Delhi,Books,Data Science Primer,2,955.35,20,UPI,Delivered
ORD203948,29-May-25,C1466,Sneha Reddy,Bengaluru,Clothing,Running Shoes,2,3110.47,15,UPI,Delivered
ORD203628,17-Aug-25,C1782,Rohan Singh,Mumbai, Clothing ,Cotton T-Shirt,2,637.13,0,COD,Returned
ORD202981,23-Jun-25,C1489,Sanjay Sharma,HYDERABAD,Books,Exam Guide,1,516.03,0,Debit Card,Delivered
ORD202422,26-05-2025,C1516,Kavya Singh,Kolkata,ELECTRONICS,USB-C Cable,4,393.83,20,Debit Card,Delivered
ORD202465,08-04-2025,C1515,Rahul Verma,Delhi  ,Electronics,Bluetooth Speaker,3,1973.24,0,COD,Returned
ORD201638,05-05-2025,C1771,Sanjay Sharma, Hyderabad ,Home & Kitchen,Bedsheet Set,3,1342.2,15,Credit Card,Delivered
ORD203616,27-09-2025,C1124,Arjun Sharma,Pune,ELECTRONICS,Power Bank,1,1303.32,0,UPI,Delivered
ORD203828,09-11-2025,C1029,, Hyderabad ,Clothing,Running Shoes,4,3154.32,0,UPI,Cancelled
ORD202212,10-06-2025,C1377,Kavya Das, Mumbai ,Home & Kitchen,Bedsheet Set,1,1379.33,15,Debit Card,Delivered
ORD201352,20-06-2025,C1737,Priya Patel,Delhi,Books,Python Handbook,2,684.58,0,UPI,Cancelled
ORD204155,11-16-2025,C1513,Vikram Gupta,Ahmedabad,Home & Kitchen,Water Bottle,1,459.92,20,UPI,Delivered
ORD203028,06-12-2025,C1858,Vikram Nair,Mumbai,Clothing,Running Shoes,1,3051.77,20,UPI,Cancelled
ORD203369,17-05-2025,C1832,Sneha Gupta,, Clothing ,Running Shoes,2,3210.58,0,Credit Card,Delivered
ORD204803,29-07-2025,C1314,Priya Das, Delhi ,Books,Novel,2,370.26,0,UPI,Delivered
ORD203521,03-12-2025,C1376,Priya Kulkarni,Chennai,Electronics,Wireless Earbuds,2,2601.88,,Debit Card,Returned
ORD200478,16-12-2025,C1287,Manish Patel,Mumbai,BEAUTY,Face Wash,3,255.71,15,UPI,Delivered
ORD204863,22-02-2025,C1558,Rahul Kulkarni,Kolkata,Electronics,Wireless Earbuds,2,2491.67,5,Net Banking,Delivered
ORD202577,27-07-2025,C2274,Vivaan Gupta,Bangalore,Clothing,Cap,2,352.63,10,COD,Delivered
ORD203166,10-Feb-25,C2175,Ananya Sharma,DELHI,Clothing,Hoodie,2,1596.8,15,UPI,Delivered
ORD201546,04-10-2025,C1930,Vivaan Gupta,Mumbai,Electronics,Power Bank,4,1288.2,10,Credit Card,Delivered
ORD202349,05-09-2025,C1522,Aarav Kulkarni,Bengaluru,Electronics,Smartwatch,2,6404.61,0,UPI,Returned
ORD202392,24-07-2025,C1925,Aarav Nair,Delhi,Home & Kitchen,Water Bottle,1,456.59,15,Net Banking,Delivered
ORD201005,24-10-2025,C1763,Karan Gupta,Bengaluru,Clothing,Cap,2,372.54,15,Net Banking,Delivered
ORD202429,06-06-2025,C1528,Priya Gupta, Ahmedabad ,Electronics,Smartwatch,4,6180.57,0,UPI,Delivered
ORD204335,11-08-2025,C1068,Neha Joshi,Ahmedabad,Home & Kitchen,Mixer Grinder,2,3493.14,20,UPI,Delivered
ORD200392,08-09-2025,C1612,Neha Verma,Ahmedabad,Clothing,Denim Jeans,4,1904.79,15,Credit Card,Delivered
ORD200317,04-05-2025,C1904,Meera Iyer,Chennai,Clothing,Hoodie,2,1609.85,0,UPI,Delivered
ORD203839,01-12-2025,C1408,Riya Singh,Bengaluru,Electronics  ,Bluetooth Speaker,1,2079.15,5,Net Banking,Cancelled
ORD201872,19-12-2025,C1216,Aarav Reddy,Mumbai,HOME & KITCHEN,Cookware Set,1,2678.98,20,Credit Card,Delivered
ORD201625,24-Oct-25,C1670,Karan Singh,Delhi,Electronics,Smartwatch,1,5885.25,15,UPI,Delivered
ORD201460,11-11-2025,C1863,Vikram Iyer,Bengaluru,CLOTHING,Cotton T-Shirt,1,621.01,10,UPI,Delivered
ORD201698,03-04-2025,C1188,Manish Nair,Ahmedabad,Home & Kitchen  ,Air Fryer,1,5026.55,15,COD,Returned
ORD204865,10-04-2025,C2155,Neha Joshi,Chennai,Home & Kitchen,Water Bottle,1,476.76,20,Debit Card,Delivered
ORD204458,24-03-2025,C1299,Rahul Patel,Delhi,Electronics,Bluetooth Speaker,1,2097.33,5,Debit Card,Cancelled
ORD203033,09-04-2025,C2195,Aarav Nair,Hyderabad,Books,Comics Set,2,802.83,150,Net Banking,Delivered
ORD202664,09-10-2025,C1352,Pooja Verma,Hyderabad,Books,Comics Set,2,816.72,5,UPI,Delivered
ORD203755,18-Apr-25,C1870,Isha Das,Mumbai,books,Exam Guide,2,481.14,15,Credit Card,Cancelled
ORD203399,26-11-2025,C1540,Rohan Mehta,ahmedabad,Home & Kitchen,Mixer Grinder,4,3195.49,5,Debit Card,Delivered
ORD204495,05-08-2025,C1487,Vivaan Iyer,Ahmedabad,Beauty,Face Wash,2,240.09,0,UPI,Delivered
ORD201964,24-06-2025,C2149,Neha Das,Mumbai, Home & Kitchen ,Cookware Set,3,2742.03,10,UPI,Delivered
ORD200149,13-07-2025,C1264,Diya Gupta,Delhi,Home & Kitchen,Water Bottle,1,439.08,15,Credit Card,Delivered
ORD202958,03-11-2025,C1686,Isha Patel,Delhi,books,Data Science Primer,1,872.72,5,UPI,Delivered
ORD203476,19-10-2025,C1043,Neha Das,Bengaluru,Beauty,Moisturiser,1,472.05,20,Credit Card,Cancelled
ORD202331,29-11-2025,C2110,Isha Das,Delhi,Beauty,Moisturiser,3,432.3,0,COD,Returned
ORD204060,28-03-2025,C2231,Riya Mehta,Ahmedabad,Electronics,Smartwatch,1,6215.54,0,Debit Card,Returned
ORD201902,13-12-2025,C2070,Ananya Patel,Hyderabad,Clothing,Denim Jeans,1,1834.96,10,UPI,Delivered
ORD204020,21-03-2025,C2218,Pooja Patel,Hyderabad,Electronics,Wireless Earbuds,2,2386.57,0,UPI,Delivered
ORD201842,07-03-2025,C1760,Diya Sharma, Chennai ,Beauty,Perfume,1,1550.89,0,Net Banking,Returned
ORD202398,18-Mar-25,C1524,Meera Patel,,Clothing,Hoodie,1,1616.31,0,Credit Card,Delivered
ORD201477,14-12-2025,C1121,Arjun Patel,Bengaluru, Clothing ,Hoodie,3,1594.66,10,UPI,Cancelled
ORD201629,09-08-2025,C1437,Vikram Iyer,chennai,Electronics,Bluetooth Speaker,4,2051.56,0,COD,Returned
ORD201079,28-08-2025,C2167,Isha Singh,Mumbai,Beauty,Face Wash,1,266.99,10,Net Banking,Delivered
ORD204132,07-05-2025,C1852,Meera Sharma,Delhi,Home & Kitchen,Water Bottle,1,474.54,5,Net Banking,Delivered
ORD204430,15-12-2025,C2064,Priya Joshi,Pune,Electronics,Wireless Earbuds,2,2478.52,10,UPI,Delivered
ORD203162,26-01-2025,C1329,Sneha Das,Pune,Electronics,Bluetooth Speaker,2,1984.33,0,Debit Card,Delivered
ORD202032,21-01-2025,C1821,Sneha Reddy,Chennai,Home & Kitchen,Water Bottle,1,443.48,0,COD,Delivered
ORD204176,18-05-2025,C1383,Rahul Nair,Delhi,Beauty,Face Wash,4,254.11,0,COD,Delivered
ORD200731,22-11-2025,C1158,Pooja Nair,Pune,home & kitchen,Mixer Grinder,2,3199.1,10,Credit Card,Returned
ORD204328,25-10-2025,C1321,Pooja Reddy,Ahmedabad,ELECTRONICS,Power Bank,1,1307.35,0,UPI,Delivered
ORD201545,08-Mar-25,C1553,Sanjay Nair,Ahmedabad,Clothing,Denim Jeans,4,1873.59,5,UPI,Delivered
ORD201047,19-06-2025,C1187,Kavya Nair,Mumbai,Home & Kitchen,Mixer Grinder,1,3372.95,10,UPI,Delivered
ORD204268,06-02-2025,C1908,Kavya Joshi,Chennai,Books,Novel,1,367.69,15,UPI,Delivered
ORD202765,28-Nov-25,C2132,Meera Verma,BENGALURU,Beauty,Perfume,2,1634.41,20,Net Banking,Delivered
ORD204248,01-01-2025,C1205,Vikram Das,Kolkata,Beauty,Hair Dryer,4,1614.03,0,Credit Card,Delivered
ORD201132,13-12-2025,C1315,Priya Mehta,Chennai,Electronics,Smartwatch,1,5786.82,20,Net Banking,Delivered
ORD200059,06-11-2025,C1103,Kavya Singh,Bangalore,Clothing,Running Shoes,3,2864.87,20,Debit Card,Delivered
ORD204365,17-06-2025,C1312,Aarav Joshi,Hyderabad,Books,Python Handbook,4,687.95,15,COD,Delivered
ORD204372,07-07-2025,C1468,Aarav Kulkarni,Mumbai,electronics,USB-C Cable,1,,20,UPI,Delivered
ORD202912,10-10-2025,C2395,Neha Joshi,Chennai,Clothing,Cotton T-Shirt,3,579.33,0,Credit Card,Returned
ORD202505,14-06-2025,C1635,Diya Gupta,Kolkata,Clothing,Denim Jeans,2,1827.64,5,COD,Returned
ORD204260,12-Jan-25,C1420,Rahul Das,Delhi,Beauty,Hair Dryer,4,1558.18,15,Debit Card,Delivered
ORD203119,23-10-2025,C1270,Priya Singh,Kolkata,Books,Exam Guide,3,502.69,0,UPI,Delivered
ORD200370,26-12-2025,C2133,Kavya Gupta,Delhi,Clothing,Cotton T-Shirt,1,631.68,20,UPI,Delivered
ORD200404,30-05-2025,C1305,Priya Mehta,Bengaluru,Electronics,Smartwatch,3,6347.89,10,Debit Card,Delivered
ORD201241,08-05-2025,C1105,Priya Reddy,MUMBAI,Books,Novel,1,334.59,10,Net Banking,Cancelled
ORD203752,02-09-2025,C1123,Vivaan Sharma,Pune,Electronics,USB-C Cable,1,421.43,15,COD,Delivered
ORD203771,15-Sep-25,C1402,Priya Nair,Kolkata,Beauty,Hair Dryer,2,1586.61,0,Net Banking,Delivered
ORD204226,05-Aug-25,C1948,Kavya Mehta,Chennai,Electronics,USB-C Cable,4,420.16,0,Credit Card,Delivered
ORD202659,26-11-2025,C1101,Meera Verma,Ahmedabad,Beauty,Moisturiser,1,477.2,0,Debit Card,Delivered
ORD203218,07-03-2025,C1230,Priya Nair,Bengaluru,Clothing,Hoodie,1,1520.21,5,Debit Card,Delivered
ORD204758,22-09-2025,C1129,Kavya Singh,Delhi,BEAUTY,Perfume,4,1594.36,0,Credit Card,Delivered
ORD202836,22-07-2025,C2287,Aditya Kulkarni,Hyderabad,Clothing,Hoodie,1,1437.22,20,COD,Returned
ORD202945,22-06-2025,C2254,Pooja Nair,Mumbai  ,Home & Kitchen,Water Bottle,2,449.38,5,COD,Delivered
ORD202498,08-06-2025,C1955,Rahul Mehta,Delhi,Home & Kitchen,Cookware Set,4,2993.47,20,COD,Delivered
ORD203819,15-08-2025,C1543,Neha Reddy,Kolkata,Beauty,Lipstick,4,380.49,0,UPI,Delivered
ORD203489,10-03-2025,C2078,Rahul Joshi,Pune,CLOTHING,Cap,2,352.55,0,Debit Card,Delivered
ORD203137,19-10-2025,C1832,Sneha Gupta,kolkata,Electronics,Power Bank,1,1279.03,20,Debit Card,Delivered
ORD203195,26-04-2025,C1732,Pooja Mehta,,Home & Kitchen,Bedsheet Set,1,1254.23,10,UPI,Returned
ORD204334,24-07-2025,C1377,Kavya Das, Mumbai ,Clothing,Denim Jeans,2,1727.04,0,Credit Card,Delivered
ORD200275,14-05-2025,C1736,Arjun Das, Delhi ,Electronics,Wireless Earbuds,3,2532.4,10,UPI,Delivered
ORD200597,27-01-2025,C1143,Diya Gupta,Hyderabad,Clothing,Hoodie,1,1530.61,15,UPI,Delivered
ORD204092,07-12-2025,C1146,Isha Sharma,Bengaluru,Electronics,Smartwatch,2,6206.45,0,COD,Cancelled
ORD201456,13-10-2025,C1754,Vivaan Das,Chennai,Beauty,Moisturiser,3,444.48,0,UPI,Delivered
ORD200464,11-07-2025,C1778,Karan Kulkarni,Mumbai,Books,Python Handbook,2,706.09,15,Debit Card,Cancelled
ORD204343,16-10-2025,C1441,Vikram Gupta,Chennai,Books,Novel,1,372.16,5,UPI,Delivered
ORD201564,24-11-2025,C2114,Aditya Joshi,,Beauty,Face Wash,2,253.74,0,Credit Card,Delivered
ORD200901,02-10-2025,C1414,Sneha Verma,Pune,BOOKS,Comics Set,2,836.68,15,UPI,Cancelled
ORD200195,23-04-2025,C1284,Sanjay Mehta,Ahmedabad,Books,Data Science Primer,1,881.98,15,Debit Card,Delivered
ORD202038,02-27-2025,C1217,Rohan Mehta,mumbai,Electronics,Power Bank,1,1363.39,0,COD,Returned
ORD204929,06-08-2025,C1982,Rahul Verma,Delhi,Electronics  ,Wireless Earbuds,-1,2513.59,15,UPI,Delivered
ORD204840,13-06-2025,C2015,Karan Sharma,AHMEDABAD,Beauty,Perfume,2,1611.62,15,COD,Delivered
ORD202648,22-11-2025,C1683,Vikram Singh, Bengaluru ,Electronics,Bluetooth Speaker,1,1989.16,5,UPI,Delivered
ORD202419,15-10-2025,C1186,Vikram Joshi,,Electronics,USB-C Cable,2,384.59,20,Net Banking,Cancelled
ORD204791,17-09-2025,C2064,Priya Joshi, Pune ,Electronics,Power Bank,1,1341.6,5,Credit Card,Returned
ORD203367,07-Jul-25,C2039,Rohan Nair,Chennai,Beauty  ,Perfume,1,1644.77,15,Credit Card,Delivered
ORD204178,11-05-2025,C2289,Meera Mehta,Chennai,HOME & KITCHEN,Water Bottle,1,428.23,0,COD,Delivered
ORD200000,30-07-2025,C1408,Riya Singh,Bengaluru  ,electronics,Smartwatch,1,5872.68,15,UPI,Delivered
ORD202325,15-07-2025,C1194,Meera Verma,Delhi,Beauty,Perfume,1,1604.44,10,Debit Card,Cancelled
ORD204582,19-Oct-25,C1658,Priya Joshi,pune,Electronics  ,Smartwatch,2,5753.45,0,UPI,Cancelled
ORD202098,15-04-2025,C2240,Aditya Joshi,Bengaluru, Electronics ,Power Bank,2,1283.76,15,Debit Card,Delivered
ORD201153,12-11-2025,C1261,,Mumbai,Home & Kitchen,Water Bottle,2,472.83,15,UPI,Delivered
ORD201879,08-09-2025,C1917,Neha Kulkarni,,Clothing,Cotton T-Shirt,1,644.64,5,UPI,Cancelled
ORD201843,24-06-2025,C1812,Pooja Das,Delhi,Electronics,Wireless Earbuds,2,2503.88,20,UPI,Delivered
ORD202011,02-02-2025,C1554,Rohan Das,Chennai  ,Clothing,Cap,2,368.87,15,UPI,Returned
ORD202121,01-07-2025,C1173,Sanjay Patel,Hyderabad,Home & Kitchen,Mixer Grinder,2,3430.01,0,UPI,Cancelled
ORD202872,05-04-2025,C1324,Aditya Mehta,Bengaluru,Electronics,Bluetooth Speaker,1,2031.19,0,UPI,Delivered
ORD201670,28-11-2025,C1160,Vivaan Sharma,Pune  ,Home & Kitchen,Air Fryer,1,5001.14,0,,Delivered
ORD201982,25-05-2025,C1791,Diya Reddy,Pune,Electronics,Bluetooth Speaker,2,1933.48,0,Debit Card,Delivered
ORD203757,15-06-2025,C2164,Neha Nair,,BEAUTY,Hair Dryer,2,1591.65,20,UPI,Delivered
ORD203282,24-01-2025,C1156,Ananya Mehta,Bangalore,Books,Comics Set,4,828.74,0,Credit Card,Delivered
ORD203431,23-04-2025,C2031,Arjun Das,Pune,Clothing,Running Shoes,1,3169.81,5,UPI,Delivered
ORD202931,17-01-2025,C1927,Manish Singh,Mumbai,Beauty,Hair Dryer,1,1540.63,5,Debit Card,Cancelled
ORD200902,18-09-2025,C2372,Manish Reddy,Kolkata,Beauty,Moisturiser,1,475.67,0,Debit Card,Delivered
ORD201333,25-02-2025,C1543,Neha Reddy, Kolkata ,BEAUTY,Lipstick,1,423.12,0,COD,Cancelled
ORD202143,02-11-2025,C1180,, Mumbai ,Clothing,Denim Jeans,2,1896.87,5,UPI,Cancelled
ORD204833,09-05-2025,C1078,Arjun Joshi,Mumbai,Electronics,USB-C Cable,1,409.66,5,Credit Card,Delivered
ORD200991,25-07-2025,C2122,Aarav Das,Ahmedabad,home & kitchen,Cookware Set,1,2848.8,5,Debit Card,Returned
ORD203913,17-05-2025,C1966,Kavya Singh,Mumbai,BOOKS,Data Science Primer,3,861.28,0,Credit Card,Delivered
ORD203698,07-02-2025,C2399,Arjun Sharma,Hyderabad,electronics,Smartwatch,1,5994.95,15,UPI,Delivered
ORD203973,29-05-2025,C2202,Kavya Mehta,Delhi,Home & Kitchen,Water Bottle,1,458.47,0,UPI,Cancelled
ORD204751,21-09-2025,C1057,Riya Joshi,Bengaluru, Electronics ,Smartwatch,3,6031.4,0,Debit Card,Delivered
ORD201971,13-05-2025,C1039,Priya Nair,DELHI,Clothing,Cotton T-Shirt,1,619.15,15,UPI,Returned
ORD203248,20-12-2025,C1390,Diya Reddy,Delhi,Clothing,Hoodie,1,1429.5,0,COD,Delivered
ORD204126,30-10-2025,C1554,Rohan Das,chennai,Beauty,Moisturiser,3,449.53,0,UPI,Delivered
ORD204798,24-01-2025,C1548,Arjun Kulkarni,Ahmedabad  ,Clothing,Cotton T-Shirt,4,574.83,10,UPI,Delivered
ORD202310,08-04-2025,C2028,Ananya Singh,BENGALURU,beauty,Face Wash,2,244.71,0,Net Banking,Delivered
ORD202387,21-09-2025,C1958,Meera Das,Bengaluru,Clothing  ,Cap,1,341.75,0,UPI,Returned
ORD201946,11-08-2025,C1713,Rahul Nair,Mumbai,Books,Data Science Primer,1,941.22,20,COD,Cancelled
ORD203310,19-07-2025,C1362,Vivaan Nair,Hyderabad  ,electronics,Bluetooth Speaker,1,1904.75,0,UPI,Cancelled
ORD203370,17-Jun-25,C1201,Meera Verma,Mumbai,Home & Kitchen,Water Bottle,1,432.26,0,COD,Delivered
ORD201244,30-10-2025,C2355,Ananya Verma,Pune  ,Books,Data Science Primer,1,896.52,20,UPI,Delivered
ORD200711,13-05-2025,C1921,Isha Mehta,Hyderabad,clothing,Hoodie,3,1511.1,0,Credit Card,Returned
ORD200371,13-04-2025,C1280,Priya Joshi,Chennai,home & kitchen,Cookware Set,3,2943.19,5,Credit Card,Cancelled
ORD202994,14-11-2025,C2212,Karan Mehta,Ahmedabad,Electronics,Smartwatch,1,5864.13,20,UPI,Delivered
ORD202428,03-03-2025,C1308,Karan Nair,Chennai,Beauty,Moisturiser,3,450.65,15,COD,Delivered
ORD203866,03-01-2025,C1434,Ananya Reddy,Chennai, Electronics ,Bluetooth Speaker,1,2074.02,20,UPI,Delivered
ORD201651,06-10-2025,C1703,Vikram Das,Mumbai,Home & Kitchen,Water Bottle,2,436.77,15,UPI,Returned
ORD201092,28-Nov-25,C1577,Karan Verma,Chennai,Electronics,USB-C Cable,1,423.1,10,Debit Card,Delivered
ORD204398,23-03-2025,C1546,Pooja Verma,Hyderabad,Clothing,Cap,1,334.89,20,UPI,Returned
ORD203533,18-10-2025,C1878,Isha Reddy,Chennai,Books,Novel,1,363.26,15,UPI,Delivered
ORD202688,31-03-2025,C2250,Karan Patel,BENGALURU,Electronics,Bluetooth Speaker,2,1914.47,0,UPI,Returned
ORD201136,06-11-2025,C2161,Neha Kulkarni,Delhi,Books,Python Handbook,2,679.75,5,Debit Card,Delivered
ORD202218,18-09-2025,C1488,Arjun Verma,Delhi,Clothing,Running Shoes,1,3063.69,5,COD,Delivered
ORD200122,07-10-2025,C2290,Isha Reddy,Mumbai,Clothing,Denim Jeans,2,1713.64,0,COD,Delivered
ORD201626,14-03-2025,C1297,Neha Verma,Delhi,Books,Novel,4,361.69,0,UPI,Delivered
ORD204973,20-05-2025,C1037,Riya Reddy,Ahmedabad,Clothing,Cap,1,364.28,10,UPI,Delivered
ORD200025,14-06-2025,C1418,Manish Gupta, Bengaluru ,Clothing,Cap,1,342.15,0,COD,Returned
ORD202556,06-01-2025,C2006,Karan Nair, Chennai ,Home & Kitchen,Air Fryer,2,5339.65,,Debit Card,Delivered
ORD201351,04-11-2025,C1472,Diya Das,delhi,Home & Kitchen,Air Fryer,2,5318.37,10,UPI,Returned
ORD201057,15-11-2025,C1259,Arjun Patel,Pune,Electronics,Bluetooth Speaker,1,2036.86,20,UPI,Returned
ORD200973,08-01-2025,C1009,Aditya Singh,Pune,clothing,Cotton T-Shirt,1,573.43,0,COD,Delivered
ORD202106,09-04-2025,C2109,Rohan Sharma,MUMBAI,Books,Data Science Primer,1,891.83,5,UPI,Delivered
ORD202263,02-03-2025,C2125,Ananya Joshi,Bengaluru,Electronics,USB-C Cable,3,422.72,0,UPI,Cancelled
ORD204730,16-12-2025,C2303,Manish Singh,Ahmedabad,beauty,Face Wash,1,255.39,20,Credit Card,Delivered
ORD204574,20-10-2025,C1678,Vikram Patel,Mumbai, Books ,Python Handbook,2,737.13,10,Debit Card,Cancelled
ORD201211,29-11-2025,C1331,Rahul Das,hyderabad,Books,Comics Set,1,790.17,5,Credit Card,Returned
ORD202410,16-11-2025,C1800,Kavya Iyer,Mumbai,books,Python Handbook,1,691.56,20,Credit Card,Cancelled
ORD201083,25-05-2025,C1261,Aditya Nair,Mumbai,Home & Kitchen,Mixer Grinder,4,3137.35,0,UPI,Cancelled
ORD201655,29-11-2025,C1570,Kavya Gupta, Kolkata ,Beauty,Lipstick,2,387.9,20,Credit Card,Cancelled
ORD204340,16-11-2025,C1507,Isha Joshi, Bengaluru ,Beauty,Face Wash,2,,0,UPI,Delivered
ORD204648,05-11-2025,C1552,Vivaan Nair,Bengaluru,HOME & KITCHEN,Mixer Grinder,1,3383.68,15,Credit Card,Delivered
ORD201686,16-01-2025,C1511,Rohan Kulkarni,KOLKATA,Books,Novel,1,352.38,0,Debit Card,Delivered
ORD200871,27-06-2025,C1047,Rohan Das,Bengaluru,Beauty,Lipstick,3,389.1,0,UPI,Delivered
ORD200805,07-11-2025,C2299,Vikram Verma,Pune,CLOTHING,Cap,2,334.37,0,UPI,Cancelled
ORD203570,15-03-2025,C1120,Rohan Mehta,bengaluru,Beauty,Face Wash,1,246.68,10,UPI,Delivered
ORD202866,25-01-2025,C1190,Vikram Iyer,Bangalore,Electronics,Bluetooth Speaker,1,2020.47,5,UPI,Delivered
ORD202051,15-12-2025,C1856,Diya Kulkarni, Delhi ,Beauty,Perfume,4,1712.96,0,COD,Delivered
ORD202381,08-Aug-25,C2250,Karan Patel,,electronics,USB-C Cable,1,379.06,15,UPI,Returned
ORD201379,09-25-2025,C1346,Sanjay Patel,Mumbai,Electronics,USB-C Cable,2,430.34,20,Debit Card,Delivered
ORD203809,04-21-2025,C1396,Neha Joshi,bengaluru,Clothing,Cap,2,368.08,,COD,Delivered
ORD202507,08-07-2025,C2137,Ananya Patel, Pune ,Clothing,Denim Jeans,4,1914.54,10,UPI,Delivered
ORD204217,14-03-2025,C1738,Ananya Kulkarni,Mumbai,Books,Comics Set,1,791.69,0,Debit Card,Returned
ORD200357,13-05-2025,C1565,Isha Nair,Bengaluru,Beauty,Face Wash,1,257.32,,UPI,Returned
ORD200422,06-06-2025,C1704,Sanjay Joshi,Hyderabad,Home & Kitchen,Air Fryer,1,4804.37,0,Credit Card,Delivered
ORD200250,17-10-2025,C2288,Rohan Singh,bengaluru,Books,Python Handbook,3,714.63,0,UPI,Delivered
ORD202040,20-10-2025,C2159,Riya Reddy, Mumbai ,Electronics,Wireless Earbuds,4,2507.71,0,UPI,Delivered
ORD203409,14-Jul-25,C2363,Rohan Gupta,Kolkata,Home & Kitchen,Air Fryer,4,5205.89,10,UPI,Delivered
ORD201658,22-08-2025,C1932,Diya Nair,Mumbai,Beauty,Lipstick,2,395.25,0,UPI,Delivered
ORD203057,20-02-2025,C1601,Rahul Das,Mumbai,Beauty,Face Wash,2,247.95,0,UPI,Delivered
ORD201115,21-07-2025,C2344,Rohan Mehta,Mumbai,Beauty,Lipstick,2,413.75,5,Debit Card,Delivered
ORD203969,19-12-2025,C2335,Isha Singh,Hyderabad,Electronics,Bluetooth Speaker,3,2157.45,0,UPI,Returned
ORD204311,03-Dec-25,C1587,Aarav Mehta,Bengaluru,Clothing,Cap,1,354.69,15,UPI,Returned
ORD203459,12-Feb-25,C1206,Rahul Patel,Delhi,Electronics,Smartwatch,4,6259.16,10,UPI,Delivered
ORD203111,02-09-2025,C1152,Meera Patel,Ahmedabad,Clothing,Hoodie,1,1600.02,0,Net Banking,Delivered
ORD201031,11-08-2025,C1400,Priya Gupta, Bengaluru ,Beauty,Face Wash,2,262.46,0,Debit Card,Returned
ORD204333,26-11-2025,C1045,Rohan Kulkarni,,Clothing,Running Shoes,3,3013.05,0,UPI,Delivered
ORD202458,16-02-2025,C1429,Sneha Sharma,Chennai,Electronics,USB-C Cable,1,426.76,0,Net Banking,Delivered
ORD202444,06-12-2025,C2151,Isha Das,Mumbai,Books,Exam Guide,1,482.82,10,Debit Card,Returned
ORD201555,31-10-2025,C1093,Rohan Nair,AHMEDABAD,Electronics,Wireless Earbuds,2,2560.76,0,UPI,Delivered
ORD202656,05-12-2025,C1058,,Delhi,Home & Kitchen,Cookware Set,1,2815.91,20,UPI,Delivered
ORD202003,26-04-2025,C1847,Aarav Reddy,Delhi,Home & Kitchen,Bedsheet Set,3,1272.36,5,UPI,Returned
ORD202338,26-07-2025,C2388,Neha Singh,Ahmedabad,Home & Kitchen,Air Fryer,1,4815.32,15,Debit Card,Delivered
ORD203706,09-23-2025,C1746,Isha Iyer,Delhi,Books,Exam Guide,0,491.34,5,UPI,Delivered
ORD200069,15-09-2025,C2190,Rahul Singh,Chennai,Electronics,Smartwatch,1,5910.48,0,Credit Card,Cancelled
ORD200462,06-10-2025,C2003,Riya Mehta,HYDERABAD,HOME & KITCHEN,Air Fryer,1,4919.79,15,UPI,Returned
ORD203718,14-Dec-25,C1631,Riya Gupta,Kolkata, Beauty ,Hair Dryer,1,1514.38,20,UPI,Delivered
ORD200287,19-Aug-25,C1111,Vivaan Iyer,Mumbai,Electronics,Bluetooth Speaker,1,2055.79,5,UPI,Delivered
ORD202755,09-04-2025,C1479,Isha Mehta,Mumbai,HOME & KITCHEN,Water Bottle,1,457.35,15,UPI,Returned
ORD201420,03-12-2025,C1950,Neha Kulkarni,Delhi,Clothing,Hoodie,2,1567.64,15,Net Banking,Delivered
ORD200976,10-14-2025,C1306,Karan Sharma,Delhi,BEAUTY,Moisturiser,4,480.7,0,Debit Card,Delivered
ORD201020,20-11-2025,C1794,Meera Kulkarni,Kolkata,Beauty,Hair Dryer,2,1540.94,20,UPI,Delivered
ORD200215,17-01-2025,C2393,Vivaan Joshi,Pune,Electronics,Bluetooth Speaker,3,1975.08,15,UPI,Cancelled
ORD201089,26-05-2025,C1976,Riya Singh,Bengaluru,Electronics,Power Bank,1,1293.06,15,Credit Card,Delivered
ORD204150,19-08-2025,C1621,Diya Verma,Bengaluru,Electronics,Bluetooth Speaker,1,2123.04,0,UPI,Returned
ORD201680,08-03-2025,C2038,Rahul Mehta,,Clothing  ,Running Shoes,2,3228.32,5,Debit Card,Delivered
ORD202250,09-08-2025,C1094,Riya Sharma,Mumbai,Books,Novel,3,365.2,0,UPI,Delivered
ORD201314,17-12-2025,C1061,Rohan Joshi,Chennai,Electronics,Power Bank,3,1297.32,10,Net Banking,Delivered
ORD203427,21-11-2025,C2182,Riya Kulkarni,DELHI, Home & Kitchen ,Air Fryer,4,4875.1,0,UPI,Delivered
ORD203653,03-04-2025,C2164,Neha Nair,Bengaluru  ,Beauty,Perfume,4,1726.82,20,UPI,Delivered
ORD204346,09-07-2025,C2024,Diya Patel,Bangalore,Books,Novel,4,364.23,0,COD,Delivered
ORD203089,17-01-2025,C1709,Neha Gupta,Hyderabad,BOOKS,Data Science Primer,1,933.8,10,UPI,Delivered
ORD202807,01-10-2025,C1814,,Chennai,Beauty,Hair Dryer,4,1428.36,15,UPI,Delivered
ORD201432,02-02-2025,C2045,Meera Kulkarni,Mumbai,Electronics,Bluetooth Speaker,1,1989.26,15,UPI,Cancelled
ORD201661,09-09-2025,C1306,Karan Sharma,Delhi,Clothing,Hoodie,2,1588.18,20,Net Banking,Delivered
ORD204403,14-02-2025,C1195,Kavya Verma,Mumbai,Electronics,Bluetooth Speaker,1,2138.36,0,Debit Card,Delivered
ORD202244,27-07-2025,C1523,Manish Patel,Chennai,Clothing,Denim Jeans,3,1766.62,0,Credit Card,Delivered
ORD203538,02-01-2025,C1212,Isha Mehta,Bengaluru,Books,Exam Guide,1,526.78,0,Credit Card,Delivered
ORD204859,18-01-2025,C1594,Ananya Patel,Bengaluru,Electronics,Wireless Earbuds,3,2415.89,0,UPI,Delivered
ORD202180,15-10-2025,C2153,Vikram Das,Mumbai,Clothing,Denim Jeans,1,1832.84,15,UPI,Delivered
ORD204736,28-07-2025,C1209,Diya Das,Mumbai,Clothing,Cotton T-Shirt,2,571.08,5,COD,Delivered
ORD200510,25-11-2025,C1428,Arjun Patel,Mumbai,Clothing,Hoodie,1,1462.69,0,Credit Card,Delivered
ORD203062,20-11-2025,C1851,Kavya Das,HYDERABAD,Clothing,Hoodie,1,1591.36,15,COD,Cancelled
ORD203937,30-03-2025,C1975,Pooja Iyer,Delhi,HOME & KITCHEN,Cookware Set,1,3018.29,20,Net Banking,Returned
ORD200953,07-01-2025,C1094,Riya Sharma,Mumbai  ,Beauty,Moisturiser,2,433.55,0,Debit Card,Delivered
ORD203526,21-04-2025,C2228,Ananya Iyer,Mumbai,Clothing,Cap,1,370.69,0,Net Banking,Delivered
ORD203633,12-05-2025,C1380,Rohan Mehta,Bengaluru,Electronics,USB-C Cable,3,,20,Debit Card,Cancelled
ORD202246,28-Feb-25,C1749,Aditya Verma,pune, Electronics ,Smartwatch,1,6308.33,10,UPI,Cancelled
ORD200895,20-10-2025,C1982,Rahul Verma,Delhi  , Home & Kitchen ,Bedsheet Set,1,1297.72,0,Debit Card,Delivered
ORD202773,25-07-2025,C1491,Pooja Mehta,Delhi,Books,Novel,2,365.36,0,Credit Card,Delivered
ORD202453,09-Aug-25,C2300,Neha Singh,Mumbai,CLOTHING,Denim Jeans,1,1823.06,,UPI,Delivered
ORD203449,06-11-2025,C2062,Rohan Sharma,Hyderabad,Books,Comics Set,4,793.39,15,Credit Card,Delivered
ORD202099,23-10-2025,C2113,Isha Joshi,Kolkata,Electronics,Smartwatch,2,,0,Debit Card,Delivered
ORD204069,09-06-2025,C2094,Karan Kulkarni,Bengaluru,Clothing,Running Shoes,1,3234.31,10,UPI,Returned
ORD201193,07-02-2025,C1456,,Chennai,clothing,Running Shoes,3,2892.2,15,Credit Card,Cancelled
ORD200877,04-Jul-25,C1007,Riya Kulkarni,Kolkata,Electronics,Bluetooth Speaker,1,2004.03,0,Debit Card,Cancelled
ORD200161,16-Feb-25,C1252,Arjun Sharma,Kolkata  ,Clothing,Cap,1,376.66,20,Credit Card,Returned
ORD201384,11-06-2025,C1996,Priya Sharma,Hyderabad,Electronics,Wireless Earbuds,2,2514.28,,Credit Card,Returned
ORD200658,24-02-2025,C1904,Meera Iyer,Chennai,electronics,Bluetooth Speaker,4,1997.4,10,Net Banking,Delivered
ORD204031,18-08-2025,C1725,Arjun Iyer, Hyderabad ,books,Python Handbook,3,715.11,5,UPI,Delivered
ORD200828,23-08-2025,C2317,Riya Gupta,Delhi,Beauty,Face Wash,3,261.93,15,Credit Card,Delivered
ORD201166,11-02-2025,C1954,Riya Patel, Kolkata ,Beauty,Face Wash,1,264.91,10,UPI,Delivered
ORD203557,26-Apr-25,C2220,Arjun Singh,Delhi,Books,Python Handbook,2,,0,UPI,Cancelled
ORD201614,16-07-2025,C1370,Isha Gupta, Mumbai ,Beauty,Hair Dryer,1,1510.71,0,UPI,Cancelled
ORD200144,24-12-2025,C1328,Neha Singh,Bangalore,Electronics,Wireless Earbuds,1,2591.21,20,Credit Card,Returned
ORD201756,07-03-2025,C1493,Sanjay Gupta,, Electronics ,Power Bank,2,1243.86,5,UPI,Delivered
ORD201749,17-02-2025,C1825,Manish Joshi,Bengaluru,Electronics,USB-C Cable,4,397.44,20,UPI,Cancelled
ORD202010,30-06-2025,C2275,Ananya Patel,Chennai,BOOKS,Python Handbook,2,737.87,0,Credit Card,Delivered
ORD201943,01-01-2025,C1629,Neha Patel,Bengaluru,Electronics,Smartwatch,2,5930.99,10,Credit Card,Delivered
ORD203891,17-Sep-25,C1320,Ananya Nair,Bengaluru,Electronics,Bluetooth Speaker,1,1995.11,0,UPI,Delivered
ORD203130,17-Dec-25,C2371,Diya Kulkarni,Kolkata,Clothing,Hoodie,1,1541.03,20,UPI,Cancelled
ORD200206,14-06-2025,C2221,Pooja Mehta,Pune,Electronics,Bluetooth Speaker,1,1923.17,0,Debit Card,Cancelled
ORD200448,09-05-2025,C2079,Isha Kulkarni,Mumbai,Beauty,Perfume,1,1695.89,0,Credit Card,Delivered
ORD204537,01-07-2025,C1523,Manish Patel,Chennai,Electronics,USB-C Cable,2,403.99,0,Credit Card,Delivered
ORD204383,16-Nov-25,C1137,Aditya Gupta,Bengaluru,Electronics,Wireless Earbuds,3,2380.79,0,COD,Returned
ORD202174,30-11-2025,C1150,Arjun Joshi,Delhi,Clothing,Cap,2,359.92,,UPI,Delivered
ORD203670,10-11-2025,C2210,Aditya Joshi,Hyderabad,books,Python Handbook,3,728.82,0,COD,Returned
ORD203648,07-10-2025,C2229,Riya Iyer,Bengaluru,Electronics,USB-C Cable,2,403.63,0,UPI,Delivered
ORD202495,09-10-2025,C2222,Vivaan Das,Chennai,Electronics,Power Bank,3,1237.71,0,Debit Card,Delivered
ORD203785,06-12-2025,C1539,Manish Mehta,Ahmedabad, Beauty ,Moisturiser,4,433.29,15,Credit Card,Delivered
ORD201121,21-10-2025,C1749,Aditya Verma,Pune,Home & Kitchen,Mixer Grinder,3,3328.24,10,UPI,Delivered
ORD200640,20-10-2025,C1860,Neha Gupta,Chennai,Clothing,Running Shoes,2,2971.73,0,Credit Card,Delivered
ORD200330,18-01-2025,C2319,Karan Patel,Pune,Clothing,Cotton T-Shirt,4,599.08,0,UPI,Delivered
ORD203384,24-08-2025,C1508,Manish Sharma,Hyderabad  ,Electronics  ,USB-C Cable,1,428.13,5,Debit Card,Delivered
ORD204596,02-05-2025,C1891,Vivaan Singh,AHMEDABAD,Beauty,Hair Dryer,3,1492.84,0,Net Banking,Delivered
ORD200185,25-02-2025,C1711,Karan Nair, Delhi ,Electronics,Smartwatch,2,5703.32,0,UPI,Delivered
ORD201854,30-04-2025,C1397,Sneha Iyer,Delhi,Home & Kitchen,Air Fryer,1,4826.25,0,Credit Card,Cancelled
ORD203529,28-05-2025,C2366,Aarav Iyer,ahmedabad, Electronics ,Bluetooth Speaker,1,1986.31,0,Net Banking,Delivered
ORD201767,24-09-2025,C2220,Arjun Singh,Delhi,books,Comics Set,3,0,15,Credit Card,Delivered
ORD201619,10-12-2025,C1031,Ananya Singh, Ahmedabad ,Clothing,Denim Jeans,1,1826.69,20,Debit Card,Returned
ORD204835,24-01-2025,C1471,Ananya Gupta,Hyderabad,Books,Data Science Primer,2,963.21,0,UPI,Delivered
ORD204506,15-Nov-25,C2117,Rahul Iyer,Bengaluru,Books,Comics Set,2,787.16,15,Credit Card,Delivered
ORD204136,09-03-2025,C1351,Ananya Gupta,Hyderabad,Home & Kitchen,Bedsheet Set,1,1308.92,0,UPI,Delivered
ORD203789,05-02-2025,C1870,Isha Das,Mumbai,Electronics,Bluetooth Speaker,4,2016.94,10,Net Banking,Returned
ORD200643,08-Jul-25,C1702,Arjun Das,Mumbai,electronics,Wireless Earbuds,1,2412.4,15,UPI,Delivered
ORD200070,05-03-2025,C1404,Ananya Das,Delhi,Beauty  ,Moisturiser,4,482.87,15,Debit Card,Returned
ORD203525,10-12-2025,C1147,Vikram Reddy,Chennai,clothing,Hoodie,2,1584.21,5,Debit Card,Cancelled
ORD200186,08-06-2025,C1466,Sneha Reddy, Bengaluru ,Clothing,Cap,1,334.95,0,UPI,Delivered
ORD204594,28-10-2025,C2280,Arjun Joshi,Mumbai,Clothing,Cotton T-Shirt,2,613.96,0,UPI,Delivered
ORD204857,24-03-2025,C1394,Arjun Sharma,Mumbai,CLOTHING,Cotton T-Shirt,4,588.27,20,UPI,Returned
ORD204455,31-12-2025,C1832,Sneha Gupta,Kolkata,Electronics,Smartwatch,1,6264.96,10,Credit Card,Delivered
ORD202782,30-12-2025,C2259,Diya Iyer,Chennai, Electronics ,Bluetooth Speaker,2,2097.46,10,Net Banking,Delivered
ORD203307,10-03-2025,C1536,Isha Kulkarni, Hyderabad ,Home & Kitchen,Cookware Set,2,2881.9,5,Debit Card,Returned
ORD202441,19-01-2025,C1593,Karan Iyer,Ahmedabad,Books,Comics Set,4,800.32,10,Debit Card,Cancelled
ORD200627,25-01-2025,C1484,Neha Reddy,Hyderabad,clothing,Cotton T-Shirt,1,611.55,20,UPI,Delivered
ORD203495,11-Sep-25,C1420,Rahul Das,Delhi,Home & Kitchen,Cookware Set,3,2981,10,Debit Card,Delivered
ORD204324,29-06-2025,C1985,Neha Singh,PUNE,Electronics,Power Bank,3,1268.21,5,UPI,Returned
ORD200623,14-06-2025,C1949,Arjun Verma,Pune,Home & Kitchen,Cookware Set,2,2928.21,20,UPI,Delivered
ORD204410,16-Apr-25,C1943,Priya Verma,mumbai,Books,Novel,1,363.36,,UPI,Delivered
ORD204407,15-03-2025,C2110,Isha Das,Delhi,Clothing,Hoodie,1,1586.48,10,COD,Delivered
ORD201558,03-08-2025,C1350,Kavya Verma,Ahmedabad,Electronics,Bluetooth Speaker,1,1987.59,15,UPI,Cancelled
ORD204222,17-01-2025,C1530,Isha Mehta,Delhi,Clothing  ,Hoodie,1,1474.09,0,Credit Card,Delivered
ORD202155,22-12-2025,C1840,Manish Sharma,Chennai,Books,Data Science Primer,2,953.53,10,Credit Card,Delivered
ORD203450,28-02-2025,C1381,Ananya Sharma, Delhi ,Clothing,Denim Jeans,2,1826.62,0,COD,Delivered
ORD202215,18-08-2025,C1198,Priya Patel,, Clothing ,Denim Jeans,2,1920.77,10,Credit Card,Delivered
ORD202610,29-05-2025,C1300,Pooja Nair,Hyderabad,Beauty,Hair Dryer,2,1535.29,0,UPI,Delivered
ORD202239,02-09-2025,C2235,Neha Nair,Bengaluru, Electronics ,USB-C Cable,1,380.52,10,UPI,Cancelled
ORD201035,28-03-2025,C1405,Kavya Sharma,bengaluru,Electronics,Wireless Earbuds,1,2599.74,0,Credit Card,Delivered
ORD200152,28-11-2025,C1933,Neha Joshi,Delhi,Clothing,Cotton T-Shirt,3,625.55,5,UPI,Returned
ORD202208,28-05-2025,C1582,Neha Das,Hyderabad,Clothing,Running Shoes,4,2860.97,20,COD,Delivered
ORD202205,30-01-2025,C1041,Meera Reddy,Delhi, Electronics ,Smartwatch,1,6290.45,10,UPI,Cancelled
ORD202379,29-Jun-25,C1886,Vivaan Patel,Kolkata,Home & Kitchen,Air Fryer,4,5168.73,20,Debit Card,Cancelled
ORD204509,04-05-2025,C1883,Rohan Patel,Mumbai,Electronics,Smartwatch,4,5709.32,10,UPI,Returned
ORD202813,20-04-2025,C1187,Kavya Nair,Mumbai,Books,Python Handbook,1,720.77,15,Credit Card,Delivered
ORD203658,10-12-2025,C1238,Ananya Sharma, Pune ,HOME & KITCHEN,Water Bottle,2,442.38,15,Credit Card,Delivered
ORD200565,29-05-2025,C2152,Ananya Patel,Bengaluru,Home & Kitchen  ,Water Bottle,3,444.39,,Credit Card,Cancelled
ORD202150,20-Aug-25,C1023,Meera Kulkarni,,Books,Exam Guide,3,508.65,0,UPI,Cancelled
ORD201289,02-07-2025,C2227,Diya Singh,HYDERABAD,Clothing,Hoodie,2,1576.06,15,Credit Card,Delivered
ORD204391,01-Jul-25,C2091,Meera Mehta,BENGALURU,Home & Kitchen,Bedsheet Set,1,1376.96,0,UPI,Delivered
ORD200730,01-12-2025,C1972,Vikram Patel, Mumbai ,Books,Novel,3,,5,COD,Delivered
ORD203385,20-11-2025,C1669,Rahul Verma,Bengaluru  ,Books,Novel,1,337.5,10,Credit Card,Delivered
ORD202825,24-11-2025,C1481,Sneha Kulkarni,Pune,Books,Python Handbook,2,672.35,15,Credit Card,Cancelled
ORD200499,31-10-2025,C1635,Diya Gupta,Kolkata,Electronics,USB-C Cable,4,402.86,15,UPI,Delivered
ORD202916,03-12-2025,C1043,Neha Das,Bengaluru,Home & Kitchen,Air Fryer,1,5352.43,15,UPI,Delivered
ORD200942,16-01-2025,C1901,Rahul Nair,Delhi  ,Beauty,Lipstick,2,397.77,15,UPI,Delivered
ORD201989,25-05-2025,C2234,Kavya Verma,Bengaluru,Beauty,Hair Dryer,2,1555.72,0,UPI,Delivered
ORD201390,13-04-2025,C1080,Isha Sharma,Bengaluru,Books,Python Handbook,2,699.78,10,Debit Card,Delivered
ORD200163,27-03-2025,C1841,Pooja Iyer,,Electronics,Smartwatch,2,6031.65,5,,Delivered
ORD204146,02-02-2025,C2063,Sneha Reddy,Chennai,Electronics,Power Bank,1,1397.8,0,Debit Card,Delivered
ORD202972,19-10-2025,C1800,Kavya Iyer,Mumbai,Electronics,Power Bank,2,1335.64,0,Credit Card,Delivered
ORD200121,03-30-2025,C1179,Sanjay Singh,kolkata,Books,Novel,3,347.47,10,Credit Card,Delivered
ORD204127,10-10-2025,C2384,Aditya Nair,Bengaluru,Clothing,Hoodie,0,1521.39,0,COD,Delivered
ORD203907,08-03-2025,C2359,Riya Mehta,Chennai,Home & Kitchen  ,Bedsheet Set,2,1337.74,0,Net Banking,Returned
ORD204449,15-09-2025,C2198,Neha Sharma,,Electronics,Bluetooth Speaker,2,2030.31,10,UPI,Delivered
ORD200857,02-11-2025,C2012,Arjun Reddy,AHMEDABAD,Clothing,Hoodie,1,1608.11,5,UPI,Delivered
ORD202513,08-11-2025,C2042,Vikram Sharma,Bengaluru,HOME & KITCHEN,Water Bottle,3,441.33,15,UPI,Delivered
ORD204615,25-05-2025,C1288,Rahul Iyer,Kolkata,Electronics,Wireless Earbuds,3,2561.85,15,Net Banking,Cancelled
ORD202416,15-09-2025,C2068,Karan Iyer,Hyderabad,Books,Novel,4,374.36,20,Credit Card,Delivered
ORD200154,15-12-2025,C1754,Vivaan Das,Chennai,Home & Kitchen,Mixer Grinder,4,3254.82,15,COD,Delivered
ORD201261,16-10-2025,C2188,Vivaan Patel, Delhi ,books,Comics Set,2,819.09,5,COD,Delivered
ORD200955,01-09-2025,C1387,Neha Singh,Bengaluru,Clothing,Cap,2,352.66,0,UPI,Returned
ORD200034,03-05-2025,C1475,Riya Joshi,Bengaluru  ,Home & Kitchen,Mixer Grinder,2,3520.63,15,UPI,Cancelled
ORD200475,09-07-2025,C2277,Diya Sharma,Mumbai,Electronics,Bluetooth Speaker,2,2146.46,10,Debit Card,Delivered
ORD203661,06-20-2025,C1268,Vikram Mehta,Hyderabad,Home & Kitchen,Water Bottle,2,468.48,20,COD,Delivered
ORD204210,26-07-2025,C1894,Sneha Mehta,Delhi,Clothing  ,Hoodie,1,1500.99,5,COD,Delivered
ORD202475,17-10-2025,C1369,Riya Gupta,Mumbai,Electronics,Smartwatch,1,5820.61,0,Credit Card,Delivered
ORD201752,04-10-2025,C2321,Rohan Mehta,Delhi,Clothing,Cotton T-Shirt,2,621.76,20,UPI,Delivered
ORD204642,19-12-2025,C1146,Isha Sharma,Bengaluru,Electronics,Smartwatch,2,6082.41,15,UPI,Delivered
ORD200785,25-11-2025,C1254,Aarav Sharma,Chennai,Electronics,USB-C Cable,4,397.56,0,UPI,Delivered
ORD200061,17-11-2025,C1882,Riya Das,Delhi,HOME & KITCHEN,Air Fryer,1,5019.32,20,Credit Card,Cancelled
ORD200465,04-11-2025,C2198,Neha Sharma, Bengaluru ,Electronics,Power Bank,1,1264.12,0,Credit Card,Delivered
ORD200750,14-07-2025,C2123,Pooja Singh,Hyderabad,Home & Kitchen,Water Bottle,3,443.22,0,Credit Card,Delivered
ORD202393,07-10-2025,C1808,Pooja Gupta,Mumbai,Books,Novel,2,357.48,15,Credit Card,Delivered
ORD202502,03-10-2025,C1125,Riya Sharma,Mumbai,Clothing,Hoodie,1,1513.75,0,COD,Delivered
ORD202323,15-Nov-25,C1812,Pooja Das,DELHI,BOOKS,Novel,3,365.69,0,Net Banking,Delivered
ORD203236,29-04-2025,C1338,Rahul Mehta,Chennai,Home & Kitchen,Cookware Set,3,2788.44,5,UPI,Cancelled
ORD201216,16-10-2025,C1154,Diya Joshi,Hyderabad,Electronics,USB-C Cable,3,386.13,0,UPI,Cancelled
ORD204990,19-09-2025,C2044,Meera Nair,Chennai,Clothing,Cap,1,355.46,0,COD,Delivered
ORD201975,07-03-2025,C1241,Rahul Sharma,Mumbai, Beauty ,Perfume,2,1534.55,0,UPI,Cancelled
ORD204058,25-Sep-25,C2346,Riya Iyer,Bengaluru,Clothing,Running Shoes,2,2919.12,5,Debit Card,Delivered
ORD200183,26-Nov-25,C2342,Ananya Kulkarni,Kolkata,Home & Kitchen,Mixer Grinder,1,3260.4,,COD,Delivered
ORD200695,14-Nov-25,C1161,Karan Singh,BENGALURU,Beauty,Face Wash,1,260.71,10,Credit Card,Delivered
ORD202063,22-02-2025,C1797,Manish Gupta,Mumbai,Books,Novel,1,371.68,10,Credit Card,Delivered
ORD201135,25-07-2025,C1980,Priya Das,Mumbai,Electronics,Smartwatch,1,6138.15,5,UPI,Cancelled
ORD204667,11-11-2025,C1753,Vivaan Gupta,Bengaluru,Electronics,Wireless Earbuds,2,2441.62,5,COD,Returned
ORD202386,29-Aug-25,C1410,Riya Verma,Mumbai,Books,Comics Set,2,802.35,10,Debit Card,Delivered
ORD201769,28-06-2025,C2134,Rahul Patel,Bengaluru,Clothing,Cap,3,337.07,5,COD,Delivered
ORD203848,23-12-2025,C1431,Kavya Sharma,Delhi,Books,Python Handbook,1,712.84,10,UPI,Delivered
ORD204785,11-01-2025,C1696,Manish Das,HYDERABAD,Beauty,Lipstick,4,379.49,0,UPI,Returned
ORD203656,07-02-2025,C1017,Manish Sharma,Delhi,Clothing,Cotton T-Shirt,1,596.25,10,UPI,Returned
ORD203731,16-Jan-25,C1837,Kavya Singh,Hyderabad,Home & Kitchen,Water Bottle,1,457.84,15,Net Banking,Delivered
ORD203039,17-06-2025,C1264,Diya Gupta,Delhi,Electronics,Wireless Earbuds,4,2470.43,0,UPI,Delivered
ORD204568,13-10-2025,C1757,Diya Das,, Electronics ,USB-C Cable,2,417.12,0,Net Banking,Delivered
ORD204573,21-04-2025,C1580,Arjun Singh,Bengaluru,Electronics,Power Bank,1,,0,UPI,Delivered
ORD203768,05-04-2025,C2327,Karan Gupta,Delhi,CLOTHING,Denim Jeans,2,1848.59,0,COD,Cancelled
ORD202007,04-12-2025,C1593,Karan Iyer,Ahmedabad,Beauty,Moisturiser,1,441.41,0,Debit Card,Delivered
ORD203668,07-04-2025,C1238,Ananya Sharma,Pune,Beauty  ,Hair Dryer,2,1457.52,0,UPI,Delivered
ORD204739,08-12-2025,C1780,Aarav Sharma,Ahmedabad,ELECTRONICS,Smartwatch,1,5769.66,15,UPI,Delivered
ORD201575,07-10-2025,C1010,Karan Reddy,Chennai,Electronics,Power Bank,1,1245.37,0,Net Banking,Delivered
ORD201125,21-09-2025,C1799,Aditya Mehta,Pune,Electronics,Bluetooth Speaker,2,2061.77,0,UPI,Delivered
ORD202588,05-06-2025,C1765,Neha Joshi,hyderabad,Beauty,Moisturiser,1,471.38,5,Debit Card,Delivered
ORD200632,06-Sep-25,C1787,Rohan Joshi, Bengaluru ,ELECTRONICS,Wireless Earbuds,2,2466.67,5,Net Banking,Delivered
ORD200537,23-08-2025,C2245,Karan Kulkarni,Pune,Electronics,Bluetooth Speaker,1,2003.64,0,UPI,Delivered
ORD204417,12-12-2025,C1366,Arjun Sharma,Kolkata,Clothing,Running Shoes,3,3121.46,15,Credit Card,Cancelled
ORD201048,11-11-2025,C1644,Priya Sharma,delhi,books,Data Science Primer,3,904.59,0,Credit Card,Delivered
ORD201293,15-11-2025,C1194,Meera Verma,Delhi,Electronics,USB-C Cable,1,386.15,0,Credit Card,Returned
ORD203328,30-Jul-25,C2268,Kavya Joshi,DELHI,Clothing,Denim Jeans,2,1775.42,0,Debit Card,Delivered
ORD204823,16-11-2025,C1373,Arjun Reddy,Delhi,Electronics,Power Bank,1,1396.97,0,Net Banking,Delivered
ORD202873,13-08-2025,C1563,Neha Gupta,AHMEDABAD,electronics,Power Bank,3,1261.38,0,COD,Delivered
ORD200120,29-11-2025,C1614,Neha Gupta,Ahmedabad, Beauty ,Moisturiser,4,470.97,10,Credit Card,Cancelled
ORD204394,21-08-2025,C2093,Diya Reddy,Mumbai,Electronics,Power Bank,2,1311.33,0,Debit Card,Delivered
ORD203148,06-16-2025,C1782,Rohan Singh, Mumbai ,BEAUTY,Lipstick,1,424.39,5,UPI,Returned
ORD200403,17-02-2025,C1605,Priya Joshi,delhi,Home & Kitchen,Air Fryer,4,4967.54,5,Credit Card,Delivered
ORD200181,25-05-2025,C1190,Vikram Iyer,Ahmedabad,Clothing,Hoodie,1,1571.51,20,UPI,Cancelled
ORD204756,27-May-25,C1124,Arjun Sharma,Pune,Clothing,Cap,4,375.83,20,UPI,Delivered
ORD202107,08-08-2025,C2220,Arjun Singh,Delhi,Beauty,Perfume,4,1677.43,0,UPI,Delivered
ORD201053,25-Oct-25,C2074,Vikram Mehta,Bengaluru,Beauty,Moisturiser,1,453.33,0,Credit Card,Delivered
ORD201014,30-10-2025,C1113,Arjun Kulkarni,AHMEDABAD,Electronics,Wireless Earbuds,1,2392.08,5,Credit Card,Delivered
ORD203563,24-12-2025,C1286,Pooja Reddy,Bengaluru,Clothing,Cotton T-Shirt,3,623.56,0,COD,Cancelled
ORD201027,24-Dec-25,C1549,Ananya Singh,Bengaluru  ,Home & Kitchen,Mixer Grinder,1,3206.28,20,Debit Card,Cancelled
ORD204545,01-03-2025,C2054,, Mumbai ,Electronics,USB-C Cable,3,,15,Credit Card,Delivered
ORD201556,12-07-2025,C2352,Aarav Reddy,BENGALURU,Books,Comics Set,3,762.35,0,Credit Card,Cancelled
ORD200269,02-09-2025,C2196,Vivaan Joshi,Pune,ELECTRONICS,USB-C Cable,3,426.87,0,UPI,Cancelled
ORD202804,22-02-2025,C1075,Rohan Patel,HYDERABAD,Home & Kitchen,Air Fryer,1,5196.63,0,Debit Card,Delivered
ORD201938,06-07-2025,C1014,Aditya Das,Chennai,Electronics,Bluetooth Speaker,4,,,UPI,Delivered
ORD202547,09-Jun-25,C1372,Sanjay Nair,Bangalore,Electronics,Power Bank,1,1306.28,5,Net Banking,Delivered
ORD203773,29-11-2025,C2352,Aarav Reddy,Bengaluru,Beauty,Lipstick,4,425.76,5,Net Banking,Returned
ORD203315,29-01-2025,C1316,Neha Iyer,mumbai,Clothing,Hoodie,1,1487.56,5,COD,Delivered
ORD200216,02-12-2025,C1685,Vivaan Sharma,Pune,Electronics,Smartwatch,2,6079.73,0,UPI,Delivered
ORD204024,26-03-2025,C1251,Isha Gupta,Delhi,Electronics  ,Power Bank,1,1325.42,0,UPI,Delivered
ORD203041,31-Oct-25,C2337,Manish Sharma,Pune, Beauty ,Perfume,2,1716.25,20,UPI,Cancelled
ORD200293,29-09-2025,C1646,Aditya Gupta,ahmedabad,Home & Kitchen,Mixer Grinder,2,3254.28,0,Debit Card,Delivered
ORD203233,03-Mar-25,C1697,Manish Gupta,Chennai,Clothing,Running Shoes,3,2933.48,,COD,Delivered
ORD204887,27-08-2025,C1490,Karan Nair,Mumbai,Electronics,Wireless Earbuds,1,2590.5,0,UPI,Returned
ORD200148,25-10-2025,C1789,Aarav Patel,Bengaluru,Home & Kitchen,Mixer Grinder,4,3326.64,20,Credit Card,Returned
ORD201584,03-03-2025,C1898,Aditya Gupta,Bengaluru,Electronics,Wireless Earbuds,1,2674.16,0,UPI,Delivered
ORD204688,09-02-2025,C1942,Pooja Iyer,Delhi,Beauty,Face Wash,1,243.28,0,UPI,Cancelled
ORD204753,11-05-2025,C2013,Vikram Sharma, Mumbai ,Beauty,Perfume,2,1522.88,5,Credit Card,Cancelled
ORD204618,20-Nov-25,C1806,Sanjay Iyer,Bengaluru,Clothing,Cotton T-Shirt,3,608.03,10,UPI,Returned
ORD204317,10-10-2025,C1276,Priya Sharma, Delhi ,beauty,Face Wash,2,256.71,5,Debit Card,Delivered
ORD200583,31-07-2025,C1012,Vikram Joshi,DELHI,Electronics,USB-C Cable,2,381.01,20,Credit Card,Delivered
ORD201111,23-09-2025,C2091,Meera Mehta,Bengaluru,Clothing,Running Shoes,2,2981.22,0,Debit Card,Delivered
ORD201948,19-02-2025,C1569,Sneha Sharma,Bengaluru,Electronics,Bluetooth Speaker,3,,5,UPI,Delivered
ORD204734,19-Oct-25,C1719,Diya Gupta,Ahmedabad,Electronics,Power Bank,1,1373.68,0,UPI,Returned
ORD202455,10-07-2025,C2070,Ananya Patel,Hyderabad,Clothing,Cap,1,332.26,20,Debit Card,Delivered
ORD202472,15-12-2025,C1374,Ananya Mehta,Pune,Beauty,Face Wash,4,262.79,20,,Returned
ORD204684,20-07-2025,C2160,Riya Gupta,Bengaluru,Home & Kitchen,Cookware Set,3,2715.49,,UPI,Delivered
ORD204953,08-03-2025,C1822,Diya Sharma,,Home & Kitchen,Bedsheet Set,1,1384.39,20,Net Banking,Delivered
ORD202887,29-08-2025,C2065,Arjun Kulkarni,Hyderabad,Electronics,Smartwatch,2,6186.92,0,COD,Delivered
ORD201931,07-Jun-25,C1838,Priya Singh,,Electronics,Wireless Earbuds,3,2557.99,0,UPI,Cancelled
ORD204415,16-Aug-25,C1910,Sneha Verma,Mumbai,Clothing,Cotton T-Shirt,1,573.28,0,UPI,Delivered
ORD202823,20-10-2025,C1447,Sanjay Kulkarni,Mumbai,Beauty,Face Wash,1,251.49,15,Debit Card,Delivered
ORD202341,07-06-2025,C1846,Pooja Reddy,Mumbai,Books,Python Handbook,2,741.16,0,UPI,Delivered
ORD203242,21-May-25,C2096,Rahul Das, Mumbai ,Electronics,Wireless Earbuds,4,2385.6,5,Net Banking,Delivered
ORD201113,04-Nov-25,C1335,Isha Mehta,Delhi,Electronics,Power Bank,1,1392.81,0,UPI,Delivered
ORD203909,03-19-2025,C1978,Kavya Verma,Bangalore,Beauty,Face Wash,3,261.9,15,UPI,Returned
ORD204726,24-12-2025,C1486,Vikram Iyer,Bengaluru,Clothing,Running Shoes,1,3020.77,0,UPI,Delivered
ORD200150,22-12-2025,C2153,Vikram Das,Mumbai,Clothing,Cotton T-Shirt,1,606.76,15,UPI,Delivered
ORD201343,11-07-2025,C1475,Riya Joshi,Bengaluru,Clothing,Cap,3,356.64,5,Debit Card,Cancelled
ORD201721,02-11-2025,C2242,Diya Patel,Ahmedabad,Home & Kitchen,Water Bottle,1,459.81,0,Debit Card,Delivered
ORD204874,09-07-2025,C2202,Kavya Mehta,Delhi,Electronics,Power Bank,4,1314.27,10,COD,Returned
ORD202893,14-10-2025,C2333,Manish Verma,bengaluru,Electronics,Bluetooth Speaker,1,2130.78,5,Debit Card,Delivered
ORD201131,20-05-2025,C1031,Ananya Singh,Ahmedabad,Beauty,Moisturiser,4,472.53,0,Net Banking,Returned
ORD204215,02-07-2025,C2381,Rohan Reddy,Chennai,Electronics,Smartwatch,2,6471.64,0,Credit Card,Delivered
ORD204446,25-04-2025,C1316,Neha Iyer,Mumbai,Electronics,Wireless Earbuds,3,0,0,Credit Card,Delivered
ORD200298,17-May-25,C1969,Rahul Joshi,Chennai,Electronics,USB-C Cable,1,401.8,5,Debit Card,Returned
ORD203595,14-09-2025,C1881,Vivaan Verma,Bengaluru,Clothing,Hoodie,1,1460.74,0,Net Banking,Returned
ORD204843,07-05-2025,C2335,Isha Singh,Hyderabad,Electronics,Smartwatch,3,6373.52,15,UPI,Delivered
ORD203515,26-03-2025,C2109,Rohan Sharma,Mumbai,clothing,Cotton T-Shirt,1,594.06,5,Credit Card,Delivered
ORD202538,31-Jul-25,C1930,Vivaan Gupta, Mumbai ,Clothing,Denim Jeans,1,1792.42,0,Net Banking,Cancelled
ORD200491,26-02-2025,C1206,Rahul Patel,Delhi,Electronics,Power Bank,2,1304.95,10,UPI,Returned
ORD204477,16-Nov-25,C1775,Vikram Das,Kolkata, Electronics ,Smartwatch,4,6177.36,15,UPI,Returned
ORD203954,24-May-25,C2039,Rohan Nair,Chennai,Home & Kitchen,Cookware Set,2,3004.68,0,Credit Card,Delivered
ORD200168,27-12-2025,C1303,Manish Iyer,Delhi,Books,Novel,2,,0,UPI,Delivered
ORD203260,11-07-2025,C1999,Manish Kulkarni,Delhi,Clothing,Cotton T-Shirt,1,602.15,0,Debit Card,Cancelled
ORD204310,27-06-2025,C2068,Karan Iyer,Hyderabad,Electronics,Bluetooth Speaker,1,2095.23,15,UPI,Returned
ORD204805,29-12-2025,C1688,Diya Iyer,Delhi,Home & Kitchen,Mixer Grinder,3,3319.55,0,Credit Card,Delivered
ORD200221,20-02-2025,C1208,Riya Iyer,Pune,Beauty,Moisturiser,3,477.67,15,Debit Card,Returned
ORD200164,27-04-2025,C2055,Rahul Kulkarni,Mumbai,Beauty,Moisturiser,1,473.83,10,COD,Delivered
ORD202063,22-02-2025,C1797,Manish Gupta,Mumbai,Books,Novel,1,371.68,10,Credit Card,Delivered
ORD203000,12-09-2025,C1228,Aditya Joshi,DELHI,electronics,Bluetooth Speaker,4,1939.27,15,COD,Returned
ORD201610,16-08-2025,C1161,Karan Singh,Bengaluru,Home & Kitchen,Cookware Set,1,3011.62,0,COD,Returned
ORD202086,25-02-2025,C1313,Pooja Sharma,Hyderabad,Beauty,Face Wash,1,243.78,20,Net Banking,Delivered
ORD202620,06-08-2025,C1899,Priya Gupta,Pune,Electronics,USB-C Cable,1,380.15,10,UPI,Delivered
ORD200244,25-12-2025,C1953,Neha Singh,Ahmedabad,Home & Kitchen,Water Bottle,3,441.4,10,UPI,Delivered
ORD200706,11-12-2025,C2193,Arjun Joshi,Ahmedabad,Clothing,Cap,2,369.86,0,COD,Delivered
ORD203993,28-01-2025,C1180,Ananya Gupta,Mumbai,Clothing,Running Shoes,2,2992.73,20,UPI,Delivered
ORD200356,18-11-2025,C2316,Manish Mehta,Mumbai,Home & Kitchen,Mixer Grinder,4,3312.33,20,Debit Card,Delivered
ORD202115,06-06-2025,C1328,Neha Singh,Chennai,Books,Exam Guide,1,481.13,15,COD,Delivered
ORD203178,04-01-2025,C2088,Neha Sharma,mumbai,Clothing,Running Shoes,3,3046.97,0,COD,Cancelled
ORD203473,11-18-2025,C1437,Vikram Iyer,Chennai,Beauty,Face Wash,0,250000,10,upi,Delivered
ORD201441,02-02-2025,C2037,Kavya Mehta,Pune,Beauty,Lipstick,4,409.05,0,UPI,Delivered
ORD200511,30-10-2025,C1687,Manish Kulkarni,Hyderabad  ,Beauty,Moisturiser,2,481.67,0,UPI,Delivered
ORD203316,31-05-2025,C1333,Ananya Verma,Pune,ELECTRONICS,Power Bank,1,1318,0,Net Banking,Delivered
ORD204325,10-10-2025,C2375,Manish Singh,Mumbai,Clothing,Denim Jeans,1,1872.39,15,UPI,Cancelled
ORD204800,26-10-2025,C2158,Sneha Gupta,,Clothing,Cotton T-Shirt,4,580.7,15,Net Banking,Cancelled
ORD202082,06-11-2025,C1617,Aarav Verma,delhi,Home & Kitchen,Water Bottle,4,449.42,0,COD,Delivered
ORD203374,20-03-2025,C1458,Vikram Nair,Pune,Clothing,Hoodie,4,1427.13,,Net Banking,Cancelled
ORD202219,30-09-2025,C1639,Rohan Reddy,Mumbai,Home & Kitchen,Water Bottle,1,442.92,0,Credit Card,Delivered
ORD201251,13-10-2025,C1082,Neha Patel,,Electronics,Bluetooth Speaker,2,1945.53,10,Debit Card,Delivered
ORD201273,14-11-2025,C1512,Ananya Joshi,Pune,Home & Kitchen,Mixer Grinder,4,3319.46,15,Credit Card,Cancelled
ORD204144,02-07-2025,C1107,Riya Joshi,Ahmedabad,Clothing,Denim Jeans,3,1810.95,10,UPI,Delivered
ORD204727,10-08-2025,C1664,Rohan Reddy,Ahmedabad,Clothing,Cotton T-Shirt,1,617.07,0,UPI,Cancelled
ORD200535,10-08-2025,C1589,Manish Kulkarni,Hyderabad,Beauty,Hair Dryer,1,1472.62,10,Credit Card,Delivered
ORD200650,13-01-2025,C1109,Diya Nair,Hyderabad,Electronics,Wireless Earbuds,2,2534.29,10,Credit Card,Delivered
ORD201820,13-07-2025,C1123,Vivaan Sharma,pune,Electronics,USB-C Cable,4,392.42,0,COD,Delivered
ORD204541,26-11-2025,C1982,Rahul Verma,Delhi,Electronics,Smartwatch,1,6216.75,15,COD,Delivered
ORD200532,02-Jul-25,C1490,Karan Nair,MUMBAI,electronics,Bluetooth Speaker,2,2048.25,0,UPI,Returned
ORD201392,08-06-2025,C2159,Riya Reddy,MUMBAI,Beauty,Face Wash,1,251.45,0,Credit Card,Delivered
ORD202697,23-08-2025,C1662,Rohan Nair,Mumbai,Beauty,Perfume,4,1691.75,15,Credit Card,Delivered
ORD201421,14-05-2025,C1427,Pooja Verma,Pune,Home & Kitchen,Air Fryer,2,4780.67,0,UPI,Delivered
ORD203728,29-Oct-25,C2308,Diya Patel,Chennai,Clothing,Denim Jeans,4,1815.25,15,UPI,Delivered
ORD201130,25-10-2025,C1892,Diya Singh,mumbai,Books,Python Handbook,4,686.27,0,Credit Card,Delivered
ORD200030,21-08-2025,C1293,Manish Reddy,Pune,Books,Python Handbook,1,699.67,0,Credit Card,Delivered
ORD200389,13-12-2025,C1478,,Delhi,Clothing,Cap,1,343.86,20,Credit Card,Delivered
ORD201013,19-11-2025,C2017,Vikram Iyer,Delhi,Electronics,Wireless Earbuds,1,2502.05,15,UPI,Returned
ORD204968,21-Dec-25,C1669,Rahul Verma,Bengaluru,Books,Comics Set,1,847.91,20,Credit Card,Delivered
ORD202001,09-May-25,C2354,Diya Gupta,Mumbai,home & kitchen,Air Fryer,1,,,Credit Card,Returned
ORD204375,27-12-2025,C1123,Vivaan Sharma,Pune,Home & Kitchen,Air Fryer,1,5265.68,0,UPI,Delivered
ORD203045,12-10-2025,C1619,Vivaan Das,Kolkata,Clothing,Running Shoes,3,3119.99,10,UPI,Delivered
ORD203068,25-02-2025,C2326,Diya Das,Bengaluru,Books,Novel,3,347.59,5,UPI,Delivered
ORD203560,29-06-2025,C1528,Priya Gupta,Ahmedabad, Electronics ,Power Bank,2,1338.19,0,COD,Delivered
ORD200058,26-10-2025,C2351,Meera Das,Delhi  ,Books,Exam Guide,4,489.94,5,Net Banking,Delivered
ORD201501,13-12-2025,C1425,Pooja Gupta,Chennai,Home & Kitchen,Cookware Set,2,2807.94,0,Credit Card,Delivered
ORD201290,29-10-2025,C1797,Manish Gupta,Mumbai,Home & Kitchen,Cookware Set,2,2868.44,10,UPI,Returned
ORD203805,01-01-2025,C1454,Sanjay Patel,Bengaluru,Clothing,Cotton T-Shirt,1,632.85,15,UPI,Delivered
ORD201806,16-12-2025,C2123,, Hyderabad ,Electronics,Smartwatch,1,5962.05,0,Debit Card,Delivered
ORD201601,03-11-2025,C1091,Arjun Reddy,Delhi,Beauty,Hair Dryer,3,1501.88,0,Credit Card,Delivered
ORD204866,21-11-2025,C1541,Arjun Kulkarni,Chennai,Beauty,Lipstick,4,396.91,0,UPI,Delivered
ORD204385,03-04-2025,C1334,Pooja Iyer,Hyderabad,CLOTHING,Hoodie,4,1467.8,20,Net Banking,Returned
ORD202499,13-09-2025,C2274,Vivaan Gupta,Delhi,Beauty,Perfume,2,1659.45,5,Credit Card,Delivered
ORD202493,09-10-2025,C1563,Neha Gupta,Ahmedabad,BOOKS,Exam Guide,2,529.63,0,COD,Delivered
ORD202543,26-02-2025,C1660,Vivaan Mehta,Delhi,Clothing,Denim Jeans,3,1827.66,20,Debit Card,Delivered
ORD203453,04-02-2025,C1573,Kavya Patel,Delhi,Beauty,Moisturiser,1,484.38,0,UPI,Delivered
ORD203156,04-11-2025,C1561,Priya Nair,mumbai,Beauty,Hair Dryer,4,1507.54,0,COD,Delivered
ORD204179,13-04-2025,C2272,Isha Nair,Bangalore,Beauty,Lipstick,1,389.09,15,COD,Delivered
ORD204877,26-02-2025,C1953,Neha Singh,Ahmedabad,Electronics,Smartwatch,1,5915.69,10,UPI,Delivered
ORD201084,12-15-2025,C1781,Diya Sharma,delhi,Books,Novel,4,340.6,5,UPI,Returned
ORD202861,21-Jun-25,C2012,Arjun Reddy,ahmedabad,Home & Kitchen,Cookware Set,1,2701.51,0,Credit Card,Returned
ORD201790,07-06-2025,C1171,Manish Reddy,Delhi,Electronics,Wireless Earbuds,4,2384.03,0,UPI,Delivered
ORD201732,19-08-2025,C1868,Rahul Mehta,Pune, Electronics ,Bluetooth Speaker,2,2014.29,0,Net Banking,Delivered
ORD201516,20-02-2025,C1835,Kavya Singh,delhi,Clothing,Cotton T-Shirt,2,600.93,0,Credit Card,Returned
ORD204813,14-02-2025,C1796,Arjun Das,Bengaluru, Beauty ,Lipstick,4,392.34,10,UPI,Delivered
ORD203170,27-11-2025,C1443,Pooja Reddy,Pune,Books,Novel,1,362.68,0,COD,Cancelled
ORD203807,30-11-2025,C2069,Pooja Singh,Delhi,Home & Kitchen,Mixer Grinder,1,3476.38,5,Debit Card,Cancelled
ORD202957,08-28-2025,C1715,Manish Gupta,Mumbai,Beauty,Moisturiser,1,480.67,0,COD,Delivered
ORD201474,20-12-2025,C1925,Aarav Nair,Delhi,Electronics,Smartwatch,1,6126.53,0,UPI,Delivered
ORD200515,24-Feb-25,C1221,Isha Das,Pune, Clothing ,Cotton T-Shirt,2,595.05,20,UPI,Returned
ORD202520,11-Aug-25,C1572,Arjun Sharma,Hyderabad,Beauty,Moisturiser,1,461.88,20,UPI,Returned
ORD203617,18-12-2025,C2376,Karan Sharma,Delhi,Electronics,USB-C Cable,3,,0,Debit Card,Delivered
ORD202530,05-04-2025,C1065,Pooja Gupta,Pune,CLOTHING,Cap,1,350.6,0,UPI,Returned
ORD201328,13-10-2025,C1430,Aarav Gupta,Chennai,Electronics,Smartwatch,2,5795.16,20,COD,Delivered
ORD200615,14-Mar-25,C2308,Diya Patel,Chennai,Home & Kitchen,Air Fryer,1,5047.07,0,COD,Returned
ORD202950,24-02-2025,C2259,Diya Iyer,Chennai,Clothing,Cap,1,358.6,0,UPI,Delivered
ORD202573,26-06-2025,C1174,Pooja Joshi,Mumbai,Home & Kitchen,Bedsheet Set,0,1398.29,10,UPI,Delivered
ORD200862,19-07-2025,C1363,Priya Mehta,Delhi,Electronics,Smartwatch,1,6247.95,0,Debit Card,Cancelled
ORD201010,10-11-2025,C1660,Vivaan Mehta,Delhi,Clothing,Denim Jeans,1,1858.28,0,Net Banking,Delivered
ORD202012,27-05-2025,C1907,Riya Das,Pune,Clothing,Cap,1,363.18,20,Debit Card,Delivered
ORD200321,27-Oct-25,C1310,Isha Singh,Mumbai,Home & Kitchen,Air Fryer,2,5343.65,0,UPI,Delivered
ORD203712,27-07-2025,C1932,Diya Nair,Mumbai,Clothing,Running Shoes,1,2995.17,20,COD,Delivered
ORD200194,20-11-2025,C2383,Aditya Joshi,Delhi,Beauty,Lipstick,2,386.85,0,Credit Card,Delivered
ORD202891,13-06-2025,C1516,Kavya Singh,Kolkata,Electronics,Power Bank,1,1298.16,10,COD,Delivered
ORD201439,20-03-2025,C2161,Neha Kulkarni,Delhi  ,Books,Python Handbook,2,738.86,15,UPI,Returned
ORD200210,24-12-2025,C1853,Manish Mehta,Mumbai,HOME & KITCHEN,Cookware Set,4,2855.12,0,COD,Delivered
ORD204161,20-06-2025,C1573,Kavya Patel,Delhi  ,Home & Kitchen,Water Bottle,1,468.07,20,Net Banking,Cancelled
ORD203631,21-02-2025,C1437,Vikram Iyer,Chennai,Clothing,Running Shoes,1,3148.01,0,UPI,Returned
ORD203517,24-04-2025,C1177,Pooja Reddy,Mumbai,Books,Exam Guide,4,509.19,5,UPI,Cancelled
ORD201874,25-11-2025,C1565,Isha Nair,Bengaluru,Electronics,Bluetooth Speaker,2,2113.4,10,UPI,Cancelled
ORD201615,22-10-2025,C1333,Ananya Verma,Pune,Home & Kitchen,Bedsheet Set,1,1306.99,0,COD,Cancelled
ORD200234,15-10-2025,C2224,Pooja Iyer, Ahmedabad ,Home & Kitchen,Cookware Set,3,2691.66,0,UPI,Returned
ORD200546,20-02-2025,C1261,Aditya Nair,Mumbai,Beauty,Face Wash,1,259.49,10,Credit Card,Delivered
ORD203604,17-06-2025,C2007,Karan Das,Chennai,Beauty,Lipstick,1,422.01,5,UPI,Cancelled
ORD202761,13-10-2025,C1312,Aarav Joshi,hyderabad,electronics,Smartwatch,1,6084.57,0,Credit Card,Delivered
ORD202119,08-03-2025,C1567,Sneha Sharma,Pune,Books,Comics Set,1,761.82,0,Credit Card,Cancelled
ORD203031,18-01-2025,C1338,Rahul Mehta,Chennai, Clothing ,Cotton T-Shirt,4,591.27,5,UPI,Delivered
ORD202921,29-03-2025,C1377,Kavya Das,mumbai, Electronics ,Bluetooth Speaker,4,2133.82,0,UPI,Delivered
ORD202525,26-08-2025,C2348,Rohan Kulkarni,HYDERABAD,Home & Kitchen,Water Bottle,4,437.41,0,Credit Card,Cancelled
ORD200126,19-10-2025,C1845,Diya Reddy,PUNE, Clothing ,Running Shoes,2,3172.38,20,UPI,Returned
ORD204681,25-10-2025,C2072,Vivaan Nair,Delhi,Books,Novel,2,337.74,0,Credit Card,Delivered
ORD204276,01-08-2025,C2069,Pooja Singh,Delhi,Home & Kitchen,Cookware Set,2,2801.09,0,UPI,Cancelled
ORD201511,26-10-2025,C1279,Karan Patel,Kolkata,Electronics,Bluetooth Speaker,1,1900.31,0,UPI,Delivered
ORD202078,26-Oct-25,C2197,Sanjay Das,Bengaluru  ,Electronics,Wireless Earbuds,3,2439.48,0,UPI,Delivered
ORD203684,20-Apr-25,C2011,Aditya Joshi,DELHI,Clothing,Running Shoes,1,2979.33,0,Credit Card,Delivered
ORD204781,28-08-2025,C2075,Sanjay Sharma,Bangalore,Clothing,Hoodie,3,1499.41,20,COD,Delivered
ORD203277,10-11-2025,C1468,Aarav Kulkarni,Mumbai,Home & Kitchen,Cookware Set,1,2990.92,0,UPI,Delivered
ORD203733,30-10-2025,C1468,Aarav Kulkarni,Mumbai,Beauty,Lipstick,1,426.44,15,Debit Card,Delivered
ORD204401,09-01-2025,C1572,Arjun Sharma,Hyderabad,Beauty,Face Wash,3,259.72,5,Credit Card,Delivered
ORD200867,06-08-2025,C1708,Isha Mehta,Bengaluru,Electronics,Power Bank,1,1275.33,10,UPI,Delivered
ORD200760,16-11-2025,C2226,Aditya Reddy,Hyderabad,Electronics,Power Bank,2,1271.31,0,UPI,Delivered
ORD200788,16-Nov-25,C1668,Aditya Das,Delhi,Books,Data Science Primer,1,880.36,0,UPI,Delivered
ORD202886,28-01-2025,C1448,Sneha Mehta,Hyderabad,ELECTRONICS,USB-C Cable,1,395.38,0,UPI,Returned
ORD200466,11-06-2025,C1765,Neha Joshi,Hyderabad,Home & Kitchen,Air Fryer,1,5086.14,10,COD,Delivered
ORD200840,04-Jun-25,C1418,Manish Gupta,,Electronics,Power Bank,4,1262.03,10,COD,Delivered
ORD201754,29-09-2025,C1244,Rahul Verma,Delhi,Electronics,Smartwatch,3,5920.25,15,COD,Delivered
ORD200455,05-Feb-25,C1357,Neha Verma,Hyderabad,Clothing,Cap,3,348.98,0,Debit Card,Delivered
ORD201852,08-08-2025,C1506,Ananya Mehta,Bengaluru,Electronics,Wireless Earbuds,1,2507.29,10,Credit Card,Delivered
ORD200989,09-08-2025,C1994,Karan Verma,Bengaluru,Beauty,Hair Dryer,500,1509.73,15,COD,Returned
ORD201151,04-01-2025,C1698,Sneha Singh,Kolkata,Electronics,Bluetooth Speaker,2,2048.45,20,UPI,Returned
ORD202152,26-04-2025,C1511,Rohan Kulkarni,,Home & Kitchen,Mixer Grinder,2,3552.9,20,UPI,Returned
ORD201209,05-Oct-25,C1092,Sanjay Reddy,Pune,Home & Kitchen,Cookware Set,2,2788.7,,Debit Card,Delivered
ORD201459,06-20-2025,C1371,Karan Joshi,Kolkata,Home & Kitchen,Water Bottle,1,466.46,0,Credit Card,Delivered
ORD203032,13-08-2025,C2240,Aditya Joshi,Bengaluru,Electronics,Wireless Earbuds,4,2633.57,0,Debit Card,Cancelled
ORD201729,10-Mar-25,C1700,Priya Das,Kolkata,Clothing,Cotton T-Shirt,1,600.36,10,UPI,Delivered
ORD200710,19-11-2025,C1612,Neha Verma,Ahmedabad,Beauty,Moisturiser,1,480.25,10,COD,Returned
ORD200270,01-07-2025,C1679,Aditya Patel,KOLKATA,Home & Kitchen,Mixer Grinder,2,3285.66,5,Credit Card,Delivered
ORD203938,22-09-2025,C1241,Rahul Sharma,Mumbai,Home & Kitchen,Water Bottle,1,463.66,10,Net Banking,Returned
ORD202298,15-12-2025,C1825,Manish Joshi,Bengaluru,electronics,Smartwatch,4,6400.49,5,Credit Card,Delivered
ORD203717,03-08-2025,C1695,Aarav Gupta,Chennai,ELECTRONICS,Power Bank,2,1331.07,0,Net Banking,Returned
ORD201088,12-05-2025,C1608,Rohan Singh,mumbai,Beauty,Perfume,1,1579.72,10,COD,Returned
ORD204837,12-06-2025,C1685,Vivaan Sharma,PUNE,Books,Data Science Primer,1,867.83,0,Credit Card,Delivered
ORD200197,13-Apr-25,C1856,Diya Kulkarni,Delhi,Electronics,Power Bank,4,1333.03,0,UPI,Delivered
ORD201243,10-11-2025,C1215,Isha Kulkarni, Mumbai ,Home & Kitchen,Bedsheet Set,1,1264.61,5,Net Banking,Cancelled
ORD203562,04-11-2025,C1910,Sneha Verma,Mumbai,HOME & KITCHEN,Water Bottle,4,462.63,5,UPI,Delivered
ORD203985,20-07-2025,C1022,Priya Patel,Mumbai,Home & Kitchen,Mixer Grinder,1,3541.8,0,Debit Card,Cancelled
ORD202211,11-Jan-25,C1985,Neha Singh,PUNE,Home & Kitchen,Mixer Grinder,4,3532.94,5,COD,Cancelled
ORD201167,21-03-2025,C1905,Pooja Joshi,pune,Books,Python Handbook,1,731.69,0,Net Banking,Delivered
ORD200481,30-Mar-25,C1812,Pooja Das,Delhi,Home & Kitchen,Water Bottle,2,457.62,0,,Delivered
ORD203813,20-09-2025,C1407,Karan Kulkarni,delhi,Home & Kitchen,Mixer Grinder,1,3262.41,5,Credit Card,Delivered
ORD204164,17-Nov-25,C1718,Aditya Das, Delhi ,Books,Data Science Primer,1,937.04,15,COD,Delivered
ORD200593,15-12-2025,C1723,Neha Iyer,Delhi,Clothing,Hoodie,2,1498.23,10,Net Banking,Returned
ORD200768,07-11-2025,C2195,Aarav Nair,Hyderabad,Beauty,Face Wash,1,263.71,0,UPI,Delivered
ORD202087,21-12-2025,C1986,Meera Verma,Delhi,Home & Kitchen,Cookware Set,1,2696.82,0,UPI,Delivered
ORD201604,01-05-2025,C2127,Vivaan Iyer,Bangalore,Clothing,Cotton T-Shirt,2,594.65,0,UPI,Delivered
ORD201493,11-05-2025,C1984,Ananya Iyer,Kolkata,Clothing,Denim Jeans,1,1826.44,0,COD,Delivered
ORD203059,18-05-2025,C1447,Sanjay Kulkarni,, Electronics ,Bluetooth Speaker,1,1990.13,15,Credit Card,Delivered
ORD202147,22-11-2025,C1404,Ananya Das,Delhi,Beauty,Moisturiser,1,460.97,5,Debit Card,Delivered
ORD201341,02-12-2025,C1244,Rahul Verma,Delhi,Home & Kitchen  ,Water Bottle,1,434.06,10,Net Banking,Returned
ORD203702,24-02-2025,C1570,Kavya Gupta,Kolkata,Electronics,Smartwatch,3,5931.71,0,UPI,Returned
ORD204890,08-29-2025,C2181,Riya Verma,kolkata,Clothing,Cotton T-Shirt,2,634.2,0,UPI,Cancelled
ORD203573,01-Jul-25,C1547,Isha Joshi,Mumbai,Books,Data Science Primer,1,858.78,10,Credit Card,Delivered
ORD204219,05-02-2025,C1025,Priya Singh,Hyderabad,Clothing,Cotton T-Shirt,2,581.08,20,Debit Card,Delivered
ORD202506,03-03-2025,C1811,Ananya Sharma,Delhi,Beauty,Perfume,4,1609.14,0,COD,Returned
ORD201412,24-01-2025,C1544,Neha Verma,,Electronics,Power Bank,1,1370.81,15,Credit Card,Delivered
ORD204989,30-07-2025,C1422,Sneha Verma,Chennai,Electronics,USB-C Cable,2,405.08,10,Credit Card,Cancelled
ORD200885,24-06-2025,C1822,Diya Sharma,Pune,Books,Comics Set,2,760.29,0,,Delivered
ORD204500,03-01-2025,C1554,Rohan Das,Chennai,Books,Comics Set,2,783.84,5,UPI,Cancelled
ORD200990,27-10-2025,C1293,Manish Reddy,Pune,Clothing,Running Shoes,3,2940.46,0,UPI,Delivered
ORD202343,21-Mar-25,C1319,Kavya Kulkarni,Delhi,Beauty,Face Wash,1,244.66,,COD,Cancelled
ORD203249,01-08-2025,C1551,Vikram Reddy,Bengaluru,home & kitchen,Cookware Set,1,2674.61,150,COD,Delivered
ORD203215,09-02-2025,C2262,Ananya Nair,Pune,Electronics,USB-C Cable,2,408.15,5,UPI,Delivered
ORD201403,29-06-2025,C1064,Rahul Nair,BENGALURU,Clothing,Denim Jeans,2,1910.76,0,UPI,Delivered
ORD200562,03-04-2025,C1201,Meera Verma,MUMBAI,Electronics,USB-C Cable,2,386.16,20,Debit Card,Delivered
ORD200266,23-07-2025,C1726,Sanjay Singh,Kolkata,CLOTHING,Running Shoes,1,3163.5,15,Net Banking,Delivered
ORD200177,21-04-2025,C2092,Sanjay Nair,Pune,beauty,Hair Dryer,1,1540.64,15,Net Banking,Delivered
ORD204706,11-08-2025,C1867,Diya Iyer, Bengaluru ,Clothing  ,Hoodie,2,1589.88,10,UPI,Returned
ORD204204,03-11-2025,C1920,Isha Mehta,Hyderabad,Clothing,Denim Jeans,1,1743.44,15,Debit Card,Delivered
ORD201369,12-07-2025,C2036,Meera Reddy,Chennai,Electronics,Wireless Earbuds,1,2660.5,0,COD,Cancelled
ORD203411,27-11-2025,C1177,Pooja Reddy, Mumbai ,Clothing,Running Shoes,2,2874.64,20,Credit Card,Returned
ORD201690,15-01-2025,C1298,Ananya Gupta,Kolkata,Electronics  ,Smartwatch,1,5828.12,10,Net Banking,Returned
ORD201389,28-03-2025,C1015,Aarav Kulkarni, Hyderabad ,electronics,Bluetooth Speaker,1,1981.23,10,Credit Card,Delivered
ORD201847,25-11-2025,C2020,Karan Gupta,Delhi,Beauty,Face Wash,1,260.77,0,UPI,Returned
ORD200076,03-06-2025,C1958,Meera Das,Bengaluru,Clothing,Cap,2,342.22,10,UPI,Returned
ORD202433,16-01-2025,C1700,Priya Das,Kolkata,Clothing,Denim Jeans,4,1815.89,0,Credit Card,Cancelled
ORD200683,04-Jan-25,C1316,Neha Iyer,Mumbai,Home & Kitchen,Bedsheet Set,2,1341.84,10,Net Banking,Delivered
ORD203553,12-07-2025,C1953,Neha Singh,Ahmedabad,Clothing,Cap,1,345.77,15,UPI,Delivered
ORD204235,03-05-2025,C1252,Arjun Sharma, Kolkata ,Clothing,Running Shoes,1,3223.02,15,Credit Card,Delivered
ORD200675,02-11-2025,C1919,Arjun Kulkarni,Bangalore,Home & Kitchen,Mixer Grinder,1,3472.98,0,Credit Card,Returned
ORD201968,02-02-2025,C1967,Aditya Iyer,Chennai,Electronics,Power Bank,2,1379.96,10,Credit Card,Returned
ORD201826,10-07-2025,C1920,Isha Mehta,Hyderabad,Home & Kitchen,Water Bottle,2,452.03,10,Debit Card,Delivered
ORD202504,12-11-2025,C2191,Rahul Sharma, Hyderabad ,Home & Kitchen,Water Bottle,1,478.88,5,Debit Card,Delivered
ORD204797,10-11-2025,C1327,Manish Kulkarni,Kolkata,Beauty,Face Wash,0,252.48,5,COD,Delivered
ORD201001,18-10-2025,C1622,Meera Gupta,MUMBAI,Electronics,Bluetooth Speaker,1,1939.87,0,COD,Delivered
ORD200027,01-04-2025,C1960,Sneha Verma,Chennai,Beauty,Lipstick,1,408.43,0,Credit Card,Cancelled
ORD203400,15-05-2025,C1303,Manish Iyer,Delhi  ,Beauty,Moisturiser,3,465.43,5,UPI,Cancelled
ORD203210,09-01-2025,C1895,Aditya Iyer,Hyderabad,Electronics,Bluetooth Speaker,1,2062.52,5,UPI,Delivered
ORD204760,25-Mar-25,C2001,Arjun Joshi,Chennai, Beauty ,Face Wash,3,267.22,5,UPI,Delivered
ORD200517,10-06-2025,C1514,Sneha Mehta, Ahmedabad ,CLOTHING,Hoodie,1,1510.5,0,UPI,Returned
ORD200300,06-07-2025,C1095,Vikram Joshi,Chennai,Electronics,Smartwatch,1,5802.64,5,COD,Delivered
ORD204277,20-05-2025,C2334,Riya Singh,Kolkata,Electronics,Smartwatch,3,5731.29,0,UPI,Delivered
ORD200402,27-Feb-25,C2067,Rohan Reddy, Delhi ,Electronics,Smartwatch,1,5959.34,0,COD,Delivered
ORD201841,30-Oct-25,C2019,Rahul Joshi,Mumbai,Beauty,Lipstick,2,412.97,5,UPI,Delivered
ORD200654,04-07-2025,C2120,Aditya Verma,Kolkata,Beauty,Lipstick,3,402.15,15,Credit Card,Delivered
ORD204347,04-08-2025,C1713,Rahul Nair,Mumbai,Home & Kitchen,Water Bottle,1,450.73,0,UPI,Cancelled
ORD204129,23-02-2025,C1555,Sneha Kulkarni,Mumbai, Clothing ,Cotton T-Shirt,2,594.65,0,Credit Card,Delivered
ORD201190,23-08-2025,C1802,Rahul Gupta,Chennai,Books,Novel,1,347.78,5,Credit Card,Delivered
ORD202320,09-12-2025,C1621,Diya Verma,Bengaluru,BEAUTY,Lipstick,2,380.28,15,COD,Delivered
ORD202359,01-02-2025,C1000,Rahul Kulkarni,Kolkata,Clothing,Cap,2,357.67,0,UPI,Delivered
ORD201822,25-12-2025,C1703,Vikram Das,Mumbai,Clothing,Running Shoes,3,3064.82,5,Net Banking,Returned
ORD202766,08-03-2025,C1095,,Chennai,Electronics,USB-C Cable,4,395.81,0,UPI,Delivered
ORD203634,13-09-2025,C2209,Arjun Verma,Bengaluru,Home & Kitchen,Mixer Grinder,1,3341.34,0,Debit Card,Returned
ORD204357,27-07-2025,C1564,Aarav Reddy,Bengaluru,Beauty,Hair Dryer,2,1500.9,0,UPI,Delivered
ORD201324,28-10-2025,C1430,Aarav Gupta, Chennai ,Beauty,Face Wash,4,249.71,10,COD,Delivered
ORD203707,14-04-2025,C2351,Meera Das, Delhi ,Home & Kitchen,Water Bottle,1,464.51,0,Credit Card,Delivered
ORD200045,14-03-2025,C1690,Kavya Singh,Delhi,Clothing,Running Shoes,2,3137.82,20,Net Banking,Returned
ORD201787,30-11-2025,C1083,Pooja Singh,Ahmedabad,Electronics,Bluetooth Speaker,1,2109.52,15,Net Banking,Delivered
ORD204174,10-11-2025,C1796,Arjun Das,Bengaluru, Clothing ,Cotton T-Shirt,1,637.24,0,COD,Delivered
ORD202133,19-05-2025,C1937,Manish Mehta,Hyderabad,Electronics,Power Bank,1,1275.39,5,UPI,Delivered
ORD203434,23-Nov-25,C1542,Aarav Das,chennai, Electronics ,USB-C Cable,1,409.3,0,Credit Card,Delivered
ORD201743,29-10-2025,C1585,Rahul Iyer,Bengaluru,Electronics,USB-C Cable,4,430.19,10,Credit Card,Delivered
ORD202123,27-02-2025,C1689,Riya Mehta,Kolkata,Beauty,Hair Dryer,1,1425.5,10,UPI,Returned
ORD200477,31-05-2025,C1675,Priya Singh,Mumbai,Clothing,Cap,2,336.71,10,UPI,Delivered
ORD200097,11-10-2025,C1430,Aarav Gupta,Chennai,Electronics,Smartwatch,4,,5,UPI,Returned
ORD204444,01-01-2025,C2221,Pooja Mehta,Pune,Books,Python Handbook,-1,709.17,20,,Delivered
ORD201495,26-01-2025,C1246,Vivaan Nair,Bengaluru,Home & Kitchen,Water Bottle,1,440.73,0,UPI,Cancelled
ORD203445,01-09-2025,C1429,Sneha Sharma,Chennai,Books,Comics Set,2,807.39,5,UPI,Cancelled
ORD201536,23-Oct-25,C1936,Vivaan Iyer,Bengaluru,Books,Novel,1,339.99,0,UPI,Delivered
ORD202564,17-07-2025,C1756,Manish Kulkarni,MUMBAI,CLOTHING,Cotton T-Shirt,1,594.74,10,UPI,Delivered
ORD201726,13-06-2025,C1224,Sneha Reddy,Mumbai  ,Beauty,Hair Dryer,1,1577.03,0,Credit Card,Delivered
ORD204419,13-05-2025,C1294,Aarav Nair,Kolkata,Beauty,Lipstick,1,426.29,15,UPI,Returned
ORD201052,12-08-2025,C1454,Sanjay Patel,BENGALURU,Clothing,Cotton T-Shirt,1,603.38,20,UPI,Delivered
ORD202053,17-12-2025,C2227,Diya Singh,Hyderabad, Clothing ,Hoodie,1,,0,Credit Card,Delivered
ORD204583,28-07-2025,C2009,Aarav Mehta,Mumbai,Electronics,Power Bank,3,1344.27,0,UPI,Delivered
ORD200093,20-09-2025,C1612,Neha Verma,Ahmedabad,Clothing,Denim Jeans,1,1808.08,5,Debit Card,Returned
ORD202139,19-07-2025,C1463,Manish Joshi,Hyderabad,Beauty,Lipstick,1,400.61,0,COD,Delivered
ORD202800,30-Aug-25,C1167,Pooja Singh,Delhi,Electronics,Bluetooth Speaker,1,2057.08,0,Net Banking,Delivered
ORD204490,05-07-2025,C1277,Rahul Singh,Delhi,Clothing,Running Shoes,3,3013.48,0,Credit Card,Delivered
ORD204625,01-06-2025,C2210,Aditya Joshi,Hyderabad,Clothing,Running Shoes,2,250000,0,COD,Delivered
ORD201706,12-09-2025,C1553,Sanjay Nair,Ahmedabad,books,Exam Guide,3,475.48,0,UPI,Delivered
ORD201164,21-08-2025,C2118,Rohan Das,chennai,HOME & KITCHEN,Cookware Set,2,2691.22,10,Credit Card,Returned
ORD200398,08-03-2025,C1746,Isha Iyer,Delhi,Home & Kitchen,Air Fryer,1,5153.82,0,UPI,Delivered
ORD200222,08-02-2025,C1620,Sanjay Patel,Bengaluru,Electronics,Smartwatch,1,,,Net Banking,Delivered
ORD200302,03-May-25,C1287,Manish Patel,Mumbai,Electronics,USB-C Cable,1,421.51,20,Credit Card,Delivered
ORD200087,15-02-2025,C1941,Manish Gupta,Mumbai,Electronics,Power Bank,1,1299.33,0,Debit Card,Cancelled
ORD201008,16-07-2025,C1857,Sneha Joshi,Chennai,Books,Comics Set,1,816.03,0,UPI,Cancelled
ORD201371,04-09-2025,C2342,Ananya Kulkarni,Kolkata,Books,Python Handbook,2,671.89,10,UPI,Delivered
ORD204609,03-03-2025,C1551,Vikram Reddy, Bengaluru ,electronics,Bluetooth Speaker,1,2009.08,0,Net Banking,Returned
ORD200588,07-11-2025,C1888,Aditya Gupta,Mumbai,CLOTHING,Cotton T-Shirt,2,635.98,0,Credit Card,Returned
ORD203540,17-08-2025,C1971,Pooja Sharma,Delhi,Beauty,Hair Dryer,3,1488.38,5,Debit Card,Delivered
ORD202207,10-06-2025,C1781,Diya Sharma,,Clothing,Hoodie,4,1567,0,UPI,Cancelled
ORD204292,15-08-2025,C1335,Isha Mehta,Delhi,Beauty,Face Wash,1,260.75,15,UPI,Delivered
ORD201358,27-05-2025,C2310,Vivaan Iyer,Delhi,Home & Kitchen,Mixer Grinder,4,3560.43,15,Debit Card,Cancelled
ORD203107,06-04-2025,C2160,Riya Gupta,Bengaluru,Books,Comics Set,2,765.4,0,Debit Card,Returned
ORD204259,08-10-2025,C1270,Priya Singh, Kolkata ,clothing,Running Shoes,3,,0,Debit Card,Delivered
ORD203029,11-02-2025,C2147,Sneha Reddy, Bengaluru ,Electronics,Smartwatch,1,6235.51,0,Net Banking,Delivered
ORD201710,01-04-2025,C1372,Sanjay Nair,Mumbai,Electronics,Bluetooth Speaker,3,1973.94,0,COD,Delivered
ORD204246,25-01-2025,C1436,Vikram Patel,Ahmedabad,Beauty,Hair Dryer,2,1596.77,5,UPI,Cancelled
ORD204258,26-07-2025,C1572,Arjun Sharma,Hyderabad,Beauty,Moisturiser,4,444.7,5,Credit Card,Delivered
ORD201109,20-10-2025,C1274,Manish Kulkarni,Hyderabad,ELECTRONICS,Bluetooth Speaker,2,1903.79,10,COD,Delivered
ORD201375,30-05-2025,C1612,Neha Verma,Ahmedabad,Books,Data Science Primer,1,886.79,0,COD,Returned
ORD203077,06-20-2025,C1816,Pooja Nair,Bengaluru,clothing,Cotton T-Shirt,2,638.01,0,Credit Card,Delivered
ORD200587,06-02-2025,C1955,Rahul Mehta, Delhi , Electronics ,Smartwatch,3,5895.57,5,Credit Card,Delivered
ORD200211,31-03-2025,C1652,Sanjay Joshi,Mumbai,Beauty,Lipstick,1,0,5,UPI,Delivered
ORD201548,08-06-2025,C2139,Rahul Kulkarni,Bengaluru,Clothing,Hoodie,1,1506.38,0,UPI,Delivered
ORD201200,11-11-2025,C2094,Karan Kulkarni,Bengaluru,Clothing,Cap,2,355.45,0,UPI,Delivered
ORD203020,19-02-2025,C1354,Kavya Reddy,Mumbai,Electronics,USB-C Cable,1,426.87,0,Credit Card,Delivered
ORD201406,07-10-2025,C2258,Pooja Singh,Mumbai,Clothing,Hoodie,3,1447.26,20,Credit Card,Delivered
ORD202605,24-08-2025,C1005,Kavya Verma,Ahmedabad,Beauty,Moisturiser,0,446.61,0,Net Banking,Cancelled
ORD202841,20-03-2025,C1182,Rahul Singh,Mumbai,Clothing,Denim Jeans,2,1796.61,5,Debit Card,Cancelled
ORD201481,29-04-2025,C1548,Arjun Kulkarni,Ahmedabad,Beauty,Lipstick,1,405.64,0,UPI,Delivered
ORD204331,04-12-2025,C1036,Diya Patel,Delhi,CLOTHING,Running Shoes,1,3222.52,0,UPI,Delivered
ORD204468,12-10-2025,C2281,Kavya Iyer,Mumbai,Clothing,Cap,2,335.77,0,Credit Card,Cancelled
ORD201072,22-05-2025,C2026,Manish Nair,Hyderabad,ELECTRONICS,Bluetooth Speaker,1,2126.09,0,COD,Delivered
ORD202296,01-02-2025,C1946,Rahul Das,hyderabad,Beauty,Moisturiser,1,469.8,0,UPI,Delivered
ORD204055,15-Apr-25,C2104,Meera Gupta,Bengaluru,ELECTRONICS,Smartwatch,2,6164.96,15,UPI,Cancelled
ORD201685,07-29-2025,C1742,Isha Gupta,Pune,Beauty,Lipstick,2,393.88,0,Debit Card,Delivered
ORD201443,01-03-2025,C1267,Diya Verma,ahmedabad,Books,Python Handbook,4,719.8,0,Credit Card,Cancelled
ORD204519,11-04-2025,C2226,Aditya Reddy,Hyderabad,Home & Kitchen,Cookware Set,1,3010.49,0,COD,Delivered
ORD200265,02-10-2025,C1873,Rahul Sharma,CHENNAI, Home & Kitchen ,Mixer Grinder,2,3177.64,0,UPI,Delivered
ORD203981,03-01-2025,C1441,Vikram Gupta,Chennai,Beauty,Lipstick,2,428.16,5,Debit Card,Returned
ORD201783,13-06-2025,C1043,Neha Das,Bengaluru,Home & Kitchen,Bedsheet Set,3,1279.98,10,Debit Card,Returned
ORD204418,18-Sep-25,C1720,Karan Reddy,,Clothing,Denim Jeans,1,1894.55,0,COD,Returned
ORD201881,25-Jun-25,C1954,Riya Patel,Kolkata,Clothing,Cotton T-Shirt,2,624.1,10,UPI,Delivered
ORD201465,26-Sep-25,C1986,Meera Verma,Delhi,clothing,Cap,2,370.5,0,UPI,Delivered
ORD204079,14-Oct-25,C1380,Rohan Mehta,Bengaluru,Beauty,Lipstick,2,396.46,15,COD,Delivered
ORD201195,08-08-2025,C1287,Manish Patel,Mumbai,Beauty,Moisturiser,2,,15,UPI,Returned
ORD203120,23-12-2025,C1393,Ananya Verma,Mumbai,Clothing,Hoodie,1,1430.6,10,Debit Card,Delivered
ORD201598,29-08-2025,C2174,Riya Joshi,Ahmedabad,Home & Kitchen,Air Fryer,2,4804.8,10,UPI,Delivered
ORD200459,28-11-2025,C1356,Vikram Iyer,Mumbai,Beauty,Perfume,-1,1535.37,20,Credit Card,Returned
ORD201252,19-09-2025,C1575,Pooja Gupta,Chennai,Beauty,Moisturiser,4,435.49,0,Net Banking,Delivered
ORD200414,23-09-2025,C2295,Priya Patel,Mumbai,Electronics,USB-C Cable,4,407.23,20,Net Banking,Delivered
ORD201703,30-Dec-25,C1224,Sneha Reddy,,Clothing,Cotton T-Shirt,4,583.44,5,UPI,Delivered
ORD204578,13-05-2025,C1489,Sanjay Sharma,Hyderabad,home & kitchen,Cookware Set,2,2747.56,10,Credit Card,Cancelled
ORD204177,16-06-2025,C2249,Aditya Singh,Mumbai,Electronics,USB-C Cable,4,415.3,,UPI,Delivered
ORD201748,12-12-2025,C1891,Vivaan Singh,Ahmedabad  ,Clothing,Cap,1,363.16,15,Debit Card,Delivered
ORD202047,11-06-2025,C1386,Ananya Iyer,Delhi,Electronics,Smartwatch,1,6080.27,0,UPI,Returned
ORD204338,08-04-2025,C1248,Aarav Gupta, Pune ,Electronics,USB-C Cable,2,416.04,0,Net Banking,Returned
ORD203543,13-07-2025,C1139,Meera Joshi,Bengaluru,Clothing,Hoodie,1,,20,Credit Card,Cancelled
ORD200676,19-11-2025,C1675,Priya Singh,Mumbai,Electronics,Bluetooth Speaker,3,1974.37,0,COD,Delivered
ORD203520,15-11-2025,C1658,Priya Joshi,Pune,Beauty,Face Wash,1,253.11,10,UPI,Delivered
ORD201978,24-11-2025,C2136,Sanjay Das,Bengaluru,Beauty,Moisturiser,3,468.37,15,COD,Delivered
ORD201098,01-11-2025,C2169,Aditya Verma,Delhi,Clothing,Running Shoes,1,2957.43,0,UPI,Delivered
ORD203444,21-12-2025,C2027,Meera Gupta,Hyderabad,Electronics,Power Bank,1,1298.36,10,UPI,Delivered
ORD204398,23-03-2025,C1546,Pooja Verma,Hyderabad,Clothing,Cap,1,334.89,20,UPI,Returned
ORD203457,10-12-2025,C2315,Rohan Kulkarni,Bengaluru,Electronics,Smartwatch,4,5816.01,20,Debit Card,Cancelled
ORD204033,14-07-2025,C1372,Sanjay Nair, Mumbai ,beauty,Face Wash,2,265.32,0,UPI,Delivered
ORD204564,09-09-2025,C1024,Aarav Gupta,Hyderabad,Electronics,Smartwatch,3,5766.46,0,Net Banking,Delivered
ORD201061,03-12-2025,C1937,Manish Mehta,Hyderabad,Beauty,Perfume,1,1538.69,0,Credit Card,Delivered
ORD203546,07-11-2025,C1038,Meera Joshi,Ahmedabad,Electronics,Power Bank,1,1344.73,0,UPI,Cancelled
ORD202589,14-07-2025,C2114,Aditya Joshi,Pune,Home & Kitchen,Water Bottle,1,475.2,0,Debit Card,Returned
ORD202096,01-06-2025,C1887,Pooja Joshi,Bengaluru,Clothing,Hoodie,2,1526.77,10,Credit Card,Delivered
ORD204503,26-12-2025,C1660,Vivaan Mehta, Delhi ,Home & Kitchen  ,Air Fryer,1,4875.22,10,Debit Card,Delivered
ORD200208,21-10-2025,C1976,Riya Singh,Bengaluru,Clothing,Hoodie,1,1547.48,0,Credit Card,Delivered
ORD201165,06-02-2025,C1865,Rohan Sharma,Mumbai, Clothing ,Cotton T-Shirt,1,593.76,10,UPI,Delivered
ORD200263,02-11-2025,C2060,Arjun Singh,bengaluru, Electronics ,USB-C Cable,3,406.15,5,Net Banking,Delivered
ORD203559,14-11-2025,C1828,Pooja Das,Pune,ELECTRONICS,USB-C Cable,1,423.82,10,Debit Card,Delivered
ORD204659,28-03-2025,C1494,Ananya Kulkarni,Mumbai,Books,Data Science Primer,1,874.77,10,Net Banking,Cancelled
ORD201170,06-29-2025,C1222,Aarav Mehta,Kolkata,Home & Kitchen,Mixer Grinder,4,3251.74,20,Debit Card,Delivered
ORD202754,09-09-2025,C1305,Priya Mehta,Bengaluru,ELECTRONICS,Power Bank,1,1370.86,0,COD,Delivered
ORD203160,03-09-2025,C1611,Sneha Sharma,Hyderabad,Electronics,Bluetooth Speaker,2,1954.11,10,UPI,Delivered
ORD204586,17-07-2025,C1613,Manish Reddy,Delhi,Home & Kitchen,Bedsheet Set,4,1320.07,0,UPI,Cancelled
ORD202698,16-11-2025,C1753,Vivaan Gupta,Bengaluru, Books ,Comics Set,1,818.01,10,Credit Card,Delivered
ORD201483,03-05-2025,C1162,Riya Verma,Delhi,Home & Kitchen,Mixer Grinder,3,3427.04,15,UPI,Cancelled
ORD204169,13-12-2025,C1268,Vikram Mehta,Hyderabad,Clothing,Hoodie,3,1508.91,20,Debit Card,Delivered
ORD202956,24-01-2025,C2088,Neha Sharma, Mumbai ,Clothing,Cotton T-Shirt,2,596.58,,Credit Card,Cancelled
ORD202816,11-10-2025,C1652,Sanjay Joshi,Mumbai,Clothing,Running Shoes,1,3047.71,15,Debit Card,Delivered
ORD201301,04-11-2025,C2294,Aditya Verma,Hyderabad,Books  ,Comics Set,3,822.44,0,Net Banking,Delivered
ORD200631,20-08-2025,C2244,Karan Gupta,Ahmedabad,Clothing,Hoodie,3,1460.52,0,COD,Delivered
ORD203510,02-04-2025,C2049,Diya Verma,Bengaluru,Home & Kitchen,Water Bottle,1,450.43,0,UPI,Returned
ORD200689,29-03-2025,C2003,Riya Mehta,Hyderabad,BEAUTY,Face Wash,2,240.43,20,UPI,Delivered
ORD200050,24-04-2025,C1897,Priya Das,Kolkata,Books,Comics Set,1,821.64,,UPI,Delivered
ORD203569,18-08-2025,C1253,Aditya Verma,Delhi, Clothing ,Cap,1,342.03,10,Credit Card,Delivered
ORD200373,05-02-2025,C2188,Vivaan Patel,Delhi,Books,Exam Guide,-1,484.25,10,UPI,Delivered
ORD200697,01-08-2025,C1975,Pooja Iyer,delhi,Clothing  ,Cotton T-Shirt,1,,5,Debit Card,Delivered
ORD202449,11-09-2025,C1175,Aditya Nair,Kolkata,Books,Comics Set,2,777.62,15,UPI,Delivered
ORD203887,16-08-2025,C2029,Ananya Joshi, Mumbai ,Books,Exam Guide,2,484.57,5,Debit Card,Delivered
ORD203208,28-03-2025,C1621,Diya Verma,Bengaluru,Clothing,Denim Jeans,2,1717.16,0,Debit Card,Returned
ORD201985,07-12-2025,C2200,Pooja Verma,Bengaluru,Electronics,Power Bank,1,1272.05,0,UPI,Delivered
ORD202367,25-01-2025,C2091,Meera Mehta,Bengaluru,Clothing,Cap,1,358.19,5,UPI,Delivered
ORD204109,01-04-2025,C1700,Priya Das,Kolkata,Books,Novel,2,352.49,20,UPI,Returned
ORD202308,08-08-2025,C1829,Manish Verma,mumbai,Beauty,Face Wash,1,264.18,5,UPI,Cancelled
ORD202368,05-08-2025,C1151,Manish Kulkarni,DELHI,Clothing,Denim Jeans,2,1872.05,10,Credit Card,Delivered
ORD204876,29-03-2025,C1785,Neha Reddy,Bengaluru,Home & Kitchen,Cookware Set,3,,0,Credit Card,Delivered
ORD200188,14-Jul-25,C1247,Sneha Singh,CHENNAI,Home & Kitchen,Water Bottle,4,473.58,0,COD,Delivered
ORD200693,06-Aug-25,C2181,Riya Verma,kolkata,Clothing,Denim Jeans,2,,0,UPI,Delivered
ORD203875,15-10-2025,C1901,Rahul Nair,Delhi, Home & Kitchen ,Bedsheet Set,1,1392.8,15,UPI,Delivered
ORD203301,10-03-2025,C1746,Isha Iyer,delhi, Electronics ,Power Bank,1,1312.59,5,UPI,Returned
ORD202418,16-05-2025,C1391,Karan Gupta,Mumbai,Electronics,Smartwatch,1,6271.05,0,UPI,Returned
ORD201097,23-09-2025,C1635,Diya Gupta,Kolkata,Home & Kitchen,Bedsheet Set,1,1377.59,0,Credit Card,Cancelled
ORD203528,30-06-2025,C2165,Ananya Iyer,Mumbai,Beauty,Perfume,2,1689.25,,Credit Card,Delivered
ORD201747,08-12-2025,C1045,Rohan Kulkarni,mumbai,Books,Novel,3,,10,UPI,Delivered
ORD203202,20-12-2025,C1672,Manish Sharma,Pune,ELECTRONICS,Wireless Earbuds,1,2683.72,5,Credit Card,Delivered
ORD203181,14-03-2025,C1722,Manish Mehta,Pune,Home & Kitchen,Cookware Set,2,2723.55,15,COD,Delivered
ORD202636,27-04-2025,C2020,Karan Gupta,Delhi,Home & Kitchen,Cookware Set,1,2686.48,20,Debit Card,Delivered
ORD200493,14-10-2025,C2269,Isha Reddy,Kolkata,Beauty,Perfume,3,1581.47,0,UPI,Delivered
ORD202562,25-07-2025,C2335,Isha Singh,Hyderabad,Beauty,Perfume,2,1548.29,15,Net Banking,Delivered
ORD203238,22-Oct-25,C1064,Rahul Nair,Bengaluru,Home & Kitchen,Water Bottle,1,430.53,0,UPI,Delivered
ORD200729,05-26-2025,C1154,Diya Joshi,Hyderabad,Electronics,Power Bank,1,1306.74,0,Net Banking,Delivered
ORD204023,31-Oct-25,C2073,Meera Gupta, Bengaluru ,Clothing,Cotton T-Shirt,3,,20,Net Banking,Delivered
ORD200824,18-12-2025,C1904,Meera Iyer,Chennai,Clothing,Denim Jeans,1,1921.78,10,COD,Returned
ORD203271,22-12-2025,C1207,Rahul Verma,Bengaluru,Clothing,Hoodie,1,1514.16,0,Debit Card,Returned
ORD201590,27-04-2025,C1007,Riya Kulkarni, Kolkata ,Electronics,Bluetooth Speaker,4,2065.65,5,Net Banking,Delivered
ORD203136,31-Jan-25,C2235,Neha Nair, Bengaluru , Home & Kitchen ,Air Fryer,3,5121.65,0,Credit Card,Cancelled
ORD200574,09-11-2025,C1470,Aditya Das,Hyderabad,Clothing,Hoodie,2,1446.08,5,Debit Card,Returned
ORD200714,26-12-2025,C1159,Manish Gupta,MUMBAI,Electronics,Bluetooth Speaker,1,2086.45,5,Net Banking,Delivered
ORD203327,29-04-2025,C2313,Neha Singh, Chennai ,Clothing,Cotton T-Shirt,4,637.3,15,Debit Card,Returned
ORD203703,26-12-2025,C1784,Kavya Sharma,Mumbai,Electronics  ,Smartwatch,1,6283.66,15,Debit Card,Cancelled
ORD200758,27-11-2025,C1007,Riya Kulkarni,Kolkata,Beauty,Moisturiser,1,427.92,0,UPI,Delivered
ORD203626,18-Nov-25,C1951,Neha Gupta,Delhi,Home & Kitchen,Bedsheet Set,2,1307.36,10,Net Banking,Returned
ORD200108,02-Jun-25,C1822,Diya Sharma,Pune,Electronics,Bluetooth Speaker,1,2116.02,0,Debit Card,Delivered
ORD202494,30-10-2025,C2180,Riya Reddy,Bengaluru,Books,Data Science Primer,2,876.06,15,UPI,Cancelled
ORD201095,22-07-2025,C1387,Neha Singh,Bengaluru,ELECTRONICS,USB-C Cable,3,401.68,0,Credit Card,Delivered
ORD204617,19-11-2025,C2198,Neha Sharma,Bengaluru,Beauty,Face Wash,1,236.9,5,Debit Card,Delivered
ORD202501,29-Sep-25,C1999,Manish Kulkarni,Delhi,home & kitchen,Cookware Set,2,2676.91,10,Debit Card,Delivered
ORD204480,01-12-2025,C2178,Isha Mehta,delhi,Clothing,Cotton T-Shirt,1,635.45,0,UPI,Returned
ORD201595,24-12-2025,C1167,Pooja Singh,Delhi,HOME & KITCHEN,Mixer Grinder,2,3457.43,0,Debit Card,Delivered
ORD202998,10-02-2025,C2354,Diya Gupta,Mumbai,Clothing,Cotton T-Shirt,2,635.96,0,UPI,Returned
ORD203109,08-07-2025,C1241,Rahul Sharma,mumbai,Home & Kitchen,Cookware Set,1,2734.67,5,Debit Card,Delivered
ORD200883,11-11-2025,C1211,Ananya Kulkarni, Bengaluru ,Electronics,Wireless Earbuds,4,2460.47,10,UPI,Returned
ORD203393,02-03-2025,C1727,Aarav Gupta,Mumbai,Electronics,Wireless Earbuds,4,2425.15,15,Credit Card,Delivered
ORD200709,22-10-2025,C1238,Ananya Sharma,Pune,Home & Kitchen,Mixer Grinder,2,3138.6,0,UPI,Delivered
ORD201539,11-04-2025,C1947,Riya Patel,Kolkata,CLOTHING,Denim Jeans,1,1861.05,,UPI,Delivered
ORD200176,01-Nov-25,C1212,Isha Mehta,Bengaluru,home & kitchen,Mixer Grinder,2,3433.66,5,COD,Returned
ORD204759,16-Nov-25,C1402,Priya Nair,Kolkata,Clothing,Cap,1,370.61,10,Credit Card,Delivered
ORD202409,21-Jul-25,C1827,Ananya Patel,Ahmedabad,Clothing,Denim Jeans,1,1728.67,15,UPI,Delivered
ORD203051,13-12-2025,C1391,Karan Gupta,Mumbai,Clothing,Cotton T-Shirt,4,580.88,0,UPI,Returned
ORD202934,25-10-2025,C1928,Aditya Gupta,Ahmedabad,Clothing,Hoodie,2,1510.81,5,Net Banking,Cancelled
ORD202510,19-01-2025,C1062,Aarav Das,Bengaluru,Home & Kitchen,Mixer Grinder,3,3264.26,0,UPI,Returned
ORD201105,17-08-2025,C2343,Sneha Gupta,Kolkata,HOME & KITCHEN,Air Fryer,1,4995.77,15,Credit Card,Cancelled
ORD202311,11-05-2025,C1693,Vivaan Kulkarni,Kolkata,Electronics,Bluetooth Speaker,-1,2132.85,20,UPI,Delivered
ORD204945,10-10-2025,C1697,Manish Gupta,Chennai,Electronics,Smartwatch,2,5755.11,15,COD,Delivered
ORD201210,18-03-2025,C1949,Arjun Verma,Pune,Beauty,Moisturiser,1,457.95,10,COD,Delivered
ORD202357,14-08-2025,C1137,Aditya Gupta,Bengaluru,Home & Kitchen,Air Fryer,1,5295.36,0,UPI,Delivered
ORD200505,28-01-2025,C1767,Isha Das,Delhi,beauty,Perfume,1,1691.08,0,Credit Card,Cancelled
ORD202125,07-02-2025,C1478,Rahul Das,Delhi,Clothing,Denim Jeans,1,1747.89,15,Debit Card,Delivered
ORD202962,15-07-2025,C2320,Sneha Patel,DELHI,Clothing,Cap,-1,343.14,0,UPI,Delivered
ORD200726,24-May-25,C1530,Isha Mehta,Delhi,Clothing,Cotton T-Shirt,3,583.59,20,Credit Card,Delivered
ORD204251,18-04-2025,C1891,Vivaan Singh,Ahmedabad,Beauty,Moisturiser,4,476.35,20,Credit Card,Delivered
ORD200630,17-01-2025,C1618,Aarav Joshi,Delhi,Electronics,Smartwatch,1,6341.09,5,UPI,Delivered
ORD200748,14-Oct-25,C1556,Aditya Sharma,Mumbai,Electronics,Smartwatch,0,5737.03,0,Net Banking,Delivered
ORD202660,30-09-2025,C1675,Priya Singh,Mumbai,Home & Kitchen,Water Bottle,4,431.84,15,UPI,Delivered
ORD200614,01-Oct-25,C1029,Aarav Sharma,Hyderabad,BEAUTY,Lipstick,1,390.36,10,Debit Card,Delivered
ORD201325,14-06-2025,C1593,Karan Iyer,,Electronics,Bluetooth Speaker,4,2002.92,5,Credit Card,Delivered
ORD202384,02-02-2025,C1844,Arjun Kulkarni,chennai,Home & Kitchen,Air Fryer,1,5365.74,10,UPI,Delivered
ORD202172,25-06-2025,C1485,Karan Nair,Mumbai,Electronics,Bluetooth Speaker,2,2098.17,0,COD,Delivered
ORD203931,18-02-2025,C1281,Rohan Nair,Ahmedabad,Beauty,Moisturiser,4,431.15,5,COD,Delivered
ORD202815,12-12-2025,C1900,Arjun Sharma,Hyderabad,Electronics,Power Bank,2,1338.34,15,UPI,Cancelled
ORD203854,18-07-2025,C1134,Diya Sharma,Mumbai,Electronics,Wireless Earbuds,3,2620.75,0,UPI,Delivered
ORD200691,12-23-2025,C2048,Arjun Mehta,Kolkata, Clothing ,Cap,4,357.89,0,UPI,Delivered
ORD201883,06-10-2025,C1725,Arjun Iyer,Hyderabad,beauty,Lipstick,1,397.13,0,UPI,Delivered
ORD200783,14-04-2025,C1391,Karan Gupta,Mumbai,Beauty,Lipstick,1,401.98,0,UPI,Delivered
ORD202550,19-01-2025,C1635,Diya Gupta,kolkata,Books,Data Science Primer,1,954.38,20,UPI,Delivered
ORD204275,03-12-2025,C1892,Diya Singh,Mumbai,Clothing,Cotton T-Shirt,2,644.27,20,COD,Delivered
ORD202793,14-10-2025,C2265,Vikram Reddy,Mumbai,Home & Kitchen,Air Fryer,1,4875.96,0,Net Banking,Delivered
ORD200231,23-11-2025,C1151,Manish Kulkarni, Delhi ,Books,Exam Guide,1,519.51,5,UPI,Delivered
ORD202616,12-Sep-25,C1342,Vikram Verma,Bengaluru,home & kitchen,Cookware Set,2,2787.62,10,COD,Delivered
ORD204044,25-01-2025,C1668,Aditya Das,Delhi, Electronics ,Wireless Earbuds,1,2512.43,0,UPI,Delivered
ORD202582,12-Nov-25,C1857,Sneha Joshi,Chennai,Clothing,Denim Jeans,1,1861.56,0,Credit Card,Delivered
ORD202909,26-12-2025,C1995,Neha Iyer,Kolkata,Home & Kitchen,Bedsheet Set,3,1314.61,15,COD,Delivered
ORD202596,05-10-2025,C2313,Neha Singh,,Clothing,Hoodie,1,1446.95,0,Debit Card,Returned
ORD203115,20-01-2025,C2364,Karan Kulkarni,Hyderabad,Home & Kitchen,Cookware Set,4,2763.82,0,COD,Delivered
ORD203821,08-Mar-25,C1095,Vikram Joshi,Chennai,Electronics,Bluetooth Speaker,1,2056.59,15,Debit Card,Returned
ORD203478,16-11-2025,C2035,Sanjay Nair,Mumbai,Books  ,Comics Set,1,780.94,0,Debit Card,Delivered
ORD204587,12-06-2025,C1553,Sanjay Nair, Ahmedabad , Electronics ,Power Bank,0,1356.15,15,UPI,Returned
ORD200166,19-03-2025,C1573,Kavya Patel,Delhi,CLOTHING,Cotton T-Shirt,3,619.56,5,UPI,Delivered
ORD204875,11-09-2025,C2250,Karan Patel,Bengaluru,Beauty,Perfume,1,1551.2,20,COD,Delivered
ORD203991,08-25-2025,C2387,Karan Verma,BENGALURU,Home & Kitchen,Cookware Set,2,2891.61,0,UPI,Delivered
ORD204505,11-11-2025,C1943,Priya Verma,,Home & Kitchen,Cookware Set,1,2686.68,5,Net Banking,Cancelled
ORD200170,29-11-2025,C1103,Kavya Singh,Mumbai,Books,Comics Set,1,779.26,0,UPI,Delivered
ORD202574,04-08-2025,C1757,Diya Das,Bengaluru, Electronics ,Smartwatch,3,,0,Credit Card,Delivered
ORD203721,01-10-2025,C2339,Neha Mehta,Bangalore,Electronics,Bluetooth Speaker,3,2048.48,5,UPI,Cancelled
ORD200506,09-05-2025,C2239,Ananya Reddy,Bengaluru,Electronics,USB-C Cable,1,410.15,0,Credit Card,Delivered
ORD201362,08-10-2025,C1599,Sneha Gupta,Ahmedabad,Books,Comics Set,1,776.01,0,UPI,Delivered
ORD203095,28-06-2025,C1441,Vikram Gupta,Chennai,Electronics,Power Bank,4,1267.95,0,UPI,Delivered
ORD202738,17-01-2025,C2012,Arjun Reddy,AHMEDABAD,Books,Python Handbook,2,719.66,0,Credit Card,Returned
ORD200332,24-07-2025,C1435,Riya Mehta,Delhi,Beauty,Moisturiser,2,477.32,15,Credit Card,Returned
ORD204662,27-04-2025,C1020,Sneha Mehta,Delhi,Beauty,Perfume,3,1636.59,15,Debit Card,Delivered
ORD202045,26-12-2025,C1936,Vivaan Iyer,Bengaluru,Electronics,Smartwatch,1,5779.92,15,UPI,Delivered
ORD201492,18-03-2025,C1065,Pooja Gupta,Pune,Books,Data Science Primer,4,,10,UPI,Delivered
ORD200620,11-25-2025,C1046,Riya Iyer,Delhi, Electronics ,USB-C Cable,1,421.05,0,UPI,Delivered
ORD201605,30-07-2025,C1280,Priya Joshi,CHENNAI,CLOTHING,Denim Jeans,2,1909.37,0,Credit Card,Delivered
ORD201026,15-Feb-25,C1277,Rahul Singh,Delhi,Clothing,Cap,2,348.18,0,UPI,Delivered
ORD203002,15-05-2025,C1782,Rohan Singh, Mumbai ,Clothing,Denim Jeans,4,1870.91,0,Credit Card,Returned
ORD204263,13-Dec-25,C1230,Priya Nair,Bengaluru, Books ,Exam Guide,2,517.11,0,UPI,Delivered
ORD204985,20-06-2025,C1801,Sanjay Sharma,Bengaluru,Clothing,Denim Jeans,1,1756.32,0,UPI,Returned
ORD203671,11-06-2025,C1811,Ananya Sharma,Delhi,Electronics,Bluetooth Speaker,2,2039.52,0,Debit Card,Delivered
ORD201338,26-05-2025,C2194,Isha Iyer, Delhi ,Beauty,Face Wash,2,255.16,20,Credit Card,Delivered
ORD204692,22-06-2025,C1440,Rahul Singh,MUMBAI,Books,Data Science Primer,1,876.92,5,Debit Card,Delivered
ORD202694,08-Jan-25,C1279,Karan Patel,,Home & Kitchen,Air Fryer,2,4925.06,10,COD,Delivered
ORD202617,25-Aug-25,C2297,Aarav Joshi, Mumbai ,Electronics,Smartwatch,2,5948.8,,UPI,Cancelled
ORD201956,25-05-2025,C2017,Vikram Iyer,Delhi,Beauty,Perfume,2,1590.37,10,Credit Card,Delivered
ORD202256,12-12-2025,C1827,Ananya Patel,Ahmedabad,Books,Python Handbook,1,741.35,10,Debit Card,Delivered
ORD204478,30-05-2025,C2248,Isha Mehta,MUMBAI, Electronics ,Smartwatch,1,5739.05,10,Net Banking,Returned
ORD201398,05-06-2025,C1733,Pooja Singh,Hyderabad,Clothing  ,Cotton T-Shirt,1,598.87,10,UPI,Delivered
ORD202402,15-11-2025,C2225,Kavya Verma,Bengaluru,Clothing,Cap,1,371.11,0,UPI,Returned
ORD202984,22-08-2025,C1846,Pooja Reddy,Mumbai,Electronics,Power Bank,1,1251.13,0,UPI,Delivered
ORD202536,19-09-2025,C1080,Isha Sharma,Bengaluru,Clothing,Hoodie,2,1492.34,20,UPI,Delivered
ORD201368,06-04-2025,C1430,Aarav Gupta,Chennai,Home & Kitchen,Cookware Set,1,2714.28,10,UPI,Delivered
ORD202149,10-Feb-25,C1037,Riya Reddy,Ahmedabad, Home & Kitchen ,Water Bottle,2,464.35,0,UPI,Returned
ORD203558,10-07-2025,C1269,Priya Sharma,Bengaluru,Clothing,Running Shoes,2,3005.04,20,UPI,Delivered
ORD204807,15-08-2025,C1670,Karan Singh,Delhi,Beauty,Moisturiser,2,463.38,5,COD,Delivered
ORD204203,01-02-2025,C1301,Vikram Verma,bengaluru,Books,Comics Set,0,833.93,20,UPI,Delivered
ORD202666,25-11-2025,C1142,Priya Singh,Bangalore,Electronics,Wireless Earbuds,2,2657.95,0,Credit Card,Returned
ORD202611,19-Aug-25,C1335,Isha Mehta,Delhi,Clothing,Cotton T-Shirt,1,644.82,10,Debit Card,Returned
ORD203357,26-11-2025,C1794,Meera Kulkarni,Kolkata,Clothing,Cap,3,336.47,0,UPI,Delivered
ORD201707,04-07-2025,C1517,Meera Mehta,Pune,Clothing,Cotton T-Shirt,2,574.57,20,Debit Card,Delivered
ORD203153,12-10-2025,C1047,Rohan Das,Bengaluru,Electronics,Wireless Earbuds,1,2395.42,0,Credit Card,Delivered
ORD202521,16-12-2025,C1725,Arjun Iyer,Hyderabad  ,Beauty,Face Wash,1,263.65,5,Net Banking,Returned
ORD202561,28-09-2025,C1461,Kavya Patel,Delhi,Home & Kitchen,Mixer Grinder,3,3289.32,5,Credit Card,Cancelled
ORD200916,01-10-2025,C2277,Diya Sharma,Mumbai,Books,Data Science Primer,2,950,0,COD,Cancelled
ORD202179,28-Oct-25,C1501,Manish Kulkarni,Bengaluru,Electronics,USB-C Cable,4,391.73,0,Net Banking,Delivered
ORD204206,11-06-2025,C1220,Arjun Sharma,Mumbai, Clothing ,Cotton T-Shirt,1,590.36,10,Credit Card,Delivered
ORD204368,09-12-2025,C1797,Manish Gupta,Mumbai,Home & Kitchen,Air Fryer,1,5266.91,0,UPI,Cancelled
ORD200091,31-12-2025,C1980,Priya Das,Mumbai,Electronics,USB-C Cable,3,415.67,0,Credit Card,Delivered
ORD201163,24-11-2025,C2099,Isha Sharma,Kolkata,Beauty,Moisturiser,1,448.21,0,UPI,Delivered
ORD204497,13-03-2025,C1537,Sneha Patel,Ahmedabad,Electronics,Power Bank,2,1346.55,20,Net Banking,Delivered
ORD200912,17-04-2025,C2372,Manish Reddy,Kolkata,Clothing,Hoodie,4,1548.24,15,COD,Delivered
ORD203420,06-Jul-25,C1398,Kavya Kulkarni,chennai,Beauty,Moisturiser,2,434.08,0,Credit Card,Delivered
ORD203916,06-08-2025,C2110,Isha Das,Delhi,Clothing,Hoodie,1,1573.78,0,Credit Card,Delivered
ORD201909,28-08-2025,C1917,Neha Kulkarni,Kolkata,Electronics,Power Bank,3,1300.04,0,UPI,Delivered
ORD201660,12-03-2025,C1652,Sanjay Joshi,Mumbai,Clothing,Cotton T-Shirt,2,644.97,5,Net Banking,Delivered
ORD204085,16-06-2025,C2340,Sneha Gupta,Mumbai,Clothing,Hoodie,1,1614.23,0,UPI,Delivered
ORD204709,20-10-2025,C1154,Diya Joshi,Hyderabad,Books,Comics Set,4,792.19,10,Debit Card,Delivered
ORD202840,03-03-2025,C1840,Manish Sharma,Chennai,Home & Kitchen,Mixer Grinder,3,3370.92,10,UPI,Delivered
ORD203440,07-10-2025,C2341,Riya Patel,Pune,Home & Kitchen,Mixer Grinder,4,3484.48,0,Debit Card,Delivered
ORD200124,12-04-2025,C2334,Riya Singh,Kolkata,HOME & KITCHEN,Air Fryer,1,5328.66,0,Debit Card,Delivered
ORD202463,18-Apr-25,C2019,Rahul Joshi,Mumbai,Home & Kitchen,Mixer Grinder,3,3257.28,0,Credit Card,Delivered
ORD202372,18-Oct-25,C1322,Rahul Joshi,Hyderabad,Home & Kitchen,Air Fryer,2,4881.37,10,Credit Card,Returned
ORD204227,11-09-2025,C1981,Isha Mehta,Bangalore,Electronics,Wireless Earbuds,1,2464.66,15,UPI,Returned
ORD202376,12-12-2025,C1841,Pooja Iyer,Bengaluru,Beauty,Moisturiser,1,462.37,0,Credit Card,Delivered
ORD202488,26-06-2025,C1827,Ananya Patel,ahmedabad,Beauty,Lipstick,1,,15,Net Banking,Delivered
ORD203158,11-07-2025,C1073,Meera Patel,Pune,Electronics,USB-C Cable,2,401.12,10,Debit Card,Cancelled
ORD204314,17-01-2025,C2030,Meera Mehta,CHENNAI,Electronics,USB-C Cable,1,411.29,0,UPI,Delivered
ORD201380,26-01-2025,C2244,Karan Gupta,Ahmedabad,books,Novel,2,358.07,10,UPI,Returned
ORD204262,22-07-2025,C1740,Kavya Joshi, Bengaluru ,HOME & KITCHEN,Cookware Set,2,2735.76,5,Debit Card,Delivered
ORD201042,22-11-2025,C1722,Manish Mehta,Pune,Electronics,USB-C Cable,3,423.3,0,UPI,Delivered
ORD204795,16-04-2025,C1129,Kavya Singh,Delhi,Beauty,Moisturiser,3,478.63,0,Net Banking,Cancelled
ORD203308,23-10-2025,C1708,Isha Mehta,bengaluru,Electronics,Power Bank,1,1352.89,20,Credit Card,Returned
ORD202064,13-10-2025,C1544,Neha Verma,pune,Electronics,Wireless Earbuds,2,2606,0,,Delivered
ORD203817,01-04-2025,C2196,Vivaan Joshi,Pune,Electronics,USB-C Cable,2,399.42,5,Debit Card,Returned
ORD201055,18-06-2025,C1610,Rohan Das,Mumbai,Clothing,Running Shoes,1,3113.93,15,UPI,Cancelled
ORD200339,02-02-2025,C1927,Manish Singh,Mumbai,BEAUTY,Perfume,1,1594.05,20,UPI,Delivered
ORD204543,13-05-2025,C2354,Diya Gupta,mumbai,Electronics,Wireless Earbuds,1,,5,UPI,Delivered
ORD202144,25-08-2025,C1154,Diya Joshi,hyderabad,Beauty,Lipstick,1,385.99,20,Net Banking,Delivered
ORD202257,29-09-2025,C2024,Diya Patel,Kolkata,Home & Kitchen,Air Fryer,2,4940.19,15,UPI,Delivered
ORD204432,01-Apr-25,C1750,Riya Sharma,Ahmedabad,Electronics,Wireless Earbuds,2,2473.05,10,Credit Card,Delivered
ORD204711,24-01-2025,C1821,Sneha Reddy,CHENNAI,CLOTHING,Running Shoes,1,2938.52,0,COD,Delivered
ORD200723,29-10-2025,C1202,Arjun Kulkarni,Ahmedabad,Clothing,Cotton T-Shirt,2,595.35,5,Credit Card,Delivered
ORD201954,09-11-2025,C1476,Riya Singh,Ahmedabad  ,Electronics,USB-C Cable,1,397.83,5,UPI,Cancelled
ORD202788,05-04-2025,C2203,Vivaan Verma, Kolkata ,Beauty,Perfume,4,1708.83,0,UPI,Returned
ORD200003,13-04-2025,C1974,Manish Gupta, Chennai ,Electronics,Wireless Earbuds,3,2581.87,10,Debit Card,Delivered
ORD200501,11-03-2025,C2214,Sanjay Kulkarni,Bengaluru,CLOTHING,Cap,1,355.84,10,UPI,Delivered
ORD201807,10-03-2025,C2210,Aditya Joshi, Hyderabad ,Home & Kitchen,Bedsheet Set,2,1364.59,10,UPI,Delivered
ORD200310,01-02-2025,C2019,Rahul Joshi,Mumbai, Clothing ,Running Shoes,2,2876.77,15,UPI,Delivered
ORD201227,12-02-2025,C1655,Manish Nair,Delhi,Clothing,Cotton T-Shirt,2,609.39,0,Net Banking,Delivered
ORD203359,11-12-2025,C1179,Sanjay Singh,Kolkata,Books,Python Handbook,2,743.09,0,Credit Card,Delivered
ORD204093,05-11-2025,C2037,Kavya Mehta,Pune,Clothing,Running Shoes,1,3034.79,,UPI,Delivered
ORD203725,16-11-2025,C1113,Arjun Kulkarni,Ahmedabad,BEAUTY,Face Wash,2,258.33,0,UPI,Delivered
ORD204049,02-02-2025,C1572,Arjun Sharma,Hyderabad,Clothing,Denim Jeans,3,1825.3,20,UPI,Cancelled
ORD203395,24-01-2025,C1315,Priya Mehta,Chennai,BOOKS,Novel,1,332.33,0,Debit Card,Delivered
ORD201592,04-08-2025,C1002,Kavya Gupta,Delhi,Beauty,Face Wash,2,265.01,5,Debit Card,Returned
ORD203941,08-Mar-25,C1514,Sneha Mehta,Ahmedabad,Clothing,Denim Jeans,1,1901.89,0,UPI,Delivered
ORD203291,14-10-2025,C2257,Kavya Sharma,,Home & Kitchen,Bedsheet Set,1,1257.36,0,COD,Returned
ORD201945,09-11-2025,C1180,Ananya Gupta,Mumbai,Electronics,Power Bank,2,,20,Net Banking,Delivered
ORD201049,15-09-2025,C1610,Rohan Das,Mumbai,Books,Exam Guide,1,523.87,0,Debit Card,Delivered
ORD202961,21-Aug-25,C1514,Sneha Mehta,Ahmedabad,Beauty,Moisturiser,2,427.82,5,Debit Card,Delivered
ORD200347,12-12-2025,C2090,Pooja Gupta,bengaluru,Electronics,Smartwatch,2,6469.52,0,Credit Card,Cancelled
ORD201996,12-04-2025,C1689,Riya Mehta,Kolkata,Beauty,Hair Dryer,3,1437.59,0,Debit Card,Delivered
ORD200103,31-Aug-25,C1104,Isha Mehta,Mumbai,BOOKS,Comics Set,4,835.17,20,UPI,Delivered
ORD201279,09-Feb-25,C1119,Sneha Mehta,Bengaluru,Electronics,Smartwatch,1,6276.53,5,UPI,Cancelled
ORD204912,10-10-2025,C2263,Arjun Patel,Hyderabad, Electronics ,Bluetooth Speaker,3,1934.89,15,upi,Delivered
ORD204883,22-02-2025,C1836,Kavya Joshi,Delhi,Electronics  ,Bluetooth Speaker,1,2023.58,0,Credit Card,Delivered
ORD202261,10-12-2025,C1976,Riya Singh,Bengaluru,Books,Python Handbook,3,748.52,0,Credit Card,Delivered
ORD201258,27-12-2025,C1085,Pooja Singh,Mumbai,Home & Kitchen,Water Bottle,1,473.87,10,COD,Delivered
ORD203078,28-09-2025,C2369,Meera Patel,Chennai,Clothing,Hoodie,3,1547.96,20,UPI,Returned
ORD204437,05-11-2025,C1795,Riya Iyer,Delhi,Electronics,Bluetooth Speaker,1,1963.32,10,Debit Card,Delivered
ORD204290,13-11-2025,C1784,Kavya Sharma,Mumbai,Books,Python Handbook,4,664.24,20,Credit Card,Delivered
ORD202153,08-06-2025,C1230,Priya Nair,Bengaluru,Beauty,Face Wash,2,253.63,20,,Delivered
ORD202378,28-10-2025,C1984,Ananya Iyer,Kolkata,Electronics,USB-C Cable,2,380.91,0,Credit Card,Cancelled
ORD202947,15-05-2025,C1316,Neha Iyer,Mumbai,Clothing,Running Shoes,4,2994.95,0,COD,Delivered
ORD200815,12-01-2025,C2094,Karan Kulkarni, Bengaluru ,Clothing,Denim Jeans,3,1797.13,15,Credit Card,Returned
ORD200117,10-05-2025,C2093,Diya Reddy,MUMBAI,Electronics,Wireless Earbuds,4,2417.29,0,Credit Card,Delivered
ORD202370,15-11-2025,C1140,Aditya Singh,Pune,Books,Python Handbook,2,723.46,0,Credit Card,Returned
ORD202819,08-12-2025,C1873,Rahul Sharma,chennai,Clothing,Cotton T-Shirt,3,582.35,0,UPI,Delivered
ORD203176,15-03-2025,C1466,Sneha Reddy,Bengaluru,Beauty,Moisturiser,3,449.81,0,Credit Card,Cancelled
ORD200213,14-09-2025,C2365,Manish Verma,,Clothing,Cotton T-Shirt,2,0,10,Net Banking,Cancelled
ORD204793,23-Mar-25,C1186,Vikram Joshi,Mumbai,Clothing,Running Shoes,4,3043.58,10,Credit Card,Cancelled
ORD200944,30-07-2025,C2373,Aditya Reddy,Chennai,Beauty,Perfume,2,1546.17,0,UPI,Delivered
ORD201158,09-05-2025,C1357,Neha Verma,hyderabad,Beauty,Perfume,2,1620.19,0,COD,Delivered
ORD202290,22-01-2025,C1178,Sneha Reddy,mumbai,Electronics,Bluetooth Speaker,4,1985.03,15,COD,Delivered
ORD200584,29-10-2025,C1396,Neha Joshi,Bengaluru,Clothing,Cap,2,336.27,0,UPI,Cancelled
ORD203296,25-12-2025,C1148,Riya Joshi,Mumbai,Clothing,Hoodie,1,1577.25,0,UPI,Delivered
ORD202971,03-12-2025,C1566,Neha Kulkarni,Delhi,Beauty,Perfume,1,1582.9,10,COD,Delivered
ORD202277,01-06-2025,C1300,Pooja Nair,Hyderabad,Home & Kitchen,Bedsheet Set,1,1293.83,15,UPI,Delivered
ORD202593,15-Dec-25,C1548,Arjun Kulkarni,Ahmedabad,beauty,Moisturiser,2,482.85,0,Net Banking,Delivered
ORD203172,05-10-2025,C2194,Isha Iyer,Delhi,Home & Kitchen,Air Fryer,1,4901.87,20,UPI,Cancelled
ORD201966,03-10-2025,C2338,Meera Gupta,Hyderabad,Clothing,Cap,4,373.86,20,Credit Card,Delivered
ORD204650,10-Oct-25,C1404,Ananya Das,Delhi,Clothing,Cap,1,348.4,0,Debit Card,Delivered
ORD201198,14-09-2025,C2183,Manish Nair,Kolkata,home & kitchen,Cookware Set,1,3020.47,20,Net Banking,Delivered
ORD200252,21-10-2025,C1208,Riya Iyer,Pune, Home & Kitchen ,Bedsheet Set,3,1376.07,15,Debit Card,Delivered
ORD204769,18-May-25,C1236,Riya Kulkarni,Delhi,Electronics,USB-C Cable,4,380.18,0,UPI,Delivered
ORD204284,27-08-2025,C1485,Karan Nair,mumbai,Electronics,Wireless Earbuds,1,2428.27,0,Net Banking,Delivered
ORD201500,18-10-2025,C1016,Ananya Patel,Chennai,Home & Kitchen,Mixer Grinder,1,3545.41,15,UPI,Cancelled
ORD200256,11-24-2025,C1241,Rahul Sharma,Mumbai,Clothing,Cotton T-Shirt,2,636.8,0,UPI,Delivered
ORD202634,20-06-2025,C2171,Priya Patel,Ahmedabad,Clothing,Cap,2,336.91,10,Net Banking,Cancelled
ORD203432,31-12-2025,C1011,Meera Joshi,Delhi,Beauty,Face Wash,3,265.06,0,UPI,Delivered
ORD203550,28-09-2025,C1063,Priya Reddy,Delhi, Electronics ,Power Bank,3,1338.45,0,COD,Delivered
ORD202560,20-03-2025,C2000,Priya Das, Mumbai ,Home & Kitchen,Bedsheet Set,1,1325.94,0,Credit Card,Delivered
ORD202485,11-12-2025,C1968,Neha Joshi,Mumbai,Clothing,Cotton T-Shirt,1,590.4,0,UPI,Delivered
ORD203804,12-Dec-25,C2360,Neha Das,Bengaluru,home & kitchen,Air Fryer,2,4933.62,10,UPI,Delivered
ORD203311,18-02-2025,C1352,Pooja Verma,Hyderabad,CLOTHING,Cotton T-Shirt,2,612.85,15,Credit Card,Delivered
ORD204814,27-06-2025,C1812,Pooja Das, Delhi ,Books,Python Handbook,1,681.39,15,Net Banking,Delivered
ORD200551,12-29-2025,C1221,Isha Das,Pune,Home & Kitchen,Cookware Set,2,2854.18,20,Debit Card,Delivered
ORD203585,06-10-2025,C1106,Rohan Iyer,Chennai,Home & Kitchen,Water Bottle,1,430.89,20,UPI,Delivered
ORD203827,30-03-2025,C2161,,Delhi,Home & Kitchen,Water Bottle,3,466.07,15,Debit Card,Delivered
ORD202037,26-08-2025,C1581,Aarav Patel,Pune,Books,Python Handbook,3,714.1,0,COD,Delivered
ORD200399,23-11-2025,C1233,Sanjay Joshi,Delhi,beauty,Face Wash,2,250.42,0,Debit Card,Delivered
ORD204316,08-06-2025,C2227,Diya Singh,Hyderabad,Electronics,Bluetooth Speaker,2,1990.69,15,Credit Card,Delivered
ORD202171,16-12-2025,C2288,Rohan Singh,Bengaluru,Clothing,Hoodie,1,1573.02,20,UPI,Delivered
ORD202559,02-Oct-25,C1076,Karan Nair,mumbai, Clothing ,Cotton T-Shirt,3,629.77,,Net Banking,Delivered
ORD203283,12-11-2025,C1241,Rahul Sharma,Mumbai,Beauty,Hair Dryer,3,1491.37,20,UPI,Delivered
ORD204853,13-12-2025,C1139,,Bengaluru,Books  ,Exam Guide,4,476.79,5,Debit Card,Delivered
ORD201264,13-11-2025,C1688,Diya Iyer,Delhi,Beauty,Hair Dryer,2,1572.81,0,Credit Card,Delivered
ORD203998,12-10-2025,C1787,Rohan Joshi,Bengaluru,Home & Kitchen,Bedsheet Set,1,1334.7,10,Credit Card,Delivered
ORD201924,25-03-2025,C1167,Pooja Singh,Delhi,Books,Exam Guide,2,480.82,10,UPI,Cancelled
ORD204858,28-07-2025,C1890,Sanjay Sharma,Kolkata, Home & Kitchen ,Mixer Grinder,1,3280.38,0,Credit Card,Delivered
ORD200296,20-Nov-25,C1831,Diya Iyer, Hyderabad ,Clothing,Running Shoes,1,3100.28,0,Net Banking,Returned
ORD204933,15-07-2025,C1681,Rohan Sharma, Chennai ,Clothing,Denim Jeans,1,1844.58,0,Net Banking,Cancelled
ORD203006,24-04-2025,C1615,Karan Reddy, Kolkata ,Clothing  ,Cap,4,357.43,0,UPI,Delivered
ORD203716,01-06-2025,C1310,Isha Singh,Mumbai,Home & Kitchen,Bedsheet Set,1,1266.56,0,Credit Card,Cancelled
ORD201222,08-31-2025,C1621,Diya Verma,Bengaluru,electronics,Smartwatch,1,6339.86,0,upi,Cancelled
ORD204670,01-12-2025,C1316,Neha Iyer,Mumbai,Beauty,Moisturiser,3,484.44,20,upi,Cancelled
ORD200856,06-08-2025,C2185,Aditya Mehta, Bengaluru ,home & kitchen,Cookware Set,1,2704.38,20,Net Banking,Delivered
ORD203083,19-04-2025,C2160,Riya Gupta,Bengaluru,Beauty,Face Wash,3,249.53,0,UPI,Delivered
ORD202830,27-02-2025,C1210,Vivaan Reddy,Hyderabad,Home & Kitchen,Air Fryer,1,5218.01,,UPI,Delivered
ORD201730,06-06-2025,C1212,Isha Mehta,Bengaluru,CLOTHING,Hoodie,4,1465.74,,COD,Delivered
ORD204761,28-07-2025,C1871,Meera Sharma,Mumbai,Electronics,Wireless Earbuds,1,2621.33,0,UPI,Delivered
ORD201652,04-Jan-25,C1332,Aditya Das,bengaluru,Beauty,Moisturiser,2,451.18,0,UPI,Returned
ORD203587,04-Feb-25,C1508,Manish Sharma,hyderabad,Electronics,Bluetooth Speaker,4,2115.53,0,COD,Cancelled
ORD201150,10-12-2025,C1613,Manish Reddy,Delhi,Beauty,Moisturiser,1,464.73,0,UPI,Delivered
ORD200837,29-Aug-25,C2163,Riya Verma,Delhi,Home & Kitchen,Cookware Set,4,2710.38,0,Credit Card,Delivered
ORD200892,30-Apr-25,C1640,Karan Sharma,Hyderabad,Electronics  ,Wireless Earbuds,1,2445.9,,UPI,Returned
ORD204818,19-10-2025,C1727,Aarav Gupta,Mumbai,Beauty,Face Wash,2,267.98,0,UPI,Delivered
ORD203250,17-10-2025,C2194,Isha Iyer,Delhi,Home & Kitchen,Cookware Set,1,2784.12,0,COD,Cancelled
ORD202672,02-Nov-25,C2252,Pooja Singh,Pune,Clothing,Denim Jeans,1,1894.45,0,Debit Card,Delivered
ORD202853,27-06-2025,C1428,Arjun Patel,Mumbai,Home & Kitchen,Mixer Grinder,2,3319.02,0,COD,Delivered
ORD203405,06-10-2025,C1482,Vikram Mehta,Chennai,Clothing,Hoodie,2,1464.99,20,Credit Card,Returned
ORD201654,11-10-2025,C2155,Neha Joshi,chennai,Clothing,Cap,2,350.14,5,Credit Card,Delivered
ORD203184,23-12-2025,C1657,Rohan Singh,Kolkata,Clothing,Running Shoes,4,3114.51,0,UPI,Delivered
ORD201544,13-03-2025,C1616,Pooja Verma,Delhi,Clothing,Cap,1,367.99,5,Credit Card,Cancelled
ORD201571,17-Sep-25,C1476,Riya Singh,Ahmedabad,Home & Kitchen  ,Water Bottle,4,483.32,0,UPI,Returned
ORD203584,13-Nov-25,C1988,Karan Das,Bengaluru,Electronics,Power Bank,4,1385.25,,Credit Card,Delivered
ORD200540,20-05-2025,C2025,Priya Nair,Bangalore,Books,Python Handbook,2,733.9,0,UPI,Delivered
ORD202194,22-Oct-25,C1238,Ananya Sharma,Pune,Beauty,Hair Dryer,4,1532.01,0,COD,Returned
ORD201336,20-11-2025,C2293,Arjun Mehta,Pune,HOME & KITCHEN,Mixer Grinder,2,3444.12,0,Credit Card,Cancelled
ORD202172,25-06-2025,C1485,Karan Nair,Mumbai,Electronics,Bluetooth Speaker,2,2098.17,0,COD,Delivered
ORD200888,05-09-2025,C1991,Priya Singh,Delhi, Electronics ,USB-C Cable,3,411.49,20,COD,Delivered
ORD202029,28-01-2025,C1966,Kavya Singh,Mumbai,Home & Kitchen,Mixer Grinder,2,3421.15,5,COD,Delivered
ORD204521,12-08-2025,C1754,Vivaan Das,Chennai,Electronics,Power Bank,2,1297.38,15,Credit Card,Delivered
ORD200459,28-11-2025,C1356,Vikram Iyer,Mumbai,Beauty,Perfume,-1,1535.37,20,Credit Card,Returned
ORD202214,15-03-2025,C1363,Priya Mehta,Delhi, Clothing ,Hoodie,1,1617.32,15,Credit Card,Delivered
ORD202959,19-08-2025,C1386,Ananya Iyer, Delhi ,Electronics,Wireless Earbuds,2,2577.85,0,UPI,Delivered
ORD200661,16-06-2025,C1593,Karan Iyer,Ahmedabad,Home & Kitchen,Water Bottle,3,458.65,0,UPI,Delivered
ORD201462,09-06-2025,C1936,Vivaan Iyer,Bengaluru,Electronics,USB-C Cable,4,430.64,10,UPI,Delivered
ORD202113,05-01-2025,C1254,Aarav Sharma, Chennai ,Books,Novel,1,357.78,0,UPI,Delivered
ORD204117,11-03-2025,C1068,Neha Joshi,Ahmedabad,Home & Kitchen,Mixer Grinder,3,3211.13,15,UPI,Delivered
ORD203239,17-10-2025,C1389,Isha Iyer,Delhi  ,Books,Novel,3,365.39,0,Debit Card,Delivered
ORD200700,17-08-2025,C2024,Diya Patel,kolkata,Electronics,Power Bank,1,1385.93,0,Credit Card,Delivered
ORD201348,01-05-2025,C1080,Isha Sharma,Bengaluru,CLOTHING,Running Shoes,4,3205.68,0,UPI,Delivered
ORD201961,19-08-2025,C2182,Riya Kulkarni,Delhi,Clothing,Running Shoes,1,2944.55,5,Debit Card,Returned
ORD202201,29-04-2025,C1530,Isha Mehta,Delhi,HOME & KITCHEN,Air Fryer,1,4754.88,10,UPI,Delivered
ORD203325,01-02-2025,C1484,Neha Reddy,Hyderabad,Electronics,Power Bank,1,1247.17,5,Debit Card,Delivered
ORD202396,07-Apr-25,C1859,Pooja Das,Chennai,Home & Kitchen,Water Bottle,1,0,5,UPI,Delivered
ORD204016,23-09-2025,C1342,Vikram Verma,Bengaluru,Books,Python Handbook,2,734.02,5,Credit Card,Returned
ORD200814,12-05-2025,C1794,Meera Kulkarni,Kolkata,Clothing,Running Shoes,4,3074.39,15,Net Banking,Delivered
ORD200822,17-11-2025,C2280,Arjun Joshi,Mumbai,Electronics,Smartwatch,4,6138.18,0,Credit Card,Returned
ORD202876,09-10-2025,C1761,Vivaan Das,Pune,BEAUTY,Perfume,4,1519.55,0,UPI,Delivered
ORD204456,15-07-2025,C2169,Aditya Verma,Delhi,Home & Kitchen,Mixer Grinder,2,3377.67,15,UPI,Returned
ORD201532,14-09-2025,C1053,Karan Patel,Chennai,Home & Kitchen,Water Bottle,2,435.08,0,UPI,Delivered
ORD202778,15-12-2025,C2269,Isha Reddy, Kolkata ,Electronics,Smartwatch,2,6395.13,5,Net Banking,Cancelled
ORD203278,30-12-2025,C1968,Neha Joshi,Mumbai,Electronics,Wireless Earbuds,2,2574.67,0,UPI,Delivered
ORD203544,28-10-2025,C1834,Pooja Iyer,Delhi,Clothing,Hoodie,1,1453.86,0,Credit Card,Delivered
ORD203267,28-01-2025,C1690,Kavya Singh,Delhi,Electronics,Smartwatch,2,5854.79,0,UPI,Cancelled
ORD203197,07-07-2025,C1771,Sanjay Sharma,Hyderabad,Beauty,Perfume,1,1645.89,0,Debit Card,Delivered
ORD203351,15-09-2025,C1876,Rahul Nair,Mumbai,HOME & KITCHEN,Bedsheet Set,2,1248.65,10,UPI,Cancelled
ORD202629,18-09-2025,C1641,Sneha Verma,Mumbai,Home & Kitchen,Mixer Grinder,2,3316.47,0,Debit Card,Delivered
ORD201791,15-07-2025,C1485,Karan Nair,Mumbai,ELECTRONICS,Power Bank,1,1276.28,20,Debit Card,Delivered
ORD201215,15-11-2025,C1549,Ananya Singh,BENGALURU,Clothing,Running Shoes,2,3019.77,10,Net Banking,Delivered
ORD203366,26-01-2025,C2350,Sanjay Kulkarni,Mumbai,Electronics,Bluetooth Speaker,1,2105.23,10,Net Banking,Cancelled
ORD201060,29-03-2025,C2141,Rohan Kulkarni,MUMBAI,Electronics,Smartwatch,1,5731.24,0,COD,Cancelled
ORD201828,14-08-2025,C1625,Pooja Reddy,Kolkata,Electronics,USB-C Cable,4,420.36,5,Credit Card,Delivered
ORD202703,15-06-2025,C1633,Ananya Kulkarni,,Home & Kitchen,Cookware Set,1,2849.99,0,COD,Returned
ORD202895,30-Aug-25,C2099,Isha Sharma,Kolkata,Home & Kitchen,Water Bottle,2,480.98,0,Credit Card,Delivered
ORD204553,09-03-2025,C1358,Riya Reddy,Delhi,Electronics,Power Bank,1,1372.15,0,,Delivered
ORD204225,10-02-2025,C1873,Rahul Sharma,CHENNAI,Home & Kitchen,Mixer Grinder,3,3557.16,5,Net Banking,Delivered
ORD203790,20-09-2025,C1125,Riya Sharma,Mumbai,Beauty,Perfume,1,1621.62,0,Net Banking,Cancelled
ORD203654,11-Oct-25,C2399,Arjun Sharma,hyderabad,Books,Exam Guide,4,520.86,0,COD,Delivered
ORD204175,23-Mar-25,C1657,Rohan Singh,Kolkata,Clothing,Hoodie,1,1517.06,10,UPI,Cancelled
ORD200845,23-Apr-25,C2133,Kavya Gupta,,Books,Data Science Primer,2,861.55,0,Credit Card,Delivered
ORD203532,06-11-2025,C1275,Priya Reddy,Delhi,Home & Kitchen,Bedsheet Set,500,1286.45,0,Net Banking,Delivered
ORD204741,06-11-2025,C1019,Diya Das,,Home & Kitchen,Water Bottle,1,459.73,5,UPI,Delivered
ORD201141,30-12-2025,C1126,Karan Iyer,Delhi,HOME & KITCHEN,Water Bottle,1,474.74,,UPI,Returned
ORD200179,06-Sep-25,C1806,Sanjay Iyer,Bengaluru,Electronics,Smartwatch,1,6344.64,0,Credit Card,Delivered
ORD200664,28-10-2025,C2350,Sanjay Kulkarni,Mumbai, Electronics ,Wireless Earbuds,4,2459.67,0,UPI,Delivered
ORD201382,18-05-2025,C2348,Rohan Kulkarni,Hyderabad,Beauty,Face Wash,2,236.77,5,Net Banking,Cancelled
ORD202399,14-06-2025,C2251,Neha Iyer,DELHI,electronics,Power Bank,4,1300.86,20,Credit Card,Returned
ORD203313,06-27-2025,C1595,Diya Reddy,Kolkata  ,Electronics,USB-C Cable,4,384.1,,UPI,Delivered
ORD201941,20-07-2025,C2036,Meera Reddy,Chennai,Books,Novel,2,356.97,20,UPI,Delivered
ORD204760,25-Mar-25,C2001,Arjun Joshi,Chennai, Beauty ,Face Wash,3,267.22,5,UPI,Delivered
ORD200235,15-10-2025,C2195,Aarav Nair,Hyderabad, Beauty ,Hair Dryer,1,1479.51,5,Credit Card,Delivered
ORD204152,03-Nov-25,C1755,Meera Das,Kolkata,Home & Kitchen,Water Bottle,4,450.08,10,COD,Returned
ORD203720,03-10-2025,C2136,Sanjay Das,bengaluru,Beauty,Face Wash,1,262.89,10,UPI,Cancelled
ORD200604,12-05-2025,C2157,Riya Gupta,Delhi,Electronics,USB-C Cable,2,427.08,15,Net Banking,Delivered
ORD200065,20-01-2025,C2382,Rohan Verma,Delhi,Books,Comics Set,2,855.79,10,UPI,Delivered
ORD202719,15-11-2025,C1252,Arjun Sharma,Kolkata,Electronics  ,Wireless Earbuds,3,2698.81,0,Debit Card,Delivered
ORD202129,02-05-2025,C2073,Meera Gupta,Bangalore,Home & Kitchen,Cookware Set,3,2924.47,15,UPI,Delivered
ORD202312,13-Jun-25,C1513,Vikram Gupta,AHMEDABAD,Electronics,Power Bank,4,1331.65,15,UPI,Delivered
ORD201515,23-10-2025,C2167,Isha Singh,Mumbai,Beauty,Moisturiser,2,445.4,10,UPI,Returned
ORD202077,16-Oct-25,C1857,Sneha Joshi,Chennai,Electronics,Power Bank,1,1371,0,Net Banking,Cancelled
ORD200005,27-10-2025,C2199,Priya Nair,Mumbai,Clothing  ,Cotton T-Shirt,1,642.95,20,UPI,Delivered
ORD204946,17-09-2025,C1912,Priya Gupta,Bengaluru,Books,Comics Set,1,761.51,15,COD,Cancelled
ORD202131,13-Jun-25,C1621,Diya Verma,Bengaluru,Clothing,Hoodie,1,1526.7,5,UPI,Cancelled
ORD204997,09-Aug-25,C1715,Manish Gupta,Mumbai  ,Electronics,Wireless Earbuds,1,2457.63,0,Credit Card,Delivered
ORD204658,05-Jun-25,C1573,Kavya Patel,Delhi,Beauty,Moisturiser,1,435.69,20,Debit Card,Delivered
ORD203786,23-Jan-25,C1903,Diya Kulkarni,Kolkata,Home & Kitchen,Mixer Grinder,2,3357.21,,Net Banking,Returned
ORD200155,25-11-2025,C1662,Rohan Nair,Mumbai, Clothing ,Hoodie,4,1564.78,0,UPI,Returned
ORD200428,05-Jun-25,C2253,Isha Das,Delhi,Electronics,Smartwatch,3,6117.7,5,Net Banking,Delivered
ORD202600,09-04-2025,C1244,Rahul Verma,,Clothing,Cap,3,349.48,10,COD,Delivered
ORD200472,20-11-2025,C1597,Priya Patel,Chennai,Clothing,Cotton T-Shirt,2,612.45,5,UPI,Cancelled
ORD204218,16-11-2025,C2333,Manish Verma,Bengaluru,Beauty,Hair Dryer,3,1508.99,,Debit Card,Delivered
ORD200361,15-12-2025,C1710,Sanjay Gupta,Delhi, Clothing ,Cotton T-Shirt,1,,20,UPI,Delivered
ORD204211,24-02-2025,C1823,Isha Iyer,Kolkata,Electronics,USB-C Cable,4,412.02,5,Credit Card,Delivered
ORD203363,26-07-2025,C1683,Vikram Singh,Bengaluru,Books,Comics Set,2,817.91,0,Net Banking,Delivered
ORD200267,02-04-2025,C1422,Sneha Verma,Chennai,Home & Kitchen,Mixer Grinder,4,3330.05,0,Credit Card,Delivered
ORD200436,28-11-2025,C1447,Sanjay Kulkarni,Mumbai,Electronics,Wireless Earbuds,1,2425.07,0,UPI,Delivered
ORD200301,29-11-2025,C1151,Manish Kulkarni,Delhi,Clothing,Running Shoes,1,3164.88,0,UPI,Cancelled
ORD201424,16-07-2025,C1016,Ananya Patel,Chennai,home & kitchen,Mixer Grinder,1,3524.89,10,Net Banking,Returned
ORD203691,06-29-2025,C2044,Meera Nair,Chennai,Home & Kitchen,Cookware Set,4,2860,5,Debit Card,Cancelled
ORD202116,26-02-2025,C1949,Arjun Verma,Pune,Beauty,Hair Dryer,1,1454.73,0,COD,Cancelled
ORD202228,16-01-2025,C2367,Pooja Gupta,,Clothing,Hoodie,4,1532.9,15,UPI,Delivered
ORD203123,04-11-2025,C1685,Vivaan Sharma,Pune,Electronics  ,Smartwatch,1,6166.05,15,Net Banking,Delivered
ORD201177,12-01-2025,C1952,Isha Reddy,Chennai,clothing,Cotton T-Shirt,1,587.02,15,UPI,Delivered
ORD202901,07-02-2025,C2290,Isha Reddy,Mumbai,Clothing,Denim Jeans,2,1842.61,,UPI,Returned
ORD200156,20-07-2025,C1580,Arjun Singh,Bengaluru,Electronics,USB-C Cable,4,429.8,15,UPI,Delivered
ORD202904,26-08-2025,C2005,Pooja Singh,Delhi,Books,Novel,2,336.87,0,Debit Card,Delivered
ORD203076,27-09-2025,C1171,Manish Reddy,Delhi,Electronics,USB-C Cable,3,385.04,0,Net Banking,Delivered
ORD204644,08-08-2025,C1968,Neha Joshi,Mumbai,BEAUTY,Lipstick,4,383.44,0,UPI,Delivered
ORD204626,07-12-2025,C1219,Aarav Joshi,Chennai,Home & Kitchen,Water Bottle,3,438.76,0,,Delivered
ORD200410,02-04-2025,C1039,Priya Nair,Delhi,Beauty,Hair Dryer,1,1571.29,20,Credit Card,Cancelled
ORD200974,20-02-2025,C1010,Karan Reddy,Chennai,ELECTRONICS,Wireless Earbuds,1,2437.83,0,UPI,Delivered
ORD200980,16-05-2025,C2050,Kavya Joshi,Pune,Home & Kitchen,Water Bottle,1,474.46,0,UPI,Delivered
ORD203100,23-Jun-25,C1579,Kavya Patel,Bengaluru, Electronics ,Power Bank,2,1300.52,0,Credit Card,Returned
ORD201607,31-08-2025,C1464,Vivaan Sharma,Chennai,Home & Kitchen,Water Bottle,1,455.76,0,UPI,Delivered
ORD201982,25-05-2025,C1791,Diya Reddy,Pune,Electronics,Bluetooth Speaker,2,1933.48,0,Debit Card,Delivered
ORD203012,23-02-2025,C2119,Aarav Mehta,Mumbai,Electronics,Smartwatch,4,6381.52,5,Debit Card,Delivered
ORD202151,30-12-2025,C1840,Manish Sharma,Chennai,Electronics,Bluetooth Speaker,4,1989.67,0,UPI,Delivered
ORD204776,04-04-2025,C1632,Aditya Nair,Pune,Home & Kitchen,Cookware Set,3,2659.24,0,UPI,Returned
ORD204077,24-May-25,C2043,Diya Mehta,Bengaluru,Electronics,USB-C Cable,2,380.17,10,UPI,Returned
ORD204186,14-11-2025,C1418,Manish Gupta,Bengaluru,Home & Kitchen,Air Fryer,4,,0,Credit Card,Returned
ORD200412,01-08-2025,C1675,Priya Singh,MUMBAI, Books ,Data Science Primer,1,928.97,0,Debit Card,Delivered
ORD200652,17-04-2025,C1157,Sneha Das,Mumbai,Home & Kitchen,Cookware Set,1,2676.84,15,Credit Card,Delivered
ORD203462,28-11-2025,C1038,Meera Joshi,Ahmedabad,CLOTHING,Cotton T-Shirt,3,586.11,10,Credit Card,Delivered
ORD200340,02-10-2025,C1137,Aditya Gupta,Bengaluru,Electronics,Smartwatch,4,6270.86,20,UPI,Delivered
ORD201687,26-Nov-25,C1048,Sanjay Patel,Delhi,Beauty,Hair Dryer,1,1491.82,0,Net Banking,Delivered
ORD202667,19-12-2025,C1377,Kavya Das,mumbai,Electronics,Power Bank,1,1389.7,15,UPI,Delivered
ORD203800,23-03-2025,C1815,Vivaan Singh,Hyderabad  ,Clothing,Running Shoes,1,3073.02,5,UPI,Delivered
ORD200539,18-Apr-25,C1325,Riya Nair,Bengaluru,Home & Kitchen,Mixer Grinder,1,3285.44,0,Credit Card,Delivered
ORD203818,26-11-2025,C1299,Rahul Patel,Delhi,Electronics,Power Bank,4,1280.77,5,Debit Card,Delivered
ORD200425,30-Dec-25,C1364,Diya Gupta,Mumbai,Beauty,Hair Dryer,2,1572.39,15,COD,Delivered
ORD200016,25-12-2025,C1655,Manish Nair,DELHI,Clothing,Running Shoes,4,,0,COD,Cancelled
ORD201193,07-02-2025,C1456,,Chennai,clothing,Running Shoes,3,2892.2,15,Credit Card,Cancelled
ORD200443,15-10-2025,C2172,Sanjay Gupta,Pune,CLOTHING,Cap,3,373.48,0,Credit Card,Delivered
ORD203086,05-Jan-25,C1353,Ananya Joshi,Delhi,Clothing,Hoodie,1,1590.1,5,Credit Card,Delivered
ORD203503,05-12-2025,C1214,Rahul Gupta,Mumbai,Beauty,Face Wash,1,249.26,10,UPI,Delivered
ORD201682,22-Nov-25,C1939,Aditya Joshi,Mumbai,Electronics,USB-C Cable,1,381.75,0,UPI,Delivered
ORD200753,25-01-2025,C1959,Pooja Kulkarni,Delhi,Clothing,Cotton T-Shirt,2,580.61,0,UPI,Cancelled
ORD203508,03-08-2025,C2388,Neha Singh,Ahmedabad,CLOTHING,Hoodie,1,1496.57,5,UPI,Delivered
ORD204207,11-04-2025,C1126,Karan Iyer,Delhi,Clothing,Denim Jeans,1,1758.55,10,,Delivered
ORD203578,16-10-2025,C1048,Sanjay Patel,DELHI,Electronics,Power Bank,1,1264.73,20,Credit Card,Delivered
ORD202267,30-01-2025,C1565,Isha Nair,BENGALURU,Clothing,Cotton T-Shirt,3,628.82,20,Net Banking,Delivered
ORD203247,28-Oct-25,C1183,Priya Iyer,Kolkata,Electronics,Wireless Earbuds,1,2441.94,5,UPI,Cancelled
ORD204171,06-01-2025,C1282,Arjun Singh,Bengaluru,Beauty,Lipstick,4,396.88,5,Debit Card,Returned
ORD204931,02-07-2025,C1022,Priya Patel,,Clothing,Denim Jeans,1,1721.24,0,Credit Card,Returned
ORD202318,22-07-2025,C1312,Aarav Joshi,Hyderabad,clothing,Cotton T-Shirt,4,580.5,0,UPI,Delivered
ORD201835,09-02-2025,C1597,Priya Patel,Chennai,Electronics,Bluetooth Speaker,500,2064.76,0,UPI,Delivered
ORD204908,18-08-2025,C1710,Sanjay Gupta,Delhi,Electronics,Bluetooth Speaker,3,2122.38,0,Credit Card,Delivered
ORD204651,11-Jun-25,C2234,Kavya Verma,Bengaluru,Beauty,Perfume,2,1646.18,0,Debit Card,Returned
ORD201672,02-03-2025,C2067,Rohan Reddy,Delhi,Beauty,Face Wash,4,264.23,10,UPI,Cancelled
ORD200586,01-10-2025,C1193,Vikram Singh,Ahmedabad,Electronics,USB-C Cable,1,416.8,5,UPI,Delivered
ORD200362,30-Oct-25,C2023,Ananya Verma,Pune,Beauty,Face Wash,4,254.87,15,Net Banking,Delivered
ORD204996,04-12-2025,C2120,Aditya Verma,Kolkata,beauty,Hair Dryer,1,1445.48,5,UPI,Delivered
ORD203447,20-10-2025,C2087,Sanjay Joshi,pune,Beauty,Lipstick,1,388.83,5,Credit Card,Delivered
ORD202442,05-Feb-25,C2131,Neha Singh,,Home & Kitchen,Water Bottle,4,476.84,0,Net Banking,Delivered
ORD203624,06-04-2025,C2336,Aditya Gupta,Chennai,Clothing,Running Shoes,1,3097.31,20,Credit Card,Delivered
ORD204770,03-04-2025,C2223,Ananya Das,Delhi,Beauty,Lipstick,2,400.96,20,UPI,Delivered
ORD203777,23-02-2025,C1259,Arjun Patel,Pune,Electronics,Smartwatch,1,5856.52,20,Credit Card,Delivered
ORD203305,21-07-2025,C2079,Isha Kulkarni,Mumbai,beauty,Hair Dryer,1,1437.75,0,Credit Card,Delivered
ORD201000,03-12-2025,C1655,Manish Nair, Delhi ,Beauty,Perfume,3,1634.01,5,UPI,Delivered
ORD201320,15-11-2025,C1712,Neha Patel,Pune,Books,Comics Set,2,802.2,15,UPI,Delivered
ORD202281,12-10-2025,C1173,,,Home & Kitchen,Cookware Set,1,2896.5,5,UPI,Delivered
ORD201075,31-Jul-25,C1730,Arjun Kulkarni,Bengaluru,Electronics,Wireless Earbuds,4,2658.12,0,COD,Cancelled
ORD201411,27-03-2025,C1077,Vivaan Reddy,chennai,Beauty,Moisturiser,1,470.12,0,Net Banking,Delivered
ORD200212,22-10-2025,C1617,,delhi,Clothing,Hoodie,1,0,0,Credit Card,Delivered
ORD200131,16-Apr-25,C1260,Vivaan Nair,Chennai,Electronics,Smartwatch,1,5912,10,COD,Cancelled
ORD202635,16-Sep-25,C2381,Rohan Reddy, Chennai ,Clothing,Hoodie,3,1536.17,0,Debit Card,Returned
ORD201779,03-01-2025,C1015,Aarav Kulkarni,Hyderabad,Beauty,Lipstick,1,385.62,20,Credit Card,Delivered
ORD202377,23-12-2025,C2306,Ananya Mehta,Kolkata,Beauty  ,Face Wash,1,264.79,20,Debit Card,Delivered
ORD203345,12-01-2025,C2132,Meera Verma,Bengaluru,Clothing,Denim Jeans,1,,0,UPI,Delivered
ORD201785,09-Oct-25,C2266,Aarav Patel,Ahmedabad, Electronics ,Smartwatch,2,5934.23,5,Credit Card,Returned
ORD201562,10-01-2025,C1985,Neha Singh,Pune,Clothing,Cotton T-Shirt,1,638.52,15,UPI,Delivered
ORD201156,13-Sep-25,C2017,Vikram Iyer,Delhi,Electronics,Power Bank,2,1318.94,5,Debit Card,Delivered
ORD203607,30-07-2025,C1637,Ananya Verma,Ahmedabad,Beauty,Moisturiser,4,438.78,0,UPI,Delivered
ORD200191,19-01-2025,C1826,Priya Das,Mumbai,Beauty,Moisturiser,1,436.67,0,UPI,Delivered
ORD200337,11-12-2025,C1687,Manish Kulkarni,Hyderabad,Electronics,Bluetooth Speaker,3,2022.49,0,UPI,Delivered
ORD203940,23-06-2025,C1200,Kavya Kulkarni,Pune,Clothing,Running Shoes,1,3161.25,0,COD,Cancelled
ORD202924,10-Jan-25,C1884,Kavya Kulkarni,BENGALURU,Clothing,Cotton T-Shirt,1,628.08,0,Credit Card,Returned
ORD200079,25-07-2025,C1943,Priya Verma,Mumbai,Books,Comics Set,1,795.54,0,Net Banking,Delivered
ORD204757,23-12-2025,C2206,Vivaan Mehta,Mumbai,Books,Comics Set,1,838.72,5,Credit Card,Returned
ORD200558,12-23-2025,C1995,Neha Iyer,Kolkata,Electronics,Smartwatch,4,6375.43,10,Debit Card,Delivered
ORD202717,08-04-2025,C1727,Aarav Gupta,Mumbai,Books,Comics Set,1,794,15,UPI,Returned
ORD200757,29-10-2025,C2165,Ananya Iyer,Mumbai,Clothing,Hoodie,4,1595.94,0,Net Banking,Cancelled
ORD202226,18-12-2025,C2265,Vikram Reddy,Mumbai,Clothing,Denim Jeans,3,1822.6,0,Net Banking,Delivered
ORD201317,18-06-2025,C1712,Neha Patel,,Home & Kitchen,Water Bottle,3,454.08,0,UPI,Delivered
ORD203436,10-12-2025,C1133,Rohan Kulkarni,DELHI,BEAUTY,Perfume,1,1535.3,15,UPI,Delivered
ORD203490,21-10-2025,C2146,Pooja Das,Pune,CLOTHING,Cap,2,,20,Credit Card,Delivered
ORD203605,13-07-2025,C2387,Karan Verma,Bengaluru,Clothing,Cotton T-Shirt,2,644.62,,UPI,Cancelled
ORD204635,27-06-2025,C1934,Neha Das,Mumbai,Clothing,Hoodie,3,1494.67,,COD,Delivered
ORD202480,27-12-2025,C2029,Ananya Joshi,Mumbai,Clothing,Cotton T-Shirt,1,569.27,10,UPI,Delivered
ORD201903,18-12-2025,C1557,Vikram Kulkarni,Bengaluru,Beauty,Perfume,1,1631.33,20,UPI,Delivered
ORD201524,31-May-25,C1606,Kavya Kulkarni,Delhi,Clothing,Running Shoes,2,3100.68,0,UPI,Delivered
ORD202982,27-11-2025,C1922,Isha Joshi,MUMBAI,beauty,Lipstick,1,411.84,15,UPI,Delivered
ORD203268,27-Oct-25,C1715,Manish Gupta,Mumbai,Beauty,Hair Dryer,1,1572.75,0,Credit Card,Delivered
ORD204323,30-09-2025,C2093,Diya Reddy, Mumbai ,Beauty,Face Wash,1,260.7,15,Net Banking,Cancelled
ORD202351,04-05-2025,C2285,Neha Sharma,Mumbai,beauty,Hair Dryer,1,1600.3,20,Debit Card,Delivered
ORD203285,30-Dec-25,C1666,Kavya Sharma,Chennai,Electronics,USB-C Cable,1,393.99,0,Debit Card,Delivered
ORD204966,19-04-2025,C1930,Vivaan Gupta,Mumbai,Electronics,USB-C Cable,2,430.9,0,Credit Card,Delivered
ORD204792,25-10-2025,C1155,Kavya Singh,Ahmedabad,Beauty,Face Wash,4,248.4,0,Credit Card,Delivered
ORD201986,25-Feb-25,C2035,Sanjay Nair,Mumbai,Electronics,Bluetooth Speaker,3,2042.61,0,Debit Card,Delivered
ORD204261,24-Oct-25,C1817,Priya Patel,Chennai,Clothing,Denim Jeans,4,1828.14,0,UPI,Returned
ORD200391,11-03-2025,C1364,Diya Gupta,Mumbai,Clothing,Cap,1,365.76,5,UPI,Delivered
ORD200972,05-06-2025,C2389,Aarav Iyer,Delhi,Beauty,Face Wash,2,244.17,20,UPI,Returned
ORD200656,10-13-2025,C1267,Diya Verma,Ahmedabad,Beauty,Hair Dryer,1,1491.95,15,UPI,Delivered
ORD200083,14-12-2025,C1147,Vikram Reddy,Chennai,Electronics,Bluetooth Speaker,2,2097.32,5,upi,Cancelled
ORD201574,28-06-2025,C1035,Karan Mehta,Mumbai,Books,Novel,1,360.08,0,COD,Delivered
ORD203799,18-09-2025,C1993,Diya Patel,Delhi,Home & Kitchen,Bedsheet Set,2,1333.1,0,upi,Delivered
ORD204344,19-12-2025,C2059,Sneha Kulkarni,Mumbai,Home & Kitchen,Air Fryer,4,5137.06,0,Credit Card,Cancelled
ORD200073,23-10-2025,C1795,Riya Iyer,Delhi,Home & Kitchen,Mixer Grinder,3,3243.69,10,COD,Cancelled
ORD204611,23-05-2025,C1529,,,Books,Novel,2,332.83,0,Net Banking,Delivered
ORD202062,12-15-2025,C2319,Karan Patel, Pune ,Home & Kitchen,Cookware Set,2,2896.81,0,UPI,Cancelled
ORD200082,31-Mar-25,C2379,Ananya Verma,Bengaluru,Clothing  ,Denim Jeans,3,1758.16,0,Credit Card,Returned
ORD203501,23-06-2025,C2189,Rahul Nair,Bengaluru,Electronics,Power Bank,2,1396.55,0,COD,Delivered
ORD200975,07-Oct-25,C2352,Aarav Reddy,Bengaluru,Home & Kitchen,Mixer Grinder,3,3238.18,0,COD,Delivered
ORD202200,17-02-2025,C1099,Diya Reddy,Bengaluru,Clothing,Running Shoes,1,2907.16,20,UPI,Delivered
ORD204755,02-12-2025,C1395,Pooja Patel,Pune,Electronics,Bluetooth Speaker,3,1913.41,0,UPI,Delivered
ORD202608,02-Nov-25,C1998,Manish Mehta,Bengaluru,Beauty,Hair Dryer,3,1551.88,5,Credit Card,Cancelled
ORD201715,30-Nov-25,C1840,Manish Sharma,Chennai,Clothing,Denim Jeans,0,1940.02,0,COD,Cancelled
ORD201510,27-07-2025,C1316,Neha Iyer,Mumbai,Home & Kitchen,Air Fryer,2,4805.01,20,UPI,Delivered
ORD203010,14-04-2025,C2261,Rohan Patel,Mumbai,Books,Comics Set,4,800.59,15,Net Banking,Returned
ORD200963,29-01-2025,C1476,Riya Singh,Ahmedabad,Electronics,USB-C Cable,4,399.97,0,Credit Card,Delivered
ORD202111,05-06-2025,C2373,Aditya Reddy,Chennai,Home & Kitchen,Cookware Set,1,2910.91,20,Credit Card,Cancelled
ORD203780,15-01-2025,C2103,Kavya Singh,,Books,Comics Set,1,846.99,5,Debit Card,Delivered
ORD200573,15-04-2025,C1872,Vikram Verma,Mumbai,Books,Comics Set,1,833.71,5,UPI,Delivered
ORD200446,28-10-2025,C1777,Vivaan Singh,Pune,Electronics,Smartwatch,4,6140.86,20,Credit Card,Returned
ORD204939,29-Nov-25,C1599,Sneha Gupta,Ahmedabad,Home & Kitchen,Air Fryer,4,5186.87,0,Credit Card,Returned
ORD204745,15-06-2025,C1325,Riya Nair,, Clothing ,Running Shoes,1,3141.73,10,COD,Delivered
ORD203598,04-Mar-25,C1221,Isha Das,PUNE,Home & Kitchen,Air Fryer,1,4904.81,10,UPI,Delivered
ORD202899,05-02-2025,C1776,Arjun Reddy,Kolkata,Electronics,Bluetooth Speaker,1,1900.44,15,Debit Card,Delivered
ORD203025,05-06-2025,C1363,Priya Mehta,Delhi,Home & Kitchen,Cookware Set,2,2844.44,5,COD,Returned
ORD203349,17-02-2025,C1372,Sanjay Nair,MUMBAI,Clothing,Cotton T-Shirt,4,585.94,20,Debit Card,Delivered
ORD200416,25-04-2025,C1420,Rahul Das,Delhi,Home & Kitchen,Mixer Grinder,3,3328.82,10,UPI,Cancelled
ORD202114,29-11-2025,C2157,Riya Gupta,Delhi,Beauty,Moisturiser,2,441.02,15,COD,Cancelled
ORD201760,24-03-2025,C2194,Isha Iyer,Delhi, Electronics ,Smartwatch,2,6344.01,0,Debit Card,Delivered
ORD201630,15-09-2025,C1783,Diya Sharma,Bengaluru,Beauty,Perfume,2,1695.26,5,Credit Card,Cancelled
ORD200890,07-20-2025,C1760,Diya Sharma,Chennai,Books,Comics Set,1,782.47,5,Credit Card,Delivered
ORD204595,16-07-2025,C1724,Manish Singh,CHENNAI,Clothing,Cotton T-Shirt,3,625.31,0,Net Banking,Delivered
ORD201512,08-12-2025,C2153,Vikram Das,Mumbai,Electronics,Wireless Earbuds,1,2487.43,10,COD,Returned
ORD204240,28-11-2025,C1086,Vivaan Gupta,MUMBAI,beauty,Lipstick,1,383.01,150,Credit Card,Delivered
ORD200282,08-14-2025,C1617,Aarav Verma,Delhi,Electronics,Smartwatch,3,6395.37,0,Credit Card,Cancelled
ORD204089,06-18-2025,C1188,Manish Nair,AHMEDABAD,Clothing,Cotton T-Shirt,1,597.94,0,Credit Card,Delivered
ORD200543,12-09-2025,C1021,Ananya Gupta,Mumbai,Home & Kitchen,Mixer Grinder,4,3488.01,20,UPI,Delivered
ORD202061,19-11-2025,C1058,Riya Sharma,Delhi,Books,Comics Set,1,815.84,0,UPI,Delivered
ORD202651,17-09-2025,C1215,Isha Kulkarni,Mumbai,Books,Novel,2,364.26,5,Net Banking,Delivered
ORD202818,21-05-2025,C1452,Rohan Sharma,mumbai,Books  ,Python Handbook,1,732.79,20,Debit Card,Returned
ORD204116,23-07-2025,C1892,Diya Singh,Mumbai  ,Beauty,Perfume,2,1688.26,0,Net Banking,Delivered
ORD202894,21-03-2025,C1729,Sanjay Patel,Mumbai,Home & Kitchen,Water Bottle,3,439.72,15,UPI,Returned
ORD204012,24-01-2025,C2047,Neha Gupta,Kolkata,Beauty,Moisturiser,1,449.27,5,UPI,Delivered
ORD201252,19-09-2025,C1575,Pooja Gupta,Chennai,Beauty,Moisturiser,4,435.49,0,Net Banking,Delivered
ORD201517,15-09-2025,C2131,Neha Singh,Bengaluru,Clothing,Running Shoes,1,3031.44,15,Credit Card,Delivered
ORD202745,09-11-2025,C2257,Kavya Sharma,Delhi,Beauty,Perfume,1,0,0,Credit Card,Cancelled
ORD200223,17-Feb-25,C1356,Vikram Iyer,Mumbai,Electronics,Bluetooth Speaker,2,1919.38,0,Credit Card,Returned
ORD203140,16-02-2025,C2107,Arjun Patel,,Clothing,Running Shoes,1,2893.34,5,COD,Delivered
ORD203914,07-03-2025,C1585,Rahul Iyer,Bengaluru  ,Books,Novel,3,334.5,0,COD,Delivered
ORD202094,03-12-2025,C1817,Priya Patel,Chennai,Beauty  ,Perfume,4,1540.51,10,UPI,Returned
ORD201885,18-06-2025,C1913,Pooja Singh,Pune,Electronics,USB-C Cable,4,412.74,5,Debit Card,Delivered
ORD201942,05-02-2025,C1500,Neha Nair,Bengaluru,Clothing,Running Shoes,1,3013.18,0,UPI,Delivered
ORD200440,02-Feb-25,C1576,Karan Mehta,Chennai,Books,Comics Set,1,830.37,5,COD,Cancelled
ORD203483,31-12-2025,C1955,Rahul Mehta,delhi,Electronics,Power Bank,3,1264.48,15,UPI,Delivered
ORD203556,17-03-2025,C1163,Sneha Singh,Hyderabad,Electronics,USB-C Cable,1,387.77,5,Debit Card,Delivered
ORD202057,19-06-2025,C1460,Rahul Mehta,Kolkata,Electronics,Power Bank,2,1339.4,5,COD,Cancelled
ORD202670,30-May-25,C2281,Kavya Iyer,Mumbai,Electronics,Bluetooth Speaker,1,2002.93,10,COD,Cancelled
ORD204732,18-08-2025,C1765,Neha Joshi,Hyderabad,Home & Kitchen,Bedsheet Set,2,1366.12,15,Credit Card,Delivered
ORD202132,12-03-2025,C1551,Vikram Reddy,Bengaluru,electronics,Wireless Earbuds,2,2685.68,0,Net Banking,Returned
ORD204408,23-10-2025,C2203,Vivaan Verma,Kolkata,Beauty,Hair Dryer,2,1443.31,10,UPI,Delivered
ORD201780,27-02-2025,C1167,Pooja Singh,Delhi,Clothing,Denim Jeans,2,1770.47,0,UPI,Returned
ORD204405,01-May-25,C1721,Vikram Gupta,Bengaluru  ,Beauty,Lipstick,2,428.33,15,Credit Card,Delivered
ORD204513,10-26-2025,C1809,Priya Kulkarni,Mumbai,Clothing,Denim Jeans,1,1821.74,10,Credit Card,Delivered
ORD203064,25-06-2025,C2067,Rohan Reddy,Delhi, Electronics ,USB-C Cable,1,414.54,15,UPI,Returned
ORD204153,19-06-2025,C1261,,Mumbai, Home & Kitchen ,Water Bottle,1,455.41,0,UPI,Delivered
ORD202642,29-08-2025,C2132,Meera Verma,Bengaluru  ,clothing,Cap,1,369.58,20,UPI,Delivered
ORD203094,08-05-2025,C1348,Diya Nair,DELHI,Books,Python Handbook,1,699.38,0,UPI,Cancelled
ORD202186,12-16-2025,C1166,Riya Nair,Pune,Home & Kitchen,Bedsheet Set,4,1259.14,10,Net Banking,Returned
ORD200763,23-02-2025,C1687,Manish Kulkarni,hyderabad,Clothing,Cap,2,339.27,0,COD,Delivered
ORD200335,17-11-2025,C1692,Pooja Reddy,Pune,Electronics,Wireless Earbuds,4,,0,Credit Card,Returned
ORD204577,13-11-2025,C1921,Isha Mehta,hyderabad,Clothing,Running Shoes,2,3204.41,0,,Delivered
ORD203966,26-01-2025,C2039,Rohan Nair,Chennai,electronics,USB-C Cable,2,408.1,20,UPI,Delivered
ORD203527,28-10-2025,C2282,Karan Joshi,Delhi,Electronics,Bluetooth Speaker,4,1979.91,15,UPI,Returned
ORD200592,09-06-2025,C1856,, Delhi ,Electronics,Smartwatch,1,6226.83,20,UPI,Cancelled
ORD201800,11-06-2025,C1648,Aditya Verma,Chennai,Home & Kitchen,Cookware Set,2,2983.86,15,Credit Card,Returned
ORD202995,26-11-2025,C1895,Aditya Iyer,Hyderabad,Beauty,Moisturiser,-1,462.65,5,UPI,Delivered
ORD204147,06-02-2025,C1060,Manish Nair,Mumbai  ,Clothing,Denim Jeans,1,1875.62,15,Credit Card,Delivered
ORD203216,30-05-2025,C1873,Rahul Sharma,Chennai,Clothing,Running Shoes,3,3056.66,0,Credit Card,Delivered
ORD200369,25-06-2025,C2256,Pooja Iyer,chennai,Beauty,Moisturiser,1,455.05,15,Net Banking,Cancelled
ORD204171,06-01-2025,C1282,Arjun Singh,Bengaluru,Beauty,Lipstick,4,396.88,5,Debit Card,Returned
ORD204979,22-10-2025,C1977,Karan Sharma,Mumbai,home & kitchen,Water Bottle,3,448.52,20,UPI,Delivered
ORD202680,08-06-2025,C1999,Manish Kulkarni,Delhi,Electronics,Bluetooth Speaker,3,2013.97,0,Net Banking,Delivered
ORD201639,31-Mar-25,C1360,Priya Sharma,,Electronics,USB-C Cable,1,381.31,0,Debit Card,Delivered
ORD200859,26-11-2025,C1250,Vivaan Das,Mumbai,Beauty,Perfume,2,1554.27,20,Debit Card,Cancelled
ORD204307,10-01-2025,C1712,Neha Patel,Pune,Home & Kitchen,Mixer Grinder,-1,3335.63,0,Credit Card,Delivered
ORD201502,03-12-2025,C2273,Vivaan Patel,Hyderabad,Electronics,Bluetooth Speaker,4,2076.04,0,Credit Card,Delivered
ORD201671,14-03-2025,C2027,Meera Gupta,Hyderabad  , Electronics ,USB-C Cable,2,394.96,,UPI,Cancelled
ORD201175,16-01-2025,C2062,Rohan Sharma,Hyderabad,Beauty,Perfume,1,1595.61,0,COD,Returned
ORD201648,08-05-2025,C1945,Vikram Singh,,Clothing,Cap,1,333.39,15,Credit Card,Returned
ORD203732,04-09-2025,C2186,Vivaan Nair,Delhi,Clothing,Running Shoes,4,3012.31,0,UPI,Delivered
ORD204073,24-09-2025,C1134,Diya Sharma,Mumbai, Books ,Data Science Primer,2,969.54,5,Debit Card,Delivered
ORD203711,01-11-2025,C2329,Karan Mehta,Bangalore,Electronics,Power Bank,3,1357.99,5,COD,Delivered
ORD202705,01-10-2025,C1420,Rahul Das,DELHI,Electronics,Wireless Earbuds,1,2603.5,10,UPI,Cancelled
ORD202612,19-10-2025,C1859,Pooja Das,Chennai,Home & Kitchen,Cookware Set,4,2996.15,0,UPI,Delivered
ORD204705,07-11-2025,C2215,Riya Singh,Kolkata,electronics,Bluetooth Speaker,4,1941.21,15,UPI,Delivered
ORD204905,18-04-2025,C1877,Isha Joshi,Kolkata,Electronics,USB-C Cable,2,380.19,15,UPI,Delivered
ORD202618,02-11-2025,C1442,Priya Reddy,,Electronics,USB-C Cable,1,411.73,0,UPI,Delivered
ORD203769,29-12-2025,C1108,Arjun Iyer,Chennai, Clothing ,Hoodie,2,1491.99,0,UPI,Returned
ORD204563,10-Jun-25,C2306,Ananya Mehta,Kolkata,CLOTHING,Cap,4,338.85,0,Credit Card,Cancelled
ORD202864,04-07-2025,C1447,Sanjay Kulkarni,Mumbai, Clothing ,Cotton T-Shirt,-1,642.89,0,Debit Card,Delivered
ORD204616,09-10-2025,C2251,Neha Iyer,Delhi,Clothing,Denim Jeans,3,1906.65,0,COD,Cancelled
ORD200319,13-05-2025,C1987,Sneha Mehta,Delhi, Books ,Comics Set,4,827.56,10,Net Banking,Returned
ORD202563,09-Jan-25,C1120,Rohan Mehta,Bengaluru,Home & Kitchen,Bedsheet Set,1,1241.1,20,UPI,Delivered
ORD204702,03-Jun-25,C1716,Neha Verma,Mumbai,Home & Kitchen,Mixer Grinder,1,3480.29,15,Net Banking,Delivered
ORD202733,11-06-2025,C2186,Vivaan Nair,Delhi,Beauty,Moisturiser,1,439.93,5,UPI,Delivered
ORD203426,20-05-2025,C1211,Ananya Kulkarni,,Electronics,Smartwatch,4,5856.23,5,Credit Card,Cancelled
ORD204156,22-11-2025,C1436,Vikram Patel,Ahmedabad, Books ,Comics Set,3,770.39,0,UPI,Delivered
ORD200135,31-May-25,C1124,Arjun Sharma,Pune,Home & Kitchen,Mixer Grinder,3,3393.66,0,Net Banking,Delivered
ORD204300,14-03-2025,C1834,Pooja Iyer,,Electronics,Wireless Earbuds,1,2639.86,0,UPI,Cancelled
ORD201650,16-06-2025,C1650,Pooja Singh,Chennai,Clothing,Denim Jeans,2,1861.56,0,Credit Card,Returned
ORD203514,08-12-2025,C1429,Sneha Sharma,Chennai,Beauty,Hair Dryer,2,1437.2,0,UPI,Delivered
ORD203983,31-01-2025,C1048,Sanjay Patel,Delhi,Electronics,Wireless Earbuds,2,2632.49,5,Debit Card,Cancelled
ORD200355,02-03-2025,C2370,Sneha Nair, Ahmedabad ,Books,Exam Guide,2,538.91,15,UPI,Delivered
ORD203168,12-10-2025,C1586,Kavya Nair,Chennai,Home & Kitchen,Mixer Grinder,3,3261.28,5,UPI,Delivered
ORD201076,14-01-2025,C2277,Diya Sharma,Mumbai,Electronics,Smartwatch,4,6127.91,0,COD,Delivered
ORD204358,10-08-2025,C1583,Neha Das,Bengaluru,Books,Comics Set,1,774.41,15,UPI,Delivered
ORD202366,13-Jan-25,C1296,Manish Gupta,Mumbai,Clothing,Cap,1,349.5,20,Credit Card,Delivered
ORD202109,02-20-2025,C2046,Manish Verma,Kolkata, Electronics ,Smartwatch,4,6065.67,20,Debit Card,Delivered
ORD204699,30-11-2025,C1789,,Bengaluru,Clothing,Hoodie,1,1424.06,0,COD,Delivered
ORD202902,01-May-25,C1623,Neha Gupta,Delhi,Beauty,Face Wash,4,240.13,20,Credit Card,Returned
ORD203677,28-07-2025,C2238,Ananya Mehta,MUMBAI,Beauty,Hair Dryer,3,1467.22,0,UPI,Delivered
ORD203043,14-08-2025,C1563,Neha Gupta,Ahmedabad,Clothing,Denim Jeans,2,1867.2,15,COD,Delivered
ORD203535,12-13-2025,C1339,Priya Sharma,Chennai,Beauty,Moisturiser,-1,445.25,0,UPI,Returned
ORD201897,02-19-2025,C2152,Ananya Patel,Bengaluru,Home & Kitchen,Water Bottle,3,483.15,5,UPI,Delivered
ORD201343,11-07-2025,C1475,Riya Joshi,Bengaluru,Clothing,Cap,3,356.64,5,Debit Card,Cancelled
ORD204416,09-09-2025,C1014,Aditya Das,Chennai,Electronics,Smartwatch,2,6302.93,0,Debit Card,Delivered
ORD202663,09-05-2025,C1067,Karan Nair,Bengaluru,Clothing,Running Shoes,1,3202.59,0,UPI,Cancelled
ORD203074,19-01-2025,C1623,Neha Gupta,Delhi,Clothing,Running Shoes,2,,10,Credit Card,Delivered
ORD203862,20-Sep-25,C1317,Kavya Mehta,Mumbai,Beauty,Face Wash,1,268.26,0,Credit Card,Delivered
ORD203358,30-06-2025,C1799,Aditya Mehta,Pune,Electronics,Power Bank,3,1392.72,10,Credit Card,Cancelled
ORD200329,17-09-2025,C1280,Priya Joshi,Chennai,Home & Kitchen,Mixer Grinder,3,3274.14,5,Net Banking,Cancelled
ORD200823,30-06-2025,C1597,Priya Patel,Chennai,Home & Kitchen,Mixer Grinder,3,3434.11,15,Debit Card,Delivered
ORD204423,13-11-2025,C2372,Manish Reddy,Kolkata,Clothing,Cap,1,362.81,5,UPI,Cancelled
ORD200064,05-09-2025,C2217,Priya Joshi,KOLKATA,Electronics,Bluetooth Speaker,3,2074.3,0,Credit Card,Cancelled
ORD202638,11-05-2025,C1810,Kavya Nair,Hyderabad,Clothing,Running Shoes,1,2875.88,20,Net Banking,Delivered
ORD200772,19-01-2025,C1947,Riya Patel,Kolkata,Clothing,Running Shoes,1,3045.38,0,UPI,Returned
ORD203894,29-12-2025,C1728,Aarav Mehta,Hyderabad,clothing,Hoodie,1,1598.87,5,COD,Returned
ORD200365,20-06-2025,C2159,Riya Reddy,Mumbai,Clothing,Cotton T-Shirt,1,592.48,10,UPI,Delivered
ORD203947,09-Sep-25,C1902,Isha Joshi,pune,Electronics,Wireless Earbuds,2,2529.23,15,UPI,Delivered
ORD201107,26-Mar-25,C1873,Rahul Sharma,Chennai,Books,Exam Guide,1,487.68,5,UPI,Delivered
ORD200353,01-07-2025,C1097,Isha Joshi,Bangalore,Home & Kitchen,Cookware Set,4,2973.68,0,Credit Card,Returned
ORD200678,11-11-2025,C1768,Manish Kulkarni,Mumbai,Clothing,Cap,3,339.36,0,Credit Card,Returned
ORD204199,21-12-2025,C1585,Rahul Iyer,Bengaluru,Home & Kitchen,Water Bottle,1,435.86,5,UPI,Delivered
ORD203167,22-11-2025,C1576,Karan Mehta, Chennai ,Electronics,Bluetooth Speaker,4,2017.14,15,COD,Delivered
ORD202295,04-04-2025,C2005,Pooja Singh,Delhi,Beauty,Moisturiser,4,461.31,15,UPI,Delivered
ORD200669,23-12-2025,C1129,Kavya Singh,Delhi,Beauty,Moisturiser,3,472,15,UPI,Delivered
ORD202919,19-11-2025,C1257,Vivaan Singh,,Home & Kitchen,Cookware Set,3,3012.67,0,UPI,Delivered
ORD202016,19-12-2025,C1329,Sneha Das,Bangalore,Clothing,Cap,1,348.97,0,UPI,Delivered
ORD201955,19-10-2025,C1772,Vivaan Kulkarni,Kolkata,Beauty,Perfume,1,1711.91,10,UPI,Cancelled
ORD204608,06-15-2025,C1038,Meera Joshi,Ahmedabad,Books,Comics Set,1,790.81,15,UPI,Cancelled
ORD202483,18-08-2025,C1381,Ananya Sharma,,Electronics,Wireless Earbuds,3,2606.78,15,UPI,Returned
ORD200400,20-Mar-25,C1508,Manish Sharma,Hyderabad,Clothing,Cotton T-Shirt,1,590.19,0,UPI,Cancelled
ORD203334,16-07-2025,C1771,Sanjay Sharma, Hyderabad ,Clothing,Denim Jeans,2,1913.29,20,UPI,Cancelled
ORD200613,28-04-2025,C1760,Diya Sharma,,Electronics,Smartwatch,1,6069.58,0,UPI,Delivered
ORD203439,21-11-2025,C1938,Manish Iyer,Kolkata,Electronics,USB-C Cable,1,381.09,10,UPI,Delivered
ORD203942,01-08-2025,C1674,Ananya Gupta,Delhi,Books,Python Handbook,3,733.32,0,Credit Card,Delivered
ORD203376,12-01-2025,C1504,Rahul Singh,Mumbai,Clothing,Cap,1,369.36,0,UPI,Cancelled
ORD203281,21-02-2025,C1723,Neha Iyer,Delhi,Home & Kitchen,Mixer Grinder,4,3305.56,5,Net Banking,Delivered
ORD201817,22-Aug-25,C1715,Manish Gupta,Mumbai,Home & Kitchen  ,Water Bottle,1,438.43,5,Credit Card,Delivered
ORD200504,07-05-2025,C1100,Rahul Singh, Bengaluru ,Electronics,Bluetooth Speaker,1,2006.01,0,Credit Card,Delivered
ORD200227,10-10-2025,C2366,Aarav Iyer,Ahmedabad,Electronics,Wireless Earbuds,4,2591.73,10,COD,Delivered
ORD201755,12-13-2025,C1646,Aditya Gupta,Ahmedabad,Clothing,Cotton T-Shirt,2,621.28,10,UPI,Delivered
ORD200245,21-11-2025,C1341,Priya Sharma,delhi,Beauty,Hair Dryer,1,1505.89,0,Credit Card,Delivered
ORD201635,25-03-2025,C1674,Ananya Gupta,Delhi,HOME & KITCHEN,Cookware Set,1,2843.43,0,UPI,Delivered
ORD204774,03-08-2025,C2300,Neha Singh,mumbai, Beauty ,Perfume,1,1700.91,0,UPI,Delivered
ORD202002,27-07-2025,C2301,Arjun Reddy,Pune,Beauty,Hair Dryer,1,1429.3,20,Credit Card,Cancelled
ORD200374,29-09-2025,C1341,Priya Sharma,DELHI,Electronics,Bluetooth Speaker,1,2001.86,0,UPI,Delivered
ORD200119,16-06-2025,C1843,Diya Patel,Pune, Beauty ,Hair Dryer,1,1574.38,5,Credit Card,Returned
ORD200040,07-04-2025,C1335,,Delhi,Books,Data Science Primer,3,,0,Debit Card,Delivered
ORD202777,11-30-2025,C1423,Karan Mehta,Bengaluru,Home & Kitchen,Water Bottle,1,477.68,20,Debit Card,Delivered
ORD200663,15-09-2025,C2252,Pooja Singh,Pune, Electronics ,Smartwatch,1,5749.4,0,COD,Returned
ORD202879,19-02-2025,C1482,Vikram Mehta,CHENNAI,Home & Kitchen,Air Fryer,2,4759.7,0,UPI,Cancelled
ORD200646,25-12-2025,C1114,Kavya Singh,,HOME & KITCHEN,Air Fryer,2,4964.84,0,UPI,Delivered
ORD202578,31-03-2025,C1418,Manish Gupta,Bengaluru,Beauty,Perfume,3,1599.32,5,UPI,Delivered
ORD201435,28-08-2025,C1371,Karan Joshi,Kolkata,Electronics,Power Bank,4,1358.82,20,COD,Returned
ORD203956,04-07-2025,C1033,Meera Joshi,Mumbai,Books,Comics Set,1,853.27,0,UPI,Delivered
ORD202903,11-06-2025,C2369,Meera Patel,Chennai,Home & Kitchen,Bedsheet Set,1,1307.82,15,Debit Card,Returned
ORD202065,25-08-2025,C1827,Ananya Patel,Ahmedabad,Clothing,Cotton T-Shirt,2,621.48,20,UPI,Cancelled
ORD200755,05-Feb-25,C2071,Neha Kulkarni, Mumbai , Clothing ,Running Shoes,2,2907.54,0,Debit Card,Delivered
ORD200554,25-11-2025,C2064,Priya Joshi,Pune,Electronics,Power Bank,3,1352.5,15,COD,Delivered
ORD202342,17-01-2025,C2090,Pooja Gupta,Bengaluru,Beauty,Lipstick,2,417.85,10,UPI,Returned
ORD200470,17-04-2025,C2190,Rahul Singh,Chennai,electronics,Power Bank,2,1246.63,0,UPI,Delivered
ORD204094,12-Sep-25,C2129,Meera Kulkarni,Bengaluru,Electronics,USB-C Cable,1,384.95,0,UPI,Delivered
ORD204486,04-07-2025,C2146,Pooja Das,Pune,Clothing,Denim Jeans,4,1722.87,0,UPI,Delivered
ORD204091,09-06-2025,C1494,Ananya Kulkarni,Mumbai,Clothing  ,Running Shoes,2,3142.22,15,COD,Delivered
ORD200802,14-07-2025,C1861,Diya Kulkarni,Chennai,Electronics,USB-C Cable,4,401.76,20,UPI,Delivered
ORD201387,02-10-2025,C1672,Manish Sharma, Pune ,Clothing,Denim Jeans,2,1878.06,20,UPI,Delivered
ORD202554,04-02-2025,C1037,Riya Reddy,Ahmedabad,Books  ,Comics Set,2,830.42,15,UPI,Delivered
ORD202839,17-06-2025,C1211,Ananya Kulkarni,Bengaluru,Clothing,Running Shoes,2,3032.27,0,Debit Card,Returned
ORD202036,18-10-2025,C1624,Arjun Sharma,Ahmedabad,Home & Kitchen,Water Bottle,1,449.21,5,COD,Cancelled
ORD204914,11-04-2025,C2031,Arjun Das,pune,Electronics,Power Bank,1,1366.21,20,UPI,Delivered
ORD204552,18-12-2025,C1536,Isha Kulkarni,Hyderabad,Electronics,Bluetooth Speaker,2,2103.22,0,UPI,Delivered
ORD201818,10-05-2025,C1757,Diya Das,Bengaluru,Electronics,Bluetooth Speaker,3,2150.68,5,COD,Delivered
ORD200378,14-05-2025,C2351,Meera Das,Delhi  ,Electronics,USB-C Cable,4,416.41,20,UPI,Returned
ORD200793,22-06-2025,C2079,Isha Kulkarni,Mumbai  ,Beauty,Moisturiser,1,451.42,,Credit Card,Delivered
ORD200605,25-05-2025,C2386,Sneha Singh,Hyderabad,Beauty,Hair Dryer,2,1481.53,10,UPI,Delivered
ORD201958,06-08-2025,C1824,Manish Mehta,Delhi,Electronics,Smartwatch,4,6465.9,10,UPI,Cancelled
ORD201514,06-08-2025,C1695,Aarav Gupta,Chennai,Home & Kitchen,Mixer Grinder,2,3553.96,,Credit Card,Returned
ORD200289,02-10-2025,C1885,Sneha Iyer,MUMBAI,Books,Data Science Primer,1,950.92,20,UPI,Delivered
ORD201271,16-04-2025,C2248,Isha Mehta,Mumbai,Home & Kitchen,Mixer Grinder,1,3388.59,0,COD,Returned
ORD202614,15-10-2025,C1847,Aarav Reddy,DELHI,Electronics,Bluetooth Speaker,1,2112.01,10,Credit Card,Delivered
ORD203886,14-02-2025,C1618,Aarav Joshi,Delhi,Books,Comics Set,3,805.07,10,Debit Card,Delivered
ORD204765,11-01-2025,C1974,Manish Gupta,Chennai,Home & Kitchen,Air Fryer,1,4990.54,0,Net Banking,Delivered
ORD203290,18-03-2025,C2388,Neha Singh,Ahmedabad, Clothing ,Denim Jeans,4,1860,0,Debit Card,Delivered
ORD204787,14-03-2025,C1049,Arjun Gupta,Chennai,Electronics,USB-C Cable,1,420.47,0,UPI,Delivered
ORD200297,11-17-2025,C1746,Isha Iyer,,Beauty,Perfume,3,1564.02,5,Credit Card,Delivered
ORD201917,07-03-2025,C1402,Priya Nair,Kolkata,Books,Exam Guide,1,,0,Net Banking,Cancelled
ORD203957,28-Aug-25,C1530,Isha Mehta,Delhi,Clothing,Cotton T-Shirt,4,645.87,15,Credit Card,Returned
ORD201319,17-12-2025,C1021,Ananya Gupta,Mumbai,Electronics,USB-C Cable,2,412.81,15,UPI,Delivered
ORD204035,17-10-2025,C1943,Priya Verma,Mumbai,Beauty,Perfume,3,1596.26,20,UPI,Delivered
ORD203552,27-04-2025,C2153,Vikram Das,Mumbai,Home & Kitchen,Air Fryer,1,5341.73,15,UPI,Delivered
ORD200703,11-05-2025,C1914,Sanjay Das,Mumbai,Home & Kitchen,Mixer Grinder,1,3226.69,20,Debit Card,Delivered
ORD201634,23-11-2025,C1468,Aarav Kulkarni,MUMBAI,Books  ,Exam Guide,4,484.66,20,UPI,Delivered
ORD203857,19-11-2025,C1088,Arjun Patel,Mumbai,Electronics,Power Bank,1,1302.1,0,Net Banking,Delivered
ORD203959,25-02-2025,C2195,Aarav Nair, Hyderabad ,Books,Comics Set,2,852.56,0,Credit Card,Delivered
ORD201549,17-03-2025,C1678,Vikram Patel,Mumbai,Electronics,USB-C Cable,2,250000,0,UPI,Delivered
ORD202677,02-05-2025,C1123,Vivaan Sharma,Pune  ,Beauty,Lipstick,2,405.96,0,UPI,Cancelled
ORD204491,11-02-2025,C1706,Sanjay Sharma,Delhi,Home & Kitchen,Cookware Set,2,,20,Debit Card,Delivered
ORD202772,25-05-2025,C1507,Isha Joshi,,Home & Kitchen,Cookware Set,2,2823.74,5,Credit Card,Cancelled
ORD200482,23-11-2025,C1797,Manish Gupta,Mumbai,Beauty,Perfume,1,1562.44,0,UPI,Delivered
ORD202812,27-05-2025,C1014,Aditya Das,chennai,Beauty,Moisturiser,2,0,0,COD,Delivered
ORD204074,18-10-2025,C2030,Meera Mehta,Chennai, Home & Kitchen ,Air Fryer,3,5213.59,0,Net Banking,Cancelled
ORD202451,17-02-2025,C2302,Neha Kulkarni,Chennai,Beauty,Perfume,1,1522.71,0,Debit Card,Delivered
ORD204806,01-03-2025,C1957,Pooja Gupta,Bengaluru,CLOTHING,Cap,3,347.04,15,Credit Card,Delivered
ORD203722,05-02-2025,C2303,Manish Singh,Ahmedabad,Beauty,Lipstick,4,406.85,10,Debit Card,Delivered
ORD201007,07-05-2025,C1019,Diya Das,Kolkata,Home & Kitchen,Cookware Set,4,2921.25,20,COD,Delivered
ORD202602,03-07-2025,C2135,Riya Iyer,,Books,Python Handbook,4,711.48,20,,Delivered
ORD202669,16-04-2025,C1314,Priya Das,Delhi,Beauty,Perfume,2,1547.78,0,Debit Card,Returned
ORD200910,16-04-2025,C1674,Ananya Gupta,Delhi,ELECTRONICS,Power Bank,2,1331.44,0,Credit Card,Delivered
ORD203611,07-Oct-25,C1971,Pooja Sharma,Delhi,Beauty,Perfume,2,1691.95,0,UPI,Delivered
ORD202685,04-11-2025,C1654,Manish Verma,Chennai,Books,Data Science Primer,2,898.87,20,Credit Card,Cancelled
ORD204494,06-11-2025,C1397,Sneha Iyer,Delhi,Clothing,Running Shoes,4,3093.93,15,UPI,Delivered
ORD202049,03-Sep-25,C2386,Sneha Singh,Hyderabad,Clothing,Running Shoes,2,3065.81,10,Debit Card,Delivered
ORD203739,07-Dec-25,C1753,Vivaan Gupta,Bengaluru,Home & Kitchen  ,Bedsheet Set,1,1393.73,15,COD,Delivered
ORD201255,16-10-2025,C2188,Vivaan Patel,Delhi,Electronics,Power Bank,1,1339.66,20,,Returned
ORD203075,11-10-2025,C2276,Meera Reddy,Bengaluru,Electronics,Wireless Earbuds,2,2573.36,10,Debit Card,Returned
ORD204283,11-04-2025,C1645,Rohan Gupta,Delhi,Beauty,Perfume,1,1685.03,5,Debit Card,Cancelled
ORD200224,15-07-2025,C2353,Sanjay Iyer, Kolkata ,BEAUTY,Perfume,3,1569.4,15,Net Banking,Cancelled
ORD201367,05-09-2025,C1144,Manish Reddy,Mumbai,Electronics,Smartwatch,1,6295.13,10,Credit Card,Cancelled
ORD204499,01-12-2025,C1586,Kavya Nair,Chennai,Clothing,Denim Jeans,1,0,0,UPI,Returned
ORD204061,21-Jun-25,C1034,Aditya Mehta,Mumbai,Clothing,Hoodie,4,1553.8,10,UPI,Delivered
ORD203378,11-07-2025,C1554,Rohan Das,Chennai,Electronics,Bluetooth Speaker,1,1900.25,10,UPI,Delivered
ORD201853,04-10-2025,C1664,Rohan Reddy,,Books,Python Handbook,1,691.56,15,UPI,Delivered
ORD201283,11-01-2025,C1057,Riya Joshi,Bengaluru,Clothing,Denim Jeans,3,1913.44,20,COD,Returned
ORD201930,31-07-2025,C1798,Karan Patel,Delhi,CLOTHING,Cap,2,371.7,0,UPI,Returned
ORD203332,22-09-2025,C2142,Vikram Joshi,Mumbai,Home & Kitchen,Water Bottle,4,483.11,5,UPI,Cancelled
ORD202544,23-03-2025,C2236,Pooja Iyer,Mumbai,Electronics,Wireless Earbuds,4,2595.92,20,COD,Cancelled
ORD200081,19-02-2025,C2247,Meera Verma,CHENNAI,Electronics,Smartwatch,1,5796.29,10,Net Banking,Cancelled
ORD202604,12-Dec-25,C1942,Pooja Iyer,Delhi,Books,Comics Set,3,802.47,20,UPI,Delivered
ORD203986,14-06-2025,C2190,Rahul Singh,Chennai,Clothing,Running Shoes,4,3116.1,5,Credit Card,Delivered
ORD203928,14-05-2025,C1764,Kavya Kulkarni,Delhi,Home & Kitchen,Mixer Grinder,1,3508.2,20,UPI,Delivered
ORD201673,05-12-2025,C1728,Aarav Mehta,Hyderabad,Home & Kitchen,Cookware Set,3,2697.76,20,UPI,Delivered
ORD204400,22-11-2025,C1995,Neha Iyer,Kolkata,Electronics,Bluetooth Speaker,1,2047.33,0,UPI,Cancelled
ORD203058,19-May-25,C1950,Neha Kulkarni,Delhi,Home & Kitchen,Air Fryer,1,4925.9,5,UPI,Delivered
ORD200106,28-Feb-25,C1350,Kavya Verma,ahmedabad,Electronics,Power Bank,2,1300.69,20,Debit Card,Delivered
ORD200598,07-Feb-25,C1164,Vivaan Mehta,Bengaluru,Books,Exam Guide,1,487.47,0,Net Banking,Delivered
ORD204671,09-12-2025,C1903,Diya Kulkarni,Kolkata,Home & Kitchen,Air Fryer,1,5362.54,0,Credit Card,Delivered
ORD204038,12-01-2025,C1335,Isha Mehta,DELHI, Home & Kitchen ,Mixer Grinder,3,3424.81,15,Debit Card,Delivered
ORD202473,18-Nov-25,C1784,Kavya Sharma, Mumbai ,Home & Kitchen,Air Fryer,1,5088.31,0,UPI,Delivered
ORD203231,29-01-2025,C1137,Aditya Gupta, Bengaluru ,Beauty,Perfume,1,1623.11,0,UPI,Delivered
ORD202249,24-03-2025,C1659,Manish Patel,CHENNAI, Books ,Novel,4,367.63,5,Debit Card,Delivered
ORD200359,18-02-2025,C1474,Manish Sharma,Pune,home & kitchen,Water Bottle,1,440.94,20,Credit Card,Cancelled
ORD202443,23-02-2025,C2059,Sneha Kulkarni,Mumbai, Beauty ,Hair Dryer,1,1520.97,20,Net Banking,Delivered
ORD200169,19-Oct-25,C1022,Priya Patel,Mumbai,Beauty,Face Wash,1,268.26,20,UPI,Cancelled
ORD202090,01-11-2025,C1438,Rahul Nair,Mumbai,Clothing,Cotton T-Shirt,4,592.29,5,UPI,Delivered
ORD201926,03-10-2025,C1130,Neha Nair,pune,Books,Python Handbook,2,670.61,5,UPI,Delivered
ORD201223,19-06-2025,C1788,Kavya Nair,Delhi,Books,Comics Set,1,789.04,10,Credit Card,Delivered
ORD204896,18-02-2025,C1418,Manish Gupta,Bengaluru,Home & Kitchen,Mixer Grinder,1,,15,UPI,Returned
ORD203009,06-08-2025,C1658,Priya Joshi,Pune,Electronics,Wireless Earbuds,3,2374.95,20,Debit Card,Delivered
ORD202265,02-01-2025,C1832,Sneha Gupta,Kolkata,Electronics,Wireless Earbuds,3,2578.77,0,Net Banking,Cancelled
ORD201859,14-Feb-25,C2341,Riya Patel,pune,Clothing,Cap,3,354.98,0,UPI,Delivered
ORD201192,15-03-2025,C2052,Neha Sharma,Ahmedabad,books,Comics Set,3,821.17,5,Debit Card,Returned
ORD203689,12-06-2025,C2137,Ananya Patel,Pune,Electronics,Wireless Earbuds,4,2432.3,0,COD,Delivered
ORD202511,15-12-2025,C1253,Aditya Verma,Delhi,Beauty,Hair Dryer,1,1499.92,0,Credit Card,Delivered
ORD203213,16-08-2025,C1548,Arjun Kulkarni,Ahmedabad,Home & Kitchen,Air Fryer,1,5080.42,20,Credit Card,Returned
ORD204384,14-02-2025,C1421,Pooja Nair,Mumbai,Books,Comics Set,4,848.02,15,UPI,Returned
ORD200866,27-12-2025,C1821,Sneha Reddy,Chennai,ELECTRONICS,Bluetooth Speaker,1,2150.32,0,Net Banking,Delivered
ORD203764,28-03-2025,C1886,Vivaan Patel,Bangalore,Home & Kitchen,Cookware Set,3,2683.12,20,Debit Card,Delivered
ORD203724,26-05-2025,C1614,Neha Gupta,Ahmedabad,Beauty,Hair Dryer,1,1436.41,15,UPI,Delivered
ORD200341,17-Feb-25,C1003,Ananya Gupta,,Beauty,Lipstick,3,392.56,0,Net Banking,Delivered
ORD201143,24-10-2025,C1384,Meera Patel,Ahmedabad,Electronics,Smartwatch,4,6456.61,5,COD,Cancelled
ORD203692,14-10-2025,C1783,Diya Sharma,Bengaluru,Home & Kitchen,Bedsheet Set,2,1398.67,5,UPI,Cancelled
ORD202243,26-01-2025,C2101,Diya Gupta,Pune,Electronics,Wireless Earbuds,1,2553.74,0,UPI,Delivered
ORD203975,15-May-25,C1268,Vikram Mehta,Hyderabad,Clothing,Denim Jeans,1,1814.42,15,UPI,Delivered
ORD200290,22-02-2025,C1528,Priya Gupta,Ahmedabad,Electronics,Wireless Earbuds,3,2511.04,150,COD,Returned
ORD204188,31-12-2025,C2393,Vivaan Joshi,Pune,home & kitchen,Mixer Grinder,1,3543.28,15,UPI,Delivered
ORD204180,12-06-2025,C2088,Neha Sharma,Mumbai, Clothing ,Running Shoes,2,3135.75,0,Credit Card,Delivered
ORD204940,03-04-2025,C2046,Manish Verma,Kolkata,Beauty,Face Wash,1,266.88,20,UPI,Delivered
ORD203177,11-Jan-25,C2076,Ananya Mehta,Chennai,BOOKS,Novel,1,376.21,15,Debit Card,Delivered
ORD202076,12-07-2025,C1152,Meera Patel,Ahmedabad, Electronics ,Wireless Earbuds,2,2462.22,10,UPI,Delivered
ORD203071,19-08-2025,C1110,Vivaan Das,Chennai,Electronics,Smartwatch,2,6114.45,0,Credit Card,Delivered
ORD202890,10-20-2025,C1105,Priya Reddy,Mumbai,CLOTHING,Denim Jeans,1,1924.85,0,Credit Card,Delivered
ORD200600,18-12-2025,C1705,Kavya Joshi,Kolkata,Home & Kitchen,Bedsheet Set,4,1356.56,20,Net Banking,Returned
ORD203776,27-Feb-25,C1326,Karan Patel,Bengaluru, Clothing ,Denim Jeans,1,1901.99,15,UPI,Delivered
ORD202622,26-02-2025,C1055,Neha Gupta,Delhi,Home & Kitchen,Bedsheet Set,2,1253,20,UPI,Returned
ORD201331,03-02-2025,C1378,Pooja Das,Kolkata,Home & Kitchen,Water Bottle,2,429.49,5,UPI,Returned
ORD200393,09-12-2025,C2326,Diya Das,Bengaluru,Home & Kitchen,Water Bottle,1,,0,COD,Cancelled
ORD204123,15-08-2025,C1545,Diya Patel,Chennai,Books,Comics Set,2,825.78,0,Credit Card,Delivered
ORD200765,25-06-2025,C2222,Vivaan Das,Chennai,Home & Kitchen,Air Fryer,2,5262.75,10,Net Banking,Delivered
ORD202679,20-04-2025,C1691,Aarav Mehta,Kolkata,HOME & KITCHEN,Cookware Set,1,2839.13,0,Debit Card,Delivered
ORD204712,26-07-2025,C1952,Isha Reddy,Chennai, Electronics ,USB-C Cable,3,408.91,20,UPI,Delivered
ORD200688,04-25-2025,C2341,Riya Patel,Pune,Home & Kitchen,Water Bottle,2,432.81,0,UPI,Delivered
ORD203697,20-03-2025,C1116,Neha Kulkarni,,Clothing,Cotton T-Shirt,1,629.57,20,Credit Card,Returned
ORD202157,01-07-2025,C2208,Sanjay Patel,Mumbai,Home & Kitchen,Mixer Grinder,3,3253.1,10,Debit Card,Delivered
ORD201402,10-07-2025,C1195,Kavya Verma,MUMBAI,Home & Kitchen,Water Bottle,1,458.68,0,UPI,Returned
ORD202828,28-06-2025,C1806,Sanjay Iyer,Bengaluru,Electronics,Wireless Earbuds,2,2570.46,10,UPI,Delivered
ORD203019,12-01-2025,C2090,Pooja Gupta,bengaluru,Clothing,Cotton T-Shirt,1,636.67,0,UPI,Delivered
ORD202160,22-12-2025,C1746,Isha Iyer,DELHI,Books,Comics Set,1,808.92,0,Debit Card,Delivered
ORD203686,12-03-2025,C1500,Neha Nair,Bengaluru  ,Electronics,USB-C Cable,2,428.98,5,Credit Card,Delivered
ORD204212,15-07-2025,C1683,Vikram Singh,Bengaluru,Electronics,Wireless Earbuds,1,2686.94,20,UPI,Returned
ORD200204,09-12-2025,C1409,Priya Iyer,Bengaluru,Books,Data Science Primer,4,891.51,5,UPI,Delivered
ORD202348,07-03-2025,C1323,Manish Gupta, Mumbai ,Beauty,Lipstick,2,427.07,0,Debit Card,Cancelled
ORD202720,28-10-2025,C1055,Neha Gupta,Delhi,Home & Kitchen,Mixer Grinder,4,3208.03,20,Debit Card,Returned
ORD202605,24-08-2025,C1005,Kavya Verma,Ahmedabad,Beauty,Moisturiser,0,446.61,0,Net Banking,Cancelled
ORD204369,27-Sep-25,C2077,Meera Das,Bengaluru,Electronics,USB-C Cable,1,,5,Credit Card,Delivered
ORD200699,12-05-2025,C2396,Meera Gupta,Bengaluru,Electronics,Smartwatch,1,6436.56,,Credit Card,Delivered
ORD204183,10-09-2025,C2334,Riya Singh,Kolkata,Beauty,Face Wash,4,,0,UPI,Delivered
ORD200886,02-02-2025,C1762,Rohan Joshi,Mumbai,Books,Comics Set,4,819.14,10,UPI,Returned
ORD201873,17-12-2025,C1363,Priya Mehta,, Beauty ,Moisturiser,1,461.87,10,Credit Card,Cancelled
ORD201722,23-08-2025,C1170,Aarav Sharma,Bengaluru,Electronics,Bluetooth Speaker,1,2117.4,5,UPI,Delivered
ORD201479,30-Oct-25,C1655,Manish Nair,Delhi,CLOTHING,Cotton T-Shirt,2,637.69,0,Credit Card,Cancelled
ORD202555,26-Oct-25,C1762,Rohan Joshi,Mumbai,Electronics,Smartwatch,1,6146,0,Credit Card,Delivered
ORD204428,06-06-2025,C1397,Sneha Iyer,Delhi,Beauty,Perfume,2,1681.27,5,Credit Card,Delivered
ORD201951,26-11-2025,C2177,Arjun Kulkarni, Pune ,Home & Kitchen,Water Bottle,2,452.87,0,UPI,Cancelled
ORD201337,25-10-2025,C1546,Pooja Verma,HYDERABAD,Electronics,USB-C Cable,3,,10,Net Banking,Returned
ORD204481,09-06-2025,C1163,Sneha Singh,Hyderabad,Beauty,Perfume,1,1620.92,0,Credit Card,Delivered
ORD201611,04-12-2025,C2374,Kavya Patel,Mumbai,HOME & KITCHEN,Air Fryer,2,4753.63,0,Net Banking,Delivered
ORD201480,28-09-2025,C2111,Manish Singh,Chennai,Electronics,Bluetooth Speaker,1,2024.74,20,Debit Card,Cancelled
ORD200625,21-04-2025,C2061,Kavya Reddy,Bengaluru,Clothing,Running Shoes,1,3049.7,0,UPI,Delivered
ORD203719,26-10-2025,C1983,Isha Iyer,,Electronics,Bluetooth Speaker,3,2146.68,20,UPI,Delivered
ORD203924,05-Aug-25,C1396,Neha Joshi,Bengaluru,Electronics,USB-C Cable,3,427.99,10,UPI,Returned
ORD200012,31-07-2025,C2294,Aditya Verma,hyderabad,Beauty,Moisturiser,4,,0,COD,Cancelled
ORD202579,15-08-2025,C1174,Pooja Joshi,Mumbai  ,Books,Novel,1,374.36,0,UPI,Returned
ORD203885,02-08-2025,C1141,Sneha Joshi,Mumbai,Beauty,Moisturiser,3,473.54,20,UPI,Delivered
ORD201904,14-May-25,C1803,Arjun Reddy,delhi,Electronics,Smartwatch,3,5927.05,20,UPI,Cancelled
ORD204542,21-09-2025,C1036,Diya Patel,Delhi,CLOTHING,Hoodie,3,1535.15,10,Net Banking,Cancelled
ORD202176,27-04-2025,C1243,Diya Singh,Pune,Clothing,Hoodie,2,1472.28,0,Net Banking,Returned
ORD201552,18-Sep-25,C1051,Priya Sharma,Delhi,Electronics,Bluetooth Speaker,1,2009.79,5,Debit Card,Returned
ORD202965,30-12-2025,C1825,Manish Joshi,,home & kitchen,Air Fryer,4,5364.69,5,UPI,Delivered
ORD204885,18-Nov-25,C1229,Vikram Singh,Ahmedabad,Beauty,Moisturiser,2,465.29,0,COD,Delivered
ORD200851,06-03-2025,C1104,Isha Mehta,Mumbai,Books,Python Handbook,3,750.14,5,UPI,Delivered
ORD200792,24-06-2025,C1247,Sneha Singh,Bangalore,Clothing,Cotton T-Shirt,4,605.74,15,Credit Card,Delivered
ORD201183,21-09-2025,C2348,Rohan Kulkarni,Hyderabad,Beauty,Lipstick,2,394.4,15,Debit Card,Delivered
ORD204004,05-06-2025,C1994,Karan Verma,Bengaluru,Books,Python Handbook,3,669.54,20,COD,Delivered
ORD201388,11-Jul-25,C2044,Meera Nair,Chennai,Clothing,Hoodie,1,1481.39,20,UPI,Returned
ORD200906,11-10-2025,C2374,Kavya Patel,Mumbai,Beauty,Perfume,2,1571.14,0,UPI,Returned
ORD204301,15-04-2025,C1502,Priya Singh,,Electronics,Power Bank,2,1268.46,5,UPI,Delivered
ORD200568,19-08-2025,C1027,Pooja Mehta,Bengaluru,HOME & KITCHEN,Mixer Grinder,2,3540.19,5,UPI,Delivered
ORD203072,06-04-2025,C2209,Arjun Verma,Bengaluru,Books,Data Science Primer,2,862.55,5,COD,Delivered
ORD203923,01-01-2025,C1630,Meera Mehta,Hyderabad,Electronics  ,Wireless Earbuds,1,2677.32,0,UPI,Delivered
ORD202490,08-Aug-25,C1794,Meera Kulkarni,kolkata,ELECTRONICS,Smartwatch,3,6338.71,5,Credit Card,Delivered
ORD203304,08-02-2025,C2043,Diya Mehta,Bengaluru,Electronics,Smartwatch,3,6264.72,15,UPI,Delivered
ORD202785,12-12-2025,C1593,Karan Iyer,Ahmedabad,Books,Comics Set,1,796.35,0,Debit Card,Delivered
ORD203300,23-01-2025,C1713,Rahul Nair,Mumbai,Clothing,Hoodie,1,1477.04,,UPI,Cancelled
ORD200735,03-02-2025,C1203,Kavya Das,,Books,Exam Guide,1,494.3,15,Debit Card,Delivered
ORD202269,30-10-2025,C1106,Rohan Iyer,Chennai,Clothing,Hoodie,2,1600.26,0,COD,Delivered
ORD201893,26-12-2025,C1606,,Delhi,Clothing,Cotton T-Shirt,2,599.86,10,UPI,Returned
ORD203245,30-Nov-25,C1775,Vikram Das,Kolkata,Home & Kitchen,Mixer Grinder,2,3449.13,5,UPI,Delivered
ORD204855,06-18-2025,C1830,Meera Verma,Kolkata,CLOTHING,Running Shoes,4,3118.79,5,Debit Card,Delivered
ORD204483,03-05-2025,C2250,Karan Patel,Bengaluru,CLOTHING,Running Shoes,1,2890.45,0,Credit Card,Delivered
ORD200488,07-10-2025,C1983,Isha Iyer,Bengaluru,Beauty,Perfume,-1,1520.84,0,COD,Delivered
ORD200257,25-05-2025,C1774,Karan Verma,Bengaluru,Home & Kitchen,Mixer Grinder,1,3441.47,0,Debit Card,Returned
ORD200744,09-09-2025,C1699,Pooja Das,CHENNAI,Clothing,Cap,2,375.65,0,Credit Card,Returned
ORD200432,12-04-2025,C2187,,mumbai,Clothing,Hoodie,1,1458.56,0,Credit Card,Returned
ORD200687,09-02-2025,C1769,,Bengaluru,Clothing,Denim Jeans,1,1894.45,20,Credit Card,Returned
ORD203869,02-05-2025,C1279,Karan Patel,Kolkata,Clothing,Hoodie,3,1604.2,0,Debit Card,Delivered
ORD203485,16-02-2025,C2123,Pooja Singh,,Clothing,Cotton T-Shirt,2,627.14,0,UPI,Delivered
ORD202197,28-11-2025,C1318,Manish Patel,ahmedabad,Electronics,Bluetooth Speaker,3,2090.41,5,UPI,Delivered
ORD203629,07-11-2025,C1884,Kavya Kulkarni,Bengaluru,Home & Kitchen,Air Fryer,1,4957.72,5,UPI,Delivered
ORD202756,08-10-2025,C1162,Riya Verma,Delhi,Electronics,USB-C Cable,2,393.44,15,COD,Delivered
ORD204844,09-11-2025,C1861,Diya Kulkarni,Chennai,Electronics,Bluetooth Speaker,1,2134.25,5,UPI,Returned
ORD203922,31-12-2025,C1711,Karan Nair,Delhi,Books,Exam Guide,2,538.32,0,Net Banking,Returned
ORD202346,23-Dec-25,C1042,Rohan Kulkarni,Bengaluru,Clothing,Cap,1,376.17,15,Credit Card,Delivered
ORD201774,22-Dec-25,C2321,Rohan Mehta,Delhi,Books,Novel,3,340.82,15,Net Banking,Delivered
ORD202936,13-07-2025,C2073,Meera Gupta,Bengaluru,electronics,Wireless Earbuds,4,2427.06,0,UPI,Cancelled
ORD204009,03-03-2025,C1064,Rahul Nair,Bengaluru,home & kitchen,Air Fryer,1,5209.3,0,UPI,Delivered
ORD204392,20-12-2025,C1926,Vikram Nair,Delhi,Electronics,USB-C Cable,1,388.07,0,Net Banking,Delivered
ORD201397,08-05-2025,C2160,Riya Gupta,Bengaluru,ELECTRONICS,Wireless Earbuds,1,,0,Credit Card,Cancelled
ORD202145,14-02-2025,C2169,Aditya Verma,Delhi,Clothing,Running Shoes,1,3206.97,0,UPI,Delivered
ORD202518,15-Jan-25,C1503,Vivaan Kulkarni,Ahmedabad,Beauty,Lipstick,4,411.32,0,Credit Card,Delivered
ORD201661,09-09-2025,C1306,Karan Sharma,Delhi,Clothing,Hoodie,2,1588.18,20,Net Banking,Delivered
ORD200507,04-10-2025,C2374,Kavya Patel,Mumbai,clothing,Cotton T-Shirt,4,643.61,20,Debit Card,Delivered
ORD200764,17-07-2025,C1671,Diya Patel,Ahmedabad,Books,Novel,2,341.07,0,UPI,Delivered
ORD203381,29-Jun-25,C2161,Neha Kulkarni,Delhi  , Beauty ,Perfume,1,1539.64,10,UPI,Delivered
ORD203428,18-03-2025,C1678,Vikram Patel,Mumbai,Home & Kitchen,Mixer Grinder,1,3259.81,10,Credit Card,Delivered
ORD202874,10-05-2025,C1399,Meera Kulkarni,Chennai,Clothing,Cotton T-Shirt,2,588.64,0,Net Banking,Returned
ORD201770,08-01-2025,C1404,Ananya Das,Delhi,Home & Kitchen,Bedsheet Set,-1,1359.55,0,Debit Card,Delivered
ORD204680,13-10-2025,C1962,Vivaan Nair,Bangalore,Books,Exam Guide,1,474.6,10,Credit Card,Delivered
ORD202734,16-03-2025,C2232,Vikram Nair,Mumbai  ,Home & Kitchen,Mixer Grinder,1,3496.35,5,Net Banking,Cancelled
ORD200578,13-Sep-25,C2331,Priya Singh,Mumbai,Electronics,USB-C Cable,2,397.67,0,UPI,Delivered
ORD201609,09-22-2025,C1495,Vikram Patel,,Electronics,Smartwatch,1,6079.08,0,COD,Delivered
ORD203896,25-05-2025,C1820,Manish Patel,Chennai,Electronics,USB-C Cable,1,412.78,15,UPI,Returned
ORD202079,21-02-2025,C1299,Rahul Patel,Delhi  ,Clothing,Cap,3,346.51,15,Net Banking,Delivered
ORD204320,03-07-2025,C1154,Diya Joshi,hyderabad,Electronics,Power Bank,1,1267.54,10,UPI,Cancelled
ORD203468,22-06-2025,C1090,Karan Reddy,Hyderabad,Home & Kitchen,Water Bottle,4,484.76,15,UPI,Delivered
ORD203775,10-06-2025,C2262,Ananya Nair,Pune,Clothing,Running Shoes,2,2850.54,0,UPI,Returned
ORD201798,28-03-2025,C1174,Pooja Joshi,Mumbai,Clothing,Running Shoes,1,3090.93,10,Debit Card,Delivered
ORD204691,12-11-2025,C2398,Sneha Verma,KOLKATA,Home & Kitchen,Mixer Grinder,1,3471.12,5,UPI,Delivered
ORD204804,01-07-2025,C1152,Meera Patel,Ahmedabad,BEAUTY,Face Wash,-1,248.83,10,Debit Card,Delivered
ORD201288,26-02-2025,C1586,Kavya Nair,Chennai,Home & Kitchen,Water Bottle,1,456.7,0,COD,Delivered
ORD200239,01-10-2025,C1229,Vikram Singh,Ahmedabad,beauty,Moisturiser,4,463.46,0,UPI,Delivered
ORD204216,12-06-2025,C2320,Sneha Patel,Delhi,Electronics,Power Bank,2,1374.75,0,UPI,Delivered
ORD201745,24-Jan-25,C1864,Vivaan Das,Kolkata,Electronics,USB-C Cable,2,381.53,15,Debit Card,Delivered
ORD201569,06-10-2025,C2063,Sneha Reddy,Chennai,beauty,Face Wash,4,250.22,15,Debit Card,Returned
ORD201599,30-11-2025,C1643,Vivaan Mehta,Mumbai,BEAUTY,Perfume,4,1555.14,20,UPI,Returned
ORD204043,06-02-2025,C1267,Diya Verma,,Beauty,Moisturiser,1,440.15,20,Debit Card,Returned
ORD202527,24-11-2025,C1247,Sneha Singh,Chennai,Books,Novel,1,356.41,5,Debit Card,Returned
ORD203215,09-02-2025,C2262,Ananya Nair,Pune,Electronics,USB-C Cable,2,408.15,5,UPI,Delivered
ORD201778,24-12-2025,C1123,Vivaan Sharma,Pune,Home & Kitchen,Air Fryer,1,5215.78,5,UPI,Delivered
ORD202572,07-05-2025,C2241,Meera Kulkarni,Mumbai,Electronics,Bluetooth Speaker,2,2098.92,15,UPI,Delivered
ORD200903,30-11-2025,C1517,Meera Mehta,Pune,Beauty,Moisturiser,1,478.87,15,UPI,Cancelled
ORD201448,28-06-2025,C1658,Priya Joshi,Pune,Beauty,Moisturiser,1,464.27,10,UPI,Cancelled
ORD201869,02-03-2025,C1614,Neha Gupta,Ahmedabad,Clothing,Running Shoes,4,3047.77,15,UPI,Cancelled
ORD201559,16-12-2025,C1912,Priya Gupta, Bengaluru ,Books,Comics Set,1,817.33,5,UPI,Returned
ORD200555,10-11-2025,C1300,Pooja Nair, Hyderabad ,beauty,Face Wash,1,266.77,10,UPI,Returned
ORD201311,01-20-2025,C1962,Vivaan Nair,Pune,Beauty,Face Wash,1,251.04,0,UPI,Delivered
ORD200200,16-05-2025,C2122,Aarav Das,Ahmedabad,Home & Kitchen,Cookware Set,1,2926.46,20,Credit Card,Cancelled
ORD200803,17-01-2025,C1833,Meera Patel,Kolkata,Home & Kitchen,Cookware Set,2,2695.22,0,UPI,Delivered
ORD202826,10-08-2025,C1963,Vivaan Nair,Kolkata,Clothing,Running Shoes,2,3097.91,0,COD,Delivered
ORD204601,23-12-2025,C1128,Riya Sharma,Mumbai,clothing,Cap,1,334.14,20,UPI,Returned
ORD202540,06-05-2025,C1051,Priya Sharma,DELHI,Electronics,Smartwatch,3,6051.96,15,UPI,Delivered
ORD202748,03-Mar-25,C1467,Priya Patel,Bengaluru,Home & Kitchen,Bedsheet Set,2,1343.01,20,Credit Card,Delivered
ORD202526,19-01-2025,C1403,Meera Singh,Delhi,Electronics,Power Bank,3,,10,COD,Delivered
ORD200343,05-10-2025,C1331,Rahul Das,Hyderabad,Clothing,Running Shoes,1,3111.96,0,Credit Card,Delivered
ORD201330,04-May-25,C1443,Pooja Reddy,Pune,Electronics,Power Bank,1,1267.73,0,UPI,Returned
ORD203352,28-10-2025,C2135,Riya Iyer,Ahmedabad,Electronics,Smartwatch,1,6338.06,0,Credit Card,Delivered
ORD203335,07-07-2025,C1107,Riya Joshi,Ahmedabad,Home & Kitchen,Air Fryer,3,5100.31,0,UPI,Cancelled
ORD203018,09-02-2025,C1201,Meera Verma,Mumbai,Beauty,Perfume,1,1641.18,0,Credit Card,Delivered
ORD203815,30-11-2025,C2139,Rahul Kulkarni,Bengaluru,Electronics,USB-C Cable,4,406.98,20,Credit Card,Delivered
ORD204119,08-06-2025,C1839,Diya Nair,Bengaluru,Books  ,Comics Set,1,825.48,10,Credit Card,Delivered
ORD203902,10-Nov-25,C2090,Pooja Gupta,Bengaluru,Clothing,Cotton T-Shirt,2,637.02,0,Debit Card,Cancelled
ORD203406,12-27-2025,C1150,Arjun Joshi,Delhi,Electronics,Wireless Earbuds,4,2528.86,0,Net Banking,Returned
ORD201940,03-23-2025,C1996,Priya Sharma,Hyderabad  ,Electronics,Power Bank,2,1260.16,10,UPI,Delivered
ORD203879,26-Dec-25,C1458,Vikram Nair,Pune,Home & Kitchen,Mixer Grinder,1,3482.56,10,UPI,Delivered
ORD203753,23-05-2025,C1990,Kavya Reddy,Delhi,Beauty,Moisturiser,1,,0,UPI,Delivered
ORD202986,22-09-2025,C2366,Aarav Iyer,Ahmedabad,electronics,Wireless Earbuds,2,2619.86,5,COD,Cancelled
ORD201576,23-02-2025,C1169,Aditya Sharma,Hyderabad,Clothing,Cotton T-Shirt,1,620.61,15,Net Banking,Returned
ORD202405,20-11-2025,C2265,Vikram Reddy,Mumbai,CLOTHING,Cotton T-Shirt,3,594.04,10,Credit Card,Delivered
ORD202191,21-07-2025,C1381,Ananya Sharma,Delhi,Electronics,Smartwatch,4,5960.22,0,Debit Card,Cancelled
ORD201637,24-10-2025,C2114,Aditya Joshi,pune,Beauty,Lipstick,3,383.85,5,UPI,Delivered
ORD202101,24-10-2025,C1568,Rahul Iyer,Ahmedabad,Electronics,Bluetooth Speaker,4,2099.16,0,UPI,Cancelled
ORD204047,18-Apr-25,C1216,Aarav Reddy,Mumbai,Clothing,Cotton T-Shirt,2,630.15,5,Net Banking,Cancelled
ORD201540,03-10-2025,C1776,Arjun Reddy,Kolkata  ,Electronics,Bluetooth Speaker,3,2126.14,,UPI,Delivered
ORD201085,06-06-2025,C2050,Kavya Joshi,Pune,electronics,Power Bank,2,1312.44,5,Net Banking,Delivered
ORD202469,11-07-2025,C1336,Kavya Kulkarni,Delhi,Clothing,Hoodie,3,1570.07,0,Credit Card,Cancelled
ORD201550,06-14-2025,C2170,Sneha Gupta,Hyderabad,Home & Kitchen,Bedsheet Set,1,1391.7,5,Credit Card,Delivered
ORD204839,13-07-2025,C1045,Rohan Kulkarni,,Electronics,Wireless Earbuds,1,2523.52,0,Credit Card,Returned
ORD201122,26-05-2025,C1703,Vikram Das, Mumbai ,Electronics,Bluetooth Speaker,1,2020.61,20,COD,Delivered
ORD204836,02-12-2025,C1218,Meera Patel,Bengaluru,Home & Kitchen,Air Fryer,1,4981.75,0,UPI,Cancelled
ORD204006,23-05-2025,C1944,Karan Iyer,Delhi,CLOTHING,Hoodie,3,1556,20,UPI,Delivered
ORD201804,10-12-2025,C1498,Aarav Das,Delhi,Beauty,Lipstick,2,425.89,10,UPI,Delivered
ORD201040,11-10-2025,C2115,Priya Mehta,Bengaluru,Electronics,Smartwatch,2,5846.63,10,Credit Card,Delivered
ORD200011,22-07-2025,C2146,Pooja Das,PUNE,Beauty,Moisturiser,2,455.75,10,Net Banking,Delivered
ORD204029,02-Aug-25,C1962,Vivaan Nair,Pune, Beauty ,Lipstick,4,404.21,15,Credit Card,Returned
ORD204286,11-03-2025,C1176,Vikram Verma,Bengaluru,HOME & KITCHEN,Mixer Grinder,3,3513.36,0,UPI,Delivered
ORD203878,12-Apr-25,C1085,Pooja Singh,mumbai,Books,Python Handbook,1,711.88,0,UPI,Delivered
ORD204714,02-02-2025,C1756,Manish Kulkarni,Mumbai,Electronics,Bluetooth Speaker,4,2045.74,15,Debit Card,Delivered
ORD202280,24-10-2025,C1348,Diya Nair,Delhi,Electronics,USB-C Cable,1,398.45,5,COD,Delivered
ORD202728,03-11-2025,C2099,Isha Sharma,Kolkata,electronics,Wireless Earbuds,2,2521.3,15,Debit Card,Delivered
ORD203347,05-04-2025,C2251,Neha Iyer,Delhi,Books,Novel,1,365.04,5,UPI,Returned
ORD200145,18-Oct-25,C1486,Vikram Iyer,Bengaluru  ,Home & Kitchen,Cookware Set,1,2893.88,0,Net Banking,Returned
ORD200311,20-12-2025,C1647,Rohan Patel,,Beauty,Hair Dryer,2,1544.33,0,Debit Card,Returned
ORD201043,11-12-2025,C2352,Aarav Reddy,Bengaluru, Clothing ,Cap,2,,0,COD,Delivered
ORD201450,10-03-2025,C2041,Sneha Joshi,Mumbai,Books,Comics Set,4,839.39,0,Credit Card,Returned
ORD200487,12-Apr-25,C1709,Neha Gupta,Hyderabad,Books,Exam Guide,1,527.19,15,Credit Card,Cancelled
ORD201535,31-01-2025,C1528,,Ahmedabad,Books,Data Science Primer,1,909.97,15,UPI,Delivered
ORD202411,25-03-2025,C1715,Manish Gupta,mumbai,Beauty,Perfume,1,1706.12,0,COD,Cancelled
ORD202427,18-10-2025,C2185,Aditya Mehta,Bengaluru,Clothing,Hoodie,2,1597.76,15,UPI,Delivered
ORD202737,25-09-2025,C1564,Aarav Reddy,Bengaluru,Clothing,Running Shoes,1,3118.89,0,UPI,Delivered
ORD201221,16-12-2025,C1973,Aarav Das,Kolkata,Books,Novel,4,372.05,0,UPI,Cancelled
ORD200773,03-08-2025,C1632,Aditya Nair,Pune,Electronics,Power Bank,3,1310.47,0,Debit Card,Delivered
ORD201237,22-Apr-25,C1416,Rahul Mehta,mumbai,Electronics,Smartwatch,4,6462.12,10,COD,Delivered
ORD201911,05-Mar-25,C1286,Pooja Reddy,Bengaluru,BEAUTY,Lipstick,1,391.93,5,Credit Card,Delivered
ORD203333,03-05-2025,C1654,Manish Verma,Chennai,Home & Kitchen,Cookware Set,2,2981.41,0,UPI,Cancelled
ORD201287,09-10-2025,C1411,Manish Iyer,Bangalore,Clothing,Denim Jeans,3,1768.3,10,Net Banking,Delivered
ORD204520,11-04-2025,C2015,Karan Sharma,Ahmedabad,Beauty,Perfume,1,1594.11,0,Debit Card,Delivered
ORD204476,08-03-2025,C1381,Ananya Sharma,Delhi,Clothing,Cotton T-Shirt,1,573.16,0,Debit Card,Delivered
ORD200949,14-02-2025,C2381,Rohan Reddy,Chennai, Home & Kitchen ,Water Bottle,4,426.64,0,UPI,Cancelled
ORD202997,27-08-2025,C1544,Neha Verma,Pune, Books ,Python Handbook,4,739.04,0,COD,Delivered
ORD203480,03-04-2025,C2144,Diya Nair,kolkata,ELECTRONICS,USB-C Cable,2,409.89,15,UPI,Delivered
ORD200513,31-05-2025,C1766,Isha Kulkarni,Delhi,Books  ,Novel,2,332.81,20,UPI,Cancelled
ORD200633,26-12-2025,C1983,Isha Iyer,Bengaluru,Books,Comics Set,1,784.83,0,UPI,Delivered
ORD202220,16-03-2025,C1668,Aditya Das,Delhi  ,Clothing,Denim Jeans,2,1874.65,20,Credit Card,Delivered
ORD203256,02-08-2025,C2125,Ananya Joshi,Bengaluru,Beauty,Moisturiser,2,453.76,0,Credit Card,Delivered
ORD204170,31-01-2025,C1206,Rahul Patel,Delhi,Clothing,Denim Jeans,1,1811.51,20,UPI,Delivered
ORD200917,03-08-2025,C1506,Ananya Mehta,Bengaluru,BEAUTY,Lipstick,1,408.2,10,Net Banking,Delivered
ORD204988,24-02-2025,C1646,Aditya Gupta,Ahmedabad,BEAUTY,Perfume,3,1649,15,upi,Cancelled
ORD200713,21-12-2025,C1820,Manish Patel,Chennai,Electronics,Power Bank,1,1368.96,0,UPI,Delivered
ORD204838,28-07-2025,C1371,Karan Joshi,Kolkata,Clothing,Running Shoes,2,3160.75,,UPI,Cancelled
ORD203847,27-Apr-25,C1575,Pooja Gupta,Chennai  , Electronics ,Wireless Earbuds,4,2452.11,0,UPI,Returned
ORD201589,24-08-2025,C1158,Pooja Nair,Pune,Home & Kitchen,Mixer Grinder,4,3300.41,20,UPI,Delivered
ORD203609,18-11-2025,C2095,Priya Gupta, Ahmedabad ,Electronics,Wireless Earbuds,1,2486,5,UPI,Delivered
ORD202339,19-02-2025,C1072,Ananya Sharma,Bengaluru,Electronics,USB-C Cable,2,421.16,15,Debit Card,Cancelled
ORD200907,16-09-2025,C1294,Aarav Nair,KOLKATA,Home & Kitchen,Mixer Grinder,1,3503.68,5,UPI,Delivered
ORD204921,02-12-2025,C1716,Neha Verma,Mumbai,Clothing,Running Shoes,1,3205.85,20,Credit Card,Delivered
ORD200571,16-06-2025,C1854,Vivaan Nair,Chennai,Electronics,USB-C Cable,2,396.73,0,Debit Card,Delivered
ORD202362,12-02-2025,C1995,Neha Iyer,Kolkata,ELECTRONICS,Bluetooth Speaker,1,1949.42,15,Credit Card,Delivered
ORD204511,26-10-2025,C2391,Ananya Verma,Mumbai,Clothing,Running Shoes,4,3229.9,20,UPI,Cancelled
ORD201194,30-06-2025,C2096,Rahul Das,Mumbai  ,Clothing,Hoodie,2,1615.31,5,UPI,Delivered
ORD204254,05-07-2025,C1840,Manish Sharma,Chennai,Clothing,Hoodie,2,1493.14,0,Credit Card,Returned
ORD201833,12-13-2025,C1640,Karan Sharma,Bangalore,BEAUTY,Face Wash,1,255.69,0,Credit Card,Delivered
ORD201797,18-04-2025,C2388,Neha Singh,Ahmedabad,Clothing,Cap,2,349.55,,UPI,Cancelled
ORD202587,15-11-2025,C2277,Diya Sharma,Mumbai,Clothing,Hoodie,1,1569.16,5,UPI,Delivered
ORD204301,15-04-2025,C1502,Priya Singh,,Electronics,Power Bank,2,1268.46,5,UPI,Delivered
ORD203872,28-10-2025,C1739,Sanjay Verma,Bengaluru,Beauty,Lipstick,1,426.81,5,Debit Card,Cancelled
ORD204507,07-Feb-25,C1970,Diya Verma,Mumbai,Beauty,Face Wash,4,243.47,5,Debit Card,Delivered
ORD203454,31-10-2025,C1344,Vikram Sharma,delhi,Electronics,Wireless Earbuds,2,2647.57,5,Debit Card,Delivered
ORD204083,17-09-2025,C1387,Neha Singh,,Clothing,Hoodie,1,1503.9,0,Credit Card,Returned
ORD204010,11-08-2025,C2338,Meera Gupta,, Home & Kitchen ,Mixer Grinder,3,3287.33,0,UPI,Delivered
ORD204950,28-01-2025,C2288,Rohan Singh,Bengaluru,Clothing,Denim Jeans,1,1877.98,10,UPI,Delivered
ORD204498,25-06-2025,C2165,Ananya Iyer,Mumbai,Beauty,Hair Dryer,4,1463.75,0,UPI,Delivered
ORD204789,13-03-2025,C1305,Priya Mehta,Bengaluru,Books,Python Handbook,3,678.37,0,Credit Card,Delivered
ORD201840,18-08-2025,C1713,Rahul Nair,Mumbai,Electronics,Bluetooth Speaker,4,2154.76,15,Debit Card,Delivered
ORD200162,14-01-2025,C2098,Vikram Patel,Hyderabad,Books,Comics Set,1,806.98,0,Credit Card,Cancelled
ORD201750,28-02-2025,C1318,Manish Patel,Ahmedabad,BOOKS,Novel,1,346.93,0,Net Banking,Delivered
ORD201643,19-09-2025,C2050,Kavya Joshi,Pune,Electronics,Wireless Earbuds,1,2611.55,0,UPI,Returned
ORD203888,06-01-2025,C2085,Vivaan Verma,Chennai,Electronics,USB-C Cable,2,384.75,10,UPI,Delivered
ORD200100,07-11-2025,C1372,Sanjay Nair,MUMBAI,Beauty,Hair Dryer,4,1557.13,0,UPI,Delivered
ORD203863,17-11-2025,C1347,Riya Singh,Mumbai,Electronics,USB-C Cable,1,410.27,0,UPI,Delivered
ORD202456,27-12-2025,C2355,Ananya Verma,pune,Books,Novel,4,373.07,0,Net Banking,Delivered
ORD203881,27-03-2025,C1572,Arjun Sharma,Hyderabad,Beauty,Lipstick,2,393.02,10,UPI,Delivered
ORD202482,31-07-2025,C1232,Meera Sharma,Chennai  ,home & kitchen,Air Fryer,3,5344.54,15,Debit Card,Delivered
ORD200408,06-Jun-25,C1510,Sanjay Patel,Ahmedabad,Home & Kitchen,Water Bottle,1,438.81,0,UPI,Delivered
ORD201382,18-05-2025,C2348,Rohan Kulkarni,Hyderabad,Beauty,Face Wash,2,236.77,5,Net Banking,Cancelled
ORD201346,14-03-2025,C1737,Priya Patel,Delhi,Beauty,Hair Dryer,0,1466.01,0,UPI,Delivered
ORD203266,25-06-2025,C2253,Isha Das,Delhi,Electronics,Bluetooth Speaker,1,2077.78,0,UPI,Delivered
ORD202450,15-11-2025,C1595,Diya Reddy,Kolkata,Clothing,Hoodie,1,1464.63,15,Credit Card,Delivered
ORD200993,16-11-2025,C2024,Diya Patel,Kolkata,electronics,Bluetooth Speaker,1,2156.81,0,COD,Delivered
ORD203874,09-07-2025,C1440,Rahul Singh,Mumbai,Home & Kitchen,Air Fryer,2,4804.2,20,UPI,Returned
ORD202401,10-08-2025,C1168,Meera Iyer,Delhi,Electronics,USB-C Cable,2,418.6,5,COD,Delivered
ORD200043,29-08-2025,C2269,Isha Reddy, Kolkata ,CLOTHING,Cap,1,338.58,20,COD,Cancelled
ORD201737,11-07-2025,C1580,Arjun Singh,Bengaluru,Clothing,Cotton T-Shirt,4,588.42,0,Net Banking,Returned
ORD203788,25-10-2025,C1745,Ananya Nair, Pune ,Electronics,Power Bank,2,1314.15,0,Credit Card,Delivered
ORD201451,16-05-2025,C2190,Rahul Singh,chennai,Clothing  ,Cotton T-Shirt,1,577.27,15,Credit Card,Returned
ORD200139,09-05-2025,C1116,Neha Kulkarni,Chennai,Beauty,Hair Dryer,1,1579.42,10,Debit Card,Delivered
ORD202043,12-06-2025,C1924,Riya Gupta,,Beauty,Face Wash,1,245.8,0,UPI,Delivered
ORD204166,03-11-2025,C1220,Arjun Sharma,Mumbai,Clothing,Cotton T-Shirt,2,586.42,0,COD,Delivered
ORD204984,28-Sep-25,C1309,Arjun Reddy,Mumbai,BOOKS,Data Science Primer,2,897.13,15,Credit Card,Returned
ORD203265,18-01-2025,C1497,Manish Gupta,Bengaluru, Clothing ,Hoodie,2,1426.22,0,COD,Returned
ORD200248,10-09-2025,C1525,Sanjay Gupta,Ahmedabad,Electronics,Smartwatch,2,6280.11,,Debit Card,Delivered
ORD201347,11-22-2025,C1389,Isha Iyer,Delhi,Clothing,Running Shoes,4,2867.7,10,UPI,Returned
ORD201849,28-11-2025,C2385,Ananya Patel,Pune,Electronics,Power Bank,2,1275.46,10,UPI,Delivered
ORD204660,10-12-2025,C2340,Sneha Gupta,Mumbai,Books,Comics Set,1,764.48,5,UPI,Delivered
ORD204581,01-Jan-25,C1687,Manish Kulkarni,hyderabad,Clothing,Cotton T-Shirt,1,628.92,0,UPI,Cancelled
ORD202961,21-Aug-25,C1514,Sneha Mehta,Ahmedabad,Beauty,Moisturiser,2,427.82,5,Debit Card,Delivered
ORD202603,07-Sep-25,C1470,Aditya Das, Hyderabad ,Home & Kitchen,Cookware Set,2,2877.42,0,Debit Card,Delivered
ORD201649,06-09-2025,C1340,Diya Verma,Ahmedabad,Clothing,Cotton T-Shirt,2,594.7,0,Debit Card,Delivered
ORD204139,04-07-2025,C1725,Arjun Iyer, Hyderabad ,Home & Kitchen,Mixer Grinder,2,3320.07,20,Debit Card,Returned
ORD204558,09-03-2025,C2062,Rohan Sharma,Hyderabad,Beauty,Lipstick,2,392.01,5,UPI,Returned
ORD202423,16-09-2025,C1141,Sneha Joshi,,Home & Kitchen,Bedsheet Set,3,1301.9,0,UPI,Delivered
ORD201078,08-03-2025,C1540,Rohan Mehta, Ahmedabad ,Electronics,Bluetooth Speaker,1,1912.15,0,UPI,Delivered
ORD204431,07-12-2025,C1360,Priya Sharma,bengaluru,Electronics,Bluetooth Speaker,2,,20,Credit Card,Delivered
ORD203186,04-Feb-25,C2229,Riya Iyer,bengaluru,Home & Kitchen,Bedsheet Set,2,1318.52,15,COD,Delivered
ORD200770,01-11-2025,C2246,Karan Mehta,bengaluru, Books ,Novel,1,354,0,,Delivered
ORD200561,07-Oct-25,C1818,Pooja Mehta,Kolkata,Books,Python Handbook,1,742.77,15,Net Banking,Cancelled
ORD204588,17-Jul-25,C1893,Manish Iyer,AHMEDABAD,Books,Data Science Primer,4,860.16,0,Debit Card,Delivered
ORD204420,14-04-2025,C1984,Ananya Iyer,Kolkata,Beauty,Hair Dryer,1,1441.26,15,Credit Card,Delivered
ORD201505,11-Mar-25,C1633,Ananya Kulkarni,Chennai,Electronics,Bluetooth Speaker,1,2146.85,10,Net Banking,Returned
ORD203500,31-Jul-25,C1841,Pooja Iyer,Bengaluru,Home & Kitchen,Air Fryer,1,4817.98,20,COD,Cancelled
ORD200518,06-05-2025,C1141,Sneha Joshi,Mumbai,Home & Kitchen,Cookware Set,3,2718.72,0,Net Banking,Delivered
ORD204873,20-10-2025,C2334,Riya Singh,Kolkata,Clothing,Denim Jeans,4,1739.76,0,Credit Card,Delivered
ORD200778,02-12-2025,C2317,Riya Gupta,Delhi,Beauty,Face Wash,4,253.22,20,Credit Card,Delivered
ORD203105,12-03-2025,C2208,Sanjay Patel,Mumbai,Home & Kitchen,Bedsheet Set,2,1369.49,0,Credit Card,Delivered
ORD203682,14-05-2025,C1578,Kavya Mehta,Hyderabad,Beauty,Hair Dryer,1,1544.29,0,COD,Cancelled
ORD201915,18-Feb-25,C2162,Vivaan Kulkarni,KOLKATA,Clothing,Denim Jeans,1,1915.59,10,,Delivered
ORD202088,29-06-2025,C2205,Vivaan Verma,Kolkata,BOOKS,Python Handbook,4,,,UPI,Delivered
ORD200283,09-02-2025,C1055,Neha Gupta,delhi,Clothing,Cap,1,340.76,15,UPI,Delivered
ORD204202,24-11-2025,C1450,Vivaan Sharma,Delhi  , Home & Kitchen ,Cookware Set,4,,0,COD,Returned
ORD202755,09-04-2025,C1479,Isha Mehta,Mumbai,HOME & KITCHEN,Water Bottle,1,457.35,15,UPI,Returned
ORD200708,19-02-2025,C2051,Aarav Nair,Pune, Home & Kitchen ,Bedsheet Set,2,1374.57,10,Credit Card,Delivered
ORD201663,26-03-2025,C1612,Neha Verma,Ahmedabad,Beauty,Hair Dryer,3,1431.34,0,Debit Card,Delivered
ORD204053,25-07-2025,C2335,Isha Singh,Hyderabad,Books,Data Science Primer,2,961.59,0,UPI,Cancelled
ORD200520,09-06-2025,C2045,Meera Kulkarni,Mumbai,HOME & KITCHEN,Air Fryer,3,4755.81,5,Credit Card,Delivered
ORD201775,06-10-2025,C1273,Meera Mehta,Mumbai,Home & Kitchen,Mixer Grinder,1,3457.12,5,UPI,Returned
ORD200759,22-02-2025,C1420,Rahul Das,Delhi,Beauty,Hair Dryer,4,1499.22,0,UPI,Delivered
ORD203749,23-08-2025,C1709,Neha Gupta,Hyderabad,Beauty,Lipstick,2,389,15,Credit Card,Delivered
ORD200370,26-12-2025,C2133,Kavya Gupta,Delhi,Clothing,Cotton T-Shirt,1,631.68,20,UPI,Delivered
ORD204370,18-03-2025,C2273,Vivaan Patel,Hyderabad,Clothing,Running Shoes,2,2983.51,,Debit Card,Delivered
ORD204168,08-06-2025,C1102,Karan Kulkarni,Mumbai,Home & Kitchen,Cookware Set,2,2755.85,15,UPI,Returned
ORD203635,01-May-25,C2024,Diya Patel,Kolkata,Home & Kitchen,Air Fryer,1,,15,COD,Returned
ORD200036,12-11-2025,C1594,Ananya Patel,Bengaluru,Books,Comics Set,3,804.67,0,Debit Card,Delivered
ORD200026,03-07-2025,C1349,Priya Nair,Bengaluru,Home & Kitchen,Cookware Set,2,2714.9,0,Net Banking,Delivered
ORD200896,19-Nov-25,C1555,Sneha Kulkarni,Mumbai,home & kitchen,Bedsheet Set,1,1367.75,0,Net Banking,Cancelled
ORD202863,12-Nov-25,C2048,Arjun Mehta,Kolkata,Electronics,Bluetooth Speaker,1,1949.97,15,Net Banking,Delivered
ORD200085,19-01-2025,C1628,Vikram Reddy,Hyderabad,Electronics,Wireless Earbuds,2,2634.17,10,Debit Card,Delivered
ORD204643,30-05-2025,C2272,Isha Nair,Kolkata,Beauty,Hair Dryer,4,1526.97,20,UPI,Cancelled
ORD203760,29-05-2025,C2208,Sanjay Patel,Mumbai,Home & Kitchen,Cookware Set,1,2993.1,,COD,Cancelled
ORD202881,14-11-2025,C1329,Sneha Das,Pune,Electronics,Bluetooth Speaker,1,1915.06,15,Credit Card,Delivered
ORD203458,18-12-2025,C1067,Karan Nair,Bengaluru,Books,Novel,3,335.23,0,Debit Card,Delivered
ORD203834,06-08-2025,C1773,Vivaan Nair,Mumbai,Clothing,Denim Jeans,1,1722.48,0,Credit Card,Returned
ORD201725,23-Apr-25,C2288,Rohan Singh,Bengaluru,Beauty,Hair Dryer,1,1531.23,15,Credit Card,Delivered
ORD201738,18-08-2025,C1775,Vikram Das,Kolkata,Books,Exam Guide,1,507.92,0,UPI,Cancelled
ORD202127,19-Nov-25,C1443,Pooja Reddy,Pune,CLOTHING,Cotton T-Shirt,2,605.38,0,Net Banking,Delivered
ORD200875,02-Jan-25,C1250,Vivaan Das,MUMBAI,home & kitchen,Water Bottle,1,443.04,5,UPI,Delivered
ORD200147,29-06-2025,C1711,Karan Nair,Delhi,Beauty,Moisturiser,2,428.83,0,UPI,Returned
ORD204955,17-Jun-25,C1860,Neha Gupta,Bangalore, Electronics ,USB-C Cable,4,416.79,0,Net Banking,Delivered
ORD201700,05-05-2025,C1975,Pooja Iyer,Delhi,Electronics,Smartwatch,1,5974.45,0,Credit Card,Delivered
ORD201093,09-03-2025,C1784,Kavya Sharma,Mumbai,Clothing,Denim Jeans,1,1826.18,0,UPI,Cancelled
ORD202112,13-04-2025,C1084,Vikram Das,Kolkata,CLOTHING,Running Shoes,1,3195.47,15,Debit Card,Returned
ORD201850,03-11-2025,C1045,Rohan Kulkarni,Mumbai,Clothing,Denim Jeans,2,1823.72,10,UPI,Cancelled
ORD200927,11-12-2025,C1736,Arjun Das,Delhi  , Clothing ,Cap,2,371.44,0,Net Banking,Returned
ORD200527,26-01-2025,C2057,Karan Joshi,Hyderabad,Beauty  ,Lipstick,3,402.98,5,Credit Card,Delivered
ORD201262,11-12-2025,C1200,Kavya Kulkarni,Pune,Beauty,Hair Dryer,4,1508.17,5,Debit Card,Delivered
ORD204017,16-11-2025,C1499,Pooja Reddy,Mumbai,Beauty,Perfume,2,1694.43,10,Credit Card,Delivered
ORD203647,11-10-2025,C1688,Diya Iyer,Delhi,Home & Kitchen,Cookware Set,2,2940.02,10,COD,Cancelled
ORD202948,28-08-2025,C1354,Kavya Reddy,Mumbai,electronics,USB-C Cable,3,386.24,0,COD,Returned
ORD200799,01-01-2025,C1296,Manish Gupta,Mumbai,Clothing,Denim Jeans,3,1805.36,10,,Delivered
ORD202613,04-05-2025,C1995,Neha Iyer,Kolkata,Beauty,Face Wash,2,262.29,20,UPI,Delivered
ORD203348,01-Mar-25,C2333,Manish Verma,Bengaluru,Clothing,Hoodie,1,1449.33,20,UPI,Delivered
ORD204693,06-10-2025,C2286,Riya Nair, Mumbai ,Electronics,Bluetooth Speaker,2,2158.23,20,Debit Card,Delivered
ORD204826,08-11-2025,C1189,Priya Verma,Hyderabad,Home & Kitchen,Bedsheet Set,2,1399.58,0,UPI,Delivered
ORD204722,09-08-2025,C1074,Kavya Gupta,Hyderabad,Beauty,Lipstick,3,429.62,0,UPI,Cancelled
ORD200381,01-09-2025,C1797,Manish Gupta,Mumbai,Electronics,Power Bank,4,1237.09,0,UPI,Returned
ORD200485,11-04-2025,C2357,Priya Mehta,,Home & Kitchen,Water Bottle,4,483.97,5,UPI,Delivered
ORD204533,12-Jan-25,C2100,Priya Iyer,Mumbai,Electronics,Power Bank,1,1370.18,0,COD,Delivered
ORD202328,14-12-2025,C2128,,Mumbai,Home & Kitchen,Water Bottle,3,459.67,0,UPI,Delivered
ORD201701,06-09-2025,C1328,Neha Singh,Chennai,Electronics,USB-C Cable,3,409.8,0,COD,Delivered
ORD203470,02-05-2025,C2271,Rohan Nair,Mumbai,Home & Kitchen,Mixer Grinder,1,3466.3,10,UPI,Delivered
ORD201102,28-05-2025,C1369,Riya Gupta,Mumbai,Clothing,Hoodie,4,1567.93,10,Debit Card,Cancelled
ORD200596,11-01-2025,C1758,Priya Gupta,Delhi,Books,Novel,2,342.09,5,UPI,Delivered
ORD203133,07-12-2025,C1529,Ananya Verma, Hyderabad ,Books  ,Novel,1,341.95,15,COD,Delivered
ORD203918,30-07-2025,C1029,Aarav Sharma,Hyderabad  ,Books,Novel,2,335.35,20,Net Banking,Cancelled
ORD204861,23-02-2025,C2350,Sanjay Kulkarni,Mumbai,Electronics,USB-C Cable,1,430.67,5,Debit Card,Delivered
ORD201594,23-12-2025,C2051,Aarav Nair,PUNE,home & kitchen,Water Bottle,3,438.81,0,Credit Card,Delivered
ORD200492,05-10-2025,C2374,Kavya Patel,,electronics,Smartwatch,1,5726.53,10,UPI,Delivered
ORD201795,15-06-2025,C2285,Neha Sharma,Mumbai,Clothing,Cap,2,361.57,0,Debit Card,Delivered
ORD202626,31-07-2025,C1999,Manish Kulkarni,Delhi  ,Clothing  ,Denim Jeans,2,1899.72,0,COD,Delivered
ORD200579,27-05-2025,C1388,Manish Das,Delhi,Clothing,Cap,1,343.39,0,Net Banking,Cancelled
ORD201802,25-10-2025,C1046,Riya Iyer, Delhi , Electronics ,Smartwatch,4,6331.03,10,UPI,Delivered
ORD202655,06-02-2025,C1191,Rohan Das,bengaluru,BOOKS,Python Handbook,2,718,0,UPI,Delivered
ORD200606,27-01-2025,C2278,Riya Mehta,Bengaluru,Clothing  ,Cap,1,355.57,0,UPI,Delivered
ORD200839,26-02-2025,C1940,Manish Patel,Delhi,beauty,Perfume,1,,15,UPI,Delivered
ORD204280,19-01-2025,C1506,Ananya Mehta,Bengaluru,Books,Exam Guide,1,478.74,15,Credit Card,Returned
ORD200642,04-12-2025,C1025,Priya Singh,HYDERABAD,ELECTRONICS,Power Bank,1,1283.78,10,Debit Card,Returned
ORD204679,26-09-2025,C1767,Isha Das,Delhi,Home & Kitchen,Water Bottle,2,437.83,10,Credit Card,Delivered
ORD204538,12-12-2025,C1591,Riya Singh,Ahmedabad,Electronics,Wireless Earbuds,3,2566.05,0,Net Banking,Delivered
ORD202468,20-05-2025,C1568,Rahul Iyer,ahmedabad,electronics,Smartwatch,4,6443.48,15,UPI,Delivered
ORD203200,25-08-2025,C1727,Aarav Gupta,Mumbai,Home & Kitchen,Cookware Set,1,2934.79,15,Credit Card,Returned
ORD203883,12-02-2025,C1051,Priya Sharma,Delhi,Clothing,Running Shoes,2,3142.84,5,COD,Delivered
ORD201829,14-10-2025,C2330,Pooja Mehta,Mumbai,Books,Comics Set,4,827.16,15,UPI,Delivered
ORD204288,12-06-2025,C2137,Ananya Patel,Pune,Beauty,Hair Dryer,1,1616.78,0,UPI,Cancelled
ORD202721,31-01-2025,C2331,Priya Singh,Mumbai,Beauty,Moisturiser,4,467.24,0,UPI,Delivered
ORD203488,17-Oct-25,C1554,Rohan Das,Chennai,Clothing,Cap,1,356.98,15,Debit Card,Delivered
ORD202137,29-06-2025,C2368,Neha Kulkarni, Mumbai ,Beauty,Hair Dryer,2,1553.45,10,UPI,Delivered
ORD204025,28-06-2025,C1177,Pooja Reddy,Mumbai,Beauty,Moisturiser,2,454.99,0,Debit Card,Delivered
ORD204482,01-02-2025,C1096,Isha Iyer,Mumbai,Electronics,USB-C Cable,1,424.69,0,UPI,Delivered
ORD201981,16-Apr-25,C2193,Arjun Joshi,Ahmedabad,Beauty,Lipstick,1,421.73,5,UPI,Delivered
ORD201436,07-10-2025,C1287,Manish Patel,Mumbai,Beauty,Face Wash,2,252.54,0,UPI,Delivered
ORD203339,04-02-2025,C1362,Vivaan Nair, Hyderabad ,Clothing,Running Shoes,2,3081.38,10,Credit Card,Delivered
ORD203134,11-07-2025,C1120,Rohan Mehta,Bengaluru,Beauty,Hair Dryer,1,1522.47,0,Credit Card,Delivered
ORD201178,11-18-2025,C1162,Riya Verma,Delhi,Home & Kitchen,Mixer Grinder,3,3148.59,0,Credit Card,Delivered
ORD203877,15-08-2025,C1720,Karan Reddy,Bengaluru,Home & Kitchen,Air Fryer,1,5105.75,0,Debit Card,Cancelled
ORD200397,24-Jan-25,C1208,Riya Iyer,pune,Clothing,Denim Jeans,2,1809.59,5,UPI,Delivered
ORD201542,01-12-2025,C1806,Sanjay Iyer,Bengaluru,Beauty,Lipstick,4,384.12,5,Debit Card,Delivered
ORD202968,17-06-2025,C2367,Pooja Gupta,Ahmedabad  ,Beauty,Perfume,1,1703.76,0,UPI,Delivered
ORD203465,20-05-2025,C2034,Karan Kulkarni,ahmedabad,Beauty,Lipstick,2,388.36,5,UPI,Cancelled
ORD200450,15-03-2025,C1454,Sanjay Patel,Bengaluru,Electronics,USB-C Cable,3,391.85,0,Debit Card,Delivered
ORD200930,24-03-2025,C1081,Riya Verma,Mumbai,Beauty,Moisturiser,3,441.3,0,Credit Card,Cancelled
ORD203990,02-11-2025,C1097,Isha Joshi,Chennai,Clothing,Running Shoes,2,2860.1,10,UPI,Delivered
ORD203336,19-Jul-25,C1409,Priya Iyer,BENGALURU,Electronics,USB-C Cable,1,430.24,20,UPI,Cancelled
ORD204842,24-07-2025,C1086,Vivaan Gupta, Mumbai ,Electronics,Smartwatch,3,6245.33,0,UPI,Delivered
ORD200394,01-Nov-25,C2329,Karan Mehta,Chennai,Electronics,Smartwatch,1,6106.35,10,Net Banking,Returned
ORD204664,23-May-25,C1769,Kavya Gupta,Bengaluru, Electronics ,Bluetooth Speaker,4,2138.56,10,UPI,Delivered
ORD203926,19-11-2025,C1418,Manish Gupta,Bengaluru,Beauty,Face Wash,1,251.93,10,UPI,Cancelled
ORD203960,07-17-2025,C1593,Karan Iyer,Ahmedabad,CLOTHING,Hoodie,2,1614.82,15,UPI,Delivered
ORD201936,30-08-2025,C2284,Kavya Joshi,Delhi,Beauty,Hair Dryer,4,1459.15,5,Debit Card,Delivered
ORD201437,22-11-2025,C2341,Riya Patel,Pune,Home & Kitchen,Water Bottle,1,481.15,20,UPI,Delivered
ORD204808,10-Nov-25,C2324,Priya Joshi,Kolkata,Clothing,Denim Jeans,2,1790.03,5,Credit Card,Delivered
ORD203030,25-02-2025,C1239,Riya Patel,Mumbai,Clothing,Hoodie,4,1462.71,15,Debit Card,Delivered
ORD204747,30-12-2025,C2353,Sanjay Iyer,Kolkata,CLOTHING,Hoodie,1,1612.47,0,UPI,Delivered
ORD204827,18-03-2025,C1051,Priya Sharma,Delhi  ,Electronics,USB-C Cable,2,408.18,15,Credit Card,Delivered
ORD203646,08-01-2025,C2338,Meera Gupta,Hyderabad,home & kitchen,Mixer Grinder,4,,0,Credit Card,Cancelled
ORD201913,14-01-2025,C1814,Rahul Mehta,Chennai,Clothing,Cap,2,339.72,5,,Delivered
ORD202255,10-04-2025,C1441,Vikram Gupta,,home & kitchen,Mixer Grinder,1,3301.06,0,UPI,Delivered
ORD203747,22-10-2025,C1810,Kavya Nair,,Books,Comics Set,2,799.95,15,UPI,Cancelled
ORD200114,23-Sep-25,C1097,Isha Joshi,Chennai,Electronics,Bluetooth Speaker,1,2028.94,20,COD,Delivered
ORD200088,03-12-2025,C2067,Rohan Reddy,Delhi,BEAUTY,Perfume,1,1653.87,10,Credit Card,Delivered
ORD202254,22-01-2025,C1512,Ananya Joshi,Pune,electronics,Bluetooth Speaker,3,2151.57,0,Net Banking,Cancelled
ORD203318,18-06-2025,C2015,Karan Sharma,Ahmedabad,Home & Kitchen,Air Fryer,2,5288.39,0,UPI,Delivered
ORD203050,25-05-2025,C1102,Karan Kulkarni,MUMBAI,Clothing,Cap,2,357.77,0,Net Banking,Delivered
ORD201181,27-10-2025,C1830,Meera Verma,Kolkata,Books,Data Science Primer,1,,5,UPI,Delivered
ORD203484,05-10-2025,C1868,Rahul Mehta,Pune,Clothing,Denim Jeans,2,1849.17,20,UPI,Returned
ORD201538,14-May-25,C1769,Kavya Gupta,Bengaluru,Beauty,Face Wash,4,255.98,15,COD,Delivered
ORD203292,11-20-2025,C2043,Diya Mehta,Bengaluru,Home & Kitchen,Bedsheet Set,3,1331.49,0,Net Banking,Delivered
ORD200948,03-11-2025,C1895,Aditya Iyer,HYDERABAD,Clothing,Denim Jeans,2,1796.21,0,UPI,Delivered
ORD202975,24-03-2025,C1631,Riya Gupta,Kolkata,Electronics,USB-C Cable,1,427.51,15,COD,Delivered
ORD203949,24-05-2025,C1135,Karan Reddy,Kolkata,Home & Kitchen,Water Bottle,1,442.84,0,COD,Delivered
ORD203865,20-Sep-25,C1082,Neha Patel,Mumbai, Books ,Exam Guide,4,495.72,0,COD,Delivered
ORD201322,16-10-2025,C2274,Vivaan Gupta,Delhi,Clothing,Denim Jeans,4,1746.04,5,Credit Card,Delivered
ORD202787,08-06-2025,C1988,Karan Das,BENGALURU,Electronics,Bluetooth Speaker,2,2158.29,0,Credit Card,Returned
ORD202726,27-05-2025,C2387,Karan Verma,Bengaluru,Clothing,Running Shoes,3,3109.95,10,UPI,Delivered
ORD201508,22-12-2025,C1026,Vikram Singh,Mumbai,Home & Kitchen,Bedsheet Set,2,1381.42,5,Credit Card,Delivered
ORD202068,11-03-2025,C2337,Manish Sharma,Pune,Home & Kitchen,Bedsheet Set,2,1268.01,0,UPI,Delivered
ORD201864,02-11-2025,C2083,Isha Joshi,Chennai,Clothing,Denim Jeans,1,1839.7,5,UPI,Delivered
ORD200868,19-Jan-25,C2292,Diya Nair,Ahmedabad,Electronics,Smartwatch,1,5968.5,5,Net Banking,Returned
ORD200096,09-08-2025,C2055,Rahul Kulkarni,,beauty,Perfume,4,1650.83,0,UPI,Delivered
ORD202169,21-09-2025,C2287,Aditya Kulkarni,Hyderabad,books,Exam Guide,1,498.89,20,UPI,Delivered
ORD200634,04-05-2025,C1067,Karan Nair,Bengaluru,Beauty,Face Wash,1,260.22,0,Debit Card,Delivered
ORD202247,02-10-2025,C2230,Rahul Kulkarni,Chennai,Clothing,Cotton T-Shirt,2,639.14,5,UPI,Delivered
ORD200220,22-01-2025,C2215,Riya Singh,Kolkata,Clothing,Hoodie,4,1495.37,0,Credit Card,Returned
ORD202751,15-04-2025,C1257,Vivaan Singh,MUMBAI,Home & Kitchen,Air Fryer,1,4948.78,0,Debit Card,Delivered
ORD202999,22-01-2025,C2173,Riya Mehta,DELHI,Clothing,Running Shoes,1,2960.23,10,UPI,Delivered
ORD203963,09-14-2025,C1041,Meera Reddy,Delhi,BOOKS,Exam Guide,1,537.05,0,COD,Returned
ORD203212,22-04-2025,C1615,Karan Reddy,Kolkata,Clothing,Cap,1,350.65,0,,Returned
ORD202792,13-01-2025,C1441,Vikram Gupta,CHENNAI, Clothing ,Cotton T-Shirt,1,604.16,20,Credit Card,Delivered
ORD203602,03-Jun-25,C2291,Riya Patel,Hyderabad,BEAUTY,Face Wash,2,237.49,15,UPI,Delivered
ORD202084,15-11-2025,C1451,Ananya Reddy, Mumbai ,Electronics,USB-C Cable,1,417.99,10,UPI,Delivered
ORD200304,26-02-2025,C1352,Pooja Verma,Hyderabad,ELECTRONICS,Power Bank,2,1246.26,0,Credit Card,Delivered
ORD203097,21-05-2025,C1961,Priya Gupta,Chennai,Beauty,Lipstick,2,381.91,5,UPI,Cancelled
ORD204269,10-Mar-25,C2101,Diya Gupta,Pune,Beauty,Perfume,1,1640.34,20,Net Banking,Delivered
ORD201851,01-10-2025,C1068,Neha Joshi,Ahmedabad,Clothing,Cap,2,374.35,0,UPI,Delivered
ORD202066,11-05-2025,C1342,Vikram Verma,Bengaluru,Clothing,Running Shoes,2,2971.52,0,UPI,Delivered
ORD202712,09-01-2025,C1816,Pooja Nair,BENGALURU,Home & Kitchen,Water Bottle,3,459.08,15,UPI,Delivered
ORD203713,22-08-2025,C2318,Riya Singh,Mumbai,Electronics,Smartwatch,3,6156.51,0,UPI,Delivered
ORD201096,25-05-2025,C1267,Diya Verma,ahmedabad,Beauty,Perfume,1,1684.84,0,Credit Card,Delivered
ORD203621,25-Dec-25,C1066,Aarav Kulkarni,Delhi,Electronics,Smartwatch,4,5997.28,0,Net Banking,Delivered
ORD200046,25-10-2025,C1863,Vikram Iyer,Bengaluru,home & kitchen,Air Fryer,2,4786.21,0,UPI,Cancelled
ORD203211,06-11-2025,C1456,,CHENNAI,Electronics,Power Bank,3,1334.3,20,Credit Card,Returned
ORD201145,23-03-2025,C1802,Rahul Gupta,chennai,Electronics,Smartwatch,1,5795.39,0,UPI,Cancelled
ORD200612,04-05-2025,C2196,Vivaan Joshi,Pune,Books,Exam Guide,1,516.51,0,UPI,Cancelled
ORD203583,20-10-2025,C2059,Sneha Kulkarni,Mumbai,Books,Python Handbook,3,689.3,0,Net Banking,Cancelled
ORD204387,05-Jul-25,C2147,Sneha Reddy,,Electronics,Wireless Earbuds,2,2461.27,0,COD,Returned
ORD202533,01-11-2025,C2142,Vikram Joshi,Mumbai,Beauty,Moisturiser,2,463.81,0,Debit Card,Delivered
ORD200717,08-07-2025,C1874,Arjun Gupta,Chennai,Electronics,Bluetooth Speaker,2,,0,COD,Delivered
ORD201494,15-11-2025,C1698,Sneha Singh,Kolkata,Home & Kitchen,Mixer Grinder,2,3202.6,0,UPI,Delivered
ORD203110,03-12-2025,C1058,Riya Sharma,Delhi,Home & Kitchen,Water Bottle,2,461.02,0,Credit Card,Delivered
ORD200595,17-08-2025,C2076,Ananya Mehta, Chennai ,Home & Kitchen,Bedsheet Set,2,1254.92,10,COD,Returned
ORD200589,01-08-2025,C2250,Karan Patel,Bengaluru,Clothing,Hoodie,1,1610.51,10,Debit Card,Delivered
ORD200522,04-07-2025,C1518,Riya Iyer,Bengaluru, Beauty ,Hair Dryer,2,1583.31,5,COD,Delivered
ORD202750,12-11-2025,C2356,Ananya Das,Ahmedabad,Electronics,Smartwatch,1,6374.94,0,Net Banking,Delivered
ORD203142,22-07-2025,C2304,Meera Joshi, Ahmedabad , Clothing ,Hoodie,4,1592.56,15,UPI,Delivered
ORD201588,19-05-2025,C1138,Meera Nair,Chennai,Books,Comics Set,1,823.16,0,UPI,Delivered
ORD204390,19-11-2025,C2078,Rahul Joshi,Pune,Beauty,Moisturiser,1,469.13,10,Debit Card,Delivered
ORD204847,18-10-2025,C2279,Aarav Das,Delhi,Electronics,Power Bank,2,1348.71,5,Credit Card,Delivered
ORD200078,17-09-2025,C1250,Vivaan Das,MUMBAI,Electronics,USB-C Cable,1,399.07,15,Debit Card,Delivered
ORD203067,27-05-2025,C1178,Sneha Reddy,Mumbai,Electronics,Power Bank,3,1317.82,10,Net Banking,Cancelled
ORD203246,22-02-2025,C1294,Aarav Nair,Bangalore,ELECTRONICS,Bluetooth Speaker,4,1932.84,20,Debit Card,Delivered
ORD204937,03-06-2025,C1183,Priya Iyer, Kolkata ,Home & Kitchen,Mixer Grinder,2,3485.25,,UPI,Delivered
ORD201068,05-07-2025,C1122,Riya Reddy,Ahmedabad,Clothing,Running Shoes,2,2956.45,0,Credit Card,Delivered
ORD204440,15-01-2025,C1596,Aditya Iyer,chennai,Home & Kitchen,Cookware Set,500,2695.46,5,COD,Delivered
ORD203340,24-09-2025,C1664,Rohan Reddy,Ahmedabad,Electronics,Power Bank,2,1295.97,20,Debit Card,Delivered
ORD203319,14-03-2025,C1824,Manish Mehta,Delhi,Home & Kitchen,Air Fryer,1,5049.77,15,COD,Delivered
ORD204867,04-Apr-25,C1918,Ananya Verma,Kolkata,Home & Kitchen,Mixer Grinder,4,3321.48,0,Credit Card,Returned
ORD204159,02-Sep-25,C1490,Karan Nair,MUMBAI,Electronics,Wireless Earbuds,1,2688.98,15,Net Banking,Delivered
ORD202780,11-03-2025,C1228,Aditya Joshi,Delhi,Books,Data Science Primer,3,870.11,0,Debit Card,Delivered
ORD204733,19-07-2025,C1020,Sneha Mehta,Delhi,Clothing,Cap,3,337.73,15,Debit Card,Delivered
ORD203116,09-04-2025,C1112,Kavya Gupta,ahmedabad,Books,Exam Guide,3,496.58,0,COD,Delivered
ORD204228,05-05-2025,C1646,Aditya Gupta,Ahmedabad,Home & Kitchen,Air Fryer,2,5225.25,10,Net Banking,Delivered
ORD201217,03-29-2025,C1192,Vikram Singh,Pune,Electronics,Bluetooth Speaker,1,1981.29,5,Net Banking,Delivered
ORD202552,26-01-2025,C1256,Riya Nair,Hyderabad,Books,Novel,2,335.26,0,UPI,Delivered
ORD204738,26-Mar-25,C2041,Sneha Joshi,Mumbai,Home & Kitchen,Air Fryer,1,5294.74,20,Debit Card,Cancelled
ORD201874,25-11-2025,C1565,Isha Nair,Bengaluru,Electronics,Bluetooth Speaker,2,2113.4,10,UPI,Cancelled
ORD203356,17-04-2025,C1739,Sanjay Verma,Bengaluru,Electronics,USB-C Cable,2,397.61,20,Credit Card,Delivered
ORD204687,13-01-2025,C1944,Karan Iyer,delhi,Home & Kitchen  ,Air Fryer,1,5047.59,0,UPI,Delivered
ORD201618,15-01-2025,C1478,Rahul Das,,Beauty,Perfume,1,1558.56,5,COD,Delivered
ORD201910,13-Sep-25,C1578,Kavya Mehta,Hyderabad,Electronics,Smartwatch,1,5939.01,0,UPI,Delivered
ORD200415,19-04-2025,C1758,Priya Gupta,Delhi,Electronics,Smartwatch,2,5751.59,5,Debit Card,Delivered
ORD204381,16-Oct-25,C2365,Manish Verma,Chennai,Beauty,Face Wash,1,260.14,10,UPI,Delivered
ORD201683,04-01-2025,C1508,Manish Sharma,Hyderabad,Books,Exam Guide,2,489.92,10,Credit Card,Delivered
ORD201593,19-12-2025,C1195,Kavya Verma,Mumbai,books,Exam Guide,1,500.05,15,COD,Delivered
ORD203567,08-11-2025,C1031,Ananya Singh,Ahmedabad,Home & Kitchen,Cookware Set,3,,0,Net Banking,Delivered
ORD202590,12-Mar-25,C1094,Riya Sharma,Mumbai,Beauty,Moisturiser,2,443.57,20,Debit Card,Returned
ORD203093,21-07-2025,C2117,Rahul Iyer,Bengaluru,Home & Kitchen,Air Fryer,1,4956.8,5,UPI,Returned
ORD201763,07-11-2025,C1816,Pooja Nair,Bengaluru,Clothing,Running Shoes,2,2934.08,0,UPI,Returned
ORD203022,06-11-2025,C1382,Pooja Patel,Delhi,Home & Kitchen,Air Fryer,2,,20,Credit Card,Delivered
ORD202585,20-Dec-25,C2182,Riya Kulkarni,Delhi,CLOTHING,Denim Jeans,3,1729.39,0,Credit Card,Delivered
ORD203013,15-12-2025,C1363,Priya Mehta,Delhi,clothing,Cap,3,365.68,0,Credit Card,Cancelled
ORD201957,08-19-2025,C2280,Arjun Joshi, Mumbai ,Clothing,Cotton T-Shirt,2,617.53,,UPI,Delivered
ORD203614,11-07-2025,C2215,Riya Singh, Kolkata ,Home & Kitchen,Mixer Grinder,4,3389.02,0,Credit Card,Delivered
ORD203294,01-01-2025,C2005,Pooja Singh,Delhi,Home & Kitchen,Air Fryer,1,5061.45,0,UPI,Delivered
ORD201696,19-09-2025,C1445,Sneha Iyer,Mumbai,Home & Kitchen,Cookware Set,0,2667.03,10,UPI,Returned
ORD204253,07-02-2025,C1795,Riya Iyer,Delhi,Clothing,Denim Jeans,1,1902.14,5,UPI,Cancelled
ORD203005,02-12-2025,C1562,Kavya Patel,Chennai,Home & Kitchen,Air Fryer,1,5336.13,10,Net Banking,Returned
ORD200752,19-07-2025,C1274,Manish Kulkarni,Hyderabad, Clothing ,Cotton T-Shirt,2,608.11,15,Net Banking,Delivered
ORD202291,25-03-2025,C1715,Manish Gupta,Mumbai,home & kitchen,Cookware Set,1,2787.58,15,UPI,Returned
ORD204443,09-09-2025,C1879,Karan Verma,kolkata,Clothing,Running Shoes,1,3032.65,0,UPI,Delivered
ORD201677,04-09-2025,C2367,Pooja Gupta,AHMEDABAD,Electronics,Smartwatch,2,5970.4,0,UPI,Delivered
ORD204151,02-02-2025,C1510,Sanjay Patel,Ahmedabad,Beauty,Hair Dryer,4,1501.24,0,COD,Delivered
ORD204352,22-11-2025,C2258,Pooja Singh,Mumbai,Books,Python Handbook,2,664.5,0,Credit Card,Delivered
ORD204348,31-08-2025,C2113,Isha Joshi,,Electronics,Power Bank,1,,5,Credit Card,Delivered
ORD200354,06-Jul-25,C1539,Manish Mehta,Ahmedabad,Home & Kitchen,Water Bottle,1,427.34,20,Credit Card,Delivered
ORD201064,15-02-2025,C1908,Kavya Joshi,Chennai,HOME & KITCHEN,Air Fryer,1,4765.93,20,UPI,Delivered
ORD203788,25-10-2025,C1745,Ananya Nair, Pune ,Electronics,Power Bank,2,1314.15,0,Credit Card,Delivered
ORD204645,24-11-2025,C1889,Meera Iyer,Bengaluru,Home & Kitchen,Mixer Grinder,2,3555.73,20,UPI,Delivered
ORD203958,28-07-2025,C1113,Arjun Kulkarni,Ahmedabad,Clothing,Cap,1,353.8,0,UPI,Delivered
ORD202336,18-10-2025,C2132,Meera Verma,Bengaluru,Electronics  ,Bluetooth Speaker,1,1907.92,0,UPI,Delivered
ORD202941,28-10-2025,C2364,Karan Kulkarni,Hyderabad,Home & Kitchen,Air Fryer,1,4985.6,0,UPI,Cancelled
ORD202190,28-10-2025,C2230,Rahul Kulkarni,Chennai,Electronics,Bluetooth Speaker,2,2038.49,15,Credit Card,Returned
ORD201475,06-08-2025,C2140,Aarav Reddy,Delhi,Books,Comics Set,1,779.92,5,upi,Delivered
ORD204302,25-10-2025,C2026,Manish Nair,HYDERABAD,Electronics,Bluetooth Speaker,1,1953.17,0,UPI,Cancelled
ORD201440,17-12-2025,C1647,Rohan Patel,ahmedabad,Beauty,Moisturiser,4,483.75,10,Debit Card,Cancelled
ORD201307,11-07-2025,C1556,Aditya Sharma,Mumbai,Electronics,Bluetooth Speaker,1,1993.16,0,COD,Delivered
ORD203851,29-10-2025,C1931,Diya Iyer,Delhi,Clothing,Hoodie,2,1602.19,0,UPI,Delivered
ORD200002,13-10-2025,C1070,Pooja Das,Hyderabad,BOOKS,Data Science Primer,4,916.13,0,UPI,Delivered
ORD202097,02-11-2025,C1021,Ananya Gupta,Mumbai,Electronics,Smartwatch,1,5983.62,20,UPI,Delivered
ORD202615,20-05-2025,C1154,Diya Joshi,HYDERABAD,Clothing,Cotton T-Shirt,2,596.8,0,UPI,Delivered
ORD201067,16-07-2025,C1720,Karan Reddy,Bengaluru, Beauty ,Moisturiser,3,438.8,5,Credit Card,Returned
ORD204624,14-06-2025,C1458,Vikram Nair,Pune,HOME & KITCHEN,Water Bottle,2,476.08,0,UPI,Delivered
ORD200180,26-Mar-25,C1366,Arjun Sharma,Kolkata, Clothing ,Running Shoes,3,3184.93,5,Credit Card,Delivered
ORD200146,05-08-2025,C1691,Aarav Mehta,Kolkata,Beauty,Hair Dryer,1,1511.87,5,COD,Returned
ORD200629,06-Dec-25,C1214,Rahul Gupta,Mumbai,Books,Exam Guide,1,510.14,0,UPI,Cancelled
ORD202808,20-01-2025,C1108,Arjun Iyer,Chennai,Clothing,Cap,4,345.02,20,Net Banking,Delivered
ORD200401,11-10-2025,C2236,Pooja Iyer,Bangalore,Home & Kitchen,Mixer Grinder,4,3332.17,5,Credit Card,Cancelled
ORD202461,23-Nov-25,C1498,Aarav Das,Delhi,Electronics,Power Bank,2,1317.74,0,UPI,Delivered
ORD201104,03-10-2025,C1982,Rahul Verma,Delhi,Books,Python Handbook,1,686.67,10,UPI,Cancelled
ORD202907,05-01-2025,C2147,Sneha Reddy,Bengaluru,Clothing,Cotton T-Shirt,2,596.21,0,Credit Card,Cancelled
ORD202654,23-01-2025,C1063,Priya Reddy,Delhi,ELECTRONICS,Smartwatch,1,5913.29,20,UPI,Delivered
ORD201449,22-10-2025,C2144,Diya Nair,Kolkata,Home & Kitchen,Bedsheet Set,2,1245.56,0,UPI,Delivered
ORD201509,02-Sep-25,C1551,Vikram Reddy,Bengaluru,Electronics,USB-C Cable,4,381.87,0,UPI,Delivered
ORD200172,12-Jan-25,C1121,Arjun Patel,Bengaluru,Electronics,Bluetooth Speaker,1,2088.38,5,UPI,Delivered
ORD203736,01-09-2025,C1953,Neha Singh,Ahmedabad,Home & Kitchen,Air Fryer,1,5045.42,5,Credit Card,Delivered
ORD200667,23-03-2025,C1624,Arjun Sharma,ahmedabad,Clothing,Hoodie,1,1585.26,0,COD,Delivered
ORD204239,07-02-2025,C2007,Karan Das,Chennai,Beauty,Moisturiser,1,470.69,0,Net Banking,Delivered
ORD202275,02-09-2025,C2276,Meera Reddy, Bengaluru ,BEAUTY,Face Wash,1,239.99,5,COD,Cancelled
ORD201813,14-03-2025,C1948,Kavya Mehta,Chennai,clothing,Hoodie,1,1593.97,15,Debit Card,Cancelled
ORD204473,12-31-2025,C2081,Aditya Das,DELHI,Electronics,Wireless Earbuds,2,2514.38,15,UPI,Returned
ORD202523,13-11-2025,C1383,Rahul Nair,Bangalore,Electronics,Power Bank,2,1261.98,10,Debit Card,Delivered
ORD201916,09-07-2025,C1450,Vivaan Sharma,Delhi,Beauty  ,Perfume,3,1716.3,20,Net Banking,Delivered
ORD203767,10-12-2025,C1246,Vivaan Nair, Bengaluru ,HOME & KITCHEN,Air Fryer,1,4795.81,5,UPI,Cancelled
ORD202535,19-07-2025,C1600,Aarav Das,Mumbai,Electronics,Power Bank,1,1267.28,15,UPI,Delivered
ORD200494,29-01-2025,C1118,Pooja Gupta,CHENNAI,Electronics,USB-C Cable,1,391.01,15,,Delivered
ORD202690,30-05-2025,C2331,Priya Singh,Mumbai,Home & Kitchen,Bedsheet Set,4,,0,UPI,Returned
ORD203299,13-02-2025,C1361,Kavya Patel,Delhi, Clothing ,Running Shoes,2,3238.57,0,UPI,Delivered
ORD204752,08-Dec-25,C2067,Rohan Reddy, Delhi ,Clothing,Cap,1,362.45,15,Credit Card,Delivered
ORD202028,01-01-2025,C1613,Manish Reddy,Delhi,Electronics,Bluetooth Speaker,2,2007.19,0,UPI,Delivered
ORD200775,01-03-2025,C1840,Manish Sharma,Chennai,Clothing,Denim Jeans,1,1826.42,10,Debit Card,Delivered
ORD204194,05-07-2025,C1112,Kavya Gupta,Ahmedabad,Clothing,Running Shoes,1,,20,COD,Delivered
ORD202896,24-10-2025,C1148,Riya Joshi,Mumbai,Clothing,Cap,3,345.99,5,upi,Delivered
ORD201004,26-07-2025,C2188,Vivaan Patel, Delhi ,Home & Kitchen,Mixer Grinder,2,3494.74,0,Debit Card,Cancelled
ORD202251,17-12-2025,C1614,Neha Gupta,Ahmedabad,Home & Kitchen,Mixer Grinder,1,3254.3,0,Credit Card,Delivered
ORD204900,24-Oct-25,C1026,Vikram Singh, Mumbai ,Beauty  ,Face Wash,2,264.31,0,Debit Card,Delivered
ORD200411,10-Oct-25,C2016,Karan Gupta,Delhi,home & kitchen,Water Bottle,1,483.35,0,Credit Card,Returned
ORD200258,25-Sep-25,C2028,Ananya Singh,bengaluru,Books,Exam Guide,2,489.12,15,UPI,Delivered
ORD200900,13-06-2025,C1840,Manish Sharma,Chennai,CLOTHING,Cotton T-Shirt,1,596.35,10,Debit Card,Delivered
ORD203680,29-06-2025,C1206,Rahul Patel,Delhi,Books,Novel,2,370.69,,Debit Card,Delivered
ORD204438,28-03-2025,C1439,Diya Nair,Bengaluru,clothing,Running Shoes,2,3236.66,0,UPI,Delivered
ORD201606,28-10-2025,C1603,Karan Nair,Delhi,Clothing  ,Cotton T-Shirt,2,636.55,20,Credit Card,Delivered
ORD203906,22-01-2025,C1940,Manish Patel,Delhi,Clothing,Denim Jeans,2,1930.64,15,Debit Card,Delivered
ORD201664,23-Oct-25,C1508,Manish Sharma,Hyderabad,Home & Kitchen,Cookware Set,1,2734.5,5,Credit Card,Delivered
ORD201523,19-05-2025,C1816,Pooja Nair,Bengaluru,Beauty,Hair Dryer,3,1544.13,15,Debit Card,Delivered
ORD201415,28-03-2025,C1039,Priya Nair,Delhi,CLOTHING,Hoodie,2,1585.5,0,UPI,Delivered
ORD201469,25-08-2025,C2047,Neha Gupta,Kolkata,Home & Kitchen,Cookware Set,2,2831.61,10,Credit Card,Returned
ORD200791,25-10-2025,C2012,Arjun Reddy,Ahmedabad,Home & Kitchen,Water Bottle,1,457.29,0,Credit Card,Delivered
ORD200530,08-12-2025,C1158,Pooja Nair,,Home & Kitchen,Water Bottle,1,465.68,0,Debit Card,Delivered
ORD200897,20-02-2025,C1150,Arjun Joshi,Delhi,Clothing,Cotton T-Shirt,2,597.41,0,,Delivered
ORD202354,28-01-2025,C1571,Ananya Singh,Mumbai,Clothing,Running Shoes,2,3081.52,10,Debit Card,Delivered
ORD203289,04-01-2025,C2336,Aditya Gupta,Chennai,Electronics,Wireless Earbuds,1,2457.72,0,UPI,Returned
ORD204768,16-09-2025,C1161,,Bengaluru,Electronics,USB-C Cable,2,428.15,0,UPI,Returned
ORD204698,25-07-2025,C1232,Meera Sharma,Chennai,Beauty,Hair Dryer,1,1576.88,10,UPI,Delivered
ORD200965,05-06-2025,C1848,Meera Iyer,Bengaluru,Home & Kitchen,Mixer Grinder,2,3513.86,0,Net Banking,Delivered
ORD202514,17-02-2025,C2384,Aditya Nair,Bengaluru,clothing,Cap,2,356.77,20,Credit Card,Delivered
ORD200833,24-02-2025,C1557,Vikram Kulkarni,Bengaluru, Clothing ,Hoodie,1,1436.71,20,UPI,Cancelled
ORD203665,24-06-2025,C1454,Sanjay Patel,Bengaluru,Home & Kitchen,Bedsheet Set,2,1390.83,15,Debit Card,Returned
ORD201395,11-12-2025,C2050,,Pune, Clothing ,Running Shoes,4,2910.13,5,Credit Card,Returned
ORD201858,11-09-2025,C1327,Manish Kulkarni,Kolkata,Home & Kitchen,Bedsheet Set,2,1316.44,10,UPI,Returned
ORD201433,28-12-2025,C2236,Pooja Iyer,Mumbai,Beauty,Moisturiser,4,,15,UPI,Returned
ORD200790,04-09-2025,C1775,Vikram Das,KOLKATA,Clothing,Cap,2,365.85,0,COD,Delivered
ORD201784,03-09-2025,C1062,Aarav Das,Bengaluru,Electronics,Wireless Earbuds,1,2563.77,15,UPI,Delivered
ORD202598,19-02-2025,C2022,Diya Patel,Pune,HOME & KITCHEN,Cookware Set,2,2758.79,20,UPI,Delivered
ORD200780,03-Jun-25,C1728,Aarav Mehta,Hyderabad,Home & Kitchen,Cookware Set,3,2689.79,0,Net Banking,Delivered
ORD203846,09-04-2025,C2073,Meera Gupta,Bengaluru,Clothing,Cotton T-Shirt,1,626.12,0,Debit Card,Delivered
ORD201179,28-08-2025,C1970,Diya Verma,Mumbai,Home & Kitchen,Mixer Grinder,3,3399.68,5,COD,Delivered
ORD201108,28-06-2025,C2028,Ananya Singh,Bengaluru,Books,Comics Set,2,830.7,10,Credit Card,Delivered
ORD202199,22-01-2025,C1471,Ananya Gupta,Hyderabad,Clothing,Running Shoes,3,3029.36,0,UPI,Returned
ORD202851,05-04-2025,C1289,Vikram Singh,,Beauty,Perfume,1,1640.96,0,COD,Delivered
ORD203507,05-07-2025,C1679,Aditya Patel,Kolkata,Electronics,USB-C Cable,3,383.66,0,Debit Card,Delivered
ORD201144,29-01-2025,C1616,Pooja Verma, Delhi ,Beauty,Lipstick,1,399.71,5,Credit Card,Returned
ORD203743,02-04-2025,C2268,Kavya Joshi,Delhi,Clothing,Cap,2,360.63,5,UPI,Delivered
ORD200132,19-05-2025,C2310,Vivaan Iyer,Delhi, Clothing ,Denim Jeans,1,1908,0,UPI,Delivered
ORD202476,09-07-2025,C1051,Priya Sharma,Delhi,Beauty,Lipstick,1,381.55,10,COD,Returned
ORD202435,23-01-2025,C1479,Isha Mehta,Mumbai,Books,Comics Set,2,792.96,0,UPI,Delivered
ORD203731,16-Jan-25,C1837,Kavya Singh,Hyderabad,Home & Kitchen,Water Bottle,1,457.84,15,Net Banking,Delivered
ORD202913,02-10-2025,C1930,Vivaan Gupta,Bangalore,Books,Novel,2,334.02,0,UPI,Delivered
ORD204282,18-11-2025,C1581,Aarav Patel,Pune,Books,Exam Guide,1,511.72,0,UPI,Delivered
ORD201972,17-12-2025,C1323,Manish Gupta,,Electronics,Smartwatch,1,5817.24,10,UPI,Returned
ORD202417,15-06-2025,C1393,Ananya Verma,,BOOKS,Data Science Primer,2,885.53,10,Credit Card,Delivered
ORD200607,22-Jan-25,C1343,Neha Sharma,Mumbai,ELECTRONICS,Smartwatch,3,5730.52,0,UPI,Returned
ORD203996,08-05-2025,C2393,Vivaan Joshi,pune,Beauty,Perfume,2,1552.74,0,Credit Card,Delivered
ORD202867,17-07-2025,C1611,Sneha Sharma,Hyderabad,Beauty,Perfume,1,1630.81,0,UPI,Delivered
ORD202319,30-08-2025,C1320,Ananya Nair,BENGALURU,Electronics,Bluetooth Speaker,3,,5,Credit Card,Delivered
ORD203506,12-29-2025,C1312,Aarav Joshi,Hyderabad,Electronics,Wireless Earbuds,2,2657.39,,UPI,Delivered
ORD202880,25-03-2025,C2354,Diya Gupta,Mumbai, Home & Kitchen ,Air Fryer,4,5323.11,0,Credit Card,Delivered
ORD204524,03-09-2025,C2071,Neha Kulkarni,Mumbai  ,home & kitchen,Bedsheet Set,2,,5,UPI,Returned
ORD200619,25-12-2025,C2257,Kavya Sharma,Delhi,Books,Data Science Primer,2,900.99,5,UPI,Delivered
ORD201015,29-04-2025,C1906,,Chennai,Clothing,Cap,1,364.72,10,Credit Card,Delivered
ORD202013,14-01-2025,C1648,Aditya Verma, Chennai ,Clothing,Cotton T-Shirt,1,628.25,10,UPI,Returned
ORD204050,14-09-2025,C2224,Pooja Iyer,AHMEDABAD,Electronics,Power Bank,2,1380.2,5,Net Banking,Returned
ORD200702,17-10-2025,C1580,Arjun Singh,Bengaluru,Electronics,USB-C Cable,2,410.42,0,Debit Card,Delivered
ORD201551,01-10-2025,C1911,Isha Patel,Mumbai,Beauty,Face Wash,2,255.99,0,Credit Card,Returned
ORD201296,13-09-2025,C1577,Karan Verma,Chennai,Clothing,Cap,1,336.86,0,Debit Card,Delivered
ORD201952,09-11-2025,C1420,Rahul Das,Bangalore,Electronics,Bluetooth Speaker,1,2147.18,20,Credit Card,Delivered
ORD202827,08-03-2025,C1950,Neha Kulkarni,Delhi,Beauty,Lipstick,1,420.92,0,Net Banking,Delivered
ORD203438,16-11-2025,C1439,Diya Nair,Bengaluru,Home & Kitchen,Water Bottle,2,459.5,0,UPI,Delivered
ORD202723,27-03-2025,C1598,Priya Reddy,Kolkata,Beauty,Lipstick,4,393.63,15,COD,Delivered
ORD200421,05-05-2025,C2075,Sanjay Sharma,Ahmedabad,Clothing,Running Shoes,4,3034.9,0,COD,Delivered
ORD202363,01-05-2025,C1981,Isha Mehta,Delhi,HOME & KITCHEN,Air Fryer,2,4842.35,0,UPI,Delivered
ORD204002,05-09-2025,C1409,Priya Iyer, Bengaluru ,Electronics,Power Bank,1,1336.63,10,UPI,Delivered
ORD204689,08-05-2025,C1306,Karan Sharma,DELHI,home & kitchen,Mixer Grinder,4,3135.84,0,UPI,Delivered
ORD201487,04-05-2025,C2383,Aditya Joshi,Delhi,Books,Novel,2,359.12,0,UPI,Delivered
ORD203065,15-09-2025,C1485,Karan Nair,Mumbai,Home & Kitchen,Water Bottle,1,450.3,5,UPI,Delivered
ORD200610,23-06-2025,C1135,Karan Reddy,Kolkata,Clothing,Cap,2,366.18,5,Debit Card,Delivered
ORD203362,13-10-2025,C1697,Manish Gupta,Chennai,Clothing,Running Shoes,1,3150.17,0,UPI,Delivered
ORD202085,14-08-2025,C2356,Ananya Das,Ahmedabad,Clothing  ,Cotton T-Shirt,1,603.23,15,UPI,Delivered
ORD200474,19-10-2025,C1984,Ananya Iyer,Kolkata,Electronics,Bluetooth Speaker,2,1912.57,5,Credit Card,Returned
ORD200559,03-06-2025,C2182,Riya Kulkarni,delhi,Clothing,Denim Jeans,4,1786.4,20,Credit Card,Cancelled
ORD204869,12-09-2025,C1238,Ananya Sharma,Pune,Beauty,Moisturiser,4,474.87,5,Credit Card,Delivered
ORD202297,05-Jan-25,C1402,Priya Nair,Kolkata,Clothing,Cap,1,347.28,15,UPI,Delivered
ORD202952,02-03-2025,C1893,Manish Iyer,Ahmedabad,Home & Kitchen,Water Bottle,1,432.33,0,Credit Card,Delivered
ORD201923,05-08-2025,C1043,Neha Das,Bengaluru,Home & Kitchen,Mixer Grinder,1,3511.66,5,Credit Card,Cancelled
ORD203968,21-12-2025,C1425,Pooja Gupta,Chennai,Electronics,Smartwatch,2,,0,Net Banking,Delivered
ORD201980,11-28-2025,C2248,Isha Mehta,mumbai,Home & Kitchen,Water Bottle,3,456.25,10,Net Banking,Cancelled
ORD201579,29-03-2025,C1553,Sanjay Nair,AHMEDABAD, Electronics ,Power Bank,2,1397.82,0,UPI,Delivered
ORD202681,17-11-2025,C1751,Manish Das,Pune,Clothing,Cotton T-Shirt,3,604.16,10,UPI,Returned
ORD201987,01-11-2025,C1588,Priya Reddy,Pune,Clothing,Hoodie,2,1557.12,0,COD,Returned
ORD202192,10-12-2025,C1588,Priya Reddy,Pune,Electronics,Wireless Earbuds,1,2602.89,0,UPI,Delivered
ORD204245,29-Jun-25,C1258,Sneha Singh,, Home & Kitchen ,Mixer Grinder,1,3460.58,5,COD,Cancelled
ORD200508,12-05-2025,C2307,Ananya Nair,Mumbai,Books,Exam Guide,1,518.6,0,Debit Card,Cancelled
ORD204580,20-12-2025,C1829,Manish Verma,Mumbai,Home & Kitchen,Cookware Set,4,2670.22,15,UPI,Delivered
ORD204987,07-03-2025,C1834,Pooja Iyer,Delhi,Clothing,Denim Jeans,1,1900.71,0,Debit Card,Delivered
ORD202430,10-06-2025,C1726,Sanjay Singh,Kolkata, Books ,Novel,1,340.28,20,UPI,Delivered
ORD204661,30-07-2025,C2111,Manish Singh,,CLOTHING,Hoodie,1,1593.87,0,Credit Card,Returned
ORD203191,28-12-2025,C1637,Ananya Verma, Ahmedabad ,Electronics,Wireless Earbuds,3,2453.51,0,COD,Delivered
ORD201499,19-11-2025,C1587,Aarav Mehta,Bengaluru,Home & Kitchen,Air Fryer,1,4888.73,0,UPI,Delivered
ORD202906,09-10-2025,C2392,Aditya Mehta,Bengaluru,Beauty,Face Wash,1,264.9,0,Debit Card,Delivered
ORD201139,24-09-2025,C2242,Diya Patel,Ahmedabad,Beauty,Face Wash,1,266.65,20,Debit Card,Delivered
ORD203613,02-04-2025,C2110,Isha Das, Delhi ,Electronics,Bluetooth Speaker,3,2119.49,15,Credit Card,Cancelled
ORD204397,25-12-2025,C2161,Neha Kulkarni,DELHI,Clothing,Cotton T-Shirt,2,617.67,,UPI,Cancelled
ORD203442,24-12-2025,C2291,Riya Patel,hyderabad,Electronics,Power Bank,1,1401.95,5,Net Banking,Delivered
ORD202801,13-05-2025,C2355,Ananya Verma,Pune,BEAUTY,Hair Dryer,2,1447.99,0,Debit Card,Delivered
ORD201305,16-Nov-25,C2272,Isha Nair,Kolkata,Books,Exam Guide,1,475.36,5,,Delivered
ORD203198,11-04-2025,C1854,Vivaan Nair,Chennai,electronics,USB-C Cable,1,421.83,0,Debit Card,Delivered
ORD201927,20-01-2025,C1784,Kavya Sharma,Mumbai, Beauty ,Moisturiser,1,443.62,10,UPI,Delivered
ORD201457,28-03-2025,C1466,Sneha Reddy,Bengaluru,ELECTRONICS,Power Bank,3,1279.15,15,Credit Card,Delivered
ORD203472,06-29-2025,C2049,Diya Verma,Bengaluru,Beauty,Moisturiser,1,476.81,15,UPI,Delivered
ORD200769,25-07-2025,C1987,Sneha Mehta,Delhi,Clothing,Denim Jeans,1,1742.49,,UPI,Delivered
ORD201990,25-Dec-25,C1480,Diya Gupta,mumbai,Home & Kitchen,Mixer Grinder,4,3161.4,10,COD,Delivered
ORD202345,24-12-2025,C1939,Aditya Joshi,Mumbai,Beauty,Face Wash,2,240.22,20,COD,Cancelled
ORD201302,30-05-2025,C1233,Sanjay Joshi,Delhi,Beauty,Hair Dryer,1,,15,Credit Card,Returned
ORD203306,03-02-2025,C2372,Manish Reddy,Kolkata,clothing,Cotton T-Shirt,1,576.6,20,COD,Delivered
ORD200218,08-08-2025,C1676,Priya Das,Delhi,Clothing,Running Shoes,1,3135.25,15,UPI,Delivered
ORD201133,22-08-2025,C1451,Ananya Reddy,Mumbai  ,home & kitchen,Cookware Set,1,2799.93,15,Credit Card,Cancelled
ORD200004,28-07-2025,C1212,Isha Mehta, Bengaluru ,Electronics,USB-C Cable,1,400.26,0,COD,Delivered
ORD200438,08-Dec-25,C1317,Kavya Mehta,Mumbai,Home & Kitchen  ,Cookware Set,4,2852.2,0,UPI,Delivered
ORD201669,18-Jan-25,C1339,Priya Sharma,Chennai,Books,Comics Set,2,784.25,10,,Delivered
ORD200249,17-10-2025,C1281,Rohan Nair,Ahmedabad,Electronics,Bluetooth Speaker,1,1968.09,20,UPI,Cancelled
ORD203227,25-02-2025,C1865,Rohan Sharma,Mumbai,Clothing,Denim Jeans,4,1913.02,5,UPI,Delivered
ORD203190,25-12-2025,C2244,Karan Gupta, Ahmedabad ,Beauty,Face Wash,1,267.69,15,Credit Card,Delivered
ORD204632,10-10-2025,C2100,Priya Iyer,Mumbai,Clothing,Hoodie,1,1506.92,15,UPI,Delivered
ORD200101,16-03-2025,C1695,Aarav Gupta,Chennai,Electronics,Power Bank,1,1344.1,0,Net Banking,Delivered
ORD202484,18-Oct-25,C2115,Priya Mehta,Bengaluru,home & kitchen,Mixer Grinder,1,3254.01,15,COD,Returned
ORD203139,04-Jun-25,C2208,Sanjay Patel,Mumbai,Electronics,Smartwatch,2,5859.79,15,Credit Card,Delivered
ORD200609,21-02-2025,C1082,Neha Patel,Mumbai, Clothing ,Running Shoes,-1,3023.07,0,UPI,Returned
ORD203687,18-Oct-25,C1690,Kavya Singh, Delhi ,home & kitchen,Mixer Grinder,3,3551.62,5,UPI,Cancelled
ORD201309,30-09-2025,C1736,Arjun Das,delhi,Books,Data Science Primer,1,902.79,5,COD,Delivered
ORD201154,10-12-2025,C1670,Karan Singh,Delhi,Home & Kitchen,Water Bottle,1,444.09,0,,Delivered
ORD204571,13-12-2025,C1697,Manish Gupta,Chennai,Clothing,Running Shoes,2,2989.83,0,Debit Card,Delivered
ORD201488,30-07-2025,C2234,Kavya Verma,Bangalore,Clothing,Hoodie,2,1459.04,15,UPI,Delivered
ORD203383,16-05-2025,C1741,Rohan Joshi,Delhi,Clothing,Cotton T-Shirt,4,622.49,15,Credit Card,Delivered
ORD200734,05-12-2025,C2103,Kavya Singh, Delhi , Beauty ,Lipstick,1,389.09,5,Debit Card,Delivered
ORD202967,19-03-2025,C2248,Isha Mehta,Mumbai,Beauty,Hair Dryer,2,1450.06,5,Debit Card,Cancelled
ORD201781,02-10-2025,C2059,Sneha Kulkarni,Mumbai  ,CLOTHING,Cap,3,375.87,5,UPI,Delivered
ORD200078,17-09-2025,C1250,Vivaan Das,MUMBAI,Electronics,USB-C Cable,1,399.07,15,Debit Card,Delivered
ORD200467,01-03-2025,C2020,Karan Gupta,Delhi,Electronics,Smartwatch,1,6473.3,0,Credit Card,Cancelled
ORD203950,11-Mar-25,C2253,Isha Das,Delhi,Home & Kitchen,Water Bottle,3,484.84,,UPI,Delivered
ORD203705,13-10-2025,C2088,Neha Sharma,Mumbai,Electronics,Bluetooth Speaker,4,1951.7,20,UPI,Returned
ORD203467,19-07-2025,C1320,Ananya Nair,Bengaluru,Home & Kitchen,Bedsheet Set,2,1317.96,5,UPI,Delivered
ORD203063,13-07-2025,C1058,Riya Sharma,Delhi,Beauty,Lipstick,3,403.67,0,Net Banking,Delivered
ORD204796,26-12-2025,C1312,Aarav Joshi,Hyderabad,Books,Data Science Primer,1,894.56,20,Credit Card,Returned
ORD204548,01-05-2025,C1049,Arjun Gupta,chennai,Clothing,Cotton T-Shirt,2,615.93,20,Credit Card,Delivered
ORD204379,08-09-2025,C1603,Karan Nair,Delhi,Books,Exam Guide,2,526.79,5,UPI,Delivered
ORD201110,23-07-2025,C1878,Isha Reddy,Chennai,Electronics,USB-C Cable,2,400.09,10,Debit Card,Cancelled
ORD202017,04-05-2025,C1976,Riya Singh,Bengaluru,Electronics,Smartwatch,2,5811.21,0,Net Banking,Delivered
ORD200585,18-01-2025,C1711,Karan Nair,,Beauty,Perfume,1,1703.94,0,UPI,Delivered
ORD203625,13-12-2025,C1762,Rohan Joshi,,Home & Kitchen,Bedsheet Set,3,1240.02,0,COD,Delivered
ORD203293,19-08-2025,C1040,Aditya Singh,Delhi,Clothing,Cotton T-Shirt,2,577.8,0,COD,Delivered
ORD202718,09-02-2025,C1879,Karan Verma,Kolkata,Clothing,Hoodie,1,1578.27,15,UPI,Cancelled
ORD201805,14-Mar-25,C1621,Diya Verma,Bengaluru,Clothing,Cap,4,357.55,15,Debit Card,Returned
ORD203769,29-12-2025,C1108,Arjun Iyer,Chennai, Clothing ,Hoodie,2,1491.99,0,UPI,Returned
ORD203018,09-02-2025,C1201,Meera Verma,Mumbai,Beauty,Perfume,1,1641.18,0,Credit Card,Delivered
ORD203269,13-12-2025,C1548,Arjun Kulkarni,Ahmedabad,Electronics,Wireless Earbuds,1,2415.06,0,UPI,Delivered
ORD203054,20-Jun-25,C1163,Sneha Singh, Hyderabad , Electronics ,Bluetooth Speaker,3,1937.98,10,Credit Card,Cancelled
ORD204242,23-Oct-25,C1252,Arjun Sharma,Kolkata,Electronics,Wireless Earbuds,1,2425.16,20,Credit Card,Delivered
ORD203297,02-08-2025,C1946,Rahul Das,Hyderabad,Home & Kitchen,Bedsheet Set,1,1381.69,15,COD,Returned
ORD200756,26-03-2025,C1840,Manish Sharma,Chennai,Electronics,Bluetooth Speaker,3,1922.09,0,UPI,Delivered
ORD204037,14-04-2025,C2172,Sanjay Gupta,Pune,Electronics,USB-C Cable,2,423.93,5,Debit Card,Delivered
ORD203541,05-27-2025,C1665,Aditya Gupta,,Beauty,Moisturiser,1,462.12,20,Debit Card,Cancelled
ORD202749,17-May-25,C2268,Kavya Joshi,delhi,Clothing,Cotton T-Shirt,1,594.16,0,UPI,Delivered
ORD200284,30-06-2025,C1831,Diya Iyer,Hyderabad,beauty,Perfume,1,1571.52,15,Credit Card,Delivered
ORD202163,02-12-2025,C1636,Riya Singh,Pune,Home & Kitchen,Mixer Grinder,2,3518.24,0,COD,Cancelled
ORD203811,01-25-2025,C2021,Pooja Gupta,Ahmedabad,Electronics,Wireless Earbuds,1,2623.02,0,COD,Cancelled
ORD200042,04-12-2025,C1717,Sneha Mehta,Delhi,CLOTHING,Hoodie,1,1460.95,0,UPI,Delivered
ORD203234,22-12-2025,C2170,Sneha Gupta,Hyderabad,Books,Data Science Primer,1,914.44,0,Net Banking,Delivered
ORD200635,16-05-2025,C1682,Riya Sharma,Bengaluru,Electronics,USB-C Cable,1,396.58,5,UPI,Delivered
ORD200430,26-05-2025,C2249,Aditya Singh,Mumbai,Books,Data Science Primer,1,875.31,0,UPI,Delivered
ORD200080,21-08-2025,C1952,Isha Reddy,Chennai,Clothing,Cap,4,335.68,0,Credit Card,Delivered
ORD202313,11-09-2025,C2263,Arjun Patel,Hyderabad,Beauty,Perfume,1,1615.63,20,Debit Card,Cancelled
ORD204450,09-12-2025,C1183,Priya Iyer,Kolkata, Electronics ,USB-C Cable,3,405.64,0,COD,Delivered
ORD204701,21-07-2025,C2007,Karan Das,Chennai,Clothing,Cotton T-Shirt,1,600.88,0,COD,Delivered
ORD200193,02-02-2025,C1849,Diya Patel,DELHI,Home & Kitchen,Air Fryer,3,5349.15,0,UPI,Delivered
ORD204312,07-11-2025,C1071,Meera Iyer,HYDERABAD,Home & Kitchen,Mixer Grinder,1,3234.94,0,Credit Card,Returned
ORD202883,04-05-2025,C1948,Kavya Mehta,Chennai,electronics,Power Bank,1,1379.49,15,UPI,Delivered
ORD200782,26-07-2025,C2303,Manish Singh,AHMEDABAD,Electronics  ,Bluetooth Speaker,1,1909.25,10,UPI,Delivered
ORD204267,15-May-25,C1956,Rahul Reddy,Ahmedabad, Books ,Novel,1,374.74,15,Credit Card,Delivered
ORD203174,07-06-2025,C2174,Riya Joshi,Ahmedabad,Beauty,Moisturiser,3,461.16,0,UPI,Delivered
ORD200137,20-05-2025,C1868,Rahul Mehta,Pune,Books,Python Handbook,4,686.32,20,COD,Returned
ORD204603,16-10-2025,C1869,Priya Verma,Bengaluru,home & kitchen,Cookware Set,2,2773.51,0,Credit Card,Cancelled
ORD200733,07-11-2025,C1263,Ananya Iyer,mumbai,Electronics,Bluetooth Speaker,3,1977.08,0,Credit Card,Returned
ORD202689,17-03-2025,C2323,Riya Reddy,Bangalore,Beauty,Perfume,2,1657.2,0,UPI,Delivered
ORD202759,17-10-2025,C1213,Priya Singh,Chennai,Clothing,Cotton T-Shirt,1,645.58,5,Credit Card,Delivered
ORD200946,30-11-2025,C1858,Vikram Nair,MUMBAI,Beauty,Perfume,4,1695.56,0,Credit Card,Delivered
ORD200735,03-02-2025,C1203,Kavya Das,,Books,Exam Guide,1,494.3,15,Debit Card,Delivered
ORD202859,09-12-2025,C2364,Karan Kulkarni,Hyderabad,Beauty,Face Wash,1,244.57,15,Credit Card,Delivered
ORD202675,27-Jan-25,C1633,Ananya Kulkarni,Chennai, Electronics ,Wireless Earbuds,1,2616.69,0,Credit Card,Delivered
ORD203592,04-06-2025,C1959,Pooja Kulkarni,DELHI,Books,Novel,1,369.57,0,Net Banking,Delivered
ORD203298,24-04-2025,C2055,Rahul Kulkarni,Mumbai,Electronics,Bluetooth Speaker,2,1929.01,0,COD,Delivered
ORD202170,17-12-2025,C1949,Arjun Verma,Pune,Clothing,Denim Jeans,1,1735.6,5,UPI,Delivered
ORD201693,02-08-2025,C2176,Sanjay Joshi,Chennai,Electronics,USB-C Cable,2,419.07,20,UPI,Delivered
ORD202858,01-08-2025,C1231,Sanjay Iyer,Mumbai,Home & Kitchen,Water Bottle,2,482.56,0,Credit Card,Cancelled
ORD204445,07-10-2025,C1557,Vikram Kulkarni, Bengaluru , Clothing ,Cotton T-Shirt,1,643.65,15,Net Banking,Delivered
ORD204411,24-09-2025,C2117,Rahul Iyer,,Books,Python Handbook,1,685.63,10,UPI,Cancelled
ORD204205,08-08-2025,C2146,Pooja Das,Pune,Electronics,Smartwatch,2,6118.72,0,UPI,Delivered
ORD201405,03-27-2025,C2167,Isha Singh,Mumbai,Home & Kitchen,Cookware Set,2,2972.56,10,Credit Card,Delivered
ORD201753,12-Feb-25,C1852,Meera Sharma,Bangalore,Clothing,Cap,2,370.44,20,Credit Card,Delivered
ORD201674,15-12-2025,C1247,Sneha Singh,Chennai,Electronics,USB-C Cable,1,400.65,10,COD,Delivered
ORD203125,08-10-2025,C1454,Sanjay Patel,Bengaluru,Clothing,Running Shoes,1,3033.75,0,Debit Card,Delivered
ORD201294,16-06-2025,C1052,Kavya Das,Pune,Books,Exam Guide,2,523.75,10,Debit Card,Cancelled
ORD203900,14-12-2025,C1723,Neha Iyer,Delhi,BOOKS,Python Handbook,1,680.25,0,Credit Card,Delivered
ORD203539,20-07-2025,C1097,Isha Joshi,Chennai,Books,Novel,1,363.03,0,COD,Returned
ORD204426,29-05-2025,C2322,Aditya Nair,Bengaluru  ,HOME & KITCHEN,Air Fryer,4,4894.48,0,Debit Card,Delivered
ORD200105,30-09-2025,C1560,Meera Patel, Ahmedabad ,Beauty,Face Wash,1,266.03,15,UPI,Returned
ORD203487,28-05-2025,C1049,Arjun Gupta,Chennai,Home & Kitchen,Mixer Grinder,3,3523.25,0,Debit Card,Delivered
ORD202229,15-Mar-25,C1412,Vikram Iyer,Chennai,Beauty,Lipstick,4,389.83,0,UPI,Delivered
ORD204345,02-10-2025,C1798,Karan Patel,Delhi, Clothing ,Cap,1,341.57,5,UPI,Delivered
ORD200874,05-07-2025,C1021,Ananya Gupta,Mumbai,home & kitchen,Water Bottle,2,479.02,5,UPI,Delivered
ORD204938,28-07-2025,C2316,Manish Mehta,Mumbai,Home & Kitchen  ,Air Fryer,4,4965.19,20,Credit Card,Delivered
ORD202173,08-10-2025,C1249,Isha Nair,Kolkata,Home & Kitchen  ,Air Fryer,1,5299.87,20,UPI,Delivered
ORD203330,09-27-2025,C1495,Vikram Patel,Delhi,Clothing,Cap,2,362.85,5,Credit Card,Returned
ORD204828,28-12-2025,C2219,Manish Iyer,Hyderabad,Clothing,Cotton T-Shirt,3,596.96,0,Credit Card,Returned
ORD202914,01-Dec-25,C1064,Rahul Nair,Bengaluru,Beauty,Moisturiser,1,472.5,15,UPI,Returned
ORD201898,24-09-2025,C1959,Pooja Kulkarni,Delhi,Clothing,Hoodie,1,1547.69,0,UPI,Delivered
ORD201836,10-12-2025,C2269,Isha Reddy,Kolkata,Electronics,Bluetooth Speaker,1,2081.37,10,Credit Card,Delivered
ORD204474,13-11-2025,C1157,Sneha Das,Mumbai  ,Clothing,Denim Jeans,3,1732.58,0,UPI,Delivered
ORD201077,27-06-2025,C2091,Meera Mehta,bengaluru,Beauty,Hair Dryer,500,1603.03,0,Debit Card,Delivered
ORD202790,17-08-2025,C1363,Priya Mehta,delhi,Home & Kitchen,Mixer Grinder,2,3406.38,0,Credit Card,Delivered
ORD202288,26-04-2025,C1173,Sanjay Patel,Hyderabad,Electronics,Power Bank,4,1287.97,5,Net Banking,Delivered
ORD202727,16-Nov-25,C1924,Riya Gupta,Mumbai,Clothing,Cotton T-Shirt,2,613.98,0,UPI,Delivered
ORD200679,15-11-2025,C1714,Diya Kulkarni,Hyderabad,Books,Python Handbook,3,716.42,10,upi,Delivered
ORD203709,12-Apr-25,C1069,Meera Das,mumbai,Clothing,Denim Jeans,3,1882.51,20,Credit Card,Delivered
ORD203793,31-03-2025,C1222,Aarav Mehta,Kolkata  ,CLOTHING,Denim Jeans,1,1798.97,15,Debit Card,Delivered
ORD203201,09-02-2025,C1444,Aditya Mehta,,Home & Kitchen,Water Bottle,1,484.77,0,UPI,Delivered
ORD200959,26-07-2025,C1198,Priya Patel,Hyderabad,Electronics,Bluetooth Speaker,2,1985.88,0,COD,Returned
ORD200470,17-04-2025,C2190,Rahul Singh,Chennai,electronics,Power Bank,2,1246.63,0,UPI,Delivered
ORD200621,13-05-2025,C1356,Vikram Iyer,Mumbai,Home & Kitchen,Water Bottle,1,462.47,5,Credit Card,Delivered
ORD202696,22-12-2025,C1739,Sanjay Verma,Bengaluru,Home & Kitchen,Air Fryer,3,5332.16,20,Debit Card,Delivered
ORD201717,05-Oct-25,C1919,Arjun Kulkarni,Delhi,Electronics,Bluetooth Speaker,3,1971.29,20,Credit Card,Delivered
ORD202141,08-02-2025,C1444,Aditya Mehta,Delhi,Books,Python Handbook,2,687.55,10,Credit Card,Delivered
ORD203364,22-11-2025,C1391,Karan Gupta,Mumbai,Clothing,Denim Jeans,0,1886.66,10,Credit Card,Delivered
ORD203011,11-11-2025,C1670,Karan Singh,Delhi,Books,Novel,2,375.26,15,UPI,Returned
ORD201521,09-11-2025,C1066,Aarav Kulkarni,Delhi,Electronics,Bluetooth Speaker,1,2087.83,5,UPI,Delivered
ORD201427,05-Aug-25,C1551,Vikram Reddy,Bengaluru,Home & Kitchen,Bedsheet Set,4,1361.73,0,Credit Card,Delivered
ORD204453,25-09-2025,C1731,Sneha Joshi,Delhi,Home & Kitchen,Mixer Grinder,1,3466.1,0,COD,Delivered
ORD200271,08-10-2025,C2028,Ananya Singh,BENGALURU,Electronics,Smartwatch,1,6208.53,10,Credit Card,Delivered
ORD200099,11-01-2025,C1939,Aditya Joshi,Mumbai,Books,Comics Set,1,795.05,5,UPI,Delivered
ORD202217,12-Dec-25,C2064,Priya Joshi,Pune,Clothing,Cotton T-Shirt,1,579.26,10,UPI,Cancelled
ORD202966,10-10-2025,C2234,Kavya Verma,Bengaluru,Clothing,Cotton T-Shirt,1,589.17,10,COD,Returned
ORD204976,28-Aug-25,C2304,Meera Joshi, Ahmedabad ,Electronics,Smartwatch,2,5786.04,0,Debit Card,Delivered
ORD203849,04-02-2025,C1830,Meera Verma,Kolkata,Beauty,Perfume,4,1674.2,10,Net Banking,Returned
ORD201568,13-03-2025,C1441,Vikram Gupta,Chennai,Clothing,Running Shoes,1,2995.9,5,Net Banking,Returned
ORD201733,07-20-2025,C1106,Rohan Iyer,Chennai,Home & Kitchen,Bedsheet Set,4,1242.76,0,Debit Card,Delivered
ORD202042,16-04-2025,C1825,Manish Joshi,Bengaluru,Clothing,Cotton T-Shirt,2,579.87,0,UPI,Delivered
ORD203101,23-Jul-25,C2298,Neha Mehta,Pune, Home & Kitchen ,Water Bottle,4,,0,UPI,Delivered
ORD203375,17-03-2025,C1103,Kavya Singh,Mumbai,Electronics  ,Wireless Earbuds,4,2573.26,0,Debit Card,Delivered
ORD201665,26-08-2025,C1404,Ananya Das,Delhi,Electronics,Wireless Earbuds,4,2474.6,20,Credit Card,Returned
ORD201995,05-01-2025,C1982,Rahul Verma,Delhi,Beauty,Lipstick,1,416.54,5,Credit Card,Delivered
ORD201582,10-12-2025,C1770,Sneha Patel,Mumbai,home & kitchen,Water Bottle,4,437.32,10,UPI,Delivered
ORD202716,27-10-2025,C2051,Aarav Nair,Pune,Electronics,Power Bank,4,1307.39,20,Debit Card,Delivered
ORD202557,25-05-2025,C2227,Diya Singh,Hyderabad,Home & Kitchen,Air Fryer,1,5084.12,20,Debit Card,Delivered
ORD204696,31-08-2025,C2142,Vikram Joshi,Mumbai, Clothing ,Hoodie,1,1456.83,0,UPI,Returned
ORD200247,10-12-2025,C1942,Pooja Iyer,Delhi,Clothing,Hoodie,3,1609.05,10,UPI,Delivered
ORD200745,26-05-2025,C2004,Vivaan Iyer,Delhi,Home & Kitchen,Air Fryer,1,4920.96,20,Credit Card,Returned
ORD202747,04-09-2025,C1940,Manish Patel,Delhi,Beauty,Hair Dryer,1,1430.6,15,Credit Card,Delivered
ORD201764,12-09-2025,C1459,Riya Patel,Mumbai,Home & Kitchen,Mixer Grinder,2,3553.7,0,UPI,Delivered
ORD200427,01-03-2025,C2384,Aditya Nair,Bengaluru,Clothing,Cap,1,,0,UPI,Returned
ORD204469,02-06-2025,C1003,Ananya Gupta,Delhi,Clothing,Cotton T-Shirt,1,613.95,5,UPI,Delivered
ORD204893,28-04-2025,C1083,Pooja Singh,Ahmedabad, Home & Kitchen ,Water Bottle,1,478.8,10,Debit Card,Cancelled
ORD201507,20-06-2025,C1771,,Hyderabad,Home & Kitchen,Bedsheet Set,1,1395.99,15,UPI,Delivered
ORD200153,05-03-2025,C2348,Rohan Kulkarni,Hyderabad, Home & Kitchen ,Bedsheet Set,1,,10,UPI,Cancelled
ORD204762,31-05-2025,C2248,Isha Mehta,Mumbai,Beauty,Hair Dryer,1,1549.92,5,UPI,Delivered
ORD204063,09-11-2025,C1131,Aarav Kulkarni,Chennai,Home & Kitchen  ,Air Fryer,1,5353.87,0,Debit Card,Delivered
ORD202407,02-12-2025,C1047,Rohan Das,Bengaluru,Home & Kitchen,Cookware Set,2,2699.55,0,UPI,Delivered
ORD200010,12-11-2025,C1320,Ananya Nair,Bengaluru,Electronics,Wireless Earbuds,4,2501.7,5,UPI,Delivered
ORD202044,28-Oct-25,C1512,Ananya Joshi,Pune,Electronics,Power Bank,2,1322.2,0,COD,Delivered
ORD204637,24-01-2025,C1152,Meera Patel,Ahmedabad,BEAUTY,Perfume,2,1646.58,0,Net Banking,Delivered
ORD200825,23-12-2025,C2032,Aditya Joshi,DELHI,Clothing,Cotton T-Shirt,1,596.64,20,UPI,Delivered
ORD201363,26-07-2025,C2289,Meera Mehta,Chennai,Electronics,Power Bank,2,1282.06,10,Credit Card,Delivered
ORD200807,11-27-2025,C1099,Diya Reddy,Bengaluru, Clothing ,Hoodie,2,1491.24,5,Net Banking,Delivered
ORD203024,20-12-2025,C1522,Aarav Kulkarni,Bengaluru,Electronics,Power Bank,4,1341.46,0,COD,Delivered
ORD204076,14-10-2025,C1055,Neha Gupta, Delhi , Beauty ,Moisturiser,4,,0,UPI,Delivered
ORD204655,10-09-2025,C1435,Riya Mehta,Delhi,Home & Kitchen,Mixer Grinder,2,3355.86,20,Credit Card,Delivered
ORD200921,23-10-2025,C1156,Ananya Mehta,MUMBAI,Home & Kitchen,Mixer Grinder,1,3330.97,0,Credit Card,Delivered
ORD202031,25-Mar-25,C2361,Vivaan Singh,Chennai,Clothing,Hoodie,1,1430.2,0,UPI,Delivered
ORD200829,19-01-2025,C1236,Riya Kulkarni,Delhi,clothing,Running Shoes,4,3163.68,20,UPI,Delivered
ORD204676,01-10-2025,C1892,Diya Singh,Mumbai,Electronics,Bluetooth Speaker,2,2056.31,5,UPI,Returned
ORD203548,24-04-2025,C1722,Manish Mehta,Pune,home & kitchen,Water Bottle,1,452.95,0,UPI,Delivered
ORD203523,18-01-2025,C2076,Ananya Mehta,Chennai,Beauty,Lipstick,1,423.62,0,COD,Delivered
ORD200945,05-11-2025,C2185,Aditya Mehta,Bengaluru,Clothing,Cotton T-Shirt,2,646.5,20,Debit Card,Returned
ORD201572,07-03-2025,C1314,Priya Das,Delhi,Books,Comics Set,1,,15,UPI,Delivered
ORD202340,22-08-2025,C1719,Diya Gupta,Ahmedabad,Beauty,Lipstick,2,406.05,10,COD,Delivered
ORD200962,15-10-2025,C1583,Neha Das,Bengaluru,Beauty,Moisturiser,3,434.54,0,UPI,Delivered
ORD201257,10-10-2025,C1040,Aditya Singh,Delhi,Electronics,Power Bank,1,1262.75,0,UPI,Delivered
ORD201636,15-05-2025,C1851,Kavya Das,Hyderabad,Electronics,Bluetooth Speaker,2,1903.35,10,UPI,Returned
ORD200843,21-07-2025,C2138,Aditya Patel,,Electronics,Power Bank,3,1266.13,10,Credit Card,Delivered
ORD203377,05-12-2025,C2272,Isha Nair,Kolkata  ,Books,Python Handbook,4,747.28,20,COD,Cancelled
ORD200420,30-12-2025,C1920,Isha Mehta,Hyderabad,Electronics,Wireless Earbuds,2,2499.48,20,Net Banking,Cancelled
ORD201711,09-07-2025,C2064,Priya Joshi,Pune,Books,Comics Set,1,793.58,0,COD,Delivered
ORD202546,22-09-2025,C2083,Isha Joshi,Chennai,Electronics,Power Bank,4,1346.31,10,Net Banking,Returned
ORD202464,03-12-2025,C1376,Priya Kulkarni,Chennai,Electronics,Wireless Earbuds,3,2436.15,0,Net Banking,Delivered
ORD202668,21-12-2025,C1708,Isha Mehta,Bengaluru, Electronics ,Power Bank,4,1309.78,0,Credit Card,Cancelled
ORD204602,03-10-2025,C1483,Sneha Patel,Mumbai,Home & Kitchen  ,Mixer Grinder,3,3389.79,10,UPI,Returned
ORD204106,26-05-2025,C1398,Kavya Kulkarni,Chennai,Electronics,Wireless Earbuds,2,2612.28,0,UPI,Returned
ORD203933,05-10-2025,C2294,Aditya Verma,Hyderabad,Electronics,Bluetooth Speaker,1,1948.16,10,UPI,Cancelled
ORD200360,12-12-2025,C2055,Rahul Kulkarni,,Electronics,Wireless Earbuds,1,2397.83,10,UPI,Delivered
ORD201531,12-Apr-25,C1122,Riya Reddy,ahmedabad,Electronics,Power Bank,1,1344.66,0,upi,Delivered
ORD203061,19-11-2025,C1505,Kavya Verma,hyderabad,ELECTRONICS,Power Bank,3,1363.63,15,Credit Card,Cancelled
ORD200846,18-09-2025,C1676,Priya Das,Delhi,Home & Kitchen,Bedsheet Set,1,1261.44,20,UPI,Cancelled
ORD200941,04-02-2025,C2279,Aarav Das,Delhi,Home & Kitchen,Mixer Grinder,2,3460.9,20,Debit Card,Delivered
ORD201845,14-Nov-25,C1109,Diya Nair,Hyderabad,Electronics,Power Bank,4,1264.08,0,UPI,Delivered
ORD200253,29-09-2025,C1161,Karan Singh,Bengaluru,Beauty,Perfume,2,1665.14,0,UPI,Delivered
ORD201892,05-04-2025,C2323,Riya Reddy,Kolkata,Books,Comics Set,1,844.39,0,Net Banking,Returned
ORD204535,14-12-2025,C2292,Diya Nair,Ahmedabad,beauty,Face Wash,1,237.38,10,COD,Delivered
ORD200468,18-05-2025,C2299,Vikram Verma,Pune,home & kitchen,Water Bottle,2,442.21,10,Net Banking,Returned
ORD203577,08-05-2025,C1919,Arjun Kulkarni,delhi,HOME & KITCHEN,Water Bottle,2,471.72,10,UPI,Cancelled
ORD203798,04-02-2025,C2250,Karan Patel,,Home & Kitchen,Cookware Set,2,2978.76,15,COD,Delivered
ORD202185,02-12-2025,C2229,Riya Iyer,Bengaluru,Electronics,Bluetooth Speaker,1,2124.35,20,UPI,Delivered
ORD203493,02-09-2025,C2364,Karan Kulkarni, Hyderabad ,Clothing,Cotton T-Shirt,1,622.17,20,UPI,Cancelled
ORD203513,04-10-2025,C1568,Rahul Iyer,Ahmedabad,Clothing,Cotton T-Shirt,1,601.96,0,UPI,Delivered
ORD204457,29-10-2025,C1465,Pooja Gupta,Chennai,Clothing,Denim Jeans,2,1863.05,20,UPI,Delivered
ORD202888,03-08-2025,C1206,Rahul Patel,Delhi,Home & Kitchen,Mixer Grinder,1,3188.07,20,Debit Card,Cancelled
ORD201490,20-03-2025,C2014,Vikram Nair,Ahmedabad,Electronics,Wireless Earbuds,2,2491.49,0,Net Banking,Returned
ORD204075,16-08-2025,C1821,Sneha Reddy,Chennai,Clothing,Hoodie,1,1615.97,0,UPI,Returned
ORD201116,01-09-2025,C1820,Manish Patel,Chennai,Books,Comics Set,1,772.82,,UPI,Returned
ORD201899,09-06-2025,C1290,Meera Iyer,Bengaluru,Electronics,Smartwatch,4,6171.76,15,UPI,Returned
ORD203641,07-03-2025,C2217,Priya Joshi,Kolkata,Clothing,Running Shoes,2,3036.29,20,Debit Card,Cancelled
ORD203122,17-Nov-25,C1882,Riya Das,Delhi,Beauty,Hair Dryer,3,1546.32,5,Net Banking,Delivered
ORD204257,20-Sep-25,C1315,Priya Mehta,Chennai,ELECTRONICS,Bluetooth Speaker,3,2110.7,0,COD,Delivered
ORD204899,15-05-2025,C1311,Meera Reddy, Kolkata ,Home & Kitchen,Mixer Grinder,2,3516.23,0,UPI,Delivered
ORD204744,02-04-2025,C1610,Rohan Das,Mumbai,CLOTHING,Cap,3,350.78,0,Debit Card,Returned
ORD203439,21-11-2025,C1938,Manish Iyer,Kolkata,Electronics,USB-C Cable,1,381.09,10,UPI,Delivered
ORD201838,28-07-2025,C2201,Arjun Iyer,Ahmedabad,Clothing,Cap,1,370.7,20,Credit Card,Delivered
ORD201844,11-03-2025,C1052,Kavya Das,PUNE,Beauty,Face Wash,2,255.18,15,Debit Card,Delivered
ORD203338,08-23-2025,C1994,Karan Verma,Bengaluru,Electronics,Wireless Earbuds,2,2505.79,15,COD,Cancelled
ORD204220,13-Mar-25,C1121,Arjun Patel,Bengaluru,Electronics  ,USB-C Cable,2,424.23,5,COD,Delivered
ORD202018,20-08-2025,C1914,Sanjay Das,Mumbai,Home & Kitchen,Water Bottle,1,436.32,0,upi,Delivered
ORD202272,29-10-2025,C1673,Meera Sharma,Delhi,Books,Data Science Primer,2,966.26,0,Debit Card,Delivered
ORD201616,08-05-2025,C1038,Meera Joshi,Ahmedabad,Books,Exam Guide,2,486.56,0,Debit Card,Delivered
ORD203650,10-11-2025,C1450,Vivaan Sharma,Delhi,beauty,Lipstick,1,409.69,5,Debit Card,Cancelled
ORD201189,02-09-2025,C2062,Rohan Sharma, Hyderabad ,Home & Kitchen,Bedsheet Set,1,1245.57,10,Credit Card,Returned
ORD201888,20-08-2025,C1201,Meera Verma,Mumbai,Electronics,Smartwatch,1,5963.45,20,UPI,Delivered
ORD200345,14-08-2025,C2042,Vikram Sharma,Bengaluru,Beauty,Moisturiser,1,432.21,20,COD,Delivered
ORD201645,05-12-2025,C1623,Neha Gupta,Delhi,books,Comics Set,4,813.39,,UPI,Returned
ORD203104,06-06-2025,C1745,Ananya Nair,Pune,clothing,Cap,1,333.27,15,UPI,Delivered
ORD201988,06-05-2025,C2067,Rohan Reddy, Delhi ,beauty,Hair Dryer,1,1449.72,15,UPI,Cancelled
ORD201573,22-12-2025,C1029,Aarav Sharma, Hyderabad ,Beauty,Lipstick,2,421.66,5,Credit Card,Returned
ORD201458,10-04-2025,C1054,Rahul Verma,KOLKATA,Electronics,USB-C Cable,1,381.23,0,UPI,Delivered
ORD200995,05-08-2025,C1459,Riya Patel,Mumbai,Home & Kitchen,Bedsheet Set,1,1236.23,15,UPI,Cancelled
ORD203892,21-02-2025,C2378,Vivaan Singh,Ahmedabad, Home & Kitchen ,Cookware Set,1,2797.17,0,COD,Delivered
ORD204157,07-03-2025,C1557,Vikram Kulkarni,Bengaluru,Books,Comics Set,1,816.78,10,Net Banking,Delivered
ORD203945,24-10-2025,C1623,Neha Gupta,Delhi, Electronics ,Smartwatch,1,6146.83,5,COD,Delivered
ORD203295,05-03-2025,C2240,Aditya Joshi,Bengaluru,Electronics,Wireless Earbuds,3,2631.49,5,Debit Card,Returned
ORD202034,23-Nov-25,C2004,Vivaan Iyer,Delhi,Clothing,Cotton T-Shirt,1,628.59,0,UPI,Returned
ORD202128,10-14-2025,C1261,Aditya Nair,Mumbai,Clothing,Hoodie,2,1476.57,15,Debit Card,Delivered
ORD203223,11-05-2025,C2158,Sneha Gupta,Bengaluru,Clothing,Running Shoes,2,2990.3,5,COD,Delivered
ORD201894,17-08-2025,C1059,Vivaan Patel,Mumbai,clothing,Cap,3,360.53,5,Credit Card,Delivered
ORD204729,20-08-2025,C1280,Priya Joshi,Chennai,clothing,Denim Jeans,1,1910.68,15,COD,Returned
ORD201928,30-11-2025,C1342,Vikram Verma,Bengaluru,Clothing,Hoodie,4,1465.25,0,UPI,Delivered
ORD201355,29-12-2025,C1634,Manish Singh,Chennai  ,ELECTRONICS,USB-C Cable,3,389.6,0,UPI,Delivered
ORD201063,08-03-2025,C1539,Manish Mehta,ahmedabad,Electronics,Power Bank,2,1306.38,0,Net Banking,Delivered
ORD203527,28-10-2025,C2282,Karan Joshi,Delhi,Electronics,Bluetooth Speaker,4,1979.91,15,UPI,Returned
ORD203288,22-08-2025,C1615,Karan Reddy,Kolkata,Clothing,Cotton T-Shirt,2,621.71,5,Credit Card,Returned
ORD203704,12-12-2025,C1305,Priya Mehta,BENGALURU,Home & Kitchen,Water Bottle,1,436.85,0,Credit Card,Cancelled
ORD203850,31-12-2025,C1508,Manish Sharma,Hyderabad,BOOKS,Comics Set,1,765.58,0,Debit Card,Delivered
ORD203893,10-08-2025,C1106,Rohan Iyer, Chennai ,Home & Kitchen,Water Bottle,3,446.31,,UPI,Delivered
ORD200999,03-06-2025,C1739,Sanjay Verma,Bengaluru,Electronics,Wireless Earbuds,2,2610.58,5,Credit Card,Delivered
ORD202385,01-04-2025,C2116,Neha Patel,Delhi,Clothing,Cotton T-Shirt,1,642.72,0,UPI,Delivered
ORD200095,14-08-2025,C1210,Vivaan Reddy,Hyderabad,beauty,Lipstick,4,395.96,10,UPI,Cancelled
ORD201713,26-09-2025,C1809,Priya Kulkarni,Mumbai,Home & Kitchen,Mixer Grinder,1,3314.36,0,UPI,Delivered
ORD200804,27-11-2025,C1677,Meera Gupta,Delhi,Clothing,Cotton T-Shirt,3,613.26,,UPI,Delivered
ORD202182,26-06-2025,C2018,Aditya Das,Chennai,Beauty,Face Wash,4,246.7,5,Net Banking,Delivered
ORD200324,10-09-2025,C2376,Karan Sharma,Delhi,CLOTHING,Running Shoes,1,3204.19,20,Credit Card,Delivered
ORD204784,09-12-2025,C2066,Vivaan Sharma,Bengaluru,Electronics,Bluetooth Speaker,1,2017.02,5,UPI,Cancelled
ORD201772,28-11-2025,C1715,Manish Gupta,Mumbai,Beauty,Perfume,3,1628.69,20,Debit Card,Delivered
ORD202927,06-01-2025,C1673,Meera Sharma,Delhi  ,Home & Kitchen,Air Fryer,3,5076.9,0,UPI,Delivered
ORD201728,03-11-2025,C1935,Vikram Patel,Delhi,Clothing,Hoodie,2,1443.16,0,UPI,Delivered
ORD200913,25-Oct-25,C1545,Diya Patel,Chennai,home & kitchen,Mixer Grinder,2,3515.86,5,Credit Card,Delivered
ORD201112,04-06-2025,C1755,Meera Das,Kolkata, Electronics ,Bluetooth Speaker,1,2098.19,20,COD,Delivered
ORD202647,02-09-2025,C1564,Aarav Reddy,Bengaluru  ,Electronics,USB-C Cable,1,389.14,0,Debit Card,Returned
ORD203455,04-11-2025,C2095,Priya Gupta,Ahmedabad,Electronics,USB-C Cable,1,409.4,0,Credit Card,Cancelled
ORD204337,21-04-2025,C2009,Aarav Mehta,Mumbai,Electronics,Wireless Earbuds,1,2692.86,,UPI,Delivered
ORD200881,10-Apr-25,C1787,Rohan Joshi,Bengaluru,Books,Novel,1,345.86,15,UPI,Returned
ORD201452,17-03-2025,C2111,Manish Singh, Chennai ,Beauty,Lipstick,1,389.81,0,Debit Card,Delivered
ORD202273,17-08-2025,C2287,Aditya Kulkarni,HYDERABAD,Home & Kitchen,Water Bottle,4,431.11,5,UPI,Delivered
ORD203591,17-01-2025,C1299,Rahul Patel, Delhi ,Clothing,Denim Jeans,3,1822.6,10,Debit Card,Delivered
ORD201786,23-04-2025,C2219,Manish Iyer,Hyderabad,Home & Kitchen,Bedsheet Set,2,1292.44,5,Debit Card,Delivered
ORD203874,09-07-2025,C1440,Rahul Singh,Mumbai,Home & Kitchen,Air Fryer,2,4804.2,20,UPI,Returned
ORD203934,13-01-2025,C1047,Rohan Das,BENGALURU,Home & Kitchen,Cookware Set,4,2703.92,20,Credit Card,Cancelled
ORD202989,01-07-2025,C1403,Meera Singh,Delhi,Beauty,Lipstick,2,398.77,5,UPI,Cancelled
ORD201345,11-Jun-25,C2284,Kavya Joshi,Delhi,Electronics,USB-C Cable,4,380.5,0,Credit Card,Delivered
ORD200863,22-07-2025,C1032,Meera Verma,Hyderabad, Clothing ,Running Shoes,1,2903.61,15,Net Banking,Cancelled
ORD204822,23-11-2025,C2211,Ananya Joshi,Mumbai,Electronics,Wireless Earbuds,2,2506.91,15,COD,Delivered
ORD202196,14-12-2025,C1468,Aarav Kulkarni,Mumbai, Electronics ,Power Bank,1,1377.71,0,COD,Returned
ORD200092,19-04-2025,C1530,Isha Mehta, Delhi ,Books,Novel,2,347.26,0,COD,Delivered
ORD203688,17-Sep-25,C1711,Karan Nair,delhi,Books,Novel,4,364.25,5,Credit Card,Returned
ORD202316,07-03-2025,C2098,Vikram Patel,Hyderabad  ,Electronics,USB-C Cable,2,383.29,0,UPI,Delivered
ORD200830,06-05-2025,C2104,Meera Gupta,Bengaluru,Home & Kitchen,Bedsheet Set,3,1318.58,10,Debit Card,Returned
ORD203463,16-08-2025,C2331,Priya Singh,MUMBAI,Home & Kitchen,Water Bottle,1,462.97,10,UPI,Delivered
ORD204356,17-Oct-25,C1544,Neha Verma,Pune,Electronics,USB-C Cable,1,420.77,0,UPI,Cancelled
ORD203693,24-07-2025,C1273,Meera Mehta,Mumbai,Electronics,USB-C Cable,1,393.13,0,UPI,Delivered
ORD202978,23-11-2025,C1360,Priya Sharma, Bengaluru ,Electronics,Power Bank,4,1377.61,0,Credit Card,Delivered
ORD202406,02-08-2025,C1006,Priya Nair,Delhi,Home & Kitchen,Bedsheet Set,2,1376.67,20,Debit Card,Delivered
ORD204278,27-10-2025,C1741,Rohan Joshi,Delhi,Clothing,Cap,1,352.64,15,UPI,Delivered
ORD204103,21-12-2025,C1355,Sanjay Reddy,Pune,Books,Comics Set,1,782.61,0,Credit Card,Delivered
ORD204575,22-12-2025,C1160,Vivaan Sharma,Pune,home & kitchen,Water Bottle,4,461.13,0,UPI,Delivered
ORD201357,03-03-2025,C1547,Isha Joshi,Mumbai,Books,Data Science Primer,4,909.37,0,Debit Card,Delivered
ORD202138,07-05-2025,C1304,Aditya Reddy,Pune,Electronics,USB-C Cable,1,383.84,10,UPI,Cancelled
ORD202067,31-07-2025,C2044,Meera Nair, Chennai ,Electronics,USB-C Cable,1,392.18,0,UPI,Cancelled
ORD201385,03-08-2025,C2312,Kavya Sharma,Chennai,Home & Kitchen,Cookware Set,4,2796.94,0,Debit Card,Delivered
ORD200214,10-10-2025,C1816,Pooja Nair,Bengaluru,Electronics,USB-C Cable,1,421.48,5,Debit Card,Delivered
ORD204825,04-29-2025,C2273,Vivaan Patel,Hyderabad,Home & Kitchen,Water Bottle,1,460.91,5,Debit Card,Delivered
ORD201066,16-10-2025,C1070,Pooja Das,Hyderabad,Home & Kitchen,Cookware Set,4,,5,Credit Card,Delivered
ORD204066,03-03-2025,C1738,Ananya Kulkarni,Bangalore,ELECTRONICS,Bluetooth Speaker,1,2054.29,15,Debit Card,Delivered
ORD204439,21-06-2025,C1537,Sneha Patel,Ahmedabad,Beauty,Face Wash,2,242.79,20,UPI,Delivered
ORD204669,01-05-2025,C1733,Pooja Singh,Hyderabad,Clothing,Denim Jeans,4,1937.17,20,COD,Delivered
ORD202548,26-Dec-25,C1100,Rahul Singh,Bengaluru,Clothing,Denim Jeans,3,1874.04,0,Net Banking,Cancelled
ORD204694,22-Aug-25,C1390,Diya Reddy,Delhi,BOOKS,Novel,2,365.97,5,Credit Card,Delivered
ORD200118,17-02-2025,C1042,Rohan Kulkarni,Bengaluru,Electronics,Power Bank,4,1254.18,0,UPI,Delivered
ORD202553,15-10-2025,C1629,Neha Patel,Bengaluru,Electronics,Smartwatch,2,6343.34,15,COD,Delivered
ORD204995,21-03-2025,C2167,Isha Singh,Mumbai,Clothing,Cotton T-Shirt,2,625.08,0,UPI,Delivered
ORD204233,09-12-2025,C1382,Pooja Patel, Delhi ,Electronics,Power Bank,2,1334.85,15,Net Banking,Delivered
ORD204470,23-03-2025,C1641,Sneha Verma,mumbai,Clothing,Cap,4,340.58,0,COD,Delivered
ORD202784,01-07-2025,C1032,Meera Verma,Hyderabad,Books,Data Science Primer,3,855.19,20,Credit Card,Delivered
ORD204777,05-12-2025,C1831,Diya Iyer,Hyderabad,Clothing,Hoodie,3,1609.74,20,UPI,Cancelled
ORD203082,16-Nov-25,C1142,Priya Singh,Delhi,Clothing,Cotton T-Shirt,2,615.39,5,Credit Card,Cancelled
ORD200957,11-11-2025,C1338,Rahul Mehta,Chennai,Beauty,Hair Dryer,4,1568.66,5,Net Banking,Delivered
ORD203023,13-07-2025,C1722,Manish Mehta,Pune,Electronics,Wireless Earbuds,1,2393.05,10,UPI,Delivered
ORD200165,22-03-2025,C1190,Vikram Iyer,Ahmedabad,Clothing,Running Shoes,2,2966.76,10,UPI,Delivered
ORD203497,21-07-2025,C1817,Priya Patel,Chennai,Electronics,Bluetooth Speaker,1,2117.22,5,UPI,Returned
ORD200201,18-01-2025,C2270,Vivaan Verma, Chennai ,Clothing,Hoodie,3,1425.32,15,Credit Card,Delivered
ORD204099,05-06-2025,C1473,Meera Patel,Pune,Clothing,Hoodie,1,250000,10,Debit Card,Returned
ORD200238,17-06-2025,C2395,Neha Joshi,chennai,Books,Comics Set,3,781.67,15,UPI,Delivered
ORD201977,15-10-2025,C1239,Riya Patel,Mumbai,Clothing,Cap,4,367.01,0,Net Banking,Delivered
ORD204992,03-12-2025,C2262,Ananya Nair,Pune,Clothing,Cotton T-Shirt,1,615.66,20,UPI,Delivered
ORD200985,13-11-2025,C2290,Isha Reddy,,Clothing,Denim Jeans,1,1711.96,15,UPI,Delivered
ORD200552,11-09-2025,C1340,Diya Verma,Ahmedabad,Books,Python Handbook,2,682.71,0,UPI,Cancelled
ORD202713,14-03-2025,C1840,Manish Sharma,Chennai,Electronics,Smartwatch,0,6165.95,10,UPI,Cancelled
ORD201991,04-06-2025,C1439,Diya Nair,Bengaluru,Beauty,Lipstick,2,419.38,0,UPI,Delivered
ORD200798,10-11-2025,C1939,Aditya Joshi,Mumbai,Electronics,Bluetooth Speaker,1,2110.62,0,UPI,Delivered
ORD204636,16-10-2025,C1161,Karan Singh,Bengaluru,Clothing,Hoodie,1,1538.94,0,UPI,Cancelled
ORD204685,15-06-2025,C2286,Riya Nair,Mumbai,Electronics,Bluetooth Speaker,3,1906.28,20,UPI,Delivered
ORD204653,18-07-2025,C1814,Rahul Mehta,Chennai,Home & Kitchen,Air Fryer,2,5002.43,0,UPI,Delivered
ORD203469,12-12-2025,C1521,Manish Kulkarni,Bengaluru,Home & Kitchen,Bedsheet Set,2,1380.95,0,Credit Card,Delivered
ORD201819,08-04-2025,C2225,Kavya Verma,Bengaluru,Electronics,Smartwatch,2,6279.8,20,COD,Delivered
ORD203037,31-12-2025,C1804,Meera Joshi,Pune,Home & Kitchen  ,Cookware Set,3,2741.1,0,UPI,Returned
ORD203503,05-12-2025,C1214,Rahul Gupta,Mumbai,Beauty,Face Wash,1,249.26,10,UPI,Delivered
ORD201644,28-11-2025,C2369,,Chennai,Books,Data Science Primer,1,922.36,0,Credit Card,Delivered
ORD200004,28-07-2025,C1212,Isha Mehta, Bengaluru ,Electronics,USB-C Cable,1,400.26,0,COD,Delivered
ORD201907,16-03-2025,C1987,Sneha Mehta,Delhi,ELECTRONICS,Power Bank,2,1243.8,0,Net Banking,Delivered
ORD201280,03-24-2025,C1989,Priya Das,Mumbai,Beauty,Moisturiser,1,463.19,0,Credit Card,Delivered
ORD201399,25-07-2025,C2150,Arjun Mehta,Pune,Home & Kitchen,Air Fryer,2,5039.44,0,UPI,Cancelled
ORD202671,08-11-2025,C1648,Aditya Verma,Chennai,Books,Comics Set,4,795.24,0,Credit Card,Cancelled
ORD202039,18-10-2025,C2217,Priya Joshi,Kolkata,Clothing,Running Shoes,2,3063.93,0,COD,Cancelled
ORD200048,17-10-2025,C1347,Riya Singh,Mumbai,Beauty,Moisturiser,4,452.22,5,UPI,Returned
ORD204090,27-10-2025,C1709,Neha Gupta,Hyderabad,Clothing,Hoodie,4,1615.41,10,COD,Delivered
ORD201254,08-09-2025,C2042,Vikram Sharma,Bengaluru,Electronics,Wireless Earbuds,1,2512.16,0,UPI,Delivered
ORD204631,01-05-2025,C1838,Priya Singh,Hyderabad,Home & Kitchen,Mixer Grinder,2,0,10,Debit Card,Delivered
ORD204974,12-Feb-25,C1938,Manish Iyer,Kolkata,Electronics,Bluetooth Speaker,1,2049.84,10,Debit Card,Delivered
ORD203263,01-Jul-25,C1004,Vivaan Mehta,Mumbai,Electronics,Wireless Earbuds,1,,20,Credit Card,Cancelled
ORD200366,13-06-2025,C1566,Neha Kulkarni,Delhi,Beauty,Face Wash,3,262.18,0,COD,Delivered
ORD202162,01-28-2025,C1836,Kavya Joshi, Delhi ,Electronics,Wireless Earbuds,2,2628.74,0,UPI,Delivered
ORD204068,14-05-2025,C1362,Vivaan Nair,hyderabad,Home & Kitchen,Cookware Set,1,2814.88,5,,Delivered
ORD201378,23-07-2025,C2046,Manish Verma,Kolkata,Home & Kitchen,Mixer Grinder,1,3509.79,10,UPI,Delivered
ORD202838,08-08-2025,C1688,Diya Iyer,Delhi,Beauty,Perfume,4,1668.82,0,Credit Card,Delivered
ORD202843,21-10-2025,C2330,Pooja Mehta,Mumbai,Electronics,Bluetooth Speaker,1,1993.66,0,COD,Delivered
ORD200740,29-07-2025,C1094,Riya Sharma,,Home & Kitchen,Bedsheet Set,1,1262.57,15,Debit Card,Delivered
ORD202944,28-07-2025,C1984,Ananya Iyer,Kolkata,Home & Kitchen,Water Bottle,1,250000,0,Debit Card,Delivered
ORD203144,01-07-2025,C2367,Pooja Gupta,Ahmedabad,Clothing,Running Shoes,1,2958.13,5,UPI,Delivered
ORD201919,14-10-2025,C1306,Karan Sharma,,Electronics,Wireless Earbuds,3,2477.62,0,UPI,Delivered
ORD203183,29-06-2025,C2123,Pooja Singh,Hyderabad,Beauty,Hair Dryer,3,1527.09,0,Net Banking,Cancelled
ORD203241,19-05-2025,C2203,Vivaan Verma, Kolkata ,Clothing,Denim Jeans,1,1849.2,5,Credit Card,Cancelled
ORD203820,31-03-2025,C2060,Arjun Singh,Bengaluru,Home & Kitchen,Air Fryer,-1,5103.66,0,UPI,Delivered
ORD202268,09-03-2025,C1080,Isha Sharma,Bengaluru,Electronics,Wireless Earbuds,1,2684.36,5,Credit Card,Cancelled
ORD204501,30-08-2025,C1792,Vivaan Reddy,Mumbai,Electronics,Smartwatch,1,6144.62,20,UPI,Returned
ORD200514,14-11-2025,C1758,Priya Gupta,Delhi,Beauty,Face Wash,4,260.81,20,Credit Card,Delivered
ORD202198,21-05-2025,C1070,Pooja Das,Hyderabad,Electronics,Power Bank,3,1335.41,0,Net Banking,Delivered
ORD201739,31-08-2025,C1006,Priya Nair,,Clothing,Running Shoes,1,3126.38,0,Credit Card,Returned
ORD201431,14-Nov-25,C2081,Aditya Das,Delhi,Electronics,Smartwatch,2,6371.09,10,Credit Card,Delivered
ORD202763,08-07-2025,C1935,Vikram Patel,Delhi,Home & Kitchen,Air Fryer,1,5037.05,20,UPI,Cancelled
ORD201699,20-08-2025,C2353,Sanjay Iyer,Kolkata,Books,Comics Set,1,849.31,0,Debit Card,Delivered
ORD204783,26-06-2025,C1830,Meera Verma,kolkata,Electronics,USB-C Cable,3,398.1,0,UPI,Delivered
ORD204963,20-09-2025,C1622,Meera Gupta,mumbai,Books,Comics Set,2,859.84,20,COD,Delivered
ORD201128,06-Aug-25,C1998,Manish Mehta,Bengaluru,CLOTHING,Running Shoes,4,2942.85,0,Credit Card,Delivered
ORD204193,22-04-2025,C1441,Vikram Gupta,Chennai,Beauty,Moisturiser,2,483.69,20,Net Banking,Delivered
ORD204080,25-12-2025,C2124,Aditya Joshi,Delhi,BEAUTY,Face Wash,4,245.68,10,UPI,Delivered
ORD203143,28-11-2025,C1990,Kavya Reddy,Delhi,Clothing,Cotton T-Shirt,4,598.47,0,Credit Card,Returned
ORD203001,02-11-2025,C1416,Rahul Mehta,Mumbai,Electronics,Power Bank,2,1362.52,10,Debit Card,Delivered
ORD204341,02-03-2025,C1342,Vikram Verma,Bengaluru,Electronics,Wireless Earbuds,4,2454.62,10,Debit Card,Delivered
ORD202910,10-02-2025,C2060,Arjun Singh,Bengaluru,Electronics,Smartwatch,1,6140.47,10,UPI,Delivered
ORD201633,05-Jun-25,C2183,Manish Nair,Kolkata,Electronics,USB-C Cable,1,422.17,15,Credit Card,Delivered
ORD201809,05-11-2025,C1500,Neha Nair,Bengaluru,Electronics,Bluetooth Speaker,1,1949.09,20,,Delivered
ORD204046,10-02-2025,C1778,Karan Kulkarni,Mumbai,Books,Novel,3,353.56,5,Debit Card,Cancelled
ORD200503,05-04-2025,C1445,Sneha Iyer,Mumbai,Beauty,Perfume,1,1594.23,0,UPI,Delivered
ORD203494,02-03-2025,C1762,Rohan Joshi,,BEAUTY,Moisturiser,1,445.1,0,Debit Card,Delivered
ORD201695,12-22-2025,C1141,Sneha Joshi,MUMBAI,Electronics,USB-C Cable,1,386.83,0,Credit Card,Delivered
ORD204130,19-04-2025,C1903,Diya Kulkarni,Kolkata,Beauty,Face Wash,2,248.27,5,Debit Card,Delivered
ORD202236,17-08-2025,C1669,Rahul Verma,Bengaluru,Electronics,USB-C Cable,3,400.49,15,UPI,Delivered
ORD201553,08-03-2025,C1519,Pooja Verma,chennai,Electronics,Bluetooth Speaker,2,1950.7,5,Net Banking,Delivered
ORD200923,26-11-2025,C1970,Diya Verma,Mumbai,HOME & KITCHEN,Water Bottle,2,478.24,0,Credit Card,Delivered
ORD203905,06-Aug-25,C1657,Rohan Singh,Kolkata,Clothing,Denim Jeans,1,1895.19,10,UPI,Delivered
ORD202315,11-12-2025,C1504,Rahul Singh,Mumbai,Books,Novel,1,356.53,0,COD,Cancelled
ORD200937,13-02-2025,C1888,Aditya Gupta,Mumbai,Books,Data Science Primer,4,928.97,10,UPI,Delivered
ORD204882,21-Jan-25,C2152,Ananya Patel,Bangalore,ELECTRONICS,Smartwatch,1,6044.9,0,Debit Card,Delivered
ORD203102,23-08-2025,C2123,Pooja Singh,Hyderabad,Electronics,Smartwatch,1,6243.4,10,COD,Delivered
ORD200396,26-10-2025,C2186,Vivaan Nair,Delhi, Electronics ,Bluetooth Speaker,4,1964.84,0,Net Banking,Delivered
ORD203715,14-May-25,C2022,Diya Patel,Pune,Beauty,Moisturiser,2,428.34,0,COD,Delivered
ORD201657,22-12-2025,C2130,Manish Verma,Delhi,Electronics,Power Bank,1,1335.15,10,UPI,Cancelled
ORD202415,11-13-2025,C2313,Neha Singh,Chennai,Home & Kitchen,Bedsheet Set,1,1310.92,10,UPI,Delivered
ORD204371,12-11-2025,C1122,Riya Reddy,AHMEDABAD,Beauty,Face Wash,2,266.17,5,UPI,Delivered
ORD200268,25-05-2025,C1044,Vivaan Kulkarni,BENGALURU,Electronics,Smartwatch,2,6086.85,10,Credit Card,Cancelled
ORD202356,01-03-2025,C1821,Sneha Reddy,chennai,books,Data Science Primer,1,879.36,,COD,Delivered
ORD203380,07-05-2025,C1162,Riya Verma,Delhi,Electronics,USB-C Cable,3,380.61,20,Credit Card,Delivered
ORD204811,20-Jun-25,C1354,Kavya Reddy,Mumbai,Beauty,Perfume,2,1601,0,Net Banking,Cancelled
ORD202061,19-11-2025,C1058,Riya Sharma,Delhi,Books,Comics Set,1,815.84,0,UPI,Delivered
ORD204062,01-12-2025,C1037,Riya Reddy,Ahmedabad,Home & Kitchen  ,Air Fryer,1,4766.83,,UPI,Delivered
ORD201242,23-10-2025,C1262,Aditya Reddy,DELHI,Beauty,Perfume,3,1586.2,5,UPI,Delivered
ORD201647,17-12-2025,C1617,Aarav Verma,DELHI,Clothing,Denim Jeans,4,1811.97,10,UPI,Cancelled
ORD200978,21-03-2025,C1709,Neha Gupta,Hyderabad,Electronics,USB-C Cable,3,404.26,5,Credit Card,Delivered
ORD204137,06-07-2025,C1534,Manish Reddy,Pune,home & kitchen,Mixer Grinder,2,3464.16,5,UPI,Cancelled
ORD204639,09-12-2025,C1881,Vivaan Verma,Bengaluru, Beauty ,Hair Dryer,1,1503.37,20,Debit Card,Delivered
ORD202869,28-10-2025,C2129,Meera Kulkarni,Bengaluru,Beauty,Perfume,2,1601.51,0,Net Banking,Delivered
ORD202673,03-05-2025,C1730,Arjun Kulkarni,Bengaluru,Home & Kitchen,Mixer Grinder,2,3378.45,5,UPI,Delivered
ORD200107,16-Dec-25,C1177,Pooja Reddy,,Electronics,Smartwatch,1,6036.21,15,UPI,Delivered
ORD203206,29-Sep-25,C1754,Vivaan Das,Chennai,Clothing,Denim Jeans,2,1798.79,5,UPI,Returned
ORD202752,01-01-2025,C2040,Vivaan Gupta,Hyderabad,CLOTHING,Hoodie,1,,10,Credit Card,Delivered
ORD203855,02-10-2025,C1604,Ananya Kulkarni,Mumbai  ,Beauty,Moisturiser,1,441.06,0,UPI,Delivered
ORD201937,22-10-2025,C1667,Neha Reddy,Chennai,Home & Kitchen,Mixer Grinder,2,3362.97,10,Credit Card,Delivered
ORD201413,28-01-2025,C2351,Meera Das,Delhi,beauty,Perfume,2,1528.15,0,COD,Cancelled
ORD201256,01-05-2025,C1618,Aarav Joshi,Delhi,Clothing,Cap,2,374.55,5,Debit Card,Cancelled
ORD204479,27-08-2025,C2046,Manish Verma,Kolkata,Clothing,Running Shoes,3,3071.15,15,Credit Card,Delivered
ORD203823,09-06-2025,C1656,Rahul Singh,Chennai,Beauty,Hair Dryer,1,1581.76,10,,Delivered
ORD204820,25-10-2025,C1053,Karan Patel,Chennai,Beauty,Lipstick,1,430.81,15,UPI,Delivered
ORD204198,12-23-2025,C2194,Isha Iyer,Delhi,Books,Exam Guide,2,497,0,Debit Card,Cancelled
ORD200457,16-08-2025,C2152,Ananya Patel,Bengaluru,Beauty,Lipstick,4,411.41,0,Debit Card,Delivered
ORD203323,07-Mar-25,C2178,Isha Mehta,DELHI,Home & Kitchen,Bedsheet Set,2,1241.4,5,Credit Card,Delivered
ORD204881,21-10-2025,C1011,Meera Joshi,DELHI,Books,Exam Guide,3,,10,UPI,Delivered
ORD202754,09-09-2025,C1305,Priya Mehta,Bengaluru,ELECTRONICS,Power Bank,1,1370.86,0,COD,Delivered
ORD200576,30-11-2025,C2116,Neha Patel,Delhi,Home & Kitchen,Bedsheet Set,1,1258.46,5,UPI,Delivered
ORD204421,26-May-25,C1259,Arjun Patel,Pune,Clothing,Denim Jeans,4,1762.31,10,Debit Card,Cancelled
ORD203342,01-07-2025,C1169,Aditya Sharma,Hyderabad,Electronics,Bluetooth Speaker,4,2140.71,20,UPI,Delivered
ORD202140,14-11-2025,C2370,Sneha Nair,Ahmedabad,ELECTRONICS,Power Bank,1,1364,0,UPI,Delivered
ORD200816,14-03-2025,C1490,Karan Nair,,Home & Kitchen,Mixer Grinder,2,3141.58,,upi,Delivered
ORD204306,05-10-2025,C2375,Manish Singh,Mumbai,Home & Kitchen,Mixer Grinder,1,3392.47,5,UPI,Delivered
ORD204392,20-12-2025,C1926,Vikram Nair,Delhi,Electronics,USB-C Cable,1,388.07,0,Net Banking,Delivered
ORD200855,25-03-2025,C1475,Riya Joshi,Bengaluru,Books,Python Handbook,2,684.2,0,COD,Delivered
ORD202917,26-04-2025,C2284,Kavya Joshi,,Home & Kitchen,Air Fryer,1,5281.8,0,Net Banking,Delivered
ORD201025,14-10-2025,C1687,Manish Kulkarni,Hyderabad,Electronics,Smartwatch,4,6150.06,10,Debit Card,Returned
ORD200142,31-12-2025,C1317,Kavya Mehta, Mumbai ,Home & Kitchen,Mixer Grinder,2,3380.22,5,COD,Returned
ORD202865,24-01-2025,C1069,Meera Das,Mumbai,Clothing,Denim Jeans,1,1919.05,0,Credit Card,Delivered
ORD203530,10-Jul-25,C1692,Pooja Reddy,Pune,Clothing,Cap,1,348.72,0,UPI,Delivered
ORD202024,18-11-2025,C1921,Isha Mehta,Hyderabad,Electronics,Wireless Earbuds,1,2646.38,0,UPI,Delivered
ORD201473,10-11-2025,C1291,Karan Nair, Pune ,Electronics,Wireless Earbuds,4,2565.89,15,COD,Delivered
ORD202210,02-05-2025,C2356,Ananya Das,Ahmedabad,Clothing,Denim Jeans,1,1923.22,20,UPI,Delivered
ORD200333,04-07-2025,C2241,Meera Kulkarni,MUMBAI,Electronics,Bluetooth Speaker,1,1994.03,10,UPI,Cancelled
ORD200861,13-12-2025,C1694,Meera Nair, Ahmedabad ,Electronics,USB-C Cable,-1,407.91,5,UPI,Delivered
ORD204675,20-09-2025,C1157,Sneha Das,Mumbai,Home & Kitchen,Mixer Grinder,1,3189.4,0,UPI,Delivered
ORD200616,15-Oct-25,C2351,Meera Das,Delhi,Clothing,Hoodie,1,,5,Debit Card,Cancelled
ORD203964,29-12-2025,C1329,Sneha Das,Pune,Electronics,Smartwatch,2,5813.34,0,COD,Returned
ORD203832,02-26-2025,C1673,Meera Sharma,Delhi, Home & Kitchen ,Air Fryer,2,5141,15,COD,Delivered
ORD204593,20-04-2025,C2034,Karan Kulkarni,Ahmedabad,Home & Kitchen,Bedsheet Set,2,1314.97,5,UPI,Delivered
ORD203710,28-05-2025,C2157,Riya Gupta,Delhi,BEAUTY,Hair Dryer,1,1481.65,20,UPI,Delivered
ORD203498,21-09-2025,C1872,Vikram Verma,Mumbai,Electronics,USB-C Cable,1,417.18,0,UPI,Cancelled
ORD204185,28-05-2025,C2348,Rohan Kulkarni,Hyderabad,Beauty,Lipstick,1,393.54,20,UPI,Delivered
ORD203354,03-04-2025,C2175,Ananya Sharma,DELHI,Home & Kitchen,Water Bottle,1,440.7,15,UPI,Delivered
ORD200570,13-09-2025,C1384,Meera Patel,Ahmedabad,Electronics,USB-C Cable,1,392.13,0,Credit Card,Delivered
ORD202758,23-Oct-25,C1697,Manish Gupta,Chennai,Electronics,Power Bank,1,1277.68,10,UPI,Returned
ORD203836,16-05-2025,C2334,Riya Singh,Kolkata,Clothing,Hoodie,3,1526.31,15,COD,Cancelled
ORD204360,01-05-2025,C1511,Rohan Kulkarni,Kolkata,Clothing,Denim Jeans,2,1748.83,5,Credit Card,Returned
ORD200931,29-06-2025,C1311,Meera Reddy,Kolkata,Electronics,Power Bank,2,1402.29,0,Debit Card,Delivered
ORD200327,14-02-2025,C1760,Diya Sharma,CHENNAI,Clothing,Denim Jeans,2,1736.11,0,COD,Delivered
ORD201814,03-12-2025,C1239,Riya Patel,mumbai,Clothing,Hoodie,4,,,Credit Card,Delivered
ORD201180,26-Apr-25,C1099,Diya Reddy,Bengaluru,Electronics,USB-C Cable,1,429.73,20,UPI,Delivered
ORD202627,13-11-2025,C2003,Riya Mehta,HYDERABAD,Books,Exam Guide,1,530.96,10,Credit Card,Delivered
ORD201401,10-06-2025,C2236,Pooja Iyer,,Home & Kitchen,Air Fryer,3,4776.61,,Net Banking,Delivered
ORD202005,21-03-2025,C2233,Riya Verma,Hyderabad,Books,Exam Guide,4,523.9,20,UPI,Delivered
ORD201578,19-11-2025,C1499,Pooja Reddy,Mumbai,HOME & KITCHEN,Air Fryer,3,5278.08,5,UPI,Delivered
ORD202905,05-06-2025,C2311,Sneha Verma, Hyderabad , Books ,Novel,1,333.6,0,Debit Card,Delivered
ORD203581,08-08-2025,C1213,Priya Singh,chennai,Books,Data Science Primer,1,927.44,0,Net Banking,Cancelled
ORD200925,28-09-2025,C1897,Priya Das,Kolkata,Electronics,Wireless Earbuds,3,,20,Debit Card,Delivered
ORD203441,19-09-2025,C2073,Meera Gupta,Bengaluru,Electronics  ,Power Bank,1,1326.04,20,UPI,Delivered
ORD203049,06-11-2025,C1831,Diya Iyer,Hyderabad,Home & Kitchen,Cookware Set,1,2815.88,15,UPI,Delivered
ORD204915,18-12-2025,C1065,Pooja Gupta,Pune,Home & Kitchen,Air Fryer,2,4948.76,0,COD,Delivered
ORD200951,23-11-2025,C1539,Manish Mehta,Ahmedabad,Beauty,Perfume,1,1545.77,0,Credit Card,Delivered
ORD204134,07-11-2025,C1326,Karan Patel,Bengaluru,Home & Kitchen,Mixer Grinder,3,3336.58,20,Credit Card,Delivered
ORD203782,18-06-2025,C2085,Vivaan Verma,Chennai,CLOTHING,Cap,4,353.59,0,UPI,Delivered
ORD203643,15-12-2025,C1454,Sanjay Patel,Bengaluru,Home & Kitchen,Cookware Set,4,2707.32,10,Debit Card,Delivered
ORD202292,09-06-2025,C1858,Vikram Nair,Mumbai,Electronics,Bluetooth Speaker,4,2098.44,5,Net Banking,Cancelled
ORD202369,26-01-2025,C1722,Manish Mehta,Pune,Electronics,Smartwatch,1,6278.66,20,Debit Card,Delivered
ORD200787,13-01-2025,C1667,Neha Reddy,chennai,Electronics,USB-C Cable,2,409.06,20,UPI,Delivered
ORD200854,07-Sep-25,C1482,Vikram Mehta,Chennai,Home & Kitchen,Mixer Grinder,1,3415.16,0,UPI,Delivered
ORD204802,03-01-2025,C2127,Vivaan Iyer,Mumbai,Clothing,Running Shoes,1,2938.2,20,UPI,Cancelled
ORD203867,02-01-2025,C1083,Pooja Singh,Ahmedabad,electronics,Wireless Earbuds,2,2608.34,15,COD,Delivered
ORD204934,14-09-2025,C1989,Priya Das,Mumbai,Electronics,Bluetooth Speaker,2,1945.07,10,Debit Card,Delivered
ORD203179,13-12-2025,C2237,Isha Sharma,Chennai,Clothing,Cotton T-Shirt,3,623.6,0,UPI,Delivered
ORD203499,02-11-2025,C2261,Rohan Patel,Mumbai,Electronics,Wireless Earbuds,4,2557.65,,Debit Card,Delivered
ORD204243,23-09-2025,C2271,Rohan Nair,Mumbai,Beauty  ,Face Wash,3,246.45,5,COD,Cancelled
ORD204993,04-16-2025,C2018,Aditya Das,Chennai,Beauty,Moisturiser,1,457.89,0,COD,Returned
ORD201832,10-02-2025,C2279,Aarav Das,Delhi,Home & Kitchen,Mixer Grinder,4,3211.62,0,UPI,Returned
ORD200280,08-09-2025,C1971,Pooja Sharma,DELHI,Clothing,Denim Jeans,1,1823.02,5,UPI,Delivered
ORD201124,03-01-2025,C1728,Aarav Mehta,Hyderabad,Home & Kitchen,Bedsheet Set,4,1273.33,10,UPI,Returned
ORD202929,18-09-2025,C1255,Aarav Joshi,Mumbai,Electronics,Wireless Earbuds,4,2549.1,0,Credit Card,Delivered
ORD202695,13-12-2025,C2097,Neha Kulkarni,Kolkata,Home & Kitchen,Mixer Grinder,1,3441.67,15,Debit Card,Delivered
ORD204862,30-04-2025,C1438,Rahul Nair,Mumbai,Electronics,Power Bank,3,1286.14,10,COD,Delivered
ORD203679,15-05-2025,C1295,,Kolkata,Beauty,Perfume,4,1711.24,15,COD,Delivered
ORD204279,03-06-2025,C1573,Kavya Patel,Delhi,Beauty,Face Wash,1,247.66,0,COD,Delivered
ORD203164,28-05-2025,C1643,Vivaan Mehta,Mumbai,Home & Kitchen,Water Bottle,1,444.01,0,Net Banking,Cancelled
ORD201030,26-11-2025,C2272,Isha Nair,Kolkata,HOME & KITCHEN,Mixer Grinder,0,3312.14,0,COD,Delivered
ORD202233,19-Apr-25,C1178,Sneha Reddy, Mumbai ,Home & Kitchen,Water Bottle,1,446.76,0,COD,Cancelled
ORD202932,08-09-2025,C1007,Riya Kulkarni,Kolkata,Books,Novel,1,373.53,10,UPI,Cancelled
ORD201318,07-Jun-25,C1021,Ananya Gupta,, Electronics ,USB-C Cable,2,422.61,0,Net Banking,Returned
ORD203154,31-Aug-25,C1696,Manish Das,Hyderabad,Home & Kitchen,Mixer Grinder,1,3360.71,10,Debit Card,Cancelled
ORD204133,26-09-2025,C1195,,Mumbai,Electronics,Power Bank,1,1335.74,0,UPI,Delivered
ORD200056,17-04-2025,C1824,Manish Mehta, Delhi ,Clothing  ,Cap,2,368.17,0,COD,Returned
ORD203199,13-09-2025,C2225,Kavya Verma,Bengaluru,Books,Novel,1,338.87,0,UPI,Cancelled
ORD200844,12-21-2025,C1203,Kavya Das, Kolkata ,Home & Kitchen,Cookware Set,1,2696.49,5,Debit Card,Delivered
ORD202330,12-08-2025,C2169,Aditya Verma,Delhi,Electronics,Smartwatch,1,6228.51,0,UPI,Delivered
ORD200189,04-05-2025,C2265,Vikram Reddy,Mumbai,Electronics,Wireless Earbuds,3,2670.8,20,Debit Card,Delivered
ORD200771,10-02-2025,C1228,Aditya Joshi,Delhi,Beauty,Perfume,2,1681.35,15,Debit Card,Cancelled
ORD202303,11-17-2025,C1317,Kavya Mehta,Mumbai,Home & Kitchen,Bedsheet Set,1,1401.89,0,Net Banking,Returned
ORD201353,02-May-25,C2011,Aditya Joshi,Delhi,HOME & KITCHEN,Air Fryer,4,4953.49,20,COD,Returned
ORD202283,26-06-2025,C2384,Aditya Nair,Bengaluru,Books,Data Science Primer,1,945.69,5,Credit Card,Cancelled
ORD204743,10-25-2025,C2167,Isha Singh,,Clothing,Hoodie,1,1533.52,5,Debit Card,Delivered
ORD203612,12-25-2025,C1539,Manish Mehta,ahmedabad,Clothing,Cotton T-Shirt,1,612.38,5,UPI,Cancelled
ORD201286,15-10-2025,C1185,Isha Nair,Delhi,Home & Kitchen,Bedsheet Set,4,1292.49,0,UPI,Delivered
ORD202391,08-02-2025,C2105,Kavya Das,Ahmedabad,Home & Kitchen,Water Bottle,3,453.45,0,Debit Card,Delivered
ORD201811,07-08-2025,C2183,Manish Nair,Kolkata,Clothing,Cotton T-Shirt,1,572.85,20,UPI,Returned
ORD200338,18-12-2025,C1513,Vikram Gupta,Ahmedabad,electronics,Wireless Earbuds,1,2614.23,10,Debit Card,Delivered
ORD204656,23-02-2025,C2189,Rahul Nair,, Electronics ,Bluetooth Speaker,1,,5,UPI,Cancelled
ORD203038,03-12-2025,C2098,Vikram Patel,Hyderabad,Home & Kitchen,Water Bottle,3,466.09,0,Debit Card,Cancelled
ORD201428,24-10-2025,C2335,Isha Singh,Hyderabad,Electronics,Smartwatch,1,5998.29,20,COD,Delivered
ORD204489,23-04-2025,C2130,Manish Verma,Delhi,BOOKS,Novel,1,369.79,0,UPI,Delivered
ORD204544,28-01-2025,C1359,Karan Kulkarni, Bengaluru ,Home & Kitchen,Mixer Grinder,1,3174.21,15,Debit Card,Cancelled
ORD204000,02-03-2025,C1404,Ananya Das,Delhi,Beauty,Moisturiser,1,465.69,0,Credit Card,Returned
ORD200315,03-10-2025,C1519,Pooja Verma,Chennai,Home & Kitchen,Mixer Grinder,3,3321.09,0,UPI,Delivered
ORD202568,22-03-2025,C1058,Riya Sharma,Delhi,Electronics,USB-C Cable,3,,0,Debit Card,Delivered
ORD203192,07-06-2025,C2366,,Ahmedabad,Clothing,Cap,3,338.44,5,Debit Card,Cancelled
ORD203373,18-09-2025,C1132,Vikram Das,Chennai,Books,Exam Guide,3,538.78,15,UPI,Delivered
ORD200207,15-04-2025,C1359,Karan Kulkarni,Bengaluru,Clothing,Hoodie,2,1503.52,15,UPI,Delivered
ORD201442,13-08-2025,C1959,Pooja Kulkarni,Delhi,Home & Kitchen,Cookware Set,1,,0,Net Banking,Delivered
ORD200368,01-22-2025,C1722,Manish Mehta,Pune,Electronics,USB-C Cable,2,400.98,5,UPI,Delivered
ORD204894,07-10-2025,C2377,Diya Nair,Chennai,Clothing,Hoodie,2,1537.85,0,UPI,Delivered
ORD202641,10-09-2025,C1591,Riya Singh,Ahmedabad,Home & Kitchen,Mixer Grinder,1,3382.41,10,Net Banking,Delivered
ORD204735,26-04-2025,C1160,Vivaan Sharma,Pune,Electronics,Smartwatch,4,5993.53,0,Credit Card,Delivered
ORD202704,12-05-2025,C2193,,Ahmedabad,Books,Python Handbook,1,682.12,20,UPI,Delivered
ORD201381,11-03-2025,C1162,Riya Verma,Delhi,Electronics,Bluetooth Speaker,1,2126.07,10,UPI,Delivered
ORD201034,10-12-2025,C1489,Sanjay Sharma,Bangalore,Clothing,Cotton T-Shirt,1,639.87,15,Credit Card,Delivered
ORD203601,10-01-2025,C2275,Ananya Patel,Chennai,Electronics,Power Bank,2,1234.45,0,UPI,Delivered
ORD203681,04-05-2025,C1607,Manish Gupta,Pune,Books,Python Handbook,2,681.34,,Net Banking,Returned
ORD203608,22-06-2025,C1993,Diya Patel,DELHI, Electronics ,Bluetooth Speaker,2,1983.33,20,UPI,Delivered
ORD202849,20-06-2025,C1515,Rahul Verma,Delhi,Beauty,Lipstick,4,390.7,15,UPI,Returned
ORD204329,01-11-2025,C1223,Meera Gupta,Mumbai  ,Home & Kitchen,Mixer Grinder,2,3219.8,0,Credit Card,Delivered
ORD200905,13-11-2025,C1571,Ananya Singh,Mumbai,beauty,Lipstick,1,427.34,5,Net Banking,Cancelled
ORD202844,21-06-2025,C1516,Kavya Singh,Kolkata,Electronics,Power Bank,2,1295.65,15,Debit Card,Cancelled
ORD202722,17-07-2025,C2179,Aditya Iyer, Kolkata ,Electronics,Smartwatch,4,5771.58,10,UPI,Cancelled
ORD200178,06-02-2025,C1667,Neha Reddy,Chennai,Electronics,Smartwatch,3,5791.26,0,COD,Delivered
ORD201006,27-01-2025,C2209,Arjun Verma,Bengaluru,Clothing,Running Shoes,4,,5,Debit Card,Returned
ORD202583,08-10-2025,C1354,Kavya Reddy,Mumbai,Electronics  ,Smartwatch,4,6183.07,20,Credit Card,Delivered
ORD203491,15-12-2025,C1660,Vivaan Mehta,delhi,BEAUTY,Face Wash,1,250.67,15,Credit Card,Cancelled
ORD200608,11-Sep-25,C1939,Aditya Joshi,Mumbai,Electronics,USB-C Cable,2,407.23,15,Credit Card,Delivered
ORD203561,09-10-2025,C1941,Manish Gupta,MUMBAI,Books,Python Handbook,1,712.72,10,,Delivered
ORD200001,11-Jan-25,C1703,Vikram Das,Mumbai,clothing,Running Shoes,1,3072.82,0,Credit Card,Delivered
ORD202383,16-12-2025,C2230,Rahul Kulkarni,Chennai,Electronics,USB-C Cable,1,391.25,0,Credit Card,Delivered
ORD203185,11-10-2025,C1497,Manish Gupta,Bengaluru  , Clothing ,Cap,2,351.85,0,Net Banking,Delivered
ORD204424,11-11-2025,C1236,Riya Kulkarni,Delhi,Electronics,Power Bank,2,1289.23,0,Credit Card,Returned
ORD201640,18-12-2025,C2398,Sneha Verma,KOLKATA,Electronics,Bluetooth Speaker,1,2123.11,0,UPI,Delivered
ORD204072,08-Mar-25,C2244,Karan Gupta,,Electronics,Power Bank,1,1279.56,20,UPI,Delivered
ORD201422,07-01-2025,C1444,Aditya Mehta,Delhi  ,Electronics,Smartwatch,4,6091.94,20,Debit Card,Returned
ORD203244,02-12-2025,C2375,Manish Singh,Mumbai,Home & Kitchen,Mixer Grinder,2,3489.43,0,Debit Card,Delivered
ORD200648,22-11-2025,C1886,Vivaan Patel,Kolkata,Beauty  ,Hair Dryer,2,1493.66,0,Credit Card,Cancelled
ORD202607,18-12-2025,C1091,Arjun Reddy,,Electronics,Bluetooth Speaker,2,1940.2,15,Credit Card,Delivered
ORD203032,13-08-2025,C2240,Aditya Joshi,Bengaluru,Electronics,Wireless Earbuds,4,2633.57,0,Debit Card,Cancelled
ORD201002,13-05-2025,C1808,Pooja Gupta,Bangalore,Books,Data Science Primer,1,909.62,10,Net Banking,Delivered
ORD204413,06-04-2025,C1101,Meera Verma,,Clothing,Cotton T-Shirt,3,618.6,0,Credit Card,Returned
ORD200187,12-12-2025,C1653,Vikram Kulkarni,Delhi,Books,Novel,1,372.87,20,UPI,Returned
ORD203927,14-09-2025,C1352,Pooja Verma,Hyderabad,Electronics,Power Bank,1,1255.15,20,UPI,Delivered
ORD204978,08-12-2025,C2012,Arjun Reddy,,Electronics,Power Bank,1,,0,COD,Delivered
ORD202279,12-06-2025,C1960,Sneha Verma,Chennai,Beauty,Perfume,1,1721.81,15,Credit Card,Returned
ORD201310,04-11-2025,C1494,Ananya Kulkarni,Mumbai,Clothing,Hoodie,1,1441.41,15,UPI,Returned
ORD203939,06-Feb-25,C1800,Kavya Iyer,Mumbai,Books,Python Handbook,1,734.25,15,UPI,Returned
ORD201612,13-01-2025,C1512,Ananya Joshi,Pune  ,HOME & KITCHEN,Mixer Grinder,2,3267.95,0,COD,Delivered
ORD200774,29-01-2025,C1903,Diya Kulkarni,Kolkata,Clothing,Running Shoes,1,2957.78,20,Net Banking,Delivered
ORD201272,08-06-2025,C1350,Kavya Verma,Ahmedabad,beauty,Lipstick,1,405.76,0,Debit Card,Delivered
ORD204531,11-10-2025,C1174,Pooja Joshi,Mumbai,Electronics,Wireless Earbuds,2,2663.41,5,COD,Cancelled
ORD202847,04-04-2025,C2221,Pooja Mehta,Pune,Clothing,Cotton T-Shirt,2,636.81,15,UPI,Delivered
ORD203575,05-09-2025,C1140,Aditya Singh,Pune,Beauty,Lipstick,1,418.91,10,Debit Card,Returned
ORD204788,23-11-2025,C1697,,Chennai,BOOKS,Comics Set,1,841.42,20,UPI,Cancelled
ORD203672,06-03-2025,C2286,Riya Nair,Mumbai,Clothing,Hoodie,1,1505.46,15,Credit Card,Returned
ORD202803,30-12-2025,C1811,Ananya Sharma,Delhi,Books,Novel,2,347.68,0,Credit Card,Delivered
ORD201716,13-01-2025,C1539,Manish Mehta,Ahmedabad,Electronics,USB-C Cable,3,429.64,0,Debit Card,Returned
ORD204182,10-05-2025,C2128,Priya Verma,mumbai,Home & Kitchen,Water Bottle,4,445.47,0,UPI,Cancelled
ORD202022,07-Jun-25,C1703,Vikram Das,Mumbai,Electronics,Power Bank,4,1377.41,15,UPI,Returned
ORD201249,11-04-2025,C1317,Kavya Mehta,Mumbai, Clothing ,Running Shoes,1,,15,UPI,Returned
ORD202662,27-10-2025,C1315,Priya Mehta,Chennai,Home & Kitchen,Mixer Grinder,2,3347.39,10,UPI,Delivered
ORD203729,29-07-2025,C2381,Rohan Reddy,Chennai,Beauty,Lipstick,1,405.7,0,UPI,Delivered
ORD202762,05-11-2025,C2209,Arjun Verma,Bengaluru,ELECTRONICS,Bluetooth Speaker,2,,0,UPI,Delivered
ORD200352,23-01-2025,C1930,Vivaan Gupta,Mumbai,Clothing,Cap,3,351.19,5,COD,Delivered
ORD200564,06-12-2025,C2333,Manish Verma,Bengaluru,Books,Exam Guide,3,494.46,20,Debit Card,Delivered
ORD200386,01-Dec-25,C2048,Arjun Mehta,Kolkata,Home & Kitchen,Bedsheet Set,3,1292.68,20,Credit Card,Returned
ORD202234,26-07-2025,C1737,Priya Patel,Delhi,Electronics,Bluetooth Speaker,2,2009.02,10,UPI,Delivered
ORD204122,28-08-2025,C2192,Diya Gupta,Mumbai,Home & Kitchen,Water Bottle,4,453.72,0,UPI,Returned
ORD203655,03-03-2025,C1446,Manish Gupta,Kolkata,clothing,Running Shoes,4,2866.98,0,UPI,Delivered
ORD204040,05-10-2025,C2088,Neha Sharma,Mumbai,Beauty,Perfume,3,1559.38,5,Credit Card,Delivered
ORD203386,23-09-2025,C2163,Riya Verma,,Beauty,Lipstick,2,412.42,10,Credit Card,Delivered
ORD202027,12-Jul-25,C1087,Kavya Verma,Delhi,Books,Exam Guide,2,478.12,20,UPI,Delivered
ORD201513,30-03-2025,C1848,Meera Iyer,BENGALURU,Home & Kitchen,Bedsheet Set,4,1333.89,20,UPI,Delivered
ORD204536,22-12-2025,C1017,Manish Sharma,Delhi,Electronics,USB-C Cable,3,416.44,15,UPI,Delivered
ORD202309,02-Jul-25,C2039,Rohan Nair,CHENNAI,Electronics,Bluetooth Speaker,3,2070.54,20,Debit Card,Delivered
ORD203727,15-04-2025,C2145,Rahul Reddy,Mumbai,Beauty,Lipstick,2,385.22,0,UPI,Cancelled
ORD200385,01-07-2025,C1066,Aarav Kulkarni,Delhi,Electronics,Power Bank,2,1328.5,0,Credit Card,Delivered
ORD202300,18-02-2025,C1967,Aditya Iyer,Chennai,Clothing,Hoodie,2,1566.17,10,Net Banking,Delivered
ORD203691,06-29-2025,C2044,Meera Nair,Chennai,Home & Kitchen,Cookware Set,4,2860,5,Debit Card,Cancelled
ORD200074,04-May-25,C1586,Kavya Nair,Chennai,Beauty,Moisturiser,1,438.45,0,Credit Card,Returned
ORD200316,15-07-2025,C1785,Neha Reddy,Bengaluru,BEAUTY,Perfume,2,1636.89,0,Credit Card,Delivered
ORD201468,15-03-2025,C1234,Sneha Gupta,Kolkata,Electronics,Power Bank,2,1288.15,10,Debit Card,Delivered
ORD201454,01-04-2025,C1675,Priya Singh,Mumbai,Clothing,Hoodie,2,1502.77,15,UPI,Returned
ORD201147,10-11-2025,C1850,Aarav Das,Chennai,Home & Kitchen,Bedsheet Set,2,1305.87,0,Debit Card,Cancelled
ORD203087,03-05-2025,C1446,Manish Gupta,Kolkata,Electronics,Smartwatch,2,6109.95,0,UPI,Delivered
ORD204021,21-11-2025,C2071,Neha Kulkarni, Mumbai ,Clothing,Hoodie,500,1605.92,0,UPI,Delivered
ORD201306,30-03-2025,C2026,Manish Nair,Hyderabad,Home & Kitchen,Cookware Set,2,2765.46,0,UPI,Delivered
ORD203810,04-10-2025,C1495,Vikram Patel,Delhi,Beauty,Moisturiser,2,456.96,10,UPI,Delivered
ORD203936,12-08-2025,C2338,Meera Gupta,Hyderabad, Clothing ,Running Shoes,2,3033.74,5,UPI,Delivered
ORD200423,19-06-2025,C2399,Arjun Sharma,Hyderabad,BEAUTY,Perfume,2,1681.09,10,UPI,Delivered
ORD202371,11-Jul-25,C1597,Priya Patel,CHENNAI,Clothing,Running Shoes,1,3093.08,5,UPI,Delivered
ORD203589,10-08-2025,C1400,Priya Gupta,Bengaluru, Electronics ,Bluetooth Speaker,1,2077.17,0,UPI,Delivered
ORD204510,08-Jan-25,C2364,,Hyderabad,Electronics,USB-C Cable,4,426.91,5,Credit Card,Delivered
ORD201472,05-04-2025,C1237,Riya Iyer,Kolkata,Electronics,Power Bank,4,1271.48,5,Net Banking,Delivered
ORD202432,30-04-2025,C2325,Riya Joshi,Delhi,Electronics,Power Bank,2,1338.61,0,COD,Cancelled
ORD202791,04-03-2025,C1571,Ananya Singh,mumbai, Electronics ,Wireless Earbuds,1,2472.72,0,UPI,Delivered
ORD200286,01-05-2025,C2321,Rohan Mehta,delhi,Clothing,Denim Jeans,2,1901.92,150,COD,Delivered
ORD202837,04-Nov-25,C1380,Rohan Mehta,Bengaluru,Home & Kitchen  ,Air Fryer,3,4943.25,15,upi,Returned
ORD201016,18-11-2025,C1783,Diya Sharma,Bengaluru,clothing,Cap,1,355.59,,UPI,Delivered
ORD200984,27-01-2025,C2276,Meera Reddy,Bengaluru,ELECTRONICS,Power Bank,1,1327.35,0,UPI,Delivered
ORD203859,25-Aug-25,C1054,Rahul Verma,Kolkata,Books,Novel,4,348.89,0,COD,Delivered
ORD200262,02-04-2025,C2152,Ananya Patel,Bengaluru,Books,Python Handbook,4,686.44,0,Credit Card,Delivered
ORD200429,08-03-2025,C1191,Rohan Das,Bengaluru  ,Clothing  ,Running Shoes,3,3100.17,5,Credit Card,Delivered
ORD201792,07-11-2025,C1414,Sneha Verma,Pune,Clothing,Hoodie,1,1501.21,0,UPI,Delivered
ORD204115,01-05-2025,C2170,Sneha Gupta,Hyderabad,Clothing,Denim Jeans,4,1939.12,10,Net Banking,Delivered
ORD204994,17-09-2025,C1886,Vivaan Patel,Kolkata, Electronics ,Bluetooth Speaker,2,1993.8,15,Credit Card,Returned
ORD204540,24-06-2025,C1552,Vivaan Nair,bengaluru,Books,Novel,2,339.43,15,Credit Card,Delivered
ORD200806,13-01-2025,C1513,Vikram Gupta, Ahmedabad ,Books,Exam Guide,1,503.8,20,Credit Card,Returned
ORD202771,12-12-2025,C2252,Pooja Singh,Pune,Clothing,Cap,3,343.5,10,Credit Card,Delivered
ORD202969,18-08-2025,C1198,Priya Patel,hyderabad,Beauty,Face Wash,4,267.04,10,Debit Card,Delivered
ORD203474,07-Aug-25,C2150,Arjun Mehta,Pune,Clothing,Denim Jeans,1,1725.17,20,UPI,Cancelled
ORD202035,08-10-2025,C1912,Priya Gupta,Bengaluru,Beauty,Face Wash,2,239.18,0,Credit Card,Cancelled
ORD200342,12-Jul-25,C1521,Manish Kulkarni,Bengaluru,electronics,USB-C Cable,4,417.56,0,Credit Card,Delivered
ORD203974,07-02-2025,C1317,Kavya Mehta,Mumbai,Home & Kitchen,Water Bottle,2,426.95,0,UPI,Delivered
ORD202725,23-12-2025,C1135,Karan Reddy,Kolkata,Electronics,Wireless Earbuds,1,2497.94,20,Debit Card,Returned
ORD204111,15-07-2025,C2252,Pooja Singh,Pune,Books,Python Handbook,3,678.99,10,UPI,Delivered
ORD204570,12-10-2025,C1408,Riya Singh,Bengaluru,Electronics,Smartwatch,4,,20,UPI,Delivered
ORD200842,28-01-2025,C1217,Rohan Mehta,Mumbai,Clothing,Cap,2,331.88,0,COD,Delivered
ORD200051,02-10-2025,C1435,Riya Mehta,Delhi,Home & Kitchen,Air Fryer,1,4900.57,10,Net Banking,Delivered
ORD204163,22-09-2025,C1146,Isha Sharma,Bengaluru,Home & Kitchen,Cookware Set,3,2898.24,,Credit Card,Delivered
ORD204255,28-11-2025,C2344,Rohan Mehta,Mumbai,ELECTRONICS,Power Bank,1,1392.93,0,UPI,Returned
ORD203132,10-05-2025,C2340,Sneha Gupta,Mumbai,Clothing,Running Shoes,1,2883.08,15,Credit Card,Delivered
ORD203967,03-07-2025,C1691,Aarav Mehta, Kolkata ,Books  ,Comics Set,1,784.82,0,Debit Card,Returned
ORD203642,03-08-2025,C2043,Diya Mehta,Bengaluru, Beauty ,Lipstick,4,388.1,15,COD,Cancelled
ORD200831,21-09-2025,C1587,Aarav Mehta,Bengaluru,Beauty,Hair Dryer,1,1432.97,0,Debit Card,Delivered
ORD201323,17-03-2025,C2083,Isha Joshi,Chennai,Home & Kitchen,Mixer Grinder,1,3136.46,10,UPI,Returned
ORD200560,19-02-2025,C2150,Arjun Mehta,Pune,Home & Kitchen,Cookware Set,2,2903.46,0,Credit Card,Delivered
ORD201855,26-10-2025,C1093,Rohan Nair,ahmedabad,Books,Comics Set,4,759.67,5,Debit Card,Cancelled
ORD203435,20-12-2025,C1797,Manish Gupta,Mumbai,ELECTRONICS,Wireless Earbuds,3,2662.01,20,Debit Card,Cancelled
ORD201758,19-10-2025,C2353,Sanjay Iyer,Kolkata,Electronics,Smartwatch,1,6253.66,5,UPI,Cancelled
ORD201383,25-08-2025,C1757,Diya Das,Bengaluru,Clothing,Cotton T-Shirt,1,641.61,15,Net Banking,Cancelled
ORD203424,22-08-2025,C2275,Ananya Patel,Chennai,Clothing,Cotton T-Shirt,4,589.14,10,Net Banking,Delivered
ORD200326,31-10-2025,C1386,Ananya Iyer,Delhi,Clothing,Cotton T-Shirt,3,643.81,0,COD,Delivered
ORD200075,17-12-2025,C2323,Riya Reddy,KOLKATA,Home & Kitchen  ,Bedsheet Set,3,1380.76,0,UPI,Delivered
ORD200638,10-09-2025,C1107,Riya Joshi,Ahmedabad,Home & Kitchen,Cookware Set,3,2752.63,0,Debit Card,Delivered
ORD204209,27-Dec-25,C1511,Rohan Kulkarni,Kolkata,Electronics,Wireless Earbuds,2,,10,COD,Cancelled
ORD203224,08-Oct-25,C1605,Priya Joshi,Delhi,home & kitchen,Mixer Grinder,1,3215.73,10,UPI,Delivered
ORD202400,26-Sep-25,C1557,Vikram Kulkarni,Bengaluru,ELECTRONICS,Smartwatch,1,6326.6,15,UPI,Delivered
ORD204754,22-09-2025,C1385,Priya Reddy,Delhi,ELECTRONICS,Bluetooth Speaker,2,1903.72,20,COD,Delivered
ORD202974,03-03-2025,C1077,Vivaan Reddy,Chennai,books,Comics Set,1,767.97,5,UPI,Delivered
ORD203419,19-11-2025,C1785,Neha Reddy,Bengaluru,Home & Kitchen,Bedsheet Set,2,1325.77,15,Debit Card,Delivered
ORD200694,07-16-2025,C1123,Vivaan Sharma,Pune,Home & Kitchen,Bedsheet Set,2,1396.04,20,UPI,Delivered
ORD200813,20-Dec-25,C2325,Riya Joshi,Delhi,Electronics,Smartwatch,3,6281.91,0,Debit Card,Delivered
ORD203545,01-Dec-25,C2075,Sanjay Sharma,Ahmedabad,Home & Kitchen,Bedsheet Set,1,1400.17,15,COD,Delivered
ORD203841,23-Dec-25,C1500,Neha Nair,Bengaluru,Beauty,Hair Dryer,1,1563.06,20,Credit Card,Delivered
ORD202167,21-Oct-25,C1271,Manish Patel,delhi,BOOKS,Python Handbook,2,753.99,5,UPI,Returned
ORD204181,09-22-2025,C2267,Rohan Mehta,Hyderabad,Clothing,Hoodie,1,1597.87,15,Net Banking,Delivered
ORD200746,30-11-2025,C1860,Neha Gupta,,Beauty,Face Wash,3,252.3,5,Net Banking,Delivered
ORD203035,25-08-2025,C1529,Ananya Verma,Hyderabad,clothing,Hoodie,1,1441.91,0,UPI,Cancelled
ORD200956,19-08-2025,C1006,Priya Nair,Delhi,HOME & KITCHEN,Mixer Grinder,3,3468.92,15,Credit Card,Delivered
ORD204559,10-04-2025,C1505,Kavya Verma,Hyderabad,Clothing,Running Shoes,1,3203.74,0,UPI,Delivered
ORD200047,19-09-2025,C1506,Ananya Mehta,Bengaluru,Electronics,Wireless Earbuds,1,2610.9,0,UPI,Delivered
ORD201225,06-12-2025,C2019,Rahul Joshi, Mumbai ,Home & Kitchen,Bedsheet Set,3,1338.21,20,Credit Card,Delivered
ORD202006,12-08-2025,C1115,Meera Reddy,DELHI,Electronics,Power Bank,2,1318.37,15,Net Banking,Cancelled
ORD203962,30-08-2025,C1467,Priya Patel,Bengaluru,Home & Kitchen,Water Bottle,1,429.32,0,UPI,Returned
ORD204160,30-03-2025,C1544,Neha Verma,Pune,Clothing,Running Shoes,3,3116.77,5,UPI,Cancelled
ORD200986,29-08-2025,C1245,, Ahmedabad ,Home & Kitchen,Bedsheet Set,4,1310.27,5,Credit Card,Delivered
ORD200523,11-05-2025,C1068,Neha Joshi,Ahmedabad,Electronics,Smartwatch,1,,0,Credit Card,Delivered
ORD200461,01-03-2025,C2252,Pooja Singh,Pune,Clothing,Denim Jeans,1,1778.48,0,UPI,Returned
ORD203509,13-Aug-25,C1243,Diya Singh,Pune,ELECTRONICS,Bluetooth Speaker,-1,2151.32,,Debit Card,Delivered
ORD203664,31-01-2025,C1506,Ananya Mehta,Bengaluru,Beauty,Perfume,3,1521.34,0,Credit Card,Delivered
ORD201214,14-08-2025,C2368,Neha Kulkarni,mumbai,Electronics,Power Bank,1,1385.07,10,UPI,Delivered
ORD201418,29-11-2025,C1261,Aditya Nair, Mumbai ,Electronics,Bluetooth Speaker,1,2051.2,15,Debit Card,Cancelled
ORD204146,02-02-2025,C2063,Sneha Reddy,Chennai,Electronics,Power Bank,1,1397.8,0,Debit Card,Delivered
ORD204030,15-10-2025,C1124,,Pune,Electronics,USB-C Cable,2,396.67,0,UPI,Returned
ORD200063,03-Feb-25,C1274,Manish Kulkarni,Hyderabad,Clothing,Hoodie,1,1490.72,15,Debit Card,Delivered
ORD202344,07-10-2025,C1448,Sneha Mehta,Hyderabad,Clothing  ,Cotton T-Shirt,1,575,5,Net Banking,Delivered
ORD204015,21-02-2025,C1101,Meera Verma,Ahmedabad,Home & Kitchen,Mixer Grinder,3,0,15,UPI,Delivered
ORD203146,04-01-2025,C2371,Diya Kulkarni,Kolkata,Beauty,Moisturiser,2,481.92,0,UPI,Returned
ORD200677,15-03-2025,C1563,Neha Gupta,AHMEDABAD, Clothing ,Hoodie,2,1527.77,20,Debit Card,Delivered
ORD202542,09-29-2025,C2198,Neha Sharma,Bengaluru,Electronics,Wireless Earbuds,2,2694.18,10,Debit Card,Cancelled
ORD203214,27-03-2025,C1307,Arjun Mehta,Bengaluru  ,Electronics,Smartwatch,3,6260.17,20,UPI,Cancelled
ORD200442,08-Apr-25,C2299,Vikram Verma,Pune,Electronics,Power Bank,1,1368.38,0,UPI,Returned
ORD201554,12-12-2025,C1877,Isha Joshi,Kolkata,Electronics,Smartwatch,1,5749.77,0,Debit Card,Delivered
ORD202020,19-12-2025,C1697,Manish Gupta,Chennai,Home & Kitchen,Water Bottle,2,483.74,5,UPI,Delivered
ORD202211,11-Jan-25,C1985,Neha Singh,PUNE,Home & Kitchen,Mixer Grinder,4,3532.94,5,COD,Cancelled
ORD204348,31-08-2025,C2113,Isha Joshi,,Electronics,Power Bank,1,,5,Credit Card,Delivered
ORD204488,28-04-2025,C2091,Meera Mehta,Bengaluru,Beauty,Face Wash,1,239.94,20,Debit Card,Delivered
ORD203496,11-04-2025,C1468,Aarav Kulkarni,mumbai,Home & Kitchen,Cookware Set,1,2668.11,0,Net Banking,Returned
ORD201219,14-04-2025,C1824,Manish Mehta,Delhi,Electronics,Wireless Earbuds,1,2640.74,0,Credit Card,Delivered
ORD204399,20-01-2025,C1917,Neha Kulkarni,Kolkata,Clothing,Denim Jeans,1,1802.95,0,Debit Card,Delivered
ORD203619,04-Dec-25,C2156,Rohan Das, Chennai ,Clothing,Denim Jeans,1,1871.06,5,Debit Card,Delivered
ORD204948,10-11-2025,C1122,Riya Reddy,Ahmedabad,BEAUTY,Perfume,4,1684.71,0,Credit Card,Cancelled
ORD201608,02-09-2025,C1243,Diya Singh,Pune,electronics,Power Bank,1,1250.71,10,UPI,Delivered
ORD203402,08-09-2025,C2002,Diya Nair,mumbai,Clothing,Cap,4,367.15,0,UPI,Delivered
ORD200143,27-Apr-25,C2087,Sanjay Joshi,Pune, Books ,Data Science Primer,1,914.97,20,UPI,Returned
ORD202080,02-11-2025,C2258,Pooja Singh,Mumbai,Beauty,Perfume,1,1603.94,20,Credit Card,Delivered
ORD202350,15-06-2025,C2173,Riya Mehta,Delhi,BOOKS,Data Science Primer,4,941,0,UPI,Cancelled
ORD200453,26-12-2025,C1674,Ananya Gupta,Delhi,Beauty,Hair Dryer,4,1478.32,20,UPI,Delivered
ORD203398,19-05-2025,C1163,Sneha Singh,hyderabad,Electronics,Wireless Earbuds,2,2692.72,15,COD,Cancelled
ORD200035,17-10-2025,C1151,Manish Kulkarni,Delhi,Home & Kitchen,Cookware Set,4,2927.58,15,UPI,Cancelled
ORD203726,03-12-2025,C1390,Diya Reddy,Delhi,Books,Data Science Primer,2,866.89,0,COD,Delivered
ORD204078,22-11-2025,C1002,Kavya Gupta,Delhi,home & kitchen,Air Fryer,2,4990.24,0,UPI,Delivered
ORD200720,19-Apr-25,C1561,Priya Nair,Mumbai,Beauty,Lipstick,3,383.04,0,UPI,Cancelled
ORD200919,05-09-2025,C2192,Diya Gupta,Mumbai,Home & Kitchen,Bedsheet Set,3,1310.72,0,Credit Card,Delivered
ORD201017,10-Dec-25,C2380,Aditya Patel,Chennai,Home & Kitchen,Bedsheet Set,1,1259.01,0,COD,Returned
ORD202178,11-08-2025,C1207,Rahul Verma,Bengaluru,CLOTHING,Cotton T-Shirt,1,588.99,0,Debit Card,Delivered
ORD203738,16-04-2025,C1240,Priya Patel,PUNE,Books,Novel,2,349.73,0,COD,Delivered
ORD203801,28-09-2025,C1473,Meera Patel, Pune ,Electronics,Bluetooth Speaker,2,2135.92,0,COD,Delivered
ORD200007,17-10-2025,C1134,Diya Sharma,Mumbai,Home & Kitchen,Cookware Set,3,2885.8,0,COD,Returned
ORD204404,10-10-2025,C1874,Arjun Gupta,Chennai,Home & Kitchen,Air Fryer,4,5026.04,10,Credit Card,Delivered
ORD201877,15-Jan-25,C1337,Sanjay Patel,Pune,Electronics,Power Bank,2,1401.18,0,UPI,Delivered
ORD202164,12-09-2025,C1578,Kavya Mehta,Hyderabad,Books,Exam Guide,3,515.87,0,UPI,Delivered
ORD201570,24-Oct-25,C2153,Vikram Das,mumbai,Electronics,Smartwatch,1,5735.75,20,Debit Card,Delivered
ORD202126,07-Oct-25,C1552,Vivaan Nair,Bengaluru,Home & Kitchen,Cookware Set,1,2866.71,0,UPI,Delivered
ORD200548,14-12-2025,C2176,Sanjay Joshi,Chennai,Electronics,Power Bank,2,1318.09,0,Credit Card,Cancelled
ORD202221,09-Jun-25,C1269,Priya Sharma,Bengaluru,Home & Kitchen,Cookware Set,1,2758.22,0,Credit Card,Delivered
ORD200547,21-01-2025,C1690,Kavya Singh,,electronics,Wireless Earbuds,1,2631.04,20,Debit Card,Delivered
ORD203630,14-12-2025,C1684,Sneha Singh,Mumbai,BEAUTY,Lipstick,2,380.57,20,Debit Card,Cancelled
ORD204903,27-04-2025,C2012,Arjun Reddy,Ahmedabad,Electronics,USB-C Cable,1,380.23,20,UPI,Delivered
ORD201689,18-Oct-25,C2003,Riya Mehta,Hyderabad  ,Books,Exam Guide,2,490.37,10,UPI,Returned
ORD202854,27-01-2025,C1831,Diya Iyer,Hyderabad,Clothing,Running Shoes,1,2890.28,5,Net Banking,Delivered
ORD202987,06-12-2025,C1462,Rohan Iyer,Bengaluru,Home & Kitchen,Bedsheet Set,3,1315.33,0,Credit Card,Returned
ORD200052,01-12-2025,C1379,Sanjay Joshi,Chennai,Beauty,Lipstick,2,409.54,0,Net Banking,Delivered
ORD201247,26-12-2025,C1687,Manish Kulkarni,Hyderabad,Beauty,Hair Dryer,3,1495.82,0,Credit Card,Delivered
ORD202158,22-08-2025,C1632,Aditya Nair,Pune,Clothing,Denim Jeans,2,1834.34,10,UPI,Delivered
ORD200237,08-01-2025,C2018,Aditya Das,Chennai,Clothing,Hoodie,1,1477.29,20,UPI,Delivered
ORD202299,18-12-2025,C1392,Isha Das,Kolkata,Home & Kitchen,Bedsheet Set,1,1306.35,0,COD,Delivered
ORD200259,21-08-2025,C2370,Sneha Nair,Ahmedabad,Electronics,USB-C Cable,2,414.16,,UPI,Delivered
ORD204191,16-03-2025,C1289,Vikram Singh,Mumbai,Electronics,Smartwatch,1,5811.12,5,UPI,Cancelled
ORD204695,02-Aug-25,C1969,Rahul Joshi,Chennai,Home & Kitchen,Air Fryer,2,4774.49,0,COD,Delivered
ORD204141,08-04-2025,C1649,Riya Kulkarni,Bengaluru,ELECTRONICS,Bluetooth Speaker,4,,5,UPI,Delivered
ORD200727,08-05-2025,C1225,Sanjay Verma,Delhi,beauty,Lipstick,2,386.47,0,UPI,Delivered
ORD203746,08-02-2025,C1225,Sanjay Verma,Delhi,Home & Kitchen,Cookware Set,1,2803.92,20,Debit Card,Delivered
ORD200970,06-12-2025,C1963,Vivaan Nair,Kolkata,Electronics,Bluetooth Speaker,1,2014.77,20,UPI,Delivered
ORD203048,25-01-2025,C1199,Kavya Joshi,ahmedabad,Clothing,Running Shoes,3,2860.98,5,Net Banking,Delivered
ORD203835,16-09-2025,C2117,Rahul Iyer,Bengaluru,clothing,Running Shoes,4,0,10,UPI,Delivered
ORD200952,21-09-2025,C1916,Kavya Verma,Delhi,Books,Data Science Primer,2,873.71,0,COD,Delivered
ORD200817,11-07-2025,C1034,Aditya Mehta,Mumbai, Books ,Comics Set,1,797.86,0,UPI,Cancelled
ORD204518,25-Jan-25,C1295,Rohan Mehta,Kolkata,Beauty,Hair Dryer,4,1563.66,20,Net Banking,Returned
ORD200190,05-08-2025,C1472,Diya Das,Delhi,Electronics,Power Bank,1,,15,UPI,Delivered
ORD202531,07-12-2025,C1777,Vivaan Singh,Pune,Beauty,Lipstick,1,411.87,20,UPI,Cancelled
ORD201751,08-05-2025,C1640,Karan Sharma,Hyderabad,Clothing,Cotton T-Shirt,2,597.22,20,UPI,Delivered
ORD201018,11-07-2025,C1543,Neha Reddy,Kolkata,Electronics,Power Bank,2,1397.43,0,Credit Card,Delivered
ORD202262,20-09-2025,C2274,Vivaan Gupta,Delhi,Beauty,Perfume,1,1643.61,0,UPI,Delivered
ORD203797,04-12-2025,C1069,Meera Das,mumbai,Beauty,Face Wash,2,253.03,0,COD,Returned
ORD204961,19-06-2025,C1521,Manish Kulkarni,Bengaluru,books,Novel,2,,0,UPI,Returned
ORD203505,25-03-2025,C1768,Manish Kulkarni,Mumbai,Electronics,USB-C Cable,3,401.11,10,Credit Card,Delivered
ORD200502,08-01-2025,C1831,Diya Iyer,Hyderabad,Clothing,Cap,4,372.2,0,UPI,Returned
ORD200681,30-Mar-25,C2315,Rohan Kulkarni,Bengaluru,Home & Kitchen,Cookware Set,2,2790.13,20,Debit Card,Delivered
ORD203624,06-04-2025,C2336,Aditya Gupta,Chennai,Clothing,Running Shoes,1,3097.31,20,Credit Card,Delivered
ORD204556,04-11-2025,C1089,Manish Das,Delhi,Home & Kitchen,Air Fryer,1,4814.96,20,UPI,Cancelled
ORD202953,05-08-2025,C1603,Karan Nair,Delhi,Clothing,Denim Jeans,2,1845.2,15,Credit Card,Delivered
ORD204322,01-12-2025,C1859,Pooja Das,Chennai,Home & Kitchen,Cookware Set,1,3019.56,15,UPI,Delivered
ORD203864,12-06-2025,C1183,Priya Iyer,kolkata,Clothing,Running Shoes,1,3209.61,15,UPI,Cancelled
ORD202764,21-12-2025,C1980,Priya Das,MUMBAI,Electronics,Smartwatch,2,5972.1,0,Net Banking,Delivered
ORD202569,06-07-2025,C1100,Rahul Singh,Bengaluru,Home & Kitchen,Cookware Set,4,2980.43,0,UPI,Delivered
ORD204145,05-07-2025,C1415,Riya Kulkarni,MUMBAI,Electronics,Power Bank,3,1338.77,0,UPI,Cancelled
ORD201484,08-28-2025,C1561,Priya Nair,Mumbai, Electronics ,Smartwatch,2,5733.71,10,UPI,Cancelled
ORD200127,28-10-2025,C1820,Manish Patel, Chennai ,Clothing,Running Shoes,2,2867.88,0,UPI,Delivered
ORD201266,02-04-2025,C1668,Aditya Das,Delhi,Home & Kitchen,Bedsheet Set,4,1329.48,20,UPI,Delivered
ORD202916,03-12-2025,C1043,Neha Das,Bengaluru,Home & Kitchen,Air Fryer,1,5352.43,15,UPI,Delivered
ORD203187,29-06-2025,C1087,Kavya Verma, Delhi ,BOOKS,Comics Set,3,788.74,0,COD,Delivered
ORD203880,13-03-2025,C1528,Priya Gupta,ahmedabad,Home & Kitchen,Air Fryer,2,5379.37,10,UPI,Delivered
ORD202736,05-21-2025,C2226,,Hyderabad,Beauty,Hair Dryer,1,1610.33,10,UPI,Returned
ORD202327,04-11-2025,C1176,Vikram Verma,Bengaluru,Electronics,Bluetooth Speaker,2,1980.84,0,COD,Returned
ORD201870,21-11-2025,C1902,Isha Joshi,Pune,Beauty,Perfume,1,1625.92,0,COD,Delivered
ORD201284,16-10-2025,C1212,Isha Mehta,Bengaluru,Clothing,Running Shoes,1,3183.17,5,Debit Card,Delivered
ORD202551,21-08-2025,C1689,Riya Mehta, Kolkata ,Clothing,Hoodie,1,1597.52,20,UPI,Returned
ORD202222,19-03-2025,C1185,Isha Nair,delhi,Electronics,Wireless Earbuds,2,2506.92,0,UPI,Returned
ORD203586,23-07-2025,C1073,Meera Patel,Pune,Beauty,Hair Dryer,2,1509.03,0,Credit Card,Delivered
ORD204854,31-07-2025,C1564,Aarav Reddy,BENGALURU,Electronics,Power Bank,1,1238.8,0,Net Banking,Delivered
ORD203346,17-09-2025,C2086,Rahul Nair, Mumbai ,Clothing,Cap,1,370.47,20,COD,Cancelled
ORD204214,10-01-2025,C1233,Sanjay Joshi,Delhi,Books  ,Python Handbook,1,703.55,0,Credit Card,Delivered
ORD203516,08-05-2025,C1358,Riya Reddy,Delhi,Electronics,USB-C Cable,2,411.99,0,UPI,Delivered
ORD200786,23-02-2025,C2108,Priya Joshi,Mumbai,clothing,Running Shoes,2,3025.37,20,UPI,Delivered
ORD201226,11-12-2025,C1387,Neha Singh,Bengaluru,Books,Novel,1,370.81,0,UPI,Delivered
ORD202576,24-10-2025,C2248,,Mumbai,Electronics,Smartwatch,4,5832.68,10,UPI,Returned
ORD200109,23-01-2025,C1009,Aditya Singh,Pune  ,HOME & KITCHEN,Air Fryer,2,4906.59,0,Credit Card,Delivered
ORD202206,18-02-2025,C1297,Neha Verma,Delhi,Beauty,Moisturiser,2,459.74,15,UPI,Delivered
ORD200556,06-11-2025,C1592,Arjun Gupta,Bengaluru,Books,Exam Guide,1,494.27,0,COD,Delivered
ORD202619,25-07-2025,C2167,Isha Singh,MUMBAI,Clothing,Denim Jeans,3,1715.4,20,UPI,Delivered
ORD201118,28-12-2025,C1939,Aditya Joshi,mumbai,Beauty,Perfume,4,1549.82,20,UPI,Delivered
ORD201101,11-11-2025,C1959,Pooja Kulkarni,Delhi,Beauty,Face Wash,1,250.28,5,UPI,Delivered
ORD202240,17-06-2025,C1775,Vikram Das,kolkata,Books  ,Novel,1,334.74,0,COD,Cancelled
ORD200309,29-04-2025,C1644,Priya Sharma,Delhi,Clothing,Denim Jeans,2,1897.24,15,Credit Card,Delivered
ORD201160,03-12-2025,C1425,Pooja Gupta,Chennai,beauty,Lipstick,1,389.36,0,Debit Card,Delivered
ORD204710,14-08-2025,C1775,Vikram Das,Kolkata,Clothing,Running Shoes,1,2881.3,20,Credit Card,Cancelled
ORD203708,26-12-2025,C1436,Vikram Patel,Ahmedabad,beauty,Moisturiser,1,445.55,5,Net Banking,Returned
ORD204786,10-11-2025,C1766,Isha Kulkarni,Delhi,Beauty,Hair Dryer,3,1543.14,10,Credit Card,Cancelled
ORD200712,08-03-2025,C1704,Sanjay Joshi,Hyderabad,Books,Novel,2,344.46,15,COD,Delivered
ORD203920,07-06-2025,C2253,Isha Das,Delhi,Home & Kitchen,Water Bottle,4,481.38,15,Debit Card,Delivered
ORD204104,03-06-2025,C1772,Vivaan Kulkarni,Kolkata,Clothing,Denim Jeans,2,1941.34,0,UPI,Delivered
ORD204731,26-01-2025,C2147,Sneha Reddy,Bengaluru,Books,Novel,1,369.1,5,Credit Card,Delivered
ORD201220,13-11-2025,C2193,Arjun Joshi,Ahmedabad,Home & Kitchen,Cookware Set,4,2672.54,0,UPI,Delivered
ORD203353,25-12-2025,C1674,Ananya Gupta,Delhi,Electronics,Wireless Earbuds,4,2669.53,,UPI,Delivered
ORD200572,26-12-2025,C2308,Diya Patel,Chennai,Clothing,Denim Jeans,4,1909.55,20,UPI,Delivered
ORD204027,28-12-2025,C2199,Priya Nair,Mumbai,Clothing,Hoodie,2,1533.71,0,UPI,Delivered
ORD201471,29-06-2025,C1131,Aarav Kulkarni,chennai,Electronics,Wireless Earbuds,2,2379.56,5,UPI,Delivered
ORD200364,26-08-2025,C1329,Sneha Das,Pune,Electronics,Smartwatch,1,6010.84,15,UPI,Delivered
ORD204621,24-07-2025,C1428,Arjun Patel,Mumbai,Electronics,Power Bank,3,1390.06,10,UPI,Delivered
ORD204878,19-10-2025,C1988,Karan Das,Bengaluru,Beauty,Face Wash,1,245.25,0,Net Banking,Cancelled
ORD200516,17-01-2025,C1844,Arjun Kulkarni,Chennai,Books,Exam Guide,1,511.47,0,UPI,Delivered
ORD201587,16-11-2025,C1920,Isha Mehta,Hyderabad,books,Novel,3,370.8,0,Net Banking,Delivered
ORD204515,31-07-2025,C2200,,Bengaluru,Clothing,Cotton T-Shirt,1,635.26,0,UPI,Delivered
ORD202015,31-Aug-25,C1526,Vivaan Sharma, Hyderabad ,Electronics,Wireless Earbuds,1,2509.13,15,Credit Card,Delivered
ORD202806,08-09-2025,C2103,Kavya Singh, Delhi ,Electronics,Power Bank,1,1252.75,0,UPI,Delivered
ORD204633,03-08-2025,C1565,Isha Nair,Bengaluru,home & kitchen,Bedsheet Set,1,1333.51,0,Debit Card,Delivered
ORD201662,04-07-2025,C1631,Riya Gupta,Kolkata,Beauty,Moisturiser,2,431.1,15,UPI,Delivered
ORD202187,06-06-2025,C1990,Kavya Reddy,Delhi,Home & Kitchen,Cookware Set,3,2994.44,0,COD,Cancelled
ORD203939,06-Feb-25,C1800,Kavya Iyer,Mumbai,Books,Python Handbook,1,734.25,15,UPI,Returned
ORD203314,11-Nov-25,C1309,Arjun Reddy,MUMBAI,Books,Python Handbook,1,714.61,0,Net Banking,Cancelled
ORD202833,28-02-2025,C1194,Meera Verma,,Clothing,Running Shoes,4,3055.72,0,Credit Card,Returned
ORD200674,27-10-2025,C1491,Pooja Mehta,Delhi,Books,Comics Set,1,797.79,15,Credit Card,Delivered
ORD200819,06-11-2025,C1522,Aarav Kulkarni,Bengaluru,Clothing,Hoodie,2,1591.32,0,Credit Card,Delivered
ORD203871,06-10-2025,C2353,Sanjay Iyer,Kolkata, Books ,Exam Guide,1,510.12,10,Credit Card,Cancelled
ORD200431,21-08-2025,C1893,Manish Iyer,Ahmedabad,Electronics,USB-C Cable,2,430.79,10,Credit Card,Returned
ORD204902,16-Jan-25,C1228,Aditya Joshi,Delhi,Books,Novel,2,339.36,0,Credit Card,Cancelled
ORD202729,12-12-2025,C2314,Sanjay Das,Hyderabad,Home & Kitchen,Cookware Set,1,2857.27,0,Net Banking,Delivered
ORD204409,13-06-2025,C1556,Aditya Sharma,MUMBAI,Electronics,Power Bank,2,1286.5,0,COD,Delivered
ORD200313,26-04-2025,C1238,Ananya Sharma,Pune,Clothing,Cap,1,366.51,10,UPI,Delivered
ORD204485,20-04-2025,C1894,Sneha Mehta,Delhi,Electronics,Power Bank,1,1378.71,10,COD,Delivered
ORD202988,03-06-2025,C1530,Isha Mehta,Delhi,Clothing,Denim Jeans,2,1854.89,150,Debit Card,Returned
ORD200826,09-Dec-25,C2316,Manish Mehta,Mumbai,Books,Python Handbook,4,673.72,10,UPI,Cancelled
ORD203745,29-11-2025,C1275,Priya Reddy,Delhi,Books,Comics Set,1,786.93,0,UPI,Delivered
ORD200060,13-02-2025,C2353,Sanjay Iyer,Kolkata,Electronics,Bluetooth Speaker,3,1953.23,0,Net Banking,Delivered
ORD200682,18-Mar-25,C1858,Vikram Nair,Mumbai, Books ,Python Handbook,2,728.77,0,Debit Card,Cancelled
ORD202781,01-10-2025,C1598,Priya Reddy,Kolkata,Clothing,Running Shoes,1,2999.51,0,Debit Card,Cancelled
ORD204856,23-07-2025,C1375,Manish Nair,Mumbai,Home & Kitchen,Air Fryer,4,5228.59,15,COD,Delivered
ORD202324,28-10-2025,C2328,Pooja Nair,ahmedabad, Clothing ,Hoodie,2,1489.18,0,COD,Delivered
ORD203484,05-10-2025,C1868,Rahul Mehta,Pune,Clothing,Denim Jeans,2,1849.17,20,UPI,Returned
ORD200299,26-12-2025,C1222,Aarav Mehta,Kolkata,Home & Kitchen,Bedsheet Set,1,1261.06,15,Credit Card,Cancelled
ORD202768,24-11-2025,C1914,Sanjay Das,mumbai,Electronics,Bluetooth Speaker,1,0,0,UPI,Returned
ORD201152,26-09-2025,C1842,Neha Reddy,Delhi,Home & Kitchen,Cookware Set,3,2714.42,5,Credit Card,Returned
ORD200889,15-08-2025,C2373,Aditya Reddy, Chennai ,Books,Exam Guide,1,520.11,0,Credit Card,Delivered
ORD202056,18-08-2025,C1310,Isha Singh,Mumbai,Beauty,Hair Dryer,3,1442.9,10,Credit Card,Returned
ORD201335,07-06-2025,C1294,Aarav Nair,Kolkata,Beauty,Face Wash,2,253.25,0,UPI,Delivered
ORD200644,16-08-2025,C2393,Vivaan Joshi,Pune,Home & Kitchen,Air Fryer,4,,5,Net Banking,Cancelled
ORD202321,25-Sep-25,C2150,Arjun Mehta,pune,Beauty,Face Wash,1,253.2,0,upi,Delivered
ORD200526,22-03-2025,C1760,Diya Sharma,Chennai,CLOTHING,Hoodie,2,1609.65,15,UPI,Delivered
ORD202949,04-02-2025,C2028,Ananya Singh,Bengaluru,Electronics,Smartwatch,1,5985.95,0,Credit Card,Delivered
ORD202732,22-Sep-25,C1084,Vikram Das,Kolkata,home & kitchen,Bedsheet Set,4,1335.73,0,Net Banking,Delivered
ORD204003,20-11-2025,C1185,Isha Nair,DELHI,Electronics,Wireless Earbuds,3,2473.33,10,Debit Card,Returned
ORD200054,21-Apr-25,C1115,Meera Reddy,Delhi,Beauty,Perfume,4,1608.13,20,COD,Delivered
ORD204715,19-Dec-25,C1369,Riya Gupta,Mumbai,Home & Kitchen,Water Bottle,2,481.69,5,Credit Card,Delivered
ORD200049,14-Nov-25,C2041,Sneha Joshi,Mumbai,Electronics,Bluetooth Speaker,3,2123.55,5,Debit Card,Delivered
ORD200766,06-10-2025,C2269,Isha Reddy,KOLKATA,Beauty,Lipstick,3,403.85,0,UPI,Delivered
ORD203036,14-06-2025,C2082,Manish Kulkarni,Chennai,electronics,Wireless Earbuds,3,2375.37,10,COD,Delivered
ORD202156,02-11-2025,C2267,Rohan Mehta,hyderabad,Clothing,Denim Jeans,2,1813.29,20,Net Banking,Delivered
ORD203593,17-03-2025,C1589,Manish Kulkarni,Hyderabad,Books,Novel,2,336.16,0,UPI,Delivered
ORD203622,09-01-2025,C2066,Vivaan Sharma,Bengaluru,ELECTRONICS,Power Bank,2,1285.36,5,Net Banking,Returned
ORD202070,17-03-2025,C2384,Aditya Nair,Bengaluru,Clothing,Hoodie,2,1475.97,0,COD,Delivered
ORD204526,06-10-2025,C1935,Vikram Patel,Delhi, Home & Kitchen ,Mixer Grinder,3,3339.03,0,Debit Card,Cancelled
ORD200376,08-06-2025,C2160,Riya Gupta,bengaluru,Home & Kitchen,Mixer Grinder,3,3139.02,15,Debit Card,Delivered
ORD200736,16-05-2025,C1026,Vikram Singh,MUMBAI,BEAUTY,Moisturiser,1,430.96,0,Credit Card,Delivered
ORD200594,26-12-2025,C1450,Vivaan Sharma,Delhi,Clothing,Denim Jeans,1,1856.28,0,UPI,Delivered
ORD200348,10-11-2025,C1799,Aditya Mehta,Pune,books,Novel,1,366.35,15,COD,Delivered
ORD202253,16-07-2025,C1238,Ananya Sharma,Pune,Clothing,Cap,3,358.16,15,UPI,Cancelled
ORD204189,19-Mar-25,C1404,Ananya Das,delhi,Beauty,Face Wash,4,261.28,15,UPI,Delivered
ORD202855,03-10-2025,C2099,Isha Sharma,Kolkata,Electronics,Power Bank,1,1338.68,0,Net Banking,Delivered
ORD201248,12-Jun-25,C1178,Sneha Reddy,Mumbai,Electronics,Wireless Earbuds,2,2457.11,20,UPI,Delivered
ORD204941,19-Aug-25,C1279,Karan Patel,Kolkata, Clothing ,Hoodie,3,1601.83,15,Net Banking,Delivered
ORD200640,20-10-2025,C1860,Neha Gupta,Chennai,Clothing,Running Shoes,2,2971.73,0,Credit Card,Delivered
ORD204589,18-Aug-25,C2116,Neha Patel,delhi,Electronics,Smartwatch,1,5705.69,15,UPI,Delivered
ORD204402,09-06-2025,C2054,Karan Sharma,Mumbai  ,Home & Kitchen,Cookware Set,2,3021.26,5,Debit Card,Delivered
ORD201299,14-10-2025,C2392,Aditya Mehta, Bengaluru ,Clothing,Running Shoes,2,3009.63,0,Net Banking,Returned
ORD204034,24-10-2025,C1397,Sneha Iyer,Delhi,Clothing,Cotton T-Shirt,2,622.46,0,Credit Card,Cancelled
ORD204095,21-04-2025,C1686,Isha Patel,Delhi,Clothing,Cotton T-Shirt,4,636.37,20,UPI,Delivered
ORD204231,08-07-2025,C1838,Priya Singh,Hyderabad,Home & Kitchen,Mixer Grinder,1,3224.59,0,Debit Card,Delivered
ORD200935,17-06-2025,C1060,Manish Nair,Mumbai,CLOTHING,Denim Jeans,1,1721.63,0,Net Banking,Delivered
ORD201714,25-07-2025,C2238,Ananya Mehta,Mumbai,Beauty,Perfume,1,1580.05,10,Debit Card,Returned
ORD202304,15-06-2025,C1705,Kavya Joshi, Kolkata , Electronics ,USB-C Cable,3,399.04,15,UPI,Cancelled
ORD204704,23-02-2025,C1103,Kavya Singh, Mumbai , Clothing ,Cotton T-Shirt,1,572.22,0,Credit Card,Delivered
ORD203147,16-04-2025,C1599,Sneha Gupta,Ahmedabad,Clothing,Running Shoes,2,2973.87,15,Debit Card,Delivered
ORD204771,18-11-2025,C1897,Priya Das,Kolkata,Electronics,Power Bank,1,1342.09,15,UPI,Delivered
ORD203052,29-08-2025,C1064,Rahul Nair,Bengaluru,Electronics,Bluetooth Speaker,3,2004.39,10,Net Banking,Cancelled
ORD202446,22-03-2025,C2004,Vivaan Iyer,delhi,Electronics,Power Bank,-1,1305.07,15,UPI,Delivered
ORD200707,02-10-2025,C2022,Diya Patel,pune,Home & Kitchen,Cookware Set,4,2807.86,5,UPI,Delivered
ORD204512,08-12-2025,C1406,Kavya Mehta,Mumbai,Home & Kitchen,Air Fryer,1,5143.62,10,UPI,Delivered
ORD200653,22-10-2025,C2322,Aditya Nair,Bengaluru,Clothing,Hoodie,3,1495.27,5,COD,Delivered
ORD203003,14-02-2025,C1620,Sanjay Patel,Bengaluru,Home & Kitchen,Air Fryer,2,5058.53,0,Credit Card,Delivered
ORD204313,07-10-2025,C1274,Manish Kulkarni,Hyderabad,Clothing,Cap,2,358.14,20,Credit Card,Returned
ORD200417,18-08-2025,C1576,Karan Mehta,Chennai,Books,Exam Guide,3,510.2,,Credit Card,Delivered
ORD202857,04-13-2025,C1565,Isha Nair,Bengaluru,Electronics,USB-C Cable,1,400.12,5,,Delivered
ORD201039,01-02-2025,C1426,Sanjay Verma,Delhi,Electronics,Bluetooth Speaker,2,1939.82,,UPI,Delivered
ORD200130,04-03-2025,C1455,Vikram Gupta,Bengaluru,Electronics,Wireless Earbuds,3,2581.74,0,UPI,Returned
ORD200847,22-04-2025,C1433,Neha Nair,Mumbai,home & kitchen,Air Fryer,4,4848.47,10,Debit Card,Delivered
ORD201149,07-09-2025,C1642,Manish Kulkarni,Kolkata,BEAUTY,Face Wash,2,244.07,0,Debit Card,Delivered
ORD203911,06-08-2025,C1412,Vikram Iyer,Chennai,HOME & KITCHEN,Mixer Grinder,1,3218.49,5,UPI,Cancelled
ORD202992,30-06-2025,C2388,Neha Singh,Ahmedabad,Home & Kitchen,Water Bottle,2,440.25,20,UPI,Cancelled
ORD204120,19-04-2025,C1589,Manish Kulkarni,,Electronics,USB-C Cable,2,383.8,15,Credit Card,Delivered
ORD202631,01-Jun-25,C2353,Sanjay Iyer,Kolkata,Electronics,Wireless Earbuds,1,2575.96,20,UPI,Delivered
ORD202390,18-04-2025,C1106,Rohan Iyer,chennai,Electronics,Bluetooth Speaker,2,1971.37,15,Debit Card,Returned
ORD201889,21-12-2025,C1426,Sanjay Verma,Delhi,Beauty,Hair Dryer,4,1462.88,0,Debit Card,Delivered
ORD201527,11-17-2025,C1236,Riya Kulkarni,Delhi,Electronics,Smartwatch,1,5974.28,0,UPI,Delivered
ORD203868,16-03-2025,C1681,Rohan Sharma,Chennai,Clothing,Denim Jeans,2,1780.62,20,UPI,Cancelled
ORD202203,12-Nov-25,C1566,Neha Kulkarni,Delhi,Beauty,Lipstick,1,421.07,0,Debit Card,Returned
ORD204466,22-Jul-25,C1906,Riya Nair,Chennai,ELECTRONICS,USB-C Cable,2,421.62,0,Debit Card,Cancelled
ORD201022,21-Jun-25,C2066,Vivaan Sharma,Bengaluru,CLOTHING,Running Shoes,2,3116.86,15,UPI,Delivered
ORD200872,12-04-2025,C1352,Pooja Verma,Hyderabad,Clothing,Cap,2,376.31,5,UPI,Delivered
ORD201566,07-08-2025,C2266,Aarav Patel,Ahmedabad,Electronics,Bluetooth Speaker,1,1996.62,0,COD,Delivered
ORD200225,03-02-2025,C1567,Sneha Sharma,Pune,Electronics,Bluetooth Speaker,3,1964.02,5,UPI,Delivered
ORD203778,25-02-2025,C2277,Diya Sharma,Mumbai,HOME & KITCHEN,Mixer Grinder,1,3558.28,10,Net Banking,Delivered
ORD202928,09-05-2025,C1031,Ananya Singh,Ahmedabad,electronics,Wireless Earbuds,1,2407.39,0,Debit Card,Delivered
ORD204790,11-01-2025,C1850,Aarav Das,Chennai,Clothing,Hoodie,2,1457.7,5,UPI,Delivered
ORD201788,27-01-2025,C2251,Neha Iyer,Delhi,Electronics,Smartwatch,2,5743.86,20,COD,Returned
ORD200947,12-02-2025,C1089,Manish Das,Delhi,Clothing,Denim Jeans,1,1746.54,0,Debit Card,Delivered
ORD204620,11-08-2025,C1177,Pooja Reddy,Mumbai  ,Electronics,USB-C Cable,3,396.96,10,Net Banking,Delivered
ORD203701,09-04-2025,C1836,Kavya Joshi,Delhi,Clothing,Running Shoes,4,2985.14,20,UPI,Delivered
ORD203135,27-09-2025,C1303,Manish Iyer,Delhi,beauty,Perfume,1,1710.3,0,UPI,Returned
ORD201908,21-Dec-25,C2339,Neha Mehta,Chennai,Clothing,Hoodie,2,1434.37,0,Credit Card,Returned
ORD200067,03-01-2025,C2105,Kavya Das,Ahmedabad,Beauty,Hair Dryer,1,1438.02,0,Credit Card,Delivered
ORD201697,17-Mar-25,C1783,Diya Sharma,Bengaluru,Beauty,Hair Dryer,4,1445.24,10,Net Banking,Cancelled
ORD200721,02-11-2025,C1139,Meera Joshi,Bengaluru,Clothing,Hoodie,1,1476.93,5,UPI,Delivered
ORD204241,10-09-2025,C1612,Neha Verma,ahmedabad,Beauty,Moisturiser,4,427.05,0,UPI,Returned
ORD203092,06-10-2025,C1488,Arjun Verma,Delhi,Electronics,Power Bank,2,1329.68,20,Net Banking,Returned
ORD202571,25-04-2025,C2214,Sanjay Kulkarni,Bengaluru,Electronics,USB-C Cable,1,395.95,15,Credit Card,Delivered
ORD204138,28-Apr-25,C1939,Aditya Joshi,,Clothing,Cap,2,372.86,10,Net Banking,Delivered
ORD200171,15-07-2025,C2258,Pooja Singh,Mumbai,Clothing,Cotton T-Shirt,3,618.03,10,UPI,Returned
ORD203676,22-10-2025,C1622,Meera Gupta,Mumbai,electronics,Power Bank,1,1307.12,20,Credit Card,Delivered
ORD201895,06-Oct-25,C2349,Aarav Verma,Pune,Clothing  ,Running Shoes,4,2856.8,5,UPI,Delivered
ORD200055,11-21-2025,C1197,Riya Kulkarni,Chennai,Electronics,Smartwatch,1,6453.6,0,Credit Card,Cancelled
ORD204234,20-09-2025,C1958,Meera Das,Bengaluru,Books,Novel,4,373.75,0,UPI,Delivered
ORD202856,10-08-2025,C1722,Manish Mehta,Pune,Home & Kitchen,Mixer Grinder,4,3470.73,5,UPI,Delivered
ORD200449,26-11-2025,C2379,Ananya Verma,Bengaluru, Home & Kitchen ,Cookware Set,1,2673.14,0,Debit Card,Delivered
ORD201997,01-08-2025,C1953,Neha Singh,Ahmedabad  ,Books,Comics Set,1,810.6,15,upi,Returned
ORD202594,07-05-2025,C1972,Vikram Patel,Mumbai,CLOTHING,Cap,2,372.49,0,UPI,Delivered
ORD203397,19-01-2025,C2235,Neha Nair,Bengaluru,Clothing,Cap,2,334.73,,UPI,Delivered
ORD200988,30-10-2025,C1070,Pooja Das,hyderabad,Electronics,Power Bank,4,1375.96,0,Credit Card,Delivered
ORD200969,01-12-2025,C2266,Aarav Patel,Ahmedabad,Home & Kitchen,Water Bottle,1,461.49,0,UPI,Delivered
ORD200136,12-03-2025,C2323,Riya Reddy,Kolkata,Clothing  ,Cotton T-Shirt,2,598.6,15,UPI,Cancelled
ORD201896,07-08-2025,C1990,Kavya Reddy,Delhi,Electronics,Bluetooth Speaker,1,1928.31,10,UPI,Delivered
ORD200174,08-10-2025,C1475,Riya Joshi,Bengaluru,Beauty,Lipstick,2,385.95,5,Net Banking,Returned
ORD202302,03-09-2025,C1600,Aarav Das,MUMBAI,Clothing,Running Shoes,1,3139.31,,UPI,Delivered
ORD203205,08-18-2025,C1313,Pooja Sharma,Hyderabad, Electronics ,USB-C Cable,1,413.06,0,UPI,Delivered
ORD204898,08-Feb-25,C2069,Pooja Singh,Delhi,Beauty  ,Moisturiser,3,448.68,15,Net Banking,Delivered
ORD200444,27-08-2025,C2377,Diya Nair,Chennai,home & kitchen,Mixer Grinder,1,3172.56,20,Debit Card,Delivered
ORD201827,17-03-2025,C2065,Arjun Kulkarni,Hyderabad  ,Clothing,Hoodie,3,1609.38,0,Debit Card,Delivered
ORD202885,14-10-2025,C2057,Karan Joshi,Hyderabad, Books ,Novel,4,340.37,20,Credit Card,Returned
ORD201581,27-Dec-25,C1335,Isha Mehta, Delhi ,electronics,Power Bank,2,1385.58,20,Credit Card,Delivered
ORD200089,05-09-2025,C2040,Vivaan Gupta,Hyderabad,Home & Kitchen,Mixer Grinder,3,3401.32,20,Credit Card,Cancelled
ORD200794,31-Jul-25,C1330,Diya Kulkarni,Delhi,Home & Kitchen,Mixer Grinder,1,3484.21,10,Credit Card,Cancelled
ORD202048,09-04-2025,C1210,,Hyderabad,Home & Kitchen,Water Bottle,1,451.23,0,UPI,Delivered
ORD202177,17-09-2025,C1316,Neha Iyer,Mumbai,Home & Kitchen,Mixer Grinder,1,3202.78,0,UPI,Returned
ORD201029,16-08-2025,C2300,Neha Singh,Mumbai,Electronics,USB-C Cable,3,427.05,0,UPI,Returned
ORD203414,26-12-2025,C1503,Vivaan Kulkarni,Ahmedabad,Beauty,Face Wash,2,254.63,20,UPI,Delivered
ORD203953,02-Apr-25,C1809,Priya Kulkarni,Mumbai,Electronics,Wireless Earbuds,1,2554.3,0,UPI,Returned
ORD201329,10-05-2025,C1781,Diya Sharma,Delhi,Clothing,Hoodie,1,1521.97,0,COD,Returned
ORD203173,02-04-2025,C1502,Priya Singh,Delhi, Clothing ,Hoodie,1,1565.64,20,COD,Delivered
ORD203124,07-07-2025,C1541,Arjun Kulkarni, Chennai ,Clothing  ,Cotton T-Shirt,3,639.51,15,UPI,Delivered
ORD200039,09-05-2025,C1448,Sneha Mehta,Hyderabad,CLOTHING,Cotton T-Shirt,1,596.33,0,UPI,Returned
ORD200943,15-04-2025,C1520,Manish Gupta,Chennai,Electronics,Smartwatch,3,6196.98,20,Debit Card,Delivered
ORD203600,06-12-2025,C2177,Arjun Kulkarni,PUNE,Home & Kitchen,Water Bottle,2,482.74,,UPI,Returned
ORD200665,02-09-2025,C1472,Diya Das,Delhi,Beauty,Hair Dryer,1,1591.78,20,UPI,Cancelled
ORD204011,30-10-2025,C1000,Rahul Kulkarni,Kolkata,Clothing,Denim Jeans,4,1772.62,0,Credit Card,Returned
ORD200452,04-07-2025,C2033,Rohan Patel,Mumbai,Books,Novel,3,339.96,5,Credit Card,Delivered
ORD201684,24-10-2025,C1280,Priya Joshi,Chennai,Home & Kitchen,Water Bottle,3,475.44,20,UPI,Delivered
ORD201148,11-01-2025,C2000,Priya Das,Mumbai,Home & Kitchen,Air Fryer,2,4982.2,15,COD,Returned
ORD204273,12-10-2025,C2028,Ananya Singh,bengaluru,Clothing,Cap,1,0,0,Credit Card,Cancelled
ORD202184,03-12-2025,C2279,Aarav Das,Delhi,Clothing,Cotton T-Shirt,2,603.27,5,Credit Card,Delivered
ORD200336,21-10-2025,C1816,Pooja Nair,Bengaluru,Books,Exam Guide,4,475.78,0,Credit Card,Cancelled
ORD202166,11-06-2025,C1045,Rohan Kulkarni,Mumbai,ELECTRONICS,Smartwatch,4,6259.76,5,Credit Card,Cancelled
ORD204714,02-02-2025,C1756,Manish Kulkarni,Mumbai,Electronics,Bluetooth Speaker,4,2045.74,15,Debit Card,Delivered
ORD202977,18-11-2025,C1634,Manish Singh,Chennai,Clothing,Hoodie,4,1471.5,0,COD,Delivered
ORD201600,04-10-2025,C2147,Sneha Reddy,Bengaluru,Clothing,Denim Jeans,1,1873.36,15,UPI,Cancelled
ORD201641,25-09-2025,C1080,Isha Sharma,Bengaluru,Electronics,Bluetooth Speaker,1,2083.85,0,Credit Card,Returned
ORD200351,30-11-2025,C1098,Aditya Sharma,Mumbai,Books,Exam Guide,1,485.91,15,UPI,Returned
ORD200624,28-Oct-25,C1741,Rohan Joshi,Delhi  ,Clothing,Running Shoes,4,3085.99,0,Credit Card,Delivered
ORD204657,31-12-2025,C1209,Diya Das,Mumbai,Books,Comics Set,1,796,15,Credit Card,Delivered
ORD202183,04-10-2025,C1628,Vikram Reddy,Hyderabad,Electronics,Power Bank,3,1355.05,5,Debit Card,Delivered
ORD202508,01-05-2025,C1809,Priya Kulkarni,Mumbai,ELECTRONICS,Wireless Earbuds,2,2594.89,0,UPI,Returned
ORD202089,19-04-2025,C1008,Neha Kulkarni, Pune ,Books,Novel,1,333.35,20,Credit Card,Cancelled
ORD200358,27-03-2025,C1393,Ananya Verma,Mumbai,clothing,Running Shoes,1,2906.03,10,UPI,Delivered
ORD201321,09-08-2025,C2328,Pooja Nair,Ahmedabad,Electronics,Wireless Earbuds,2,2508.21,5,Net Banking,Delivered
ORD201613,11-29-2025,C1099,Diya Reddy,Bengaluru,Beauty,Hair Dryer,4,1544.52,0,Credit Card,Delivered
ORD201856,16-03-2025,C2111,Manish Singh,,Beauty,Moisturiser,1,467.62,0,UPI,Delivered
ORD201525,14-11-2025,C1409,Priya Iyer,Bengaluru,Electronics,Wireless Earbuds,4,2402.5,10,Credit Card,Delivered
ORD201434,06-09-2025,C1347,Riya Singh,Mumbai,Electronics,Wireless Earbuds,3,2677.77,0,COD,Returned
ORD204849,31-Oct-25,C1885,Sneha Iyer,Mumbai,Beauty,Face Wash,1,245.76,,Debit Card,Delivered
ORD204967,06-10-2025,C2191,Rahul Sharma,Hyderabad,Clothing,Running Shoes,1,3142.01,0,Net Banking,Delivered
ORD204889,10-10-2025,C1217,Rohan Mehta,Mumbai,BEAUTY,Moisturiser,2,439.54,20,upi,Delivered
ORD201419,31-10-2025,C2147,Sneha Reddy,Bengaluru,Electronics,Power Bank,1,1264.78,0,Credit Card,Cancelled
ORD201702,08-02-2025,C1533,Diya Singh,Mumbai,Electronics,USB-C Cable,1,385.21,20,UPI,Delivered
ORD202649,30-08-2025,C1471,Ananya Gupta, Hyderabad ,Home & Kitchen,Mixer Grinder,4,3470.44,0,Credit Card,Delivered
ORD203758,26-06-2025,C1669,Rahul Verma,Bengaluru,Clothing,Running Shoes,2,3096.41,0,Net Banking,Delivered
ORD200776,26-04-2025,C1539,Manish Mehta,ahmedabad,Clothing,Denim Jeans,4,1735.92,15,UPI,Delivered
ORD202575,08-04-2025,C1993,Diya Patel,Delhi,Electronics,Wireless Earbuds,4,2685.75,0,COD,Delivered
ORD203754,06-10-2025,C1299,Rahul Patel,Delhi,Electronics,Power Bank,3,1258.19,5,COD,Delivered
ORD203831,15-11-2025,C1173,Sanjay Patel,hyderabad,Home & Kitchen,Water Bottle,1,448.12,5,UPI,Delivered
ORD201765,21-05-2025,C2368,,Mumbai,Electronics,Power Bank,1,1260.05,20,UPI,Delivered
ORD200473,07-Dec-25,C1873,Rahul Sharma,chennai,Beauty,Perfume,1,,0,UPI,Returned
ORD204779,11-12-2025,C2196,Vivaan Joshi,Pune,Books,Exam Guide,4,534.49,0,UPI,Delivered
ORD203492,29-Jun-25,C1456,Priya Mehta,Chennai,Clothing,Hoodie,1,1452.76,5,UPI,Delivered
ORD203903,17-05-2025,C2029,Ananya Joshi,Mumbai,Books,Novel,2,365.32,0,UPI,Delivered
ORD202414,10-11-2025,C1370,Isha Gupta,Mumbai,Clothing,Cap,2,352.68,20,Debit Card,Delivered
ORD200567,12-09-2025,C1979,Riya Reddy,Delhi, Clothing ,Hoodie,1,1536.04,10,UPI,Cancelled
ORD203662,26-05-2025,C2061,Kavya Reddy,bengaluru,Clothing,Running Shoes,3,3228.6,15,Debit Card,Delivered
ORD203244,02-12-2025,C2375,Manish Singh,Mumbai,Home & Kitchen,Mixer Grinder,2,3489.43,0,Debit Card,Delivered
ORD204567,04-12-2025,C1485,Karan Nair,Mumbai,Books  ,Exam Guide,4,516.08,15,COD,Delivered
ORD203534,31-Oct-25,C2267,Rohan Mehta,Hyderabad,Electronics,Smartwatch,1,6231.18,0,Credit Card,Delivered
ORD201580,19-04-2025,C1838,Priya Singh, Hyderabad ,Home & Kitchen,Bedsheet Set,1,1328.63,15,Credit Card,Delivered
ORD200479,07-20-2025,C1903,Diya Kulkarni,Kolkata,Clothing,Running Shoes,3,3045.43,0,Credit Card,Cancelled
ORD202637,15-08-2025,C1452,Rohan Sharma,Mumbai, Books ,Novel,2,375.28,5,UPI,Cancelled
ORD200102,03-12-2025,C1160,Vivaan Sharma,PUNE,Clothing,Cap,1,348.97,20,Debit Card,Delivered
ORD201478,14-Oct-25,C2068,Karan Iyer,Hyderabad,Clothing,Denim Jeans,3,1735.55,,Credit Card,Delivered
ORD204809,19-11-2025,C2214,Sanjay Kulkarni,Bengaluru,Books,Data Science Primer,4,874.19,15,UPI,Cancelled
ORD204065,17-12-2025,C1160,Vivaan Sharma,Pune  , Electronics ,USB-C Cable,1,406.67,0,COD,Delivered
ORD202711,24-09-2025,C1366,Arjun Sharma,Kolkata,Home & Kitchen,Mixer Grinder,4,3224.68,0,Net Banking,Returned
ORD203946,23-Oct-25,C1188,Manish Nair,Ahmedabad,Clothing,Denim Jeans,2,1827.68,0,UPI,Delivered
ORD203825,06-03-2025,C1387,Neha Singh,Bengaluru,Electronics  ,Power Bank,3,1339.82,15,UPI,Returned
ORD200742,20-11-2025,C2302,Neha Kulkarni,Chennai,Beauty,Face Wash,1,267.99,0,Debit Card,Cancelled
ORD200053,01-08-2025,C1122,Riya Reddy,Ahmedabad,Home & Kitchen,Bedsheet Set,1,1378.63,0,UPI,Cancelled
ORD200987,23-04-2025,C2141,Rohan Kulkarni,Mumbai,Clothing,Cotton T-Shirt,2,604.48,20,UPI,Delivered
ORD203756,06-02-2025,C1006,Priya Nair,Delhi,Books,Data Science Primer,2,855.89,0,Net Banking,Returned
ORD200068,17-10-2025,C2074,Vikram Mehta,Bengaluru,Home & Kitchen,Air Fryer,4,5129.08,20,Net Banking,Delivered
ORD204924,07-09-2025,C2138,Aditya Patel,Pune,Electronics,Power Bank,2,1385.89,0,Debit Card,Delivered
ORD204036,06-11-2025,C2036,,Chennai,Home & Kitchen,Cookware Set,3,2724.64,0,UPI,Delivered
ORD203618,16-04-2025,C1492,Riya Sharma,Delhi,Beauty,Perfume,3,1593.16,20,Credit Card,Cancelled
ORD204561,23-10-2025,C1626,Rahul Mehta,Delhi,Home & Kitchen  ,Water Bottle,2,474.02,10,UPI,Delivered
ORD202774,16-10-2025,C1453,Rohan Gupta,Mumbai,Home & Kitchen,Water Bottle,1,463.76,0,Credit Card,Delivered
ORD204429,03-03-2025,C1019,Diya Das,Kolkata,Books,Novel,2,338.57,5,UPI,Returned
ORD203343,17-08-2025,C1341,Priya Sharma,Delhi,Books,Data Science Primer,3,937.01,20,Net Banking,Delivered
ORD204605,05-04-2025,C2151,Isha Das,,Home & Kitchen,Air Fryer,4,5132.27,10,UPI,Delivered
ORD203324,10-07-2025,C1993,Diya Patel,Delhi,Books,Exam Guide,1,514.16,20,COD,Returned
ORD201239,22-01-2025,C1818,Pooja Mehta,Kolkata,Electronics,Wireless Earbuds,4,2485.52,5,,Delivered
ORD200784,05-12-2025,C2167,Isha Singh,Mumbai,Electronics,Wireless Earbuds,1,2465.02,0,Debit Card,Delivered
ORD203772,04-11-2025,C1421,Pooja Nair,Mumbai,Electronics,Power Bank,4,1251.34,20,Net Banking,Delivered
ORD202706,09-11-2025,C2153,Vikram Das,Mumbai,Home & Kitchen,Air Fryer,2,4763.15,,COD,Delivered
ORD204223,04-10-2025,C1481,Sneha Kulkarni,Pune, Beauty ,Lipstick,2,406.82,0,COD,Delivered
ORD201974,11-11-2025,C1658,Priya Joshi,Pune,Electronics,USB-C Cable,2,418.51,20,Credit Card,Delivered
ORD202970,24-04-2025,C1817,Priya Patel,,BOOKS,Python Handbook,1,686.7,0,UPI,Delivered
ORD203580,08-Jan-25,C2002,Diya Nair,Mumbai,Electronics,Wireless Earbuds,3,2597.03,0,Net Banking,Delivered
ORD203778,25-02-2025,C2277,Diya Sharma,Mumbai,HOME & KITCHEN,Mixer Grinder,1,3558.28,10,Net Banking,Delivered
ORD201106,16-09-2025,C2388,Neha Singh,Ahmedabad,Home & Kitchen,Air Fryer,2,5070.07,10,UPI,Delivered
ORD200950,12-04-2025,C2050,Kavya Joshi,Pune,Books,Data Science Primer,1,970.72,0,Debit Card,Delivered
ORD203127,23-01-2025,C1772,Vivaan Kulkarni,Kolkata,Clothing,Cap,1,373.8,20,Debit Card,Cancelled
ORD202122,20-Sep-25,C2067,Rohan Reddy,Delhi,Home & Kitchen,Water Bottle,1,458.55,,Credit Card,Delivered
ORD203837,26-05-2025,C1358,Riya Reddy,Delhi,Clothing,Cap,2,339.01,10,UPI,Delivered
ORD203235,19-02-2025,C2243,Sneha Reddy,Hyderabad,HOME & KITCHEN,Mixer Grinder,2,3326.33,0,Debit Card,Delivered
ORD200639,13-Aug-25,C1720,Karan Reddy, Bengaluru ,Books,Exam Guide,4,485.05,5,UPI,Cancelled
ORD203382,03-12-2025,C1157,Sneha Das,MUMBAI,Home & Kitchen,Water Bottle,2,429.98,0,Net Banking,Delivered
ORD202566,24-11-2025,C1336,Kavya Kulkarni,Delhi,Clothing,Hoodie,2,1499.87,20,Net Banking,Delivered
ORD200757,29-10-2025,C2165,Ananya Iyer,Mumbai,Clothing,Hoodie,4,1595.94,0,Net Banking,Cancelled
ORD203663,09-08-2025,C2259,Diya Iyer,Bangalore,Books,Exam Guide,4,516.4,0,Debit Card,Delivered
ORD200878,05-Jun-25,C1192,Vikram Singh,Pune,Books,Exam Guide,1,504.89,15,Credit Card,Returned
ORD200230,24-10-2025,C1329,Sneha Das,PUNE,Clothing,Cotton T-Shirt,2,599.24,5,UPI,Returned
ORD204767,26-07-2025,C2037,Kavya Mehta,Pune,Clothing,Denim Jeans,2,1830.43,0,Credit Card,Delivered
ORD202460,08-06-2025,C1938,Manish Iyer,Kolkata,Electronics,USB-C Cable,1,,10,Credit Card,Delivered
ORD204059,07-Aug-25,C2152,Ananya Patel,bengaluru,Electronics,Wireless Earbuds,2,2457.39,0,COD,Delivered
ORD201560,29-01-2025,C2274,Vivaan Gupta,Delhi,Beauty,Face Wash,2,264.51,0,Debit Card,Returned
ORD204110,28-Dec-25,C2365,Manish Verma,Chennai,Electronics,Smartwatch,2,6120.17,20,UPI,Delivered
ORD204666,07-12-2025,C2317,Riya Gupta,Delhi,Books,Novel,4,334.62,0,Net Banking,Delivered
ORD200098,07-02-2025,C2015,Karan Sharma,Ahmedabad,Books,Python Handbook,2,746.34,15,UPI,Returned
ORD203696,10-10-2025,C1594,Ananya Patel,BENGALURU,Beauty,Perfume,1,1617.12,5,UPI,Delivered
ORD201430,25-04-2025,C1166,Riya Nair, Pune ,Books,Data Science Primer,2,964.55,0,UPI,Delivered
ORD201250,17-10-2025,C2004,Vivaan Iyer,Delhi,Electronics,USB-C Cable,1,397.8,0,Debit Card,Cancelled
ORD202692,20-12-2025,C1005,Kavya Verma,Ahmedabad,Beauty,Face Wash,1,258.27,0,Debit Card,Returned
ORD201887,23-04-2025,C1161,Karan Singh,Bengaluru,Beauty,Hair Dryer,4,1504.76,,Credit Card,Delivered
ORD204673,27-12-2025,C1015,Aarav Kulkarni,Hyderabad,Clothing,Denim Jeans,3,1753.61,0,,Returned
ORD204654,26-05-2025,C2246,Karan Mehta,BENGALURU,Home & Kitchen,Mixer Grinder,3,3395.07,0,Debit Card,Delivered
ORD203551,23-04-2025,C1988,Karan Das,Bengaluru,Beauty,Face Wash,3,257.04,20,Credit Card,Delivered
ORD203651,28-08-2025,C1156,Ananya Mehta, Mumbai ,Electronics,USB-C Cable,1,428.68,20,Credit Card,Delivered
ORD202060,25-05-2025,C1516,Kavya Singh,Kolkata,Beauty,Hair Dryer,2,1504.58,0,UPI,Cancelled
ORD200294,13-02-2025,C2131,Neha Singh,Bengaluru,Electronics,USB-C Cable,1,406.37,15,UPI,Cancelled
ORD202769,29-12-2025,C2156,Rohan Das,Chennai,Clothing,Hoodie,1,1424.36,5,UPI,Delivered
ORD204841,16-12-2025,C2373,Aditya Reddy,CHENNAI,Electronics,Wireless Earbuds,3,2444.94,15,Debit Card,Delivered
ORD202353,26-10-2025,C1549,Ananya Singh,Bengaluru,Electronics,Wireless Earbuds,2,2490.21,10,COD,Delivered
ORD203253,11-12-2025,C1790,Sneha Mehta,PUNE,Clothing,Cotton T-Shirt,1,641.54,20,Debit Card,Delivered
ORD200159,01-Oct-25,C1694,Meera Nair,Ahmedabad,Clothing,Running Shoes,1,3215,,UPI,Delivered
ORD201236,29-11-2025,C2147,Sneha Reddy,Bengaluru,Beauty,Moisturiser,1,458.98,0,Debit Card,Cancelled
ORD204886,23-10-2025,C1831,Diya Iyer,hyderabad,Electronics,Smartwatch,1,6264.88,0,UPI,Delivered
ORD200909,26-11-2025,C2087,Sanjay Joshi,Pune,Home & Kitchen,Bedsheet Set,1,1314.36,0,UPI,Delivered
ORD202431,11-12-2025,C1940,Manish Patel,Delhi,Clothing,Denim Jeans,4,1891.6,10,UPI,Cancelled
ORD201557,07-01-2025,C1652,Sanjay Joshi,Mumbai,Clothing,Cotton T-Shirt,3,576.98,0,UPI,Delivered
ORD200320,27-06-2025,C1702,Arjun Das,Bangalore,Electronics,Power Bank,3,1322.54,5,Credit Card,Cancelled
ORD203808,24-09-2025,C2370,,Ahmedabad,Books,Exam Guide,1,536.54,0,Credit Card,Delivered
ORD200014,11-04-2025,C1747,Priya Reddy,Ahmedabad,Beauty,Moisturiser,1,464.48,5,UPI,Cancelled
ORD204638,12-12-2025,C1508,Manish Sharma,Hyderabad,BEAUTY,Perfume,1,1707.98,0,Debit Card,Cancelled
ORD203464,10-02-2025,C1712,Neha Patel,Pune,electronics,Smartwatch,2,5801.02,10,COD,Delivered
ORD201446,15-10-2025,C1621,Diya Verma,Bengaluru,home & kitchen,Cookware Set,2,2936.11,20,UPI,Delivered
ORD203475,23-04-2025,C1019,Diya Das, Kolkata ,Electronics,USB-C Cable,2,415.02,0,Credit Card,Delivered
ORD204558,09-03-2025,C2062,Rohan Sharma,Hyderabad,Beauty,Lipstick,2,392.01,5,UPI,Returned
ORD200887,19-07-2025,C2159,Riya Reddy,,Electronics  ,Wireless Earbuds,1,2381.49,15,UPI,Delivered
ORD201692,03-04-2025,C1847,Aarav Reddy,Delhi,Clothing,Hoodie,1,1488.41,0,COD,Delivered
ORD203699,03-07-2025,C1911,Isha Patel,Mumbai,Home & Kitchen,Cookware Set,1,2795.8,0,UPI,Delivered
ORD204720,05-09-2025,C2318,Riya Singh,Mumbai, Clothing ,Cotton T-Shirt,2,620.78,5,UPI,Delivered
ORD201719,11-Jan-25,C1982,Rahul Verma,Delhi,Beauty,Face Wash,1,246.52,20,UPI,Delivered
ORD203335,07-07-2025,C1107,Riya Joshi,Ahmedabad,Home & Kitchen,Air Fryer,3,5100.31,0,UPI,Cancelled
ORD200651,13-08-2025,C1785,Neha Reddy, Bengaluru ,Home & Kitchen,Air Fryer,2,5102.7,0,Credit Card,Returned
ORD204349,20-12-2025,C1309,Arjun Reddy,Mumbai,Electronics,Bluetooth Speaker,2,2078.3,15,UPI,Cancelled
ORD204562,23-06-2025,C1186,Vikram Joshi,Mumbai,clothing,Cotton T-Shirt,2,617.33,0,COD,Delivered
ORD200918,27-10-2025,C2270,Vivaan Verma,Chennai,Clothing,Running Shoes,1,2913.99,15,UPI,Delivered
ORD200882,05-08-2025,C2081,Aditya Das, Delhi ,beauty,Face Wash,1,245.11,0,UPI,Cancelled
ORD200291,14-Jul-25,C1800,Kavya Iyer, Mumbai ,beauty,Face Wash,2,252.64,20,UPI,Delivered
ORD200233,03-12-2025,C1984,Ananya Iyer,Kolkata,Home & Kitchen,Mixer Grinder,2,3535.4,0,COD,Cancelled
ORD202789,05-10-2025,C2340,Sneha Gupta, Mumbai ,Home & Kitchen,Mixer Grinder,3,3414.28,10,UPI,Delivered
ORD203437,23-May-25,C1343,Neha Sharma,MUMBAI,Clothing,Hoodie,4,1540.5,20,Credit Card,Cancelled
ORD203481,05-01-2025,C2129,Meera Kulkarni,Bengaluru,Electronics,USB-C Cable,2,413.38,20,Net Banking,Returned
ORD201994,20-11-2025,C1868,Rahul Mehta,Pune,Electronics,Wireless Earbuds,4,2596.27,20,UPI,Delivered
ORD201304,01-11-2025,C1859,Pooja Das,CHENNAI,Electronics,Power Bank,1,1236.46,15,Credit Card,Cancelled
ORD203391,05-12-2025,C1621,Diya Verma,Bengaluru,Electronics,Wireless Earbuds,2,2636.27,0,Credit Card,Returned
ORD202271,28-09-2025,C1389,Isha Iyer,Delhi,Home & Kitchen,Air Fryer,1,5237.25,5,Debit Card,Delivered
ORD203131,27-01-2025,C2331,Priya Singh,Mumbai,Home & Kitchen,Mixer Grinder,1,3227.75,0,Credit Card,Delivered
ORD202025,12-04-2025,C1783,Diya Sharma,Bengaluru, Clothing ,Denim Jeans,2,1784.93,0,UPI,Delivered
ORD203394,09-27-2025,C1833,Meera Patel,kolkata,clothing,Hoodie,1,1573.07,0,UPI,Delivered
ORD201485,24-10-2025,C2218,Pooja Patel,Hyderabad,Clothing,Denim Jeans,4,1785.73,10,Net Banking,Delivered
ORD202976,15-10-2025,C1616,Pooja Verma,Delhi,Electronics,Wireless Earbuds,2,2684.04,0,UPI,Delivered
ORD204901,21-04-2025,C2125,Ananya Joshi,Bengaluru,Electronics,Bluetooth Speaker,1,1931.17,0,UPI,Delivered
ORD200525,10-19-2025,C1385,Priya Reddy,Delhi,Clothing,Cap,2,337.62,10,Credit Card,Delivered
ORD201080,07-Jan-25,C1648,Aditya Verma,Chennai,Clothing  ,Running Shoes,2,2863.01,20,Credit Card,Delivered
ORD203443,29-10-2025,C1444,Aditya Mehta,Delhi,Beauty,Hair Dryer,2,1547.63,0,Debit Card,Cancelled
ORD202447,09-01-2025,C1495,Vikram Patel,Delhi,Electronics,Power Bank,2,1388.09,10,COD,Delivered
ORD204848,03-06-2025,C1488,Arjun Verma,Delhi,Electronics,Bluetooth Speaker,1,2035.3,0,Debit Card,Delivered
ORD200673,26-07-2025,C1914,Sanjay Das,Mumbai,Clothing,Hoodie,2,1556.39,10,UPI,Delivered
ORD200480,28-12-2025,C1798,Karan Patel,Delhi,ELECTRONICS,Bluetooth Speaker,1,2017.89,10,Net Banking,Cancelled
ORD202154,27-12-2025,C2286,Riya Nair,MUMBAI,Home & Kitchen,Water Bottle,2,442.22,5,Debit Card,Delivered
ORD203787,27-08-2025,C1251,Isha Gupta, Delhi ,Clothing,Running Shoes,2,2917.51,10,Net Banking,Delivered
ORD200251,03-08-2025,C2360,Neha Das,Bengaluru  ,Home & Kitchen,Air Fryer,1,5321.2,0,UPI,Delivered
ORD200390,20-04-2025,C2271,Rohan Nair,Mumbai,Clothing,Denim Jeans,3,1891.4,0,UPI,Delivered
ORD201467,10-05-2025,C2299,Vikram Verma,Bangalore,Home & Kitchen,Water Bottle,4,460.41,0,COD,Delivered
ORD204723,15-Feb-25,C1188,Manish Nair,Ahmedabad,Books,Comics Set,1,790.45,5,Credit Card,Delivered
ORD203287,02-01-2025,C1300,Pooja Nair,,Electronics,Wireless Earbuds,2,2411.98,0,Debit Card,Delivered
ORD201984,16-02-2025,C2219,Manish Iyer,Hyderabad,ELECTRONICS,Smartwatch,4,6359.82,5,COD,Delivered
ORD201933,11-Feb-25,C1073,Meera Patel,Pune,Clothing,Running Shoes,1,3209.55,15,Debit Card,Delivered
ORD202104,24-10-2025,C1810,Kavya Nair,Hyderabad,Electronics,Wireless Earbuds,2,2562.01,0,UPI,Delivered
ORD201205,26-Jul-25,C2081,Aditya Das,Delhi,CLOTHING,Cotton T-Shirt,1,589.43,15,Credit Card,Delivered
ORD203138,17-06-2025,C1666,Kavya Sharma,Chennai,Books,Exam Guide,4,510.7,0,UPI,Returned
ORD202394,09-Dec-25,C1808,Pooja Gupta,Mumbai,clothing,Hoodie,4,1449.14,0,Credit Card,Delivered
ORD204247,04-11-2025,C1489,Sanjay Sharma,hyderabad,Clothing,Cap,2,340.03,5,Debit Card,Delivered
ORD204922,27-11-2025,C1435,Riya Mehta,delhi,Electronics,Wireless Earbuds,2,2610.48,0,Net Banking,Delivered
ORD200827,01-10-2025,C1118,Pooja Gupta,Chennai,home & kitchen,Air Fryer,1,,15,Debit Card,Cancelled
ORD200524,16-03-2025,C1337,Sanjay Patel,Pune,Home & Kitchen,Cookware Set,3,2842.41,0,Credit Card,Delivered
ORD201265,29-06-2025,C1850,Aarav Das,,HOME & KITCHEN,Air Fryer,1,5137.01,20,Credit Card,Delivered
ORD202069,29-10-2025,C1922,Isha Joshi,Mumbai, Clothing ,Cotton T-Shirt,1,604.78,10,Credit Card,Delivered
ORD200405,02-11-2025,C2230,Rahul Kulkarni,Chennai  ,Home & Kitchen,Water Bottle,1,476.97,10,COD,Delivered
ORD204353,28-09-2025,C1094,Riya Sharma,Mumbai,Home & Kitchen,Water Bottle,1,463.52,0,Net Banking,Delivered
ORD204981,14-07-2025,C1171,Manish Reddy,Delhi,Electronics,Power Bank,4,1323.3,5,UPI,Returned
ORD202436,13-01-2025,C2116,Neha Patel,Delhi,Beauty,Lipstick,4,429.18,0,UPI,Cancelled
ORD203766,16-10-2025,C1551,Vikram Reddy,Bengaluru,Beauty,Lipstick,3,423.78,0,UPI,Cancelled
ORD204281,14-Aug-25,C1148,Riya Joshi,Mumbai,Clothing,Cotton T-Shirt,1,630.27,20,UPI,Delivered
ORD204569,11-10-2025,C1497,Manish Gupta,BENGALURU,Clothing,Running Shoes,1,3204.94,5,UPI,Cancelled
ORD202900,19-11-2025,C1341,Priya Sharma,Delhi,Home & Kitchen,Mixer Grinder,3,3287.03,5,UPI,Delivered
ORD202388,16-12-2025,C1925,Aarav Nair,Delhi,Electronics,USB-C Cable,2,380.56,0,UPI,Delivered
ORD204725,10-Jun-25,C1053,Karan Patel,Chennai,Electronics,USB-C Cable,4,385.99,0,Debit Card,Delivered
ORD204460,28-05-2025,C1343,Neha Sharma,mumbai, Books ,Data Science Primer,3,911.29,5,COD,Delivered
ORD203901,16-03-2025,C1640,Karan Sharma,Hyderabad,CLOTHING,Running Shoes,2,3203.22,15,Credit Card,Delivered
ORD201858,11-09-2025,C1327,Manish Kulkarni,Kolkata,Home & Kitchen,Bedsheet Set,2,1316.44,10,UPI,Returned
ORD203008,15-05-2025,C2011,Aditya Joshi,Delhi  ,Beauty,Face Wash,1,243.67,15,Credit Card,Delivered
ORD204716,02-10-2025,C1154,Diya Joshi,Hyderabad, Clothing ,Denim Jeans,2,1792.5,5,COD,Delivered
ORD201350,29-Oct-25,C1916,Kavya Verma,Delhi, Beauty ,Hair Dryer,2,,10,UPI,Cancelled
ORD204425,01-May-25,C1482,Vikram Mehta,Chennai,Home & Kitchen,Bedsheet Set,3,1309.38,0,Debit Card,Delivered
ORD200512,21-Jul-25,C1169,Aditya Sharma,Hyderabad,Home & Kitchen  ,Water Bottle,2,434.02,0,UPI,Delivered
ORD200662,04-03-2025,C1519,Pooja Verma,Chennai,Electronics,Power Bank,1,1348.8,10,Debit Card,Delivered
ORD204441,08-11-2025,C1204,Manish Verma,Delhi,Beauty,Perfume,1,1685.29,20,Credit Card,Delivered
ORD201603,14-07-2025,C1526,Vivaan Sharma,Hyderabad,Clothing,Cotton T-Shirt,3,624.6,10,Debit Card,Delivered
ORD201676,03-02-2025,C1306,Karan Sharma,Delhi,Clothing,Cap,1,333.22,0,UPI,Cancelled
ORD204641,09-12-2025,C1094,Riya Sharma,Mumbai,Home & Kitchen,Air Fryer,1,5158.85,5,UPI,Returned
ORD204126,30-10-2025,C1554,Rohan Das,chennai,Beauty,Moisturiser,3,449.53,0,UPI,Delivered
ORD200066,21-10-2025,C1555,Sneha Kulkarni,Mumbai,Clothing,Cotton T-Shirt,2,595.15,5,UPI,Delivered
ORD201950,09-Oct-25,C1321,Pooja Reddy,Ahmedabad,Clothing,Cotton T-Shirt,3,587.01,10,Credit Card,Delivered
ORD200402,27-Feb-25,C2067,Rohan Reddy, Delhi ,Electronics,Smartwatch,1,5959.34,0,COD,Delivered
ORD202420,15-12-2025,C1229,Vikram Singh,ahmedabad,Electronics,Bluetooth Speaker,1,1914.75,5,Debit Card,Delivered
ORD202691,01-12-2025,C1249,,Kolkata,Home & Kitchen,Mixer Grinder,1,3480.03,5,UPI,Delivered
ORD204330,20-06-2025,C1666,Kavya Sharma,CHENNAI,Clothing,Hoodie,2,1479.1,10,Credit Card,Delivered
ORD203355,05-07-2025,C2013,Vikram Sharma,Mumbai,Clothing,Denim Jeans,4,1801.71,15,COD,Returned
ORD200645,02-Feb-25,C1303,Manish Iyer,Delhi,Beauty,Face Wash,1,247.88,0,UPI,Returned
ORD202347,27-Apr-25,C2147,Sneha Reddy,BENGALURU,Home & Kitchen,Water Bottle,3,465.94,0,upi,Returned
ORD201666,22-09-2025,C1335,Isha Mehta,Delhi,Home & Kitchen,Bedsheet Set,3,1377.59,0,Credit Card,Cancelled
ORD201138,04-08-2025,C2121,Aditya Das,Hyderabad,Home & Kitchen,Bedsheet Set,1,1349.29,5,UPI,Delivered
ORD200541,19-Nov-25,C1618,Aarav Joshi,Delhi,Electronics,Bluetooth Speaker,4,1950.94,0,Credit Card,Delivered
ORD201313,11-12-2025,C1075,Rohan Patel,Hyderabad,Clothing,Hoodie,4,1548.32,0,UPI,Delivered
ORD204296,09-10-2025,C2154,Meera Gupta,Kolkata,CLOTHING,Denim Jeans,1,1712.7,10,Credit Card,Delivered
ORD201963,25-12-2025,C1681,Rohan Sharma,Chennai,ELECTRONICS,Power Bank,1,,5,UPI,Delivered
ORD202361,16-01-2025,C1333,Ananya Verma,Pune,Home & Kitchen,Water Bottle,3,452.65,10,Debit Card,Delivered
ORD200306,10-Dec-25,C1464,Vivaan Sharma, Chennai ,Clothing,Cap,3,366.62,0,COD,Delivered
ORD204780,16-12-2025,C1711,Karan Nair,Delhi,Electronics,USB-C Cable,1,424.13,0,Debit Card,Delivered
ORD200129,30-Jul-25,C2137,Ananya Patel,Pune,Electronics,Smartwatch,3,6380.13,5,Net Banking,Delivered
ORD200395,24-Apr-25,C2294,Aditya Verma,Hyderabad,clothing,Denim Jeans,3,1902.44,0,UPI,Delivered
ORD203235,19-02-2025,C2243,Sneha Reddy,Hyderabad,HOME & KITCHEN,Mixer Grinder,2,3326.33,0,Debit Card,Delivered
ORD201929,04-01-2025,C2201,Arjun Iyer,Ahmedabad,Home & Kitchen,Air Fryer,2,4991.37,20,Net Banking,Delivered
ORD204422,29-09-2025,C1283,Vivaan Verma,Chennai,Clothing,Denim Jeans,1,1722.06,0,UPI,Delivered
ORD204287,16-01-2025,C1744,Isha Iyer,Pune,Home & Kitchen,Cookware Set,1,2902.28,20,UPI,Delivered
ORD200722,26-Mar-25,C2353,Sanjay Iyer,Kolkata,beauty,Lipstick,1,428.82,10,UPI,Cancelled
ORD203221,24-01-2025,C2265,Vikram Reddy,Mumbai,Clothing,Cap,2,331.88,20,Credit Card,Cancelled
ORD203763,13-03-2025,C1765,Neha Joshi,Hyderabad,ELECTRONICS,Wireless Earbuds,1,2508.72,5,Net Banking,Returned
ORD200307,04-May-25,C2006,Karan Nair, Chennai ,CLOTHING,Denim Jeans,2,1801.78,10,UPI,Delivered
ORD204591,16-05-2025,C1932,Diya Nair,MUMBAI,BEAUTY,Face Wash,1,257.57,10,upi,Returned
ORD203080,04-03-2025,C1456,Priya Mehta,Chennai,Books,Exam Guide,2,508.67,5,UPI,Delivered
ORD200384,31-12-2025,C1091,Arjun Reddy,Delhi,Beauty,Face Wash,1,264.62,0,UPI,Delivered
ORD202558,04-20-2025,C2174,Riya Joshi,Ahmedabad,Home & Kitchen,Water Bottle,1,465.15,0,UPI,Cancelled
ORD202700,20-Apr-25,C1412,Vikram Iyer,Chennai,Books,Data Science Primer,2,906.41,5,UPI,Delivered
ORD200582,11-10-2025,C1503,Vivaan Kulkarni,Ahmedabad,Books,Exam Guide,2,537.89,15,Net Banking,Delivered
ORD204493,30-Apr-25,C1003,Ananya Gupta,Delhi,Electronics,Bluetooth Speaker,-1,2032.35,20,Net Banking,Delivered
ORD201536,23-Oct-25,C1936,Vivaan Iyer,Bengaluru,Books,Novel,1,339.99,0,UPI,Delivered
ORD204662,27-04-2025,C1020,Sneha Mehta,Delhi,Beauty,Perfume,3,1636.59,15,Debit Card,Delivered
ORD202580,20-03-2025,C1987,Sneha Mehta,Delhi,Clothing,Running Shoes,2,3005.51,15,UPI,Delivered
ORD202810,12-11-2025,C1145,Meera Sharma,Ahmedabad,Books,Python Handbook,2,675.79,0,UPI,Delivered
ORD200161,16-Feb-25,C1252,Arjun Sharma,Kolkata  ,Clothing,Cap,1,376.66,20,Credit Card,Returned
ORD201334,01-12-2025,C1231,Sanjay Iyer,Mumbai,Clothing,Denim Jeans,2,1855.54,20,Debit Card,Delivered
ORD204880,15-Mar-25,C1311,Meera Reddy,Kolkata,ELECTRONICS,Smartwatch,1,6322.3,5,UPI,Delivered
ORD200936,23-12-2025,C1637,Ananya Verma, Ahmedabad ,ELECTRONICS,Smartwatch,1,6462.7,0,UPI,Returned
ORD201366,27-08-2025,C2077,Meera Das,Bengaluru,Clothing,Cotton T-Shirt,1,609.85,0,UPI,Returned
ORD204970,10-05-2025,C1810,Kavya Nair,Hyderabad,Clothing,Cap,3,337.32,0,COD,Delivered
ORD203121,06-04-2025,C2001,Arjun Joshi,Chennai,Beauty,Moisturiser,4,438.24,0,UPI,Delivered
ORD204022,14-12-2025,C1511,Rohan Kulkarni,Kolkata,electronics,Wireless Earbuds,4,2405.16,10,UPI,Delivered
ORD201949,18-Aug-25,C2251,Neha Iyer,Delhi,Beauty,Face Wash,1,243.04,10,UPI,Cancelled
ORD204665,04-04-2025,C1999,Manish Kulkarni,Delhi,Home & Kitchen,Air Fryer,4,4763.19,20,UPI,Delivered
ORD203873,17-Oct-25,C1891,Vivaan Singh, Ahmedabad ,Electronics,USB-C Cable,3,407.85,0,Credit Card,Delivered
ORD201159,26-12-2025,C2197,Sanjay Das,Bengaluru,Beauty,Hair Dryer,3,1506.65,15,Credit Card,Returned
ORD203989,01-10-2025,C2072,Vivaan Nair,DELHI,clothing,Running Shoes,2,3079.91,15,UPI,Delivered
ORD201591,16-Apr-25,C1343,Neha Sharma,MUMBAI,Clothing,Running Shoes,2,2853,0,Credit Card,Delivered
ORD202701,07-11-2025,C1937,Manish Mehta,HYDERABAD,clothing,Cotton T-Shirt,2,608.96,15,Debit Card,Delivered
ORD202744,07-19-2025,C1900,Arjun Sharma,Hyderabad,Electronics,Power Bank,2,1306.64,15,Credit Card,Delivered
ORD201880,05-10-2025,C1190,Vikram Iyer,ahmedabad,Home & Kitchen,Bedsheet Set,1,1330.62,5,Credit Card,Cancelled
ORD203636,23-05-2025,C1939,Aditya Joshi,Mumbai,Clothing,Cotton T-Shirt,3,642.77,0,COD,Delivered
ORD202529,05-07-2025,C1447,Sanjay Kulkarni,Mumbai,Beauty,Lipstick,1,384.68,10,Credit Card,Cancelled
ORD202081,02-11-2025,C1698,Sneha Singh,Kolkata,Beauty,Lipstick,3,413.52,15,COD,Delivered
ORD203182,31-Oct-25,C2208,Sanjay Patel,Mumbai,home & kitchen,Cookware Set,2,2967.69,0,UPI,Delivered
ORD204143,19-08-2025,C1266,Sanjay Iyer,Bengaluru,home & kitchen,Cookware Set,2,,10,Credit Card,Delivered
ORD204125,18-02-2025,C2253,Isha Das,Delhi,clothing,Cap,1,346,20,UPI,Delivered
ORD203053,02-02-2025,C2060,Arjun Singh,Bengaluru,home & kitchen,Cookware Set,3,2862.21,15,UPI,Cancelled
ORD203225,11-05-2025,C1714,Diya Kulkarni,Hyderabad,Clothing,Denim Jeans,2,1883.46,10,UPI,Returned
ORD204597,04-04-2025,C1538,Neha Singh,,Beauty,Face Wash,2,266.97,0,Credit Card,Returned
ORD201846,22-Aug-25,C1225,Sanjay Verma,Delhi,Beauty,Lipstick,1,430.43,0,Credit Card,Cancelled
ORD204907,25-08-2025,C1399,Meera Kulkarni,Chennai,Home & Kitchen,Bedsheet Set,2,1356.75,5,UPI,Returned
ORD201268,11-10-2025,C1920,Isha Mehta,hyderabad, Clothing ,Denim Jeans,1,1855.99,5,Credit Card,Delivered
ORD203230,24-Mar-25,C2256,Pooja Iyer,Chennai,Electronics,Wireless Earbuds,3,2409.02,15,Debit Card,Delivered
ORD204528,08-06-2025,C1139,Meera Joshi,Bengaluru, Clothing ,Cap,3,337.54,,UPI,Delivered
ORD202301,02-08-2025,C2212,Karan Mehta,Ahmedabad,Home & Kitchen,Air Fryer,1,4998.91,0,COD,Delivered
ORD200996,16-Oct-25,C1771,Sanjay Sharma,Hyderabad,Books,Python Handbook,1,692.79,15,UPI,Cancelled
ORD200044,11-12-2025,C1351,Ananya Gupta,Hyderabad,Home & Kitchen,Air Fryer,3,5070.19,20,COD,Delivered
ORD202739,08-01-2025,C1935,Vikram Patel,DELHI,Electronics,Bluetooth Speaker,1,2147.17,0,Credit Card,Delivered
ORD204462,10-12-2025,C1405,Kavya Sharma,Bengaluru,beauty,Moisturiser,4,,20,UPI,Delivered
ORD203838,31-05-2025,C1438,Rahul Nair,Mumbai,Electronics,Smartwatch,3,6348.27,10,Net Banking,Delivered
ORD200260,21-12-2025,C1354,Kavya Reddy,Mumbai,ELECTRONICS,Power Bank,2,1265.94,20,Credit Card,Delivered
ORD202860,13-10-2025,C1067,Karan Nair,Bengaluru,Electronics,Bluetooth Speaker,1,1970.01,20,UPI,Delivered
ORD202783,05-May-25,C1839,Diya Nair,Bengaluru,Beauty  ,Moisturiser,1,432.79,0,Credit Card,Cancelled
ORD203096,06-01-2025,C1152,Meera Patel,Ahmedabad,Home & Kitchen,Cookware Set,2,2666.07,10,Debit Card,Delivered
ORD204652,09-12-2025,C2029,Ananya Joshi,Mumbai,ELECTRONICS,Power Bank,3,1243.81,15,UPI,Delivered
ORD202623,11-05-2025,C1840,Manish Sharma,Chennai,Electronics,Wireless Earbuds,1,,0,COD,Delivered
ORD204668,07-01-2025,C1993,Diya Patel,,Electronics,Smartwatch,2,6316.41,,UPI,Delivered
ORD203070,04-01-2025,C2373,Aditya Reddy,Chennai,Home & Kitchen,Air Fryer,1,5238.64,0,Credit Card,Delivered
ORD203326,13-02-2025,C2326,Diya Das,Bengaluru,clothing,Cotton T-Shirt,2,624.95,0,Credit Card,Delivered
ORD200599,26-06-2025,C1107,Riya Joshi,,Electronics  ,Power Bank,1,,0,UPI,Delivered
ORD204829,28-02-2025,C2236,Pooja Iyer,Mumbai,Home & Kitchen,Air Fryer,4,5117.46,0,Debit Card,Delivered
ORD200419,20-Mar-25,C2232,Vikram Nair,Mumbai,Home & Kitchen,Cookware Set,1,2893.74,0,COD,Delivered
ORD202136,20-05-2025,C1368,Priya Das,AHMEDABAD,books,Comics Set,1,837.11,20,UPI,Cancelled
ORD201246,12-26-2025,C2149,Neha Das,Mumbai,HOME & KITCHEN,Bedsheet Set,4,1379.19,20,Net Banking,Cancelled
ORD201232,08-11-2025,C1547,Isha Joshi,Mumbai,Electronics,Wireless Earbuds,2,2497.52,0,Net Banking,Delivered
ORD202266,24-08-2025,C1389,Isha Iyer,Delhi  ,Clothing,Cotton T-Shirt,1,604.11,0,COD,Delivered
ORD202204,05-04-2025,C1255,,Mumbai,Home & Kitchen,Cookware Set,2,2999.55,10,COD,Delivered
ORD201812,28-Jan-25,C1237,Riya Iyer,Kolkata,Electronics,USB-C Cable,1,384.69,10,UPI,Delivered
ORD200275,14-05-2025,C1736,Arjun Das, Delhi ,Electronics,Wireless Earbuds,3,2532.4,10,UPI,Delivered
ORD200705,04-09-2025,C1924,Riya Gupta,Mumbai,Clothing,Denim Jeans,1,1715.66,0,COD,Delivered
ORD203842,05-05-2025,C2026,Manish Nair,Hyderabad,home & kitchen,Water Bottle,1,441.25,0,UPI,Delivered
ORD204549,02-11-2025,C1469,Manish Gupta,Mumbai,Clothing,Cap,1,364.97,5,COD,Cancelled
ORD200113,28-09-2025,C1355,Sanjay Reddy,Pune,Electronics,Smartwatch,1,5924.92,15,COD,Delivered
ORD204167,09-30-2025,C2355,Ananya Verma,Pune,Beauty,Lipstick,4,387.36,0,UPI,Delivered
ORD204013,02-06-2025,C2259,Diya Iyer,Bangalore,Electronics,Wireless Earbuds,3,2471.26,5,UPI,Delivered
ORD202130,26-01-2025,C1641,Sneha Verma,Mumbai,Beauty,Moisturiser,2,427.58,0,UPI,Cancelled
ORD203228,02-12-2025,C1715,Manish Gupta,Mumbai,Beauty,Lipstick,2,385.97,15,UPI,Returned
ORD202926,29-12-2025,C1178,Sneha Reddy,Mumbai,Electronics,USB-C Cable,1,390.49,10,UPI,Delivered
ORD200141,23-11-2025,C2091,Meera Mehta,BENGALURU,Clothing,Hoodie,2,1604.32,0,UPI,Returned
ORD204547,23-06-2025,C2098,Vikram Patel,Hyderabad,Beauty,Moisturiser,1,464,10,Credit Card,Delivered
ORD204579,14-08-2025,C1196,Isha Patel,Delhi,Home & Kitchen,Cookware Set,1,2673.87,15,UPI,Delivered
ORD201565,10-01-2025,C1296,Manish Gupta,Mumbai,Books,Novel,2,370.27,15,Net Banking,Cancelled
ORD203765,27-05-2025,C1908,Kavya Joshi,CHENNAI,Electronics,USB-C Cable,2,392.78,0,COD,Delivered
ORD203988,04-01-2025,C2107,,MUMBAI,Clothing,Denim Jeans,2,1939.95,0,Credit Card,Cancelled
ORD202412,04-28-2025,C1454,Sanjay Patel,Bengaluru,Books,Comics Set,3,819.33,0,Credit Card,Delivered
ORD201653,24-12-2025,C1720,Karan Reddy,Bengaluru,Books,Data Science Primer,2,908.7,5,UPI,Delivered
ORD203531,04-09-2025,C1047,Rohan Das,Bengaluru,Home & Kitchen  ,Water Bottle,4,440.6,10,Debit Card,Delivered
ORD200104,22-04-2025,C2105,Kavya Das,Ahmedabad,electronics,Smartwatch,2,6331.65,15,UPI,Delivered
ORD204052,10-04-2025,C1889,Meera Iyer,bengaluru,Books,Data Science Primer,1,943.04,10,Credit Card,Returned
ORD201857,17-03-2025,C1803,Arjun Reddy,Delhi,Beauty,Face Wash,1,256.56,10,Net Banking,Delivered
ORD204969,16-12-2025,C1576,Karan Mehta,Chennai,Beauty,Face Wash,3,265.24,10,Debit Card,Delivered
ORD202318,22-07-2025,C1312,Aarav Joshi,Hyderabad,clothing,Cotton T-Shirt,4,580.5,0,UPI,Delivered
ORD202329,05-12-2025,C1661,Vikram Patel,Bengaluru,Electronics,Smartwatch,2,6400.72,0,UPI,Returned
ORD203976,20-Apr-25,C1303,Manish Iyer,Delhi,clothing,Denim Jeans,3,1914.45,0,Net Banking,Delivered
ORD203889,25-03-2025,C2106,Ananya Sharma, Bengaluru ,Electronics,Wireless Earbuds,2,2568.16,5,COD,Delivered
ORD202709,25-03-2025,C1120,Rohan Mehta,Bengaluru,Electronics,USB-C Cable,1,405.85,0,COD,Cancelled
ORD204337,21-04-2025,C2009,Aarav Mehta,Mumbai,Electronics,Wireless Earbuds,1,2692.86,,UPI,Delivered
ORD202478,17-05-2025,C1860,Neha Gupta,Chennai,Beauty,Moisturiser,2,431.32,15,COD,Delivered
ORD202862,21-01-2025,C1942,Pooja Iyer,Delhi,Home & Kitchen,Air Fryer,2,5161.03,15,UPI,Returned
ORD204192,16-04-2025,C1134,Diya Sharma,Mumbai,Electronics,USB-C Cable,2,380.32,10,Credit Card,Delivered
ORD202515,24-Aug-25,C1371,Karan Joshi,Kolkata,Books,Python Handbook,1,749.6,0,COD,Delivered
ORD204830,17-07-2025,C2049,Diya Verma,Bengaluru,Electronics,Bluetooth Speaker,3,2131.39,5,UPI,Cancelled
ORD203564,29-10-2025,C2191,Rahul Sharma,hyderabad,electronics,Bluetooth Speaker,3,2141.13,0,Debit Card,Delivered
ORD200084,17-Jun-25,C1311,Meera Reddy,Kolkata, Clothing ,Running Shoes,1,2984.27,10,COD,Delivered
ORD201718,14-05-2025,C1626,Rahul Mehta,delhi,Home & Kitchen,Air Fryer,1,5334.46,15,UPI,Delivered
ORD204105,12-06-2025,C1579,Kavya Patel,Bengaluru, Beauty ,Hair Dryer,1,1482.1,20,COD,Delivered
ORD202652,10-Feb-25,C2265,,Mumbai,Clothing,Cap,1,,20,Debit Card,Delivered
ORD201339,19-06-2025,C1864,,Kolkata,Electronics,Bluetooth Speaker,2,1969.14,5,COD,Delivered
ORD203895,13-Feb-25,C1429,Sneha Sharma,Chennai,Books,Data Science Primer,1,928.19,,UPI,Delivered
ORD200276,06-11-2025,C1297,Neha Verma,DELHI,Clothing,Denim Jeans,1,1833.84,10,Net Banking,Cancelled
ORD201408,04-05-2025,C1163,Sneha Singh,Hyderabad,Beauty,Moisturiser,2,439.59,5,COD,Delivered
ORD201372,21-12-2025,C1836,Kavya Joshi,Delhi,Electronics,USB-C Cable,2,421.64,0,Credit Card,Returned
ORD203844,30-03-2025,C1671,Diya Patel,Ahmedabad,beauty,Moisturiser,2,453.22,0,COD,Returned
ORD203994,19-Jul-25,C1462,Rohan Iyer,BENGALURU,Home & Kitchen,Mixer Grinder,3,3137.99,0,UPI,Delivered
ORD204184,29-07-2025,C1198,Priya Patel,Hyderabad,Electronics,Bluetooth Speaker,1,1940.79,0,UPI,Delivered
ORD200090,06-03-2025,C1972,Vikram Patel,Bangalore,Clothing,Hoodie,1,1608.59,10,Credit Card,Delivered
ORD204376,15-Jan-25,C1430,Aarav Gupta,Chennai,books,Novel,2,353.43,15,UPI,Cancelled
ORD203055,26-03-2025,C2393,Vivaan Joshi,Pune,Books,Comics Set,2,768.14,5,UPI,Cancelled
ORD201906,18-03-2025,C1032,Meera Verma,Hyderabad,Home & Kitchen,Water Bottle,2,462.06,,Debit Card,Delivered
ORD202699,22-12-2025,C1333,Ananya Verma,Pune,Home & Kitchen,Water Bottle,1,432.04,20,Credit Card,Cancelled
ORD201823,29-07-2025,C1297,Neha Verma,Delhi,Electronics,Power Bank,1,1384.32,,UPI,Delivered
ORD203417,04-21-2025,C1333,Ananya Verma,Pune,Electronics,Wireless Earbuds,3,2599.65,15,UPI,Returned
ORD201426,30-Nov-25,C1266,Sanjay Iyer,Bengaluru, Electronics ,Power Bank,2,,15,Debit Card,Delivered
ORD203412,15-06-2025,C1434,Ananya Reddy,Chennai,Beauty,Perfume,2,1537.57,10,COD,Delivered
ORD204461,28-10-2025,C1115,Meera Reddy,Delhi,Clothing,Running Shoes,4,3212.51,0,UPI,Delivered
ORD202071,06-Dec-25,C1079,Vivaan Iyer,Mumbai,Electronics,USB-C Cable,3,380.45,,UPI,Returned
ORD204772,20-May-25,C1794,Meera Kulkarni,,Clothing,Cotton T-Shirt,2,574.83,15,Debit Card,Returned
ORD202026,23-02-2025,C2086,,Mumbai, Beauty ,Lipstick,1,408.94,20,Credit Card,Delivered
ORD200998,14-Mar-25,C1340,Diya Verma,Ahmedabad,ELECTRONICS,Power Bank,3,1272.7,0,Net Banking,Returned
ORD202358,28-04-2025,C1555,Sneha Kulkarni,Mumbai,Electronics,Smartwatch,1,5865.42,10,UPI,Delivered
ORD203108,10-11-2025,C2209,Arjun Verma,Bengaluru,Clothing,Cap,2,351.09,,COD,Delivered
ORD203425,28-11-2025,C1498,Aarav Das,Delhi,Clothing,Running Shoes,1,3141.51,0,Debit Card,Delivered
ORD201759,13-Sep-25,C2305,Diya Iyer,MUMBAI,Home & Kitchen,Air Fryer,2,5035.51,0,UPI,Delivered
ORD203451,15-12-2025,C1413,Sneha Joshi,Chennai,Home & Kitchen,Cookware Set,2,2879.72,15,UPI,Delivered
ORD202288,26-04-2025,C1173,Sanjay Patel,Hyderabad,Electronics,Power Bank,4,1287.97,5,Net Banking,Delivered
ORD202714,06-05-2025,C2069,Pooja Singh,DELHI,Electronics,Smartwatch,2,,0,UPI,Cancelled
ORD201342,22-01-2025,C1768,Manish Kulkarni,Mumbai,Electronics,USB-C Cable,3,386.81,15,Debit Card,Delivered
ORD204190,03-04-2025,C1877,Isha Joshi,Kolkata, Home & Kitchen ,Air Fryer,4,5109.83,0,UPI,Delivered
ORD202146,10-09-2025,C1501,Manish Kulkarni,Bengaluru,Home & Kitchen  ,Mixer Grinder,4,3401.29,5,Debit Card,Delivered
ORD200167,09-Jun-25,C1474,Manish Sharma,Pune,clothing,Cotton T-Shirt,2,570.94,0,Net Banking,Delivered
ORD200496,15-05-2025,C1010,Karan Reddy,Chennai,Clothing,Cotton T-Shirt,2,644.78,15,Debit Card,Delivered
ORD203161,21-05-2025,C2066,Vivaan Sharma,Bengaluru,Home & Kitchen,Bedsheet Set,2,1296.08,0,Credit Card,Delivered
ORD204810,10-07-2025,C2181,Riya Verma,Kolkata,Beauty,Hair Dryer,1,1585.83,0,Credit Card,Delivered
ORD204427,07-03-2025,C2212,Karan Mehta,ahmedabad,Home & Kitchen,Mixer Grinder,4,3194.63,0,COD,Cancelled
ORD200219,12-08-2025,C2212,Karan Mehta,Ahmedabad,Clothing  ,Denim Jeans,3,1716.5,0,UPI,Delivered
ORD202481,11-11-2025,C1032,,Hyderabad,Electronics,Smartwatch,4,6133.08,10,COD,Cancelled
ORD204433,05-Jun-25,C1877,Isha Joshi,Kolkata,Electronics,Smartwatch,1,6205.12,15,UPI,Cancelled
ORD202534,27-12-2025,C2243,Sneha Reddy,Hyderabad,Electronics,Bluetooth Speaker,2,1912.73,20,UPI,Delivered
ORD203730,24-11-2025,C1193,Vikram Singh,Ahmedabad,Electronics,Bluetooth Speaker,2,2080.86,0,Net Banking,Delivered
ORD201537,19-03-2025,C1952,Isha Reddy,Chennai,Home & Kitchen,Air Fryer,1,4929.36,20,COD,Delivered
ORD204627,05-13-2025,C1618,Aarav Joshi,Delhi,Beauty,Hair Dryer,3,1544.01,0,Net Banking,Delivered
ORD200305,05-Mar-25,C1471,Ananya Gupta,Hyderabad,Electronics,USB-C Cable,4,379.54,10,UPI,Delivered
ORD203843,04-06-2025,C1790,Sneha Mehta,Pune,Electronics,Wireless Earbuds,1,2501.2,,Net Banking,Delivered
ORD200196,06-04-2025,C1162,Riya Verma,DELHI,Clothing,Cotton T-Shirt,2,606.3,10,COD,Delivered
ORD201146,23-11-2025,C1723,Neha Iyer,DELHI,Clothing,Cotton T-Shirt,2,,0,Credit Card,Delivered
ORD204590,30-12-2025,C1322,Rahul Joshi,Hyderabad,Home & Kitchen  ,Mixer Grinder,3,3164.95,20,Credit Card,Returned
ORD200110,11-04-2025,C2382,Rohan Verma,Delhi,Electronics,USB-C Cable,2,398.71,15,Net Banking,Returned
ORD203554,08-04-2025,C1510,Sanjay Patel,Ahmedabad,beauty,Hair Dryer,3,1467.51,0,Credit Card,Delivered
ORD204465,28-08-2025,C2081,Aditya Das,Delhi,Electronics,Smartwatch,1,5872.35,0,COD,Delivered
ORD203893,10-08-2025,C1106,Rohan Iyer, Chennai ,Home & Kitchen,Water Bottle,3,446.31,,UPI,Delivered
ORD200926,20-Dec-25,C1753,Vivaan Gupta,Bengaluru,Electronics,Smartwatch,3,6475.91,0,UPI,Delivered
ORD201815,25-10-2025,C2253,Isha Das,Delhi,Beauty  ,Moisturiser,3,479.1,10,Net Banking,Delivered
ORD204492,25-12-2025,C1533,Diya Singh,Mumbai,Electronics,Smartwatch,2,,0,UPI,Delivered
ORD200797,12-09-2025,C1387,Neha Singh,Bengaluru,Clothing,Denim Jeans,2,1862.19,20,UPI,Delivered
ORD201298,28-12-2025,C1396,Neha Joshi,Bengaluru,Beauty,Lipstick,1,412.44,5,UPI,Cancelled
ORD203259,09-20-2025,C1449,Priya Reddy,Delhi,Clothing,Cap,1,362.07,5,COD,Delivered
ORD201062,25-02-2025,C2085,Vivaan Verma,Chennai,Electronics,Bluetooth Speaker,1,1935.33,15,UPI,Returned
ORD204514,07-03-2025,C2182,Riya Kulkarni,Delhi,Electronics,Bluetooth Speaker,1,0,0,COD,Delivered
ORD203280,30-11-2025,C2066,,BENGALURU,Clothing,Running Shoes,1,3167.38,20,Net Banking,Delivered
ORD204471,17-05-2025,C1061,Rohan Joshi,chennai,Clothing,Running Shoes,4,3045.3,15,Credit Card,Delivered
ORD204566,03-02-2025,C1254,Aarav Sharma,Chennai,Beauty,Hair Dryer,4,1460.31,5,UPI,Returned
ORD203320,25-03-2025,C1880,Arjun Das,DELHI,Home & Kitchen,Mixer Grinder,1,3376.03,5,Credit Card,Delivered
ORD203971,11-12-2025,C1309,Arjun Reddy,mumbai,Clothing  ,Cotton T-Shirt,3,640.11,15,Debit Card,Delivered
ORD203317,28-Jun-25,C1749,Aditya Verma,Pune, Home & Kitchen ,Water Bottle,1,475.68,15,UPI,Delivered
ORD201359,19-04-2025,C2336,Aditya Gupta,Chennai,Clothing,Running Shoes,3,3118.19,5,Credit Card,Cancelled
ORD201761,24-01-2025,C1125,Riya Sharma,,Home & Kitchen  ,Bedsheet Set,4,1247.46,20,Net Banking,Delivered
ORD202059,26-08-2025,C1569,Sneha Sharma,Bengaluru,Books,Python Handbook,1,702.52,0,Debit Card,Delivered
ORD202892,23-11-2025,C2337,Manish Sharma,Pune,Home & Kitchen,Water Bottle,3,456.56,10,Debit Card,Delivered
ORD203734,30-05-2025,C2172,Sanjay Gupta,Pune,Clothing,Hoodie,2,1599.11,15,Credit Card,Delivered
ORD203557,26-Apr-25,C2220,Arjun Singh,Delhi,Books,Python Handbook,2,,0,UPI,Cancelled
ORD201486,03-05-2025,C1714,Diya Kulkarni,Hyderabad,Books,Novel,1,350.45,0,UPI,Cancelled
ORD204634,27-11-2025,C1867,Diya Iyer,Bengaluru,Clothing,Cotton T-Shirt,1,603.98,,Credit Card,Returned
ORD203779,17-10-2025,C1993,Diya Patel,Delhi,Books,Novel,1,368.02,0,UPI,Delivered
ORD204576,10-May-25,C1874,Arjun Gupta,CHENNAI,BEAUTY,Hair Dryer,1,1582.39,10,Credit Card,Delivered
ORD204319,20-12-2025,C2204,Karan Reddy,Hyderabad,Home & Kitchen,Mixer Grinder,2,3425.03,0,Credit Card,Cancelled
ORD200672,26-Mar-25,C1675,Priya Singh,Mumbai, Electronics ,Bluetooth Speaker,4,1916.31,0,UPI,Cancelled
ORD204071,07-Aug-25,C2249,Aditya Singh,MUMBAI,Electronics,Bluetooth Speaker,2,2074.44,5,UPI,Returned
ORD201393,06-Sep-25,C1684,Sneha Singh,Mumbai,Clothing,Cap,2,359.16,0,COD,Delivered
ORD203141,22-12-2025,C2116,Neha Patel,Delhi,Home & Kitchen,Water Bottle,2,479.6,10,Credit Card,Delivered
ORD202653,09-04-2025,C1389,Isha Iyer,Delhi,Home & Kitchen,Air Fryer,4,5236.12,0,UPI,Delivered
ORD200580,09-08-2025,C1516,Kavya Singh,Kolkata,Clothing,Cap,4,376.71,0,UPI,Cancelled
ORD201045,03-10-2025,C2315,Rohan Kulkarni,Bengaluru,Books,Novel,1,352.92,0,Credit Card,Delivered
ORD204173,23-09-2025,C2211,Ananya Joshi,Mumbai,Beauty,Perfume,3,1534.37,0,Credit Card,Returned
ORD202595,15-03-2025,C2100,Priya Iyer,mumbai,Clothing,Denim Jeans,2,1851.27,0,Credit Card,Cancelled
ORD202796,03-12-2025,C1622,Meera Gupta, Mumbai ,Beauty,Lipstick,3,385.24,0,Debit Card,Cancelled
ORD203477,18-10-2025,C1243,Diya Singh,Pune,Home & Kitchen,Cookware Set,1,2732.09,,UPI,Delivered
ORD204221,18-12-2025,C1013,Sneha Reddy,Ahmedabad,Electronics,Smartwatch,2,6437.22,0,UPI,Delivered
ORD203114,13-04-2025,C2146,Pooja Das,pune,Electronics,Wireless Earbuds,4,2459.34,0,UPI,Delivered
ORD203588,02-09-2025,C1892,Diya Singh, Mumbai ,Electronics,Wireless Earbuds,1,2570.34,0,UPI,Delivered
ORD203961,20-11-2025,C1136,Karan Mehta,Mumbai,Electronics,Wireless Earbuds,2,2536.47,10,COD,Delivered
ORD201960,28-11-2025,C1100,Rahul Singh,Bengaluru,Clothing,Cotton T-Shirt,1,569.17,10,Debit Card,Delivered
ORD201932,12-06-2025,C1739,Sanjay Verma,Bengaluru, Home & Kitchen ,Bedsheet Set,3,1307.82,5,UPI,Returned
ORD201596,27-10-2025,C1042,Rohan Kulkarni,bengaluru, Electronics ,Bluetooth Speaker,1,1958.63,5,Credit Card,Cancelled
ORD204672,09-01-2025,C1230,Priya Nair,Bengaluru,CLOTHING,Hoodie,2,1437.34,20,UPI,Cancelled
ORD204717,10-12-2025,C1498,Aarav Das,Delhi,Beauty,Hair Dryer,2,1547.97,0,Credit Card,Cancelled
ORD200767,12-27-2025,C1721,Vikram Gupta,BENGALURU,clothing,Cap,2,338.54,0,UPI,Returned
ORD200659,14-07-2025,C2087,Sanjay Joshi,,Home & Kitchen,Air Fryer,2,5077.77,10,Net Banking,Delivered
ORD204911,12-Nov-25,C1609,Priya Singh,Bengaluru,Home & Kitchen,Water Bottle,4,454.93,20,Credit Card,Delivered
ORD203572,26-05-2025,C1197,Riya Kulkarni,CHENNAI,Books,Novel,2,353.93,0,UPI,Cancelled
ORD200622,14-06-2025,C1938,Manish Iyer,Kolkata, Clothing ,Cotton T-Shirt,2,602.68,0,Net Banking,Delivered
ORD204936,10-12-2025,C1390,Diya Reddy,,Electronics,Wireless Earbuds,4,2577.92,0,Debit Card,Delivered
ORD204355,18-09-2025,C1309,Arjun Reddy,Mumbai,Electronics,Wireless Earbuds,4,2411.95,15,Credit Card,Cancelled
ORD204378,16-11-2025,C2377,Diya Nair,chennai,Clothing,Cotton T-Shirt,2,640.22,10,COD,Delivered
ORD204051,11-07-2025,C1822,Diya Sharma,Pune,Books,Exam Guide,2,535.9,0,UPI,Delivered
ORD202682,28-06-2025,C1345,Rahul Das,Chennai,Electronics,Wireless Earbuds,3,2404.78,0,UPI,Delivered
ORD201184,05-06-2025,C2088,Neha Sharma,mumbai,Electronics,USB-C Cable,3,401.91,10,UPI,Returned
ORD201973,05-03-2025,C2392,Aditya Mehta,Bengaluru,Beauty,Hair Dryer,1,1524.99,20,Credit Card,Returned
ORD204551,18-02-2025,C1524,Meera Patel,Pune,Electronics,Bluetooth Speaker,1,2069.41,20,UPI,Delivered
ORD203858,22-02-2025,C1613,Manish Reddy,Delhi,Books  ,Exam Guide,4,497.37,0,COD,Delivered
ORD204530,25-06-2025,C1159,Manish Gupta,mumbai,Electronics,Smartwatch,1,6179.23,10,UPI,Returned
ORD203735,20-04-2025,C1098,Aditya Sharma,Mumbai,Home & Kitchen,Mixer Grinder,2,3544.59,15,Credit Card,Delivered
ORD202935,05-04-2025,C1594,Ananya Patel,Bengaluru,Clothing,Running Shoes,1,2857.26,0,Debit Card,Delivered
ORD204395,30-12-2025,C1761,Vivaan Das, Pune ,Clothing,Denim Jeans,2,1913.55,0,UPI,Delivered
ORD203992,03-06-2025,C1475,Riya Joshi,Bengaluru,Electronics,Smartwatch,1,5938.44,10,Net Banking,Cancelled
ORD201868,08-04-2025,C1759,Vivaan Verma,Bengaluru,Clothing,Denim Jeans,3,1773.95,0,UPI,Delivered
ORD204534,07-05-2025,C2069,Pooja Singh,Delhi,Books,Novel,2,374.29,5,UPI,Cancelled
ORD202373,28-12-2025,C1769,Kavya Gupta,Bengaluru,Home & Kitchen,Bedsheet Set,2,1339.7,0,UPI,Delivered
ORD202451,17-02-2025,C2302,Neha Kulkarni,Chennai,Beauty,Perfume,1,1522.71,0,Debit Card,Delivered
ORD203337,19-Jun-25,C1326,Karan Patel,Bengaluru,Books,Exam Guide,4,506.92,5,UPI,Cancelled
ORD204008,14-11-2025,C2128,Priya Verma,Mumbai,Electronics,USB-C Cable,1,426.37,0,UPI,Delivered
ORD204388,23-07-2025,C1485,Karan Nair,Mumbai,Beauty,Perfume,2,1536.71,5,UPI,Cancelled
ORD201837,25-Jul-25,C1030,Sanjay Reddy,Delhi,beauty,Perfume,4,1530.08,20,Debit Card,Delivered
ORD204374,03-04-2025,C2093,Diya Reddy,Mumbai  ,electronics,Bluetooth Speaker,3,1993.2,0,COD,Delivered
ORD200655,11-06-2025,C1317,Kavya Mehta,Mumbai,Books,Comics Set,4,814.46,10,Net Banking,Delivered
ORD201058,15-01-2025,C1557,Vikram Kulkarni, Bengaluru ,Home & Kitchen,Bedsheet Set,1,1269.56,10,UPI,Cancelled
ORD200732,16-04-2025,C2229,Riya Iyer,Bengaluru,clothing,Hoodie,1,1448.26,10,Debit Card,Delivered
ORD203783,05-06-2025,C1484,Neha Reddy,Hyderabad, Home & Kitchen ,Bedsheet Set,1,1392.86,0,Credit Card,Returned
ORD200553,05-04-2025,C2037,Kavya Mehta,Pune,Beauty,Face Wash,1,240.66,5,Credit Card,Cancelled
ORD202142,11-03-2025,C2300,Neha Singh,Mumbai,Electronics,Smartwatch,2,6396.92,20,Net Banking,Delivered
ORD200277,15-03-2025,C1680,Rahul Reddy,Mumbai,Clothing,Running Shoes,2,3148.79,20,,Returned
ORD201900,04-11-2025,C1522,Aarav Kulkarni,bengaluru,Clothing  ,Denim Jeans,2,1888.42,0,UPI,Delivered
ORD203303,02-10-2025,C1606,Kavya Kulkarni,Delhi, Home & Kitchen ,Water Bottle,2,477.68,0,Net Banking,Cancelled
ORD202293,02-Sep-25,C1822,Diya Sharma,Pune,Electronics,Bluetooth Speaker,3,2059.73,20,UPI,Returned
ORD203897,08-05-2025,C2255,Sneha Kulkarni,Chennai,BOOKS,Novel,2,349.86,0,Debit Card,Delivered
ORD201191,11-02-2025,C1473,Meera Patel,Pune,Electronics,Wireless Earbuds,2,2618.08,0,UPI,Delivered
ORD201356,23-12-2025,C1177,Pooja Reddy,,Home & Kitchen,Water Bottle,1,440.75,0,Credit Card,Cancelled
ORD201694,17-02-2025,C1907,Riya Das,Pune, Electronics ,USB-C Cable,1,408.99,20,COD,Delivered
ORD203806,04-11-2025,C2135,,Ahmedabad,Home & Kitchen,Air Fryer,1,5071.7,0,Credit Card,Delivered
ORD204871,30-01-2025,C1492,Riya Sharma,Delhi,Beauty,Moisturiser,2,435.1,20,Credit Card,Delivered
ORD200426,23-Jan-25,C1876,Rahul Nair,Mumbai,Home & Kitchen,Air Fryer,1,5274.7,10,Credit Card,Delivered
ORD201186,08-04-2025,C1594,Ananya Patel, Bengaluru ,Books,Data Science Primer,1,880.4,15,Debit Card,Delivered
ORD200865,23-11-2025,C2250,Karan Patel,Bengaluru,Clothing,Denim Jeans,1,1773.53,10,COD,Delivered
ORD203015,30-05-2025,C1681,Rohan Sharma,Chennai,Books,Comics Set,3,831.5,20,UPI,Delivered
ORD201709,14-08-2025,C1498,Aarav Das,DELHI,Home & Kitchen,Bedsheet Set,2,1398.31,0,UPI,Delivered
ORD201245,27-12-2025,C1311,Meera Reddy,Kolkata,Home & Kitchen,Cookware Set,1,2758.77,20,Debit Card,Cancelled
ORD203669,06-07-2025,C1702,Arjun Das,MUMBAI,Clothing,Cap,1,356.03,0,Credit Card,Cancelled
ORD201528,12-Nov-25,C2269,Isha Reddy,Kolkata  ,Beauty,Hair Dryer,1,1500.42,5,Net Banking,Delivered
ORD204697,03-07-2025,C1108,Arjun Iyer,Chennai, Home & Kitchen ,Air Fryer,2,5337.53,20,Net Banking,Returned
ORD203106,30-11-2025,C2344,Rohan Mehta,Mumbai,Electronics,USB-C Cable,4,388.34,0,Debit Card,Delivered
ORD200217,01-11-2025,C2043,Diya Mehta,Bengaluru,clothing,Denim Jeans,1,1818.05,5,Credit Card,Delivered
ORD204309,20-Jul-25,C1597,Priya Patel,Chennai,Electronics,Smartwatch,1,5774.77,0,UPI,Returned
ORD204131,25-05-2025,C2068,Karan Iyer,Hyderabad,Beauty,Face Wash,2,244.35,0,Credit Card,Delivered
ORD202955,23-06-2025,C1740,Kavya Joshi,Bengaluru,Clothing,Hoodie,1,1467.82,10,UPI,Delivered
ORD203694,12-09-2025,C1492,Riya Sharma,Delhi,Beauty,Face Wash,2,246.96,10,Credit Card,Delivered
ORD204463,29-10-2025,C2361,Vivaan Singh,Chennai,Electronics,USB-C Cable,1,379.51,5,Credit Card,Returned
ORD204108,04-Nov-25,C1234,Sneha Gupta,Kolkata, Electronics ,Power Bank,1,1278.5,15,UPI,Delivered
ORD200476,09-01-2025,C2141,Rohan Kulkarni,mumbai,Electronics,Power Bank,1,1260.68,0,UPI,Delivered
ORD203415,24-12-2025,C1905,Pooja Joshi,Pune,Beauty,Perfume,2,1600.61,,UPI,Delivered
ORD203270,07-11-2025,C1259,Arjun Patel,PUNE,Clothing,Running Shoes,1,3203.18,0,UPI,Returned
ORD202282,22-10-2025,C2200,Pooja Verma,Bengaluru, Electronics ,Power Bank,2,1262.19,20,Debit Card,Returned
ORD202743,25-06-2025,C1801,Sanjay Sharma,Bengaluru,Clothing,Cap,1,,20,UPI,Delivered
ORD200728,12-01-2025,C2397,Rohan Verma,DELHI,Home & Kitchen,Air Fryer,4,5375.2,5,UPI,Cancelled
ORD201632,25-Jun-25,C1738,Ananya Kulkarni,Mumbai,Home & Kitchen,Water Bottle,1,478.06,15,Credit Card,Delivered
ORD204045,18-10-2025,C2251,Neha Iyer,Delhi  ,Home & Kitchen,Bedsheet Set,1,1287.97,20,COD,Delivered
ORD200013,19-07-2025,C1935,Vikram Patel,Delhi,BEAUTY,Lipstick,1,406.95,0,Net Banking,Delivered
ORD201023,14-08-2025,C1862,Diya Iyer,bengaluru,CLOTHING,Hoodie,1,1473.56,15,COD,Delivered
ORD204703,04-11-2025,C1877,Isha Joshi,Kolkata,Home & Kitchen,Cookware Set,1,2954.7,0,COD,Delivered
ORD200435,21-07-2025,C1492,Riya Sharma,,Clothing,Denim Jeans,1,1938.06,10,UPI,Delivered
ORD204113,27-01-2025,C1797,Manish Gupta,Mumbai,Electronics,USB-C Cable,3,389.21,0,Net Banking,Returned
ORD201782,11-11-2025,C1546,Pooja Verma,hyderabad, Clothing ,Cap,1,365.7,0,Net Banking,Delivered
ORD201803,16-12-2025,C1579,Kavya Patel,bengaluru,Clothing,Cotton T-Shirt,1,619.72,0,Credit Card,Delivered
ORD201114,14-10-2025,C1742,Isha Gupta,Pune,Electronics,Smartwatch,1,6223.56,0,Net Banking,Delivered
ORD203379,29-07-2025,C2053,Isha Gupta,Pune,Home & Kitchen,Cookware Set,2,2958.77,20,UPI,Delivered
ORD202389,01-11-2025,C1698,Sneha Singh,Kolkata,Home & Kitchen,Bedsheet Set,2,1385.93,0,UPI,Cancelled
ORD201953,07-Dec-25,C2208,Sanjay Patel,Mumbai,Home & Kitchen,Water Bottle,1,460.69,5,UPI,Returned
ORD200344,22-12-2025,C1754,Vivaan Das,Chennai,Home & Kitchen,Cookware Set,1,2961.61,10,Net Banking,Delivered
ORD200032,29-07-2025,C1650,Pooja Singh,Chennai,Clothing,Hoodie,1,1542.58,0,UPI,Delivered
ORD203935,25-May-25,C1682,Riya Sharma,Bengaluru,Home & Kitchen,Cookware Set,2,2799.88,0,Debit Card,Delivered
ORD202599,18-Dec-25,C1136,Karan Mehta,Mumbai,Clothing  ,Hoodie,2,,0,Debit Card,Delivered
ORD202646,23-04-2025,C1175,Aditya Nair,kolkata,ELECTRONICS,USB-C Cable,2,380.43,10,Debit Card,Returned
ORD204128,26-06-2025,C2364,Karan Kulkarni,Hyderabad,Electronics,Power Bank,2,1341.85,0,UPI,Delivered
ORD200372,21-02-2025,C1511,Rohan Kulkarni,Kolkata,Clothing,Denim Jeans,3,1798.51,0,UPI,Delivered
ORD200657,24-10-2025,C1380,Rohan Mehta,Bengaluru  ,Electronics,Power Bank,3,1262.54,0,UPI,Delivered
ORD203742,24-06-2025,C1628,Vikram Reddy,Hyderabad,Electronics,Power Bank,1,1236.14,5,Credit Card,Delivered
ORD201086,01-01-2025,C1362,Vivaan Nair,,Books,Comics Set,3,815.89,15,UPI,Returned
ORD203098,03-05-2025,C1784,Kavya Sharma,Mumbai,Home & Kitchen,Bedsheet Set,2,1272.51,10,Credit Card,Delivered
ORD203690,04-11-2025,C1693,Vivaan Kulkarni,KOLKATA,CLOTHING,Running Shoes,1,3225.09,0,Debit Card,Delivered
ORD202248,22-Dec-25,C2174,Riya Joshi,Ahmedabad,Books,Python Handbook,3,685.32,15,UPI,Delivered
ORD200860,05-02-2025,C1441,Vikram Gupta,Chennai,beauty,Moisturiser,1,478.78,15,Credit Card,Delivered
ORD204140,31-05-2025,C1356,Vikram Iyer,Mumbai  ,Clothing,Running Shoes,4,,5,UPI,Cancelled
ORD201534,13-11-2025,C1163,Sneha Singh,HYDERABAD,Books,Comics Set,4,770.99,0,UPI,Returned
ORD202592,07-11-2025,C1009,Aditya Singh,Pune,Clothing  ,Denim Jeans,3,1738.02,5,Debit Card,Delivered
ORD204635,27-06-2025,C1934,Neha Das,Mumbai,Clothing,Hoodie,3,1494.67,,COD,Delivered
ORD200489,16-07-2025,C1460,Rahul Mehta,Kolkata,Home & Kitchen,Air Fryer,2,5328.06,5,UPI,Delivered
ORD204599,06-07-2025,C2260,Aarav Gupta,Pune,Electronics,Wireless Earbuds,2,2621.31,10,UPI,Delivered
ORD200133,15-12-2025,C1772,Vivaan Kulkarni,Kolkata,ELECTRONICS,Smartwatch,3,,0,Debit Card,Cancelled
ORD202108,18-11-2025,C1271,,Delhi,Home & Kitchen,Bedsheet Set,1,1381.91,0,UPI,Returned
ORD200690,31-01-2025,C1265,Isha Das,Bengaluru,Home & Kitchen,Mixer Grinder,4,3159.84,15,Credit Card,Delivered
ORD202074,10-03-2025,C2238,Ananya Mehta,Mumbai,Beauty,Moisturiser,1,439.64,20,UPI,Delivered
ORD202148,27-10-2025,C1135,Karan Reddy,Kolkata,Home & Kitchen,Water Bottle,1,455.78,10,UPI,Returned
ORD203603,12-Aug-25,C1907,Riya Das,Pune  ,Home & Kitchen,Bedsheet Set,4,1248.38,15,UPI,Delivered
ORD204872,16-10-2025,C2028,Ananya Singh,Bengaluru,Beauty,Hair Dryer,1,1455.48,,UPI,Cancelled
ORD204884,08-31-2025,C1147,Vikram Reddy, Chennai ,Beauty,Perfume,2,1724.78,20,UPI,Delivered
ORD200363,27-02-2025,C1775,Vikram Das,Kolkata,Books,Comics Set,1,819.15,0,Debit Card,Returned
ORD204891,18-10-2025,C2065,Arjun Kulkarni,Hyderabad, Electronics ,Power Bank,2,1356.62,15,Debit Card,Delivered
ORD201628,17-10-2025,C2221,Pooja Mehta,Pune, Clothing ,Cotton T-Shirt,4,575.34,0,Credit Card,Delivered
ORD201276,02-Feb-25,C2077,Meera Das,Bengaluru,Books,Data Science Primer,2,869.63,20,UPI,Delivered
ORD202489,20-11-2025,C2294,Aditya Verma,HYDERABAD,Books,Novel,1,363.18,0,UPI,Delivered
ORD200647,18-05-2025,C1764,Kavya Kulkarni,Delhi,Electronics,Bluetooth Speaker,2,2022.04,5,COD,Delivered
ORD201003,12-12-2025,C1422,Sneha Verma,Chennai, Electronics ,Power Bank,2,1354.03,0,UPI,Delivered
ORD202524,08-Nov-25,C1758,Priya Gupta,Delhi,HOME & KITCHEN,Air Fryer,1,4753.11,10,Debit Card,Delivered
ORD202110,07-12-2025,C1675,Priya Singh,Mumbai,Clothing,Cap,2,372.68,0,Credit Card,Delivered
ORD201172,02-09-2025,C1156,Ananya Mehta,Mumbai,Clothing,Cap,1,365.95,5,Debit Card,Returned
ORD200483,17-05-2025,C2354,Diya Gupta,Mumbai,beauty,Perfume,3,1559.71,0,UPI,Returned
ORD201810,07-04-2025,C1656,,Chennai,Electronics,Smartwatch,3,6310.27,0,Debit Card,Delivered
ORD203329,22-06-2025,C1477,Aarav Joshi,Delhi,Electronics,Bluetooth Speaker,3,2121.2,0,UPI,Delivered
ORD204148,23-11-2025,C1000,Rahul Kulkarni,,Beauty,Moisturiser,4,461.13,10,Net Banking,Delivered
ORD200242,07-08-2025,C2111,Manish Singh,chennai,Electronics,USB-C Cable,1,384.25,5,COD,Delivered
ORD202083,29-05-2025,C1408,Riya Singh, Bengaluru ,Books,Comics Set,2,807.63,0,UPI,Delivered
ORD201202,27-02-2025,C1370,Isha Gupta,Mumbai,Beauty,Hair Dryer,1,1576.86,0,Debit Card,Delivered
ORD203751,30-11-2025,C2266,Aarav Patel,Ahmedabad,Clothing,Cap,1,371.6,10,UPI,Delivered
ORD204834,26-09-2025,C1828,Pooja Das,Pune,Clothing,Cotton T-Shirt,1,638.72,5,Debit Card,Delivered
ORD202168,03-04-2025,C1894,Sneha Mehta,Delhi,Books,Novel,3,365.65,10,UPI,Cancelled
ORD201019,03-12-2025,C1164,Vivaan Mehta,,Electronics,USB-C Cable,2,408.19,0,Debit Card,Delivered
ORD202092,22-11-2025,C2194,Isha Iyer,Delhi,Beauty,Lipstick,4,410.88,10,COD,Delivered
ORD203372,27-12-2025,C2110,Isha Das,Delhi,Electronics,Smartwatch,1,6178.28,0,Net Banking,Cancelled
ORD204932,06-06-2025,C1480,Diya Gupta,Mumbai,Books,Comics Set,3,769.13,5,Net Banking,Returned
ORD202124,26-10-2025,C2042,Vikram Sharma,Bengaluru,Beauty,Hair Dryer,4,1442.31,5,UPI,Delivered
ORD201744,27-10-2025,C1813,Rahul Singh,Bengaluru,Beauty  ,Perfume,1,1563.51,0,Net Banking,Delivered
ORD204464,06-06-2025,C1888,Aditya Gupta,Mumbai,Home & Kitchen,Mixer Grinder,2,3329.19,15,UPI,Delivered
ORD202954,14-12-2025,C1946,Rahul Das,Hyderabad,Clothing,Denim Jeans,4,1887.71,0,UPI,Delivered
ORD203284,30-01-2025,C1627,Manish Joshi,Hyderabad,Clothing,Denim Jeans,1,1753.36,0,Net Banking,Cancelled
ORD204363,09-20-2025,C1327,Manish Kulkarni,Kolkata,home & kitchen,Mixer Grinder,2,3560.41,10,Credit Card,Returned
ORD203383,16-05-2025,C1741,Rohan Joshi,Delhi,Clothing,Cotton T-Shirt,4,622.49,15,Credit Card,Delivered
ORD204824,22-12-2025,C1622,Meera Gupta,Mumbai,Clothing,Denim Jeans,4,1902.23,0,UPI,Delivered
ORD202492,30-Nov-25,C1288,Rahul Iyer,Kolkata,clothing,Hoodie,2,1607.13,15,Net Banking,Returned
ORD201519,07-01-2025,C1394,Arjun Sharma,Mumbai,Books,Python Handbook,1,747.21,10,UPI,Delivered
ORD201033,23-05-2025,C1066,Aarav Kulkarni,Delhi,Electronics,Bluetooth Speaker,1,2009.91,5,Debit Card,Returned
ORD201712,14-07-2025,C1928,Aditya Gupta,ahmedabad,Electronics,Wireless Earbuds,4,2566.42,0,UPI,Delivered
ORD200295,29-12-2025,C1284,Sanjay Mehta,Ahmedabad,Electronics,Smartwatch,2,,5,UPI,Delivered
ORD201848,29-03-2025,C2240,Aditya Joshi,Bengaluru, Books ,Comics Set,1,780.88,0,COD,Returned
ORD204721,21-Jun-25,C2233,Riya Verma,Hyderabad,Clothing,Cap,1,374.72,0,UPI,Delivered
ORD204373,19-11-2025,C1995,Neha Iyer,Kolkata,Books,Exam Guide,2,518.89,10,UPI,Returned
ORD200497,29-01-2025,C1256,Riya Nair,Hyderabad,beauty,Perfume,1,1635.75,0,Debit Card,Cancelled
ORD203675,13-05-2025,C2003,Riya Mehta,Hyderabad, Beauty ,Moisturiser,1,461.3,15,COD,Delivered
ORD200484,09-Jul-25,C1854,Vivaan Nair,Chennai,Beauty,Hair Dryer,2,1577.32,0,Net Banking,Delivered
ORD201520,21-07-2025,C1691,Aarav Mehta,kolkata,Beauty,Perfume,1,1528.95,5,Credit Card,Cancelled
ORD200182,13-02-2025,C1513,Vikram Gupta,Ahmedabad, Electronics ,Smartwatch,1,6158.7,5,UPI,Delivered
ORD200684,10-10-2025,C1922,Isha Joshi,Mumbai,Electronics,Smartwatch,1,5913.98,0,UPI,Returned
ORD201768,09-06-2025,C1271,Manish Patel,Delhi,beauty,Perfume,1,1616.39,0,COD,Delivered
ORD204954,20-03-2025,C1523,Manish Patel,Chennai,Beauty,Lipstick,1,402.22,0,UPI,Delivered
ORD202050,13-03-2025,C1974,Manish Gupta,Chennai,Electronics,Smartwatch,4,6330.93,15,UPI,Cancelled
ORD200754,07-10-2025,C1496,Manish Reddy,Mumbai,Clothing,Denim Jeans,3,1922.8,0,COD,Delivered
ORD204604,14-07-2025,C2026,Manish Nair, Hyderabad ,Books,Comics Set,2,774.05,5,Credit Card,Delivered
ORD202545,28-06-2025,C2078,Rahul Joshi,Pune,Electronics,Bluetooth Speaker,3,1936.58,0,Credit Card,Delivered
ORD203361,06-04-2025,C1278,Vikram Nair,Pune,CLOTHING,Denim Jeans,1,1938.81,0,UPI,Delivered
ORD203632,24-12-2025,C2092,Sanjay Nair,Pune,Beauty,Moisturiser,3,,0,Debit Card,Cancelled
ORD201438,15-09-2025,C1193,Vikram Singh,Ahmedabad,Electronics,Bluetooth Speaker,1,2039.47,0,UPI,Delivered
ORD201445,26-09-2025,C1155,Kavya Singh,Ahmedabad,Books,Python Handbook,3,721.93,0,COD,Delivered
ORD204237,19-10-2025,C1974,Manish Gupta,Chennai,Clothing,Cotton T-Shirt,2,636.42,0,UPI,Returned
ORD200864,23-03-2025,C1522,Aarav Kulkarni, Bengaluru ,Electronics,Wireless Earbuds,2,2616.39,10,UPI,Delivered
ORD202231,25-10-2025,C1201,Meera Verma,Mumbai,Electronics,Bluetooth Speaker,4,1939.56,0,Net Banking,Cancelled
ORD202322,16-09-2025,C1451,Ananya Reddy,Mumbai,Electronics,Power Bank,2,1277.3,0,UPI,Cancelled
ORD202960,13-01-2025,C1601,Rahul Das,Mumbai,Electronics,USB-C Cable,1,418.48,0,Credit Card,Delivered
ORD203744,05-10-2025,C1598,Priya Reddy,Kolkata,Clothing,Cap,1,345.42,0,Credit Card,Delivered
ORD204944,22-07-2025,C1529,Ananya Verma, Hyderabad ,clothing,Cotton T-Shirt,2,639.85,0,Debit Card,Delivered
ORD203984,11-08-2025,C2058,Isha Das,Kolkata,Electronics,Wireless Earbuds,2,2427.82,20,UPI,Delivered
ORD202779,10-12-2025,C1731,Sneha Joshi,Delhi,Electronics,USB-C Cable,4,,0,COD,Delivered
ORD203683,31-03-2025,C2124,Aditya Joshi,Delhi,Electronics,Smartwatch,1,5928.61,0,UPI,Delivered
ORD203044,17-11-2025,C1894,Sneha Mehta,Delhi,Clothing,Hoodie,3,1481.19,0,UPI,Cancelled
ORD204983,27-Aug-25,C1910,Sneha Verma,Mumbai,Beauty,Moisturiser,1,469.75,20,Credit Card,Delivered
ORD204213,25-04-2025,C2190,Rahul Singh, Chennai ,Electronics,Power Bank,2,1352.47,0,COD,Cancelled
ORD203073,19-12-2025,C1316,Neha Iyer,Mumbai,Electronics,Bluetooth Speaker,1,2023.77,20,COD,Delivered
ORD202161,29-Jun-25,C1624,Arjun Sharma, Ahmedabad ,electronics,Bluetooth Speaker,3,1947.18,0,Debit Card,Returned
ORD200545,18-03-2025,C1695,Aarav Gupta,Chennai  ,Home & Kitchen,Water Bottle,3,482.76,0,Net Banking,Delivered
ORD201789,20-11-2025,C2305,Diya Iyer, Mumbai ,Electronics,Power Bank,2,1311.63,0,UPI,Returned
ORD202213,18-Jan-25,C1212,Isha Mehta,Bengaluru,Home & Kitchen,Mixer Grinder,4,3404.76,0,UPI,Returned
ORD204039,17-12-2025,C1364,Diya Gupta,Mumbai,Electronics,Wireless Earbuds,2,2662.11,10,Debit Card,Delivered
ORD202232,22-01-2025,C1544,Neha Verma,PUNE,Clothing,Cap,1,375.47,0,Net Banking,Delivered
ORD201396,17-10-2025,C1140,Aditya Singh,Pune,Electronics,Wireless Earbuds,3,2698.09,0,Credit Card,Delivered
ORD200274,21-Apr-25,C1575,Pooja Gupta,Chennai,Electronics,Smartwatch,1,5722.89,10,Net Banking,Cancelled
ORD200704,28-10-2025,C1346,Sanjay Patel,Mumbai,Electronics,Power Bank,1,1259.32,0,UPI,Returned
ORD201024,15-06-2025,C2137,Ananya Patel,Pune,Books,Comics Set,1,839.77,5,UPI,Delivered
ORD200383,11-Jun-25,C2051,Aarav Nair,Pune,Clothing,Hoodie,1,1602.34,5,COD,Delivered
ORD202609,13-08-2025,C1738,Ananya Kulkarni,Mumbai, Books ,Exam Guide,2,530.04,0,UPI,Cancelled
ORD204272,17-01-2025,C1746,Isha Iyer,Delhi,Electronics,Smartwatch,2,,0,UPI,Delivered
ORD203243,14-Mar-25,C1253,Aditya Verma,DELHI,Electronics,Bluetooth Speaker,3,2015.55,0,Credit Card,Delivered
ORD202567,22-09-2025,C2045,Meera Kulkarni,Mumbai,Clothing,Running Shoes,2,3070.53,0,Credit Card,Cancelled
ORD204926,09-04-2025,C1886,Vivaan Patel,Kolkata,Electronics,Power Bank,2,1344.96,5,Credit Card,Delivered
ORD201642,04-May-25,C1684,Sneha Singh,Mumbai,Clothing,Hoodie,2,1616.68,20,UPI,Delivered
ORD204718,20-08-2025,C1259,Arjun Patel,Pune,Clothing,Cap,4,335.29,20,UPI,Returned
ORD200858,06-03-2025,C1176,,Bengaluru,Electronics,Bluetooth Speaker,2,1913.41,20,Net Banking,Delivered
ORD204019,21-Nov-25,C1860,Neha Gupta,Chennai,Clothing,Hoodie,4,1578.62,0,UPI,Delivered
ORD204737,10-03-2025,C1956,Rahul Reddy,Ahmedabad,Beauty,Moisturiser,1,430.58,10,Credit Card,Delivered
ORD203388,13-07-2025,C1218,Meera Patel,Bengaluru,home & kitchen,Air Fryer,1,5365.62,20,Credit Card,Returned
ORD202306,14-12-2025,C1471,Ananya Gupta, Hyderabad ,home & kitchen,Air Fryer,2,5395.5,20,Credit Card,Delivered
ORD200834,25-10-2025,C2316,Manish Mehta,Mumbai,Beauty,Face Wash,1,257.2,5,UPI,Delivered
ORD202710,17-10-2025,C1572,Arjun Sharma,Hyderabad,Beauty,Perfume,4,1594.75,0,UPI,Delivered
ORD201498,25-10-2025,C1170,Aarav Sharma,,electronics,Power Bank,1,1240.61,10,Credit Card,Delivered
ORD204433,05-Jun-25,C1877,Isha Joshi,Kolkata,Electronics,Smartwatch,1,6205.12,15,UPI,Cancelled
ORD203610,15-Dec-25,C1919,Arjun Kulkarni,Delhi,Electronics,Wireless Earbuds,1,2664.05,0,UPI,Delivered
ORD203576,11-11-2025,C2008,Priya Gupta,Kolkata,Clothing,Cotton T-Shirt,1,582.55,20,Net Banking,Cancelled
ORD201447,13-10-2025,C2261,Rohan Patel,mumbai,Clothing,Hoodie,4,1613.79,20,Net Banking,Delivered
ORD202528,28-01-2025,C1662,Rohan Nair,Mumbai,Home & Kitchen,Air Fryer,2,5214.56,5,Debit Card,Returned
ORD201705,18-03-2025,C1000,Rahul Kulkarni,Kolkata,Electronics,Smartwatch,3,6200.37,0,Credit Card,Delivered
ORD202923,23-03-2025,C1258,Sneha Singh,,Beauty,Face Wash,4,265.16,15,Net Banking,Cancelled
ORD202707,15-06-2025,C1699,Pooja Das,chennai,Electronics,Smartwatch,4,5944.84,10,Net Banking,Delivered
ORD203069,15-04-2025,C1413,Sneha Joshi,Chennai,HOME & KITCHEN,Mixer Grinder,3,3356.51,0,Debit Card,Delivered
ORD200789,11-Dec-25,C1931,Diya Iyer,Delhi, Home & Kitchen ,Mixer Grinder,1,3166.28,15,Credit Card,Delivered
ORD200968,02-10-2025,C1005,Kavya Verma,ahmedabad,Clothing,Running Shoes,2,3039.57,0,UPI,Delivered
ORD201667,04-08-2025,C2330,Pooja Mehta,,home & kitchen,Water Bottle,4,432.98,15,UPI,Returned
ORD203321,01-08-2025,C1014,Aditya Das,Chennai,Home & Kitchen,Water Bottle,3,470.58,20,Credit Card,Delivered
ORD201688,09-02-2025,C1798,Karan Patel,Delhi,Beauty,Hair Dryer,3,1519.7,5,UPI,Delivered
